Time (s),ESC signal (µs),Servo 1 (µs),Servo 2 (µs),Servo 3 (µs),AccX (g),AccY (g),AccZ (g),Torque (N·m),Thrust (N),Voltage (V),Current (A),Motor Electrical Speed (RPM),Motor Optical Speed (RPM),Electrical Power (W),Mechanical Power (W),Motor Efficiency (%),Propeller Mech. Efficiency (N/W),Overall Efficiency (N/W),Vibration (g),App message,
0,1294,,,,0.03125,0.140625,-1.041015625,0.0065765901778969404,0.303578595750424,12.128499984741211,0.7598876953125,1800,1802,9.21629790100269,1.2409114784011828,13.464316059772518,0.24464162112640075,0.032939321082209816,0.32421875,,
0,1294,,,,0.099609375,-0.015625,-1.046875,0.00657716769843006,0.3116806933635325,12.129500389099121,0.76904296875,1802,1801,9.328106988687068,1.2404574414316145,13.298061899761818,0.2512627059609729,0.0334130701697067,0.3203125,,
0.024,1294,,,,0.0859375,0.001953125,-1.02734375,0.0066086743569651095,0.30337854395750774,12.133999824523926,0.8203125,1800,1801,9.953671731054783,1.2460796328711223,12.518793733004458,0.24346641735768193,0.03047905859814396,0.31640625,,
0.046995000001043084,1294,,,,0.037109375,0.005859375,-0.935546875,0.006675005517620585,0.301789243602673,12.130858421325684,0.80078125,1802,1800,9.714163970202208,1.2584675974901722,12.954975861540625,0.23980692407539703,0.031066929128270734,0.314453125,,
0.07174500000104309,1294,,,,0.01171875,0.02734375,-0.96484375,0.006728109180403802,0.30980242930781876,12.127429008483887,0.8342633843421936,1803,1800,10.11746996798746,1.2684316399490785,12.537043786267757,0.24424054048372354,0.030620543504261452,0.3125,,
0.09644999999925494,1294,,,,-0.0234375,0.05078125,-0.9765625,0.007005126762346129,0.3063237509087749,12.131000518798828,0.8154296875,1800,1801,9.891977962106466,1.3213052395539158,13.35734111636201,0.23183420585858908,0.030966885700940666,0.30859375,,
0.1210800000000745,1294,,,,-0.0625,0.00390625,-0.90234375,0.006629400399325322,0.3063237509087749,12.130000114440918,0.8160400390625,1802,1802,9.898565767216496,1.250914565772388,12.637331459829745,0.2448798337555792,0.03094627626997259,0.306640625,,
0.14903500000201167,1294,,,,-0.173828125,-0.0078125,-0.89453125,0.006550633194051784,0.30935786976800483,12.131501197814941,0.81787109375,1802,1802,9.922004153486341,1.2360715673975031,12.457881979047336,0.250275047115067,0.031178969992600166,0.30859375,,
0.17547000000067056,1294,,,,-0.09375,-0.06640625,-0.96484375,0.006775509955648068,0.3140071984677493,12.12933349609375,0.7579209804534912,1801,1802,9.193076335606747,1.2783328188745293,13.905386752019815,0.24563806375886346,0.034156922775842986,0.310546875,,
0.2006900000013411,1294,,,,0.01171875,-0.115234375,-0.99609375,0.007024137989322256,0.3165486203244948,12.134222984313965,0.7899305820465088,1802,1802,9.585193824681255,1.325260598210598,13.826122063365453,0.238857641094821,0.03302474901544532,0.3125,,
0.22564000000059606,1294,,,,-0.13671875,0.01953125,-0.837890625,0.006735678849486813,0.3124253305927208,12.128571510314941,1.0107421875,1804,1802,12.258858899585903,1.2714088469426637,10.371347426028462,0.24573160029836585,0.02548567800248312,0.310546875,,
0.2497800000011921,1294,,,,-0.13671875,0.130859375,-1.013671875,0.007455685841008004,0.3092578438715467,12.130001068115234,0.8441162109375,1810,1806,10.23913054028526,1.4098836730824271,13.769564393532463,0.2193499008293476,0.03020352584184661,0.3125,,
0.27150500000081956,1294,,,,0.037109375,-0.0546875,-0.935546875,0.007630482707790344,0.31364786932720906,12.126500129699707,0.8197021484375,1813,1809,9.940118209342472,1.4455893712790646,14.542979679259657,0.21696885405963648,0.03155373635621548,0.314453125,,
0.44324500000104305,1294,,,,0.046875,-0.126953125,-1.0234375,0.006078114780935505,0.3137923511776486,12.130287170410156,0.7505580186843872,1810,1812,9.104484304695688,1.1535156108965865,12.66975231427061,0.27203129997846237,0.03446569192456166,0.3125,,
0.4656550000011921,1294,,,,-0.009765625,0.021484375,-0.95703125,0.006496235936539283,0.30616975270568625,12.12910270690918,0.8294888138771057,1805,1806,10.060955017747688,1.2286746322309712,12.212306188265122,0.24918700579807465,0.030431480129430838,0.314453125,,
0.4866150000002235,1294,,,,-0.09375,0.029296875,-0.90234375,0.0069405851747532344,0.30725732594238414,12.129142761230469,0.8377510905265808,1803,1802,10.161202575373409,1.3100786054612013,12.892948405893362,0.23453350406727463,0.030238283673927533,0.31640625,,
0.5314700000006706,1294,,,,-0.25,0.0390625,-0.986328125,0.006941307459688073,0.3080464191255538,12.131335258483887,0.8064778447151184,1803,1802,9.783653112778609,1.3100386196504321,13.390076329866671,0.23514300609531055,0.03148582800050512,0.318359375,,
0.695375,1294,,,,0.076171875,-0.095703125,-0.955078125,0.006601268660247504,0.30883551230872347,12.128800392150879,0.8499348759651184,1802,1802,10.308690456908437,1.245795220099184,12.08490278475969,0.24790230956588155,0.029958753112210804,0.314453125,,
0.7217300000004471,1294,,,,-0.03125,0.029296875,-1.015625,0.0069489542964240375,0.31004610350557926,12.129892349243164,0.8250177502632141,1813,1811,10.007376496907568,1.3178387544354668,13.168673676289675,0.23526861876087124,0.030981756667333167,0.3125,,
0.7565600000005216,1294,,,,-0.01171875,-0.001953125,-0.9609375,0.005783047137646484,0.3058680773804656,12.128889083862305,0.8409287929534912,1810,1815,10.199532057159104,1.099319183798763,10.77813352257808,0.2782340942359618,0.029988442182087682,0.314453125,,
0.7787150000017137,1294,,,,0.0234375,-0.017578125,-0.9140625,0.0062585286741853735,0.31039147069807216,12.129454612731934,0.8411754369735718,1805,1810,10.20299928411589,1.1862364270612478,11.626350193986488,0.26166071418581216,0.0304215909513286,0.314453125,,
0.8008200000021607,1294,,,,0.03125,-0.138671875,-0.890625,0.006604682436667475,0.30417875112917275,12.128571510314941,0.9075055718421936,1803,1806,11.006746224097299,1.2494160132422372,11.351365678867609,0.24345674131375047,0.027635664976378566,0.31640625,,
0.8245900000017137,1294,,,,0.09375,0.03515625,-1.07421875,0.007343699397558985,0.30590141934595166,12.134857177734375,0.7700892686843872,1809,1806,9.344923289590952,1.3890876658728912,14.864623526874288,0.22021750452569586,0.03273450298802203,0.318359375,,
0.8479950000010431,1294,,,,-0.0859375,0.03515625,-0.955078125,0.008178070266439299,0.3242839563172568,12.129714965820312,0.7979910969734192,1812,1809,9.679404551549851,1.5491349746307435,16.004444967461335,0.20933228003231555,0.033502469556903995,0.322265625,,
0.8709000000003725,1294,,,,-0.099609375,0.03125,-0.990234375,0.006725615767291544,0.3195049412642573,12.130858421325684,0.7693917155265808,1813,1811,9.333381971593838,1.2752038619872312,13.662827320989498,0.25055204958864574,0.03423249388449665,0.326171875,,
0.895964999999851,1294,,,,0.048828125,0.06640625,-1.029296875,0.006320660828787085,0.314381392567902,12.132500648498535,0.787353515625,1811,1812,9.552567038917914,1.199216063560418,12.553861791021376,0.26215575501425314,0.032910671161697935,0.32421875,,
0.9211150000002235,1294,,,,0.015625,-0.12109375,-0.939453125,0.006134238653929904,0.3092578438715467,12.131001472473145,0.7781982421875,1806,1810,9.440324021852575,1.1624664547542056,12.313840627327139,0.26603592955887645,0.03275924037730833,0.32421875,,
0.9463350000008941,1294,,,,-0.1875,0.173828125,-1.142578125,0.006203056799934627,0.31680424205988783,12.132501602172852,0.787353515625,1804,1807,9.55256778979674,1.173963034769841,12.289502263713544,0.2698587882896996,0.033164301895692576,0.328125,,
0.969644999999553,1294,,,,-0.0625,0.076171875,-1.033203125,0.006293856218628378,0.3183268584837504,12.129500389099121,0.8367919921875,1806,1805,10.14986879483331,1.1897294746843108,11.72162417793943,0.26756238729667264,0.03136265748043872,0.328125,,
0.9962550000008196,1294,,,,-0.037109375,0.046875,-1,0.0064605441829046996,0.30629040894328885,12.130501747131348,0.8648681640625,1801,1803,10.491284775198437,1.2198157275932695,11.6269432555766,0.25109563847615607,0.02919474740285043,0.326171875,,
1.0253300000019372,1294,,,,0.13671875,0.0625,-1.05859375,0.006602061725900808,0.30483447645039824,12.12800121307373,0.7843017578125,1800,1802,9.51201267016586,1.2458487533234766,13.097635553315056,0.2446801633321938,0.03204731606450677,0.328125,,
1.0501700000017882,1294,,,,0.17578125,-0.1171875,-1.087890625,0.007000153479400811,0.30731657739354995,12.129778861999512,0.8116319179534912,1804,1802,9.84491568211638,1.3209761849752115,13.417851687392398,0.23264354110919633,0.031215765306329725,0.330078125,,
1.072855000000447,1294,,,,-0.0625,-0.041015625,-1.009765625,0.0066393507161999436,0.3107248903529326,12.132500648498535,0.8135986328125,1802,1802,9.870985940215178,1.2529889219209647,12.693655218534843,0.2479869413981398,0.03147860732806992,0.330078125,,
1.097135000001639,1294,,,,-0.162109375,-0.03515625,-0.841796875,0.006716812386912407,0.3107248903529326,12.130858421325684,0.8119419813156128,1800,1802,9.849553221670362,1.2675890169276123,12.869507767507091,0.24513062688573065,0.03154710506759793,0.3359375,,
1.1211000000014901,1294,,,,-0.01171875,0.025390625,-1.013671875,0.006716958967855847,0.31956051120673407,12.13028621673584,0.8314732313156128,1801,1801,10.086008277412589,1.2670070026418785,12.562026202965896,0.2522168469001417,0.031683546395890175,0.337890625,,
1.146445000000298,1294,,,,-0.2109375,0.041015625,-0.861328125,0.006738352659165306,0.32388385273142434,12.12700080871582,0.850830078125,1800,1801,10.31801704550162,1.2706528551667133,12.314893933235787,0.2548956242568155,0.03139012576768606,0.33984375,,
1.182125,1294,,,,-0.0625,-0.02734375,-0.890625,0.006778509270171107,0.30873548641226534,12.12800121307373,0.8721923828125,1801,1801,10.577950276783668,1.2781983327794997,12.083610712227216,0.24153957840087786,0.02918670236991693,0.337890625,,
1.2053650000002236,1294,,,,-0.017578125,0.029296875,-1.005859375,0.006869491759153438,0.30806496559385543,12.131000518798828,0.82763671875,1802,1801,10.04006146453321,1.2959179818074156,12.90747060050659,0.23771949299152212,0.030683573669554046,0.333984375,,
1.2278900000005961,1294,,,,-0.07421875,0.01171875,-0.986328125,0.006775850272294334,0.3015891918097568,12.125715255737305,0.7721819281578064,1802,1802,9.36325818646776,1.2785803910058893,13.655293547856626,0.23587816138216344,0.0322098553520214,0.33203125,,
1.250940000001341,1294,,,,-0.21875,0.171875,-1.078125,0.006549433577846408,0.31009139300869776,12.127429008483887,0.8098493218421936,1799,1801,9.821390158210022,1.2352371060637308,12.577008816121163,0.2510379517312678,0.031573065321051544,0.333984375,,
1.2762149999998509,1294,,,,-0.07421875,-0.041015625,-0.98828125,0.00629009122631182,0.31399240297056485,12.129143714904785,0.7924107313156128,1799,1800,9.61126364135987,1.185716328380187,12.336737109964695,0.2648124137748119,0.03266921132195048,0.333984375,,
1.2995500000007452,1294,,,,-0.037109375,0.087890625,-0.912109375,0.006466362146833301,0.3074018077928236,12.128500938415527,0.8099365234375,1798,1799,9.823315884568729,1.2180629140512798,12.39971236153276,0.2523694008303763,0.031293079791490326,0.333984375,,
1.321390000000596,1294,,,,-0.0859375,0.044921875,-1.072265625,0.006747139830402939,0.31056929451399773,12.129143714904785,0.8000836968421936,1798,1798,9.704330142951278,1.2701910787442003,13.088910414561703,0.24450596426881557,0.03200316662140551,0.330078125,,
1.349585000000894,1294,,,,0.03125,-0.109375,-0.81640625,0.0067428291769003595,0.31036924272108146,12.13028621673584,0.8203125,1798,1798,9.950625412166119,1.269604565943238,12.759042907905647,0.24446134729398697,0.031190928194484033,0.330078125,,
1.3710050000008196,1294,,,,-0.103515625,0.025390625,-0.98046875,0.006933227912234254,0.3130143719829742,12.127556800842285,0.8892143964767456,1801,1799,10.783998101398424,1.3060531494092325,12.111029111177874,0.23966434453648391,0.029025818535927207,0.33203125,,
1.396510000001639,1294,,,,0.0625,-0.12890625,-0.97265625,0.007162517386629334,0.30716841403442136,12.134285926818848,0.8363560438156128,1811,1800,10.148583372281678,1.349933257784329,13.30169155895526,0.22754340798935693,0.030267122293479422,0.33203125,,
1.421054999999702,1294,,,,0,-0.0859375,-0.890625,0.010195533518270851,0.313325563660844,12.133000373840332,0.7415771484375,1832,1816,8.997555819223635,1.9386307751990965,21.54619336794927,0.16162209311294237,0.034823408707441585,0.337890625,,
1.4465299999993295,1294,,,,-0.0625,0,-0.923828125,0.005917890211834452,0.31764890518553424,12.131000518798828,0.8148193359375,1830,1825,9.88457378698513,1.1312711923499534,11.444815089948353,0.2807893521319962,0.03213582214377092,0.33984375,,
1.4721500000003724,1294,,,,0,0.0546875,-1.0546875,0.0049721802870274865,0.31018030491666054,12.134000778198242,0.8526611328125,1817,1827,10.34619084908627,0.9513556931156422,9.195226600712298,0.32604030980340865,0.02998014529608782,0.33984375,,
1.4963699999991804,1294,,,,0.125,-0.009765625,-1.07421875,0.00553280223119042,0.31125836180070926,12.12900161743164,0.8306884765625,1810,1820,10.075421875808388,1.054756347310938,10.46860727334369,0.295099775975988,0.030892836611443215,0.33984375,,
1.520410000000149,1294,,,,0.13671875,-0.10546875,-1.07421875,0.005763063706056623,0.3073795798158329,12.128499984741211,0.765380859375,1802,1809,9.282921741250902,1.0917644877024815,11.76100066481184,0.28154385243165875,0.03311237435622425,0.337890625,,
1.5433100000005215,1294,,,,0.07421875,0.087890625,-1.158203125,0.006174949589628395,0.30834649681492815,12.132000923156738,0.848388671875,1800,1804,10.29265215038322,1.1666598815064877,11.33488108274455,0.26429853439098777,0.029957924576655175,0.333984375,,
1.5651650000009685,1294,,,,0.0234375,-0.052734375,-0.919921875,0.006726813846423157,0.30713507206893526,12.130857467651367,0.8133370280265808,1801,1801,9.866475560153617,1.2690214882226558,12.861953394459103,0.24202511535017204,0.03112915753922501,0.333984375,,
1.5869900000002235,1294,,,,-0.046875,0.013671875,-0.884765625,0.0066729792351984335,0.30592364732294236,12.12742805480957,0.7240513563156128,1800,1800,8.780880731704883,1.2581133715332427,14.327872225739355,0.24316063579398897,0.03483974519985818,0.330078125,,
1.6100649999994785,1294,,,,0,0.07421875,-1.04296875,0.006716508465509179,0.3109693980998302,12.130001068115234,0.8024088740348816,1800,1800,9.733220499108256,1.266142176824736,13.00846083719914,0.2456038538102311,0.031949281137555734,0.330078125,,
1.6336250000018626,1294,,,,-0.19921875,0.09765625,-0.94921875,0.0067291455873222964,0.3106804343989512,12.131001472473145,0.8929443359375,1800,1800,10.832309054094367,1.2684570733361504,11.70994168465589,0.24492782682967357,0.028680905691249738,0.328125,,
1.6552150000017136,1294,,,,-0.0859375,0,-0.9453125,0.006896980068892166,0.30560134165657726,12.126286506652832,0.7603236436843872,1800,1800,9.2199023410991,1.2999723854266731,14.099632917279948,0.23508294874761795,0.033145832824531485,0.328125,,
1.6817900000009687,1294,,,,0.09375,-0.017578125,-1.08984375,0.007177724216306966,0.29589882970013864,12.128571510314941,0.8314732313156128,1801,1800,10.084582544924046,1.3530384951466836,13.416901385052565,0.21869209986376634,0.029341703375622207,0.328125,,
1.703140000000596,1294,,,,0.048828125,-0.03125,-1.060546875,0.006699117174545742,0.30404538326722863,12.134000778198242,0.81787109375,1804,1801,9.924048488028347,1.2636709169373588,12.733421430394658,0.24060487520288512,0.030637232741658502,0.326171875,,
1.7274450000021606,1294,,,,-0.1484375,0.04296875,-0.876953125,0.007236766573176205,0.3135922993847324,12.129714965820312,0.7505580186843872,1807,1803,9.104054831952453,1.366691279576027,15.011896400045371,0.22945364770456023,0.034445343879533664,0.328125,,
1.7498400000017136,1294,,,,-0.037109375,0.13671875,-0.990234375,0.006490048453527921,0.3074240357698143,12.130857467651367,0.810546875,1806,1806,9.83262861147523,1.2270894199409004,12.479769840069197,0.25053107848050765,0.031265701972210486,0.328125,,
1.7719250000007452,1294,,,,-0.171875,0.0390625,-0.99609375,0.006596184933967261,0.2980771714452269,12.130287170410156,0.8286830186843872,1802,1805,10.052162989883982,1.2471014026307714,12.406299061065711,0.2390159860428594,0.02965303803223222,0.328125,,
1.7963849999997765,1294,,,,0.0859375,0.068359375,-1.044921875,0.006629430442130697,0.29787711965231056,12.134286880493164,0.8175223469734192,1802,1804,9.92005068938954,1.2527344632337405,12.628307076834414,0.23778153183667255,0.0300277820123358,0.328125,,
1.8217599999997764,1294,,,,-0.0625,-0.0859375,-0.99609375,0.006658669497662737,0.3095356935839304,12.131501197814941,0.77392578125,1802,1803,9.38888154225424,1.257145368569299,13.389724461977423,0.24622108255960815,0.03296832452202948,0.326171875,,
1.848945000000298,1294,,,,-0.125,0.07421875,-1.09765625,0.006589799725411319,0.3067460824715981,12.133000373840332,0.7666015625,1801,1802,9.301177044399083,1.2435281944286665,13.369578801615065,0.24667400694725,0.03297927574191401,0.32421875,,
2.009980000000447,1294,,,,-0.19921875,-0.029296875,-1.015625,0.00664783592231005,0.304823362461903,12.128890037536621,0.8474392294883728,1802,1801,10.278497227959235,1.2540530619383687,12.200743300558901,0.24307054598689998,0.02965641335512864,0.32421875,,
2.031440000001341,1294,,,,-0.017578125,0.01953125,-1.021484375,0.006631813531773584,0.3067528897895515,12.131552696228027,0.8238389492034912,1800,1800,9.994445625467279,1.250301308418056,12.50996158538408,0.2453431726610529,0.030692336652260253,0.328125,,
2.0537700000014154,1294,,,,0.046875,0.0625,-0.998046875,0.006628450348005536,0.3080019631715724,12.129714965820312,0.8551897406578064,1800,1800,10.373207795872986,1.2493301513647155,12.043816878533615,0.2465336827380049,0.02969206529287035,0.330078125,,
2.0957700000014157,1294,,,,0.099609375,-0.04296875,-1.015625,0.006527788085907701,0.31071377636443726,12.125715255737305,0.8928571343421936,1800,1800,10.82653137508703,1.2303465958507385,11.364180763211877,0.25254166379807014,0.0286992911764355,0.326171875,,
2.263714999999851,1294,,,,0.01953125,0.099609375,-0.994140625,0.006604805711729978,0.3067386499917919,12.129538536071777,0.8263221383094788,1800,1800,10.022906219834056,1.2448737585381195,12.420287402017918,0.24640141049482903,0.030603763346083706,0.322265625,,
2.289570000000298,1294,,,,0.05078125,-0.009765625,-0.96875,0.0067697767375390775,0.3112567641648631,12.129191398620605,0.8134594559669495,1800,1800,9.86660543644092,1.2760810770820752,12.933334420864231,0.24391613491878747,0.03154648943549318,0.31640625,,
2.3161850000005217,1294,,,,0.0625,-0.060546875,-1,0.006760026517101647,0.30491227436986573,12.129500389099121,0.76171875,1800,1800,9.239267874509096,1.274299578046479,13.79221379176849,0.2392783295410809,0.033001778767678215,0.306640625,,
2.338585000000894,1294,,,,-0.0625,-0.05859375,-0.9453125,0.006865046523052815,0.29703245652666416,12.130223274230957,0.8219401240348816,1800,1800,9.9703172225922,1.2941491117130568,12.980019419849398,0.22951949959884008,0.029791675620270602,0.3046875,,
2.3604000000003724,1294,,,,-0.125,-0.03125,-0.81640625,0.006975407580863983,0.30784636733263754,12.133334159851074,0.8243815302848816,1801,1800,10.002496582155857,1.314962930149943,13.146347207914033,0.234110300963035,0.03077695301409309,0.3046875,,
2.3834550000000747,1294,,,,0.078125,-0.015625,-0.908203125,0.006945408372488932,0.31603737685370886,12.128571510314941,0.7672991156578064,1801,1800,9.30624219405712,1.3092443495021961,14.06845343374222,0.2413891470861595,0.03395971975192386,0.3046875,,
2.405269999999553,1294,,,,-0.03125,0.14453125,-0.994140625,0.006492478986349856,0.31603737685370886,12.131001472473145,0.841064453125,1799,1800,10.202954119304195,1.2234748904838253,11.99137892984333,0.25831128968141825,0.030975085564264152,0.30078125,,
2.4304250000007452,1294,,,,0.048828125,0.0546875,-1.021484375,0.006494747846958674,0.3149926619351462,12.132000923156738,0.7771809697151184,1798,1799,9.428760242043666,1.2235473467408629,12.976757445639123,0.25744215193158276,0.03340764361899525,0.30078125,,
2.4523699999991804,1294,,,,0.01171875,0.078125,-1.033203125,0.006865699499934321,0.30958014953791174,12.13000202178955,0.7659912109375,1800,1799,9.291474937344901,1.2934942060304209,13.921301136287035,0.23933632489006368,0.03331873051646807,0.298828125,,
2.477,1294,,,,0.037109375,0.029296875,-1.03125,0.006901839597462273,0.30416763714067746,12.129714965820312,0.8028739094734192,1802,1801,9.738631675406396,1.3015150956886312,13.364455490964225,0.2337027347191409,0.03123309796270578,0.296875,,
2.5000950000006705,1294,,,,-0.1875,0.03125,-1.103515625,0.006931050706198612,0.30082232660357777,12.131501197814941,0.80810546875,1805,1802,9.80353246210143,1.3078717898583039,13.3408217386364,0.2300090337113007,0.030685095170184726,0.298828125,,
2.5251850000005214,1294,,,,0.1484375,0.05859375,-1.009765625,0.006925969140336679,0.3021115492690381,12.130857467651367,0.8175223469734192,1804,1803,9.917247067754374,1.30800863624453,13.18923111734788,0.2309706074544288,0.030463247230306943,0.296875,,
2.5497350000012666,1294,,,,0.0625,0.03515625,-1.115234375,0.006657742222981447,0.30138914001684053,12.127500534057617,0.7989501953125,1803,1804,9.689268920337781,1.2574784387667475,12.97805282426726,0.23967738191393823,0.031105457232611693,0.296875,,
2.571570000000298,1294,,,,0.07421875,0,-1.00390625,0.006518560333435874,0.3045343987610239,12.130001068115234,0.8636474609375,1802,1803,10.476044623646885,1.2309168035295195,11.749823981763614,0.2474045344801572,0.02906959732432014,0.296875,,
2.598355000000447,1294,,,,0.109375,0.04296875,-1.087890625,0.006595730239601238,0.31628188460060647,12.132000923156738,0.8140345811843872,1801,1803,9.875868290410494,1.2450500790174008,12.606993556468844,0.25403145618866796,0.03202572931310935,0.296875,,
2.621240000002086,1294,,,,-0.072265625,-0.03515625,-1.064453125,0.006643194378746396,0.31278097822457196,12.129501342773438,0.771484375,1800,1801,9.357720762491226,1.2531853216529807,13.391993130166407,0.24958876617865786,0.03342491042031296,0.29296875,,
2.6462200000006706,1294,,,,-0.140625,-0.0078125,-0.90234375,0.006777191299285947,0.3079019372751142,12.129500389099121,0.7861328125,1802,1801,9.535398255102336,1.2780915884017436,13.403651889608744,0.2409075688074485,0.03229041189867007,0.29296875,,
2.667660000000149,1294,,,,-0.125,-0.05078125,-0.89453125,0.0069206876151515166,0.3090466780901351,12.13257122039795,0.8224051594734192,1802,1801,9.977889169333992,1.3052622552121222,13.081546939043085,0.23676979615097424,0.030973152020966323,0.29296875,,
2.689795000001788,1294,,,,0.037109375,-0.0703125,-0.939453125,0.006909824136727433,0.31477038216523917,12.132001876831055,0.8454241156578064,1803,1802,10.256686957878742,1.303676133300802,12.710499390832775,0.24144829695414163,0.030689284313532277,0.29296875,,
2.7116500000003727,1294,,,,-0.0625,0.033203125,-0.845703125,0.006671253101362089,0.31625965662361577,12.128572463989258,0.8447265625,1803,1802,10.2453273255378,1.2590641146407688,12.28915460321496,0.251186300162204,0.03086867276902884,0.29296875,,
2.7336300000008196,1294,,,,-0.037109375,-0.033203125,-0.94921875,0.006462937406754375,0.3009223525000359,12.135429382324219,0.8077567219734192,1801,1802,9.802474657606126,1.2196787921296166,12.4425600139983,0.24672262438425388,0.030698610607122395,0.294921875,,
2.7574350000005214,1294,,,,-0.125,0.087890625,-0.95703125,0.006388976211937183,0.3036452796813961,12.125715255737305,0.7979910969734192,1797,1801,9.676212818513136,1.2052403552278903,12.45570325739373,0.2519375312685925,0.03138059128881942,0.29296875,,
2.7796450000014157,1294,,,,0.01171875,0.0546875,-1.10546875,0.006298727065650744,0.30716841403442136,12.12800121307373,0.8279854655265808,1798,1800,10.04180873031379,1.1870694237630128,11.821271004490832,0.25876196276768443,0.03058895287530764,0.291015625,,
2.8013650000002235,1294,,,,-0.203125,-0.01953125,-0.9375,0.00689468605616722,0.310002481100735,12.128000259399414,0.8698381781578064,1799,1799,10.54939765033339,1.2985835746925463,12.309551860067645,0.23872355013741142,0.029385799206359246,0.294921875,,
2.826745000001043,1294,,,,-0.236328125,0.05078125,-0.8984375,0.007022721226514299,0.3114806415706163,12.13257122039795,0.8384486436843872,1799,1798,10.172537884146891,1.322037867551915,12.996145923547834,0.23560644457741656,0.030619757342563905,0.30078125,,
2.84972500000149,1294,,,,0.048828125,-0.01953125,-1.017578125,0.007145321862969767,0.3114806415706163,12.130001068115234,0.771484375,1801,1799,9.358106292784214,1.3461116411042733,14.38444487579954,0.2313928741564818,0.03328458042956732,0.3046875,,
2.8755800000000744,1294,,,,-0.0625,-0.048828125,-0.904296875,0.0069902538968771,0.3049345023468564,12.12800121307373,0.8272879719734192,1801,1800,10.033349527654934,1.3178208873919721,13.13440624947492,0.23139298008118214,0.03039209403662905,0.306640625,,
2.8998600000012664,1294,,,,-0.0625,0.033203125,-0.96484375,0.006442085883281475,0.31165846538654185,12.131999969482422,0.8365885615348816,1801,1801,10.149492403010527,1.214933312306172,11.970384961772083,0.2565231047907933,0.030706803159347967,0.302734375,,
2.9270600000005214,1294,,,,-0.01171875,0.068359375,-0.962890625,0.006223401787735484,0.31224750677679525,12.129143714904785,0.8851841688156128,1798,1800,10.736525997723106,1.1730518212575733,10.925804319817624,0.266183898373773,0.02908273186718064,0.302734375,,
2.949905000001192,1294,,,,-0.01953125,-0.01953125,-1.013671875,0.007315430934241571,0.31162512342105575,12.132445335388184,0.791015625,1802,1800,9.596953829750419,1.3789427135308454,14.36854587396412,0.22598844778919458,0.03247125379044988,0.302734375,,
2.9864650000017137,1294,,,,-0.046875,0.09375,-1.076171875,0.007228044517972551,0.3061903830468307,12.130857467651367,0.8335658311843872,1804,1801,10.111868288002142,1.3634374150849335,13.483536140424901,0.22457237835721047,0.03028029779720622,0.302734375,,
3.014810000002384,1294,,,,-0.046875,0.142578125,-0.986328125,0.0067514240741835835,0.30436025645378745,12.13077163696289,0.8556190133094788,1802,1803,10.379318858700799,1.2744487195719592,12.278731744555776,0.2388171856424407,0.029323721584933064,0.302734375,,
3.036910000000149,1294,,,,0.072265625,0.03515625,-1.02734375,0.0068004530941539,0.3191270656554155,12.131500244140625,0.860595703125,1801,1803,10.44031698256731,1.2838098214112144,12.29665558579162,0.2485781463368293,0.030566798516584986,0.302734375,,
3.0596349999997763,1294,,,,0.03125,0.12890625,-1.083984375,0.006931573870214097,0.3126920663166092,12.128000259399414,0.8565848469734192,1805,1803,10.388661246291235,1.3084522947649873,12.595003954259326,0.23897857611444076,0.030099361111446444,0.30078125,,
3.0841150000002235,1294,,,,0,0.05859375,-1.06640625,0.006675259833461443,0.3058347354149796,12.129499435424805,0.789794921875,1802,1803,9.57981705898419,1.2602373619785616,13.155129729713156,0.24268026376778873,0.031924903527062676,0.298828125,,
3.1055050000008197,1294,,,,-0.228515625,0.07421875,-0.966796875,0.006675768185675207,0.31211413891485107,12.13257122039795,0.7875279188156128,1806,1803,9.554738563082196,1.2606139747243943,13.19359987090784,0.24758898851893818,0.032665900469616656,0.302734375,,
3.127675000000745,1294,,,,0.08203125,0.173828125,-1.1953125,0.006872995849355395,0.30477890650792155,12.133143424987793,0.8070591688156128,1804,1804,9.792164647691266,1.2981641737524567,13.257172652407654,0.23477685848233784,0.03112477347690231,0.306640625,,
3.1498200000021606,1294,,,,0.01171875,0.125,-1.087890625,0.006640625649019728,0.306390434839747,12.130857467651367,0.8705357313156128,1804,1804,10.560344877087346,1.2544508218010129,11.878881195658485,0.24424268334398536,0.029013298183520372,0.3046875,,
3.1718600000012667,1294,,,,0.125,-0.083984375,-1.001953125,0.006790973960254761,0.311024968042307,12.128571510314941,0.8210100531578064,1804,1804,9.957679140411926,1.282852170728125,12.883043856292165,0.24244801945166802,0.03123468467467015,0.3046875,,
3.196320000000298,1294,,,,0.03125,0.015625,-0.90234375,0.0068143854102136825,0.30856877658483517,12.133715629577637,0.7958984375,1804,1804,9.65720531065017,1.2872426779356294,13.329349812165958,0.23971297865892047,0.03195218147061024,0.30859375,,
3.2308550000004472,1294,,,,0.07421875,-0.01171875,-1.08203125,0.006645760174059512,0.30017771527084763,12.133143424987793,0.8077567219734192,1802,1804,9.800628160201484,1.255265571313414,12.808011392686158,0.23913482702848657,0.0306284158896889,0.306640625,,
3.2614199999999256,1294,,,,-0.080078125,-0.0390625,-0.978515625,0.006644639926753922,0.3053234919441936,12.130667686462402,0.8943684697151184,1805,1803,10.849286695364015,1.2547473444858883,11.565251981239022,0.24333463887050089,0.028142264143011422,0.3046875,,
3.283890000000596,1294,,,,0,0.0078125,-0.998046875,0.00789774086038939,0.31988281687309916,12.128801345825195,0.810546875,1817,1809,9.830962028354406,1.4963726561166177,15.221019588935325,0.2137721613433235,0.0325383025537577,0.3046875,,
3.3069150000009686,1294,,,,0.015625,-0.0078125,-0.927734375,0.0055478285245678365,0.31573729916433446,12.134285926818848,0.7763671875,1813,1813,9.42066143732518,1.0531851248489204,11.179524196423648,0.29979278259330433,0.033515406669150205,0.306640625,,
3.3290299999993294,1294,,,,0.07421875,-0.09765625,-1.02734375,0.005829280843785647,0.3058903053574563,12.132573127746582,0.8321707844734192,1809,1815,10.096372897397998,1.1077671221354637,10.971931538116559,0.2761323199119557,0.03029704909535278,0.306640625,,
3.351625,1294,,,,-0.111328125,0.056640625,-0.9375,0.0062918849913937555,0.3117696052714953,12.128571510314941,0.7945033311843872,1804,1809,9.636190467453275,1.191849793144432,12.368474836295167,0.26158464520009705,0.032354031017185994,0.3046875,,
3.3788300000000744,1294,,,,-0.046875,0.001953125,-0.96875,0.006302170390348806,0.3159706929227367,12.13257122039795,0.7686942219734192,1799,1805,9.326237394800899,1.1912739760313544,12.773361063009766,0.2652376357413354,0.033879760888231414,0.3046875,,
3.5344599999990316,1294,,,,0.125,0.044921875,-1.095703125,0.006497213313275231,0.30959126352640715,12.128890037536621,0.7655165195465088,1800,1804,9.284865687497359,1.2272913346695695,13.21819158162075,0.2522557234625633,0.03334364480288506,0.3046875,,
3.5568600000012665,1294,,,,-0.029296875,0.03125,-1.001953125,0.006700308688363708,0.3024764354038259,12.130613327026367,0.8350548148155212,1799,1800,10.129727065398697,1.262643660729044,12.464735254733613,0.23955803589840824,0.029860274956176297,0.296875,,
3.581655000001192,1294,,,,0.0859375,0.02734375,-1.138671875,0.006749130760128531,0.30475667853093086,12.130858421325684,0.7986885905265808,1801,1800,9.688778214406113,1.2723371883967056,13.13207052778734,0.23952508919035848,0.0314546036442234,0.298828125,,
3.6332400000002236,1294,,,,0.0625,-0.00390625,-1.0703125,0.006862028828053246,0.30252276684336593,12.130001068115234,0.8526611328125,1802,1800,10.34278045175597,1.2937361283318156,12.50859122811766,0.2338365298907192,0.02924965566604524,0.298828125,,
3.795800000000745,1294,,,,-0.068359375,-0.025390625,-1.001953125,0.00650721316584523,0.30012770232261854,12.131295204162598,0.7858455777168274,1800,1801,9.533324688168534,1.2272246259110817,12.87299726017038,0.2445580833254598,0.03148195536601164,0.298828125,,
3.822205000001937,1294,,,,-0.001953125,0.0234375,-0.98828125,0.006720226044340159,0.30368202530585886,12.129305839538574,0.8449928760528564,1798,1798,10.249177025876406,1.2652471571900346,12.344865875529585,0.24001794714978927,0.029629893652840973,0.296875,,
3.8504350000005214,1294,,,,-0.09375,-0.009765625,-0.982421875,0.006786916394680706,0.30711284409194456,12.132000923156738,0.762939453125,1801,1799,9.255982149625197,1.2789124245865575,13.817144457634296,0.24013594534530147,0.03317993046306604,0.291015625,,
3.8722249999996277,1294,,,,-0.0859375,0.01171875,-0.8515625,0.006713441723883159,0.30298955436017055,12.129599571228027,0.86083984375,1802,1800,10.441642599646002,1.2658023355093189,12.122636102793184,0.23936561488350955,0.029017422447541217,0.291015625,,
3.897714999999851,1294,,,,0.111328125,0.04296875,-0.953125,0.006683372229316927,0.30431211899111693,12.130667686462402,0.8219401240348816,1802,1801,9.970682502836837,1.260263148896782,12.639687890354692,0.24146712474891283,0.030520690926075997,0.29296875,,
3.9211899999994784,1294,,,,0.048828125,-0.021484375,-0.912109375,0.006947511788067212,0.3070350461724771,12.127001762390137,0.814208984375,1801,1801,9.873913788469508,1.310615072192255,13.273511398517131,0.23426790419776125,0.031095576966757032,0.29296875,,
3.948339999999851,1294,,,,-0.09375,-0.056640625,-0.794921875,0.006740693622507026,0.3091022480326118,12.12900161743164,0.79833984375,1804,1802,9.683065256103873,1.2720979875196465,13.137348080121214,0.24298619372498453,0.03192194205628887,0.296875,,
3.9788499999996274,1294,,,,-0.15625,-0.013671875,-0.9765625,0.0066457451124833046,0.31229196273077664,12.130667686462402,0.7514106035232544,1802,1802,9.115112327424754,1.2543769719678313,13.761508656275922,0.24896181109005996,0.03426090118397992,0.296875,,
4.009070000000298,1294,,,,-0.072265625,0.1015625,-1.025390625,0.00640238732025718,0.30314515019910543,12.132000923156738,0.82666015625,1800,1802,10.029041778761894,1.2081548793843269,12.046563430843301,0.2509158017501759,0.030226731215843967,0.30078125,,
4.030785000000149,1294,,,,-0.05078125,0.0546875,-0.994140625,0.006513541153336978,0.31026921682462333,12.130223274230957,0.78125,1799,1801,9.476736932992935,1.2283100981397705,12.961318931028368,0.25259844178967056,0.03274008965516724,0.302734375,,
4.051800000000745,1294,,,,0,-0.05859375,-0.92578125,0.0062215438847574205,0.3132588797298719,12.130001068115234,0.810546875,1797,1799,9.831934459507465,1.1718248902511728,11.918558805261561,0.26732567496729565,0.03186136777253952,0.302734375,,
4.081195000002161,1294,,,,-0.109375,0.12109375,-0.970703125,0.006043836918138949,0.3132588797298719,12.132000923156738,0.7177734375,1794,1797,8.708028006367385,1.1372782270511546,13.060112188655882,0.275446124157428,0.035973572834264465,0.306640625,,
4.104860000001267,1294,,,,-0.09375,0.103515625,-1.0390625,0.006426123307839515,0.2992182307515586,12.129778861999512,0.8110893964767456,1792,1795,9.83833501657557,1.207845105541346,12.276925958573026,0.24772897565988114,0.030413502919694996,0.3046875,,
4.1275750000011175,1294,,,,0,0.02734375,-0.98046875,0.006365393308386648,0.2996553578115662,12.130000114440918,0.7611083984375,1793,1793,9.232244960148819,1.1952036477938697,12.945969836729763,0.2507148956286035,0.03245747476426751,0.302734375,,
4.150964999999851,1294,,,,0,0.044921875,-1.109375,0.007273573620983512,0.2997664976965197,12.129714965820312,0.7798548936843872,1797,1794,9.45941757509172,1.366501941528319,14.445941630979,0.21936778030571674,0.03168974150013809,0.302734375,,
4.175195000000298,1294,,,,0.037109375,-0.0234375,-0.859375,0.007118664113222458,0.31378123718915324,12.131999969482422,0.7769775390625,1799,1796,9.426291480194777,1.339022977017606,14.205193843527717,0.2343359617980831,0.03328787761851276,0.302734375,,
4.19960000000149,1294,,,,0.015625,-0.064453125,-0.923828125,0.007214879201720723,0.30665717056363534,12.130499839782715,0.7452392578125,1802,1798,9.04012469749432,1.3586312812894346,15.02889978570772,0.2257103710085319,0.03392178546482135,0.302734375,,
4.22159500000067,1294,,,,-0.01953125,0.017578125,-0.9765625,0.007133285178062241,0.3036008237274147,12.132001876831055,0.8217076063156128,1804,1801,9.968958222027368,1.3454016100010058,13.495909803576186,0.22565813915384544,0.03045461892463142,0.30078125,,
4.246665000000968,1294,,,,-0.03125,0.0390625,-0.896484375,0.006591148641914359,0.3195493972182388,12.13257122039795,0.7512555718421936,1803,1803,9.114661730096202,1.2442729040642477,13.65133387183986,0.25681616643300215,0.03505883231662905,0.30078125,,
4.27363000000082,1294,,,,-0.1875,-0.03125,-0.875,0.006538941791805119,0.3139812889820695,12.132000923156738,0.858154296875,1802,1803,10.411128721898422,1.2346545387565235,11.858988316603869,0.25430699772771603,0.03015823714883591,0.302734375,,
4.295964999999851,1294,,,,-0.13671875,0.10546875,-0.96484375,0.006860525290444644,0.3060236732194005,12.13333511352539,0.8045790195465088,1803,1803,9.762226869469487,1.2951003000544874,13.266443377840364,0.23629341542622256,0.031347732163084924,0.306640625,,
4.317120000001043,1294,,,,0,-0.1796875,-0.9296875,0.006703363690152194,0.31570395719884836,12.125334739685059,0.8284505009651184,1803,1803,10.04523963946184,1.2655528985919036,12.59853367380396,0.24945931343534603,0.03142821560559224,0.30859375,,
4.338009999999777,1294,,,,-0.015625,-0.025390625,-0.85546875,0.006699009299914343,0.3164485944280367,12.136001586914062,0.8279854655265808,1802,1803,10.048432923572364,1.2646810738938723,12.585853769567285,0.25022007600201657,0.031492332867713926,0.306640625,,
4.36072000000067,1294,,,,-0.048828125,-0.08203125,-1.06640625,0.006731226505730038,0.3132588797298719,12.129714965820312,0.7958984375,1802,1803,9.654021188616753,1.270700291214046,13.162393850060674,0.24652459899145823,0.03244853865653844,0.30859375,,
4.382365000000224,1294,,,,0.03125,0.107421875,-0.9921875,0.006403387536075246,0.30837983878041425,12.130858421325684,0.9068080186843872,1800,1801,11.000359689983156,1.207725144252869,10.978960491197522,0.2553394207679482,0.028033614124565634,0.306640625,,
4.406150000000372,1294,,,,0.109375,0.087890625,-1.08203125,0.006295540013069238,0.30827981288395606,12.13028621673584,0.8203125,1798,1800,9.950625412166119,1.1869187830072958,11.928082244520139,0.259731177311785,0.030980948444410156,0.302734375,,
4.434455000001937,1294,,,,0.037109375,0.01171875,-1.080078125,0.0071746894737620215,0.31302548597146956,12.12900161743164,0.86669921875,1800,1800,10.51219622604549,1.3521952395668568,12.863108816562969,0.23149429669027657,0.029777363287407398,0.30078125,,
4.457370000001043,1294,,,,0.009765625,0.029296875,-0.943359375,0.006873577142705932,0.31601514887671817,12.131001472473145,0.7989501953125,1800,1800,9.692065995768644,1.2956484670833421,13.368135004951426,0.2439050073420807,0.032605550665326034,0.302734375,,
4.479375,1294,,,,0.099609375,-0.17578125,-0.87890625,0.006896193646061199,0.31601514887671817,12.13028621673584,0.8161272406578064,1800,1800,9.899857018454043,1.3001117997847726,13.132632091163247,0.24306767227944012,0.031921183133013266,0.302734375,,
4.502455000000075,1294,,,,0.03125,-0.083984375,-0.908203125,0.006864572545397761,0.3116806933635325,12.129714965820312,0.8796038031578064,1801,1800,10.669343415155708,1.294158083751035,12.129688148501197,0.2408366468338596,0.029212734208254355,0.30078125,,
4.527630000000819,1294,,,,0,-0.076171875,-0.990234375,0.006756197526622938,0.30978020133082806,12.130499839782715,0.8526611328125,1800,1800,10.34320573497098,1.2736553916847648,12.313932685090677,0.24322136376391204,0.029950115009647657,0.30078125,,
4.550084999999031,1294,,,,-0.0625,0.08984375,-0.853515625,0.006735544285665522,0.31898258380497596,12.129499435424805,0.8935546875,1800,1800,10.838371077552438,1.26952617760809,11.713256249709243,0.2512611314608494,0.0294308601839281,0.30078125,,
4.573820000000298,1294,,,,0.099609375,-0.029296875,-1.0859375,0.006817801347051962,0.31621520066963443,12.127999305725098,0.8586774468421936,1800,1800,10.414039479143923,1.2848749875601986,12.33791162529586,0.24610581086186736,0.030364317448854976,0.302734375,,
4.599900000000373,1294,,,,0.07421875,0.0703125,-0.95703125,0.006643103272192416,0.3036008237274147,12.126286506652832,0.8321707844734192,1800,1800,10.091141354990725,1.251891842632957,12.405849829997823,0.24251362089626427,0.03008587562568077,0.3046875,,
4.62585000000149,1294,,,,0.0625,0.080078125,-1.072265625,0.006539490666872645,0.30365639366989144,12.12933349609375,0.8506944179534912,1799,1800,10.318356298623257,1.2324091498183576,11.943851463849855,0.24639251803238138,0.029428756371827097,0.3046875,,
4.649925000000745,1294,,,,0.048828125,0.033203125,-1.0234375,0.006843498984633034,0.3055346577256052,12.129500389099121,0.8270263671875,1798,1800,10.031416642596014,1.2897095561084237,12.856704113275292,0.23690191041735556,0.030457777661055896,0.302734375,,
4.671745000001043,1294,,,,-0.0859375,-0.00390625,-0.96484375,0.00685612492772787,0.30307846626813334,12.127429008483887,0.8433314561843872,1801,1800,10.227442365497495,1.2923139262422834,12.635748802671657,0.23452387234532682,0.029633847391853832,0.302734375,,
4.696310000000522,1294,,,,0,-0.048828125,-0.9609375,0.007124919165035791,0.30042222301774524,12.127429008483887,0.7756696343421936,1803,1800,9.406878424521608,1.3433878270363928,14.28090984501813,0.22363030017958224,0.03193644155478956,0.3046875,,
4.721224999999627,1294,,,,0.046875,-0.0390625,-0.943359375,0.006740851521902725,0.3034785698539659,12.129501342773438,0.8123779296875,1802,1802,9.853739188984036,1.2717978770603908,12.906754001386542,0.23862169872104239,0.030798315647854676,0.302734375,,
4.746260000001639,1294,,,,-0.1484375,-0.044921875,-0.947265625,0.006507219104539316,0.3157150711873437,12.134000778198242,0.8258056640625,1802,1802,10.020326570374891,1.2279008767279849,12.254100383896423,0.2571177178638693,0.031507463251822125,0.3046875,,
4.77588000000082,1294,,,,-0.0234375,-0.015625,-0.89453125,0.0065189624878259815,0.3126364963741324,12.130000114440918,0.767822265625,1801,1802,9.313684169901535,1.2300259096401711,13.206652568434421,0.2541706592713891,0.03356743590087161,0.30078125,,
4.799895000001416,1294,,,,-0.103515625,0.001953125,-0.931640625,0.006593797439210703,0.29862175688149883,12.127601623535156,0.82080078125,1800,1801,9.954344887286425,1.2436776505472023,12.493817168577444,0.24011186238661528,0.029999137086649988,0.30078125,,
4.8219500000011175,1294,,,,-0.173828125,0.08984375,-1.005859375,0.006677051921735638,0.3008112126150824,12.134285926818848,0.7575334906578064,1802,1801,9.192127974782977,1.2591479745084178,13.698111884023739,0.238900604778022,0.03272487213410282,0.302734375,,
4.846439999999478,1294,,,,-0.125,0.09765625,-0.93359375,0.006826514319547014,0.3107248903529326,12.133999824523926,0.7625325322151184,1800,1801,9.252569612092032,1.2872365186584667,13.912205718249322,0.2413891199084098,0.0335825509431295,0.306640625,,
4.867435000000522,1294,,,,0.03125,0.134765625,-1.125,0.006838657202278196,0.31163623740955115,12.130499839782715,0.8343505859375,1801,1801,10.121089649037458,1.289536896178371,12.741087579448616,0.24166523527407863,0.030790779275350906,0.306640625,,
4.889429999999702,1294,,,,0.015625,0.037109375,-1.185546875,0.007047986107963973,0.30575693749551214,12.13028621673584,0.78125,1802,1801,9.476786106824875,1.32910501575007,14.024849783123114,0.23004723770676666,0.03226377951859818,0.30859375,,
4.913050000000745,1294,,,,0.013671875,-0.044921875,-0.896484375,0.006940777867909579,0.31134727370867205,12.13257122039795,0.7596260905265808,1801,1802,9.216217644186202,1.3094167814468107,14.207745867121751,0.23777553344371824,0.03378254352587658,0.306640625,,
4.938390000000596,1294,,,,0.048828125,0.07421875,-0.98828125,0.006769849117119925,0.3135145014652649,12.129500389099121,0.78369140625,1803,1802,9.505785217043012,1.2774114269738581,13.438252577846752,0.2454295419980464,0.03298144175434995,0.302734375,,
5.108005000000819,1294,,,,-0.048828125,-0.109375,-0.92578125,0.006781270273852182,0.3119252011104302,12.131000518798828,0.804443359375,1801,1802,9.758702809922397,1.279716340823236,13.11359066619032,0.2437455795162935,0.031963797564700164,0.302734375,,
5.143685000000522,1294,,,,-0.072265625,0,-0.96484375,0.006632425469658944,0.3034939905130032,12.132071495056152,0.8310372233390808,1801,1801,10.082203008602676,1.2511643721701742,12.409632806467135,0.24256923971275307,0.03010195194979171,0.3046875,,
5.166395000001415,1294,,,,-0.10546875,-0.033203125,-1.056640625,0.006713349230906114,0.3084206132257065,12.130182266235352,0.8620383739471436,1799,1799,10.456682596468,1.2644879079614968,12.0926297254983,0.24390949987249524,0.0294950726848956,0.30859375,,
5.332075000001118,1294,,,,-0.0234375,-0.025390625,-1.015625,0.0069904801261882815,0.3025338808318613,12.129000663757324,0.8612060546875,1800,1799,10.445568808936514,1.3166369414863792,12.604741451321969,0.22977775520283095,0.02896289195596835,0.30859375,,
5.355300000000745,1294,,,,-0.048828125,0.080078125,-1.001953125,0.006809038216608659,0.3073821499256725,12.129597663879395,0.8455255627632141,1801,1801,10.255884890842992,1.2838441627964075,12.51812180480587,0.2394232562121461,0.02997129484166889,0.310546875,,
5.383135000001639,1294,,,,0.125,0.017578125,-1.03125,0.006713617788696061,0.304856704427389,12.129714965820312,0.8865792155265808,1800,1801,10.753953178958,1.2659151970507478,11.771626452007746,0.24081921532945144,0.028348338453239197,0.30859375,,
5.408730000000447,1294,,,,0.103515625,-0.1015625,-1.001953125,0.006683418620997786,0.3084242947343956,12.128889083862305,0.7720268964767456,1799,1800,9.363828597124893,1.260076696328496,13.456853500238083,0.244766287348267,0.03293784070642808,0.310546875,,
5.431240000000224,1294,,,,0.1484375,-0.16015625,-0.91796875,0.00670900380241964,0.31473335869106406,12.130000114440918,0.814208984375,1800,1800,9.876355073647574,1.2647478064977355,12.80581547612012,0.24885068554703008,0.03186735960221259,0.314453125,,
5.454550000000745,1294,,,,0.046875,0.01171875,-1.033203125,0.00676030472745283,0.29867732682397563,12.131429672241211,0.8377510905265808,1800,1800,10.163118437566595,1.2742259141823042,12.537745397832817,0.234399036701151,0.029388354436563013,0.318359375,,
5.478190000001341,1294,,,,-0.0625,0.02734375,-0.8359375,0.006770264266770033,0.29972204174253836,12.129000663757324,0.80078125,1801,1800,9.71267631277442,1.276212226054249,13.139655692795344,0.2348528212029508,0.030858852090883994,0.31640625,,
5.5023849999997765,1294,,,,0.046875,0.103515625,-1.08203125,0.0069796520004607576,0.30473445055394016,12.130500793457031,0.75927734375,1802,1801,9.210414420813322,1.31605829810491,14.288806539811441,0.2315508750583085,0.0330858565783222,0.31640625,,
5.528269999999553,1294,,,,-0.162109375,0.201171875,-0.921875,0.006733678138382725,0.30507898419729595,12.130858421325684,0.7931082844734192,1802,1801,9.621084311727543,1.270137050575946,13.201599834518888,0.2401937523662957,0.031709418014913594,0.318359375,,
5.550064999999479,1294,,,,0,-0.056640625,-0.939453125,0.006444728811750723,0.29808828543372223,12.131556510925293,0.7535807490348816,1802,1801,9.142107442462077,1.2157707051449362,13.298582551087529,0.2451846258280965,0.03260607986832449,0.3203125,,
5.575300000000745,1294,,,,0.037109375,-0.0546875,-0.953125,0.006612988503817151,0.29741033213550594,12.131429672241211,0.7784598469734192,1801,1801,9.44383088622169,1.2472533517278193,13.207069956616127,0.23845222121351978,0.03149255166877459,0.318359375,,
5.600259999999777,1294,,,,0.125,-0.04296875,-1.14453125,0.006791330002431964,0.3000665753858941,12.129502296447754,0.7867431640625,1800,1801,9.542803015210666,1.2805779982458128,13.419306635635744,0.2343212016737265,0.031444280564903795,0.318359375,,
5.625304999999702,1294,,,,-0.048828125,0,-1.0234375,0.00663457824189844,0.30272281863628225,12.13257122039795,0.8056640625,1799,1800,9.774776617996395,1.2508285532327716,12.796492463366011,0.24201783518124353,0.030969794038969402,0.314453125,,
5.650645000001416,1294,,,,-0.037109375,0.03515625,-1.013671875,0.006530200313578453,0.3059569892884284,12.132500648498535,0.8184814453125,1799,1800,9.930226666037925,1.2309034182220497,12.395521870933985,0.24856295364778577,0.03081067528245079,0.314453125,,
5.677230000000447,1294,,,,-0.01171875,0.005859375,-0.9453125,0.006506724446255445,0.30856877658483517,12.134000778198242,0.7940673828125,1799,1799,9.635214240988716,1.2260098750479282,12.724261696563183,0.2516853924792183,0.032025107991077884,0.310546875,,
5.700300000000745,1294,,,,-0.3125,0.099609375,-0.830078125,0.006855693568936257,0.31141395763964413,12.129779815673828,0.751953125,1800,1799,9.121025837957859,1.2913094811851644,14.157502720925091,0.241161365402373,0.034142426868661056,0.3125,,
5.725259999999777,1294,,,,-0.1484375,-0.015625,-0.900390625,0.006866185634445503,0.3065349166901865,12.134285926818848,0.810546875,1799,1799,9.835407538339496,1.2933522503138584,13.149960947446557,0.23700806691742296,0.03116646824193912,0.314453125,,
5.749730000000447,1294,,,,0.037109375,-0.09375,-0.916015625,0.0066752318866657445,0.3055791136795866,12.131500244140625,0.7781982421875,1801,1800,9.440712165087461,1.2581442261866067,13.326793616686341,0.24288082981216452,0.03236822692356236,0.31640625,,
5.774915000000968,1294,,,,-0.125,0.0546875,-1.08984375,0.006713038731089181,0.3076129735742352,12.131000518798828,0.85693359375,1799,1800,10.395461870357394,1.2653699978283082,12.172330711312638,0.24310120684240666,0.029591082860049925,0.31640625,,
5.799690000001341,1294,,,,0.0234375,-0.0625,-1.1015625,0.006724895019430469,0.310291444801614,12.130001068115234,0.8349609375,1801,1800,10.128077063709497,1.2676692908754532,12.516386703036778,0.2447731810142112,0.03063675788106287,0.318359375,,
5.822685000000521,1294,,,,0.037109375,0.11328125,-1.0078125,0.007012006704511291,0.3149926619351462,12.129143714904785,0.9109932780265808,1804,1801,11.04956839249661,1.3223761386134918,11.967672325658194,0.23820201585413908,0.028507236730535745,0.3203125,,
5.850500000001863,1294,,,,0.099609375,0.021484375,-1.11328125,0.0068233324371227136,0.31131393174318606,12.131429672241211,0.7952008843421936,1801,1802,9.646923603701339,1.2874424709588523,13.345627309258315,0.24180803318638994,0.03227079891290326,0.318359375,,
5.87548000000231,1294,,,,0.048828125,0.001953125,-0.951171875,0.006805012474138201,0.306901678310533,12.128890037536621,0.8393012285232544,1806,1802,10.179792309127947,1.284383926100153,12.616995387503932,0.23894855118780237,0.030148127681872496,0.31640625,,
5.899460000000894,1294,,,,0.111328125,0.01953125,-1.08984375,0.00681035995376121,0.3123808746387394,12.128500938415527,0.865478515625,1802,1803,10.49695698893629,1.2856973056960184,12.248285927541984,0.24296611127269227,0.029759184015709164,0.318359375,,
5.923349999999627,1294,,,,0.048828125,0.052734375,-1.046875,0.006683642754299292,0.3162374286466251,12.128499984741211,0.816650390625,1800,1803,9.904744250234216,1.2617791292594494,12.739138915470857,0.25062819737098363,0.03192787422443008,0.314453125,,
5.947500000001862,1294,,,,-0.0234375,0.046875,-0.9296875,0.0066568441527016615,0.30562356963356796,12.130858421325684,0.7952008843421936,1801,1802,9.64646934446813,1.2559551306588663,13.019842657553326,0.2433395606045574,0.03168242791429499,0.314453125,,
5.971775000000372,1294,,,,0,-0.046875,-0.873046875,0.006226052122105591,0.3034118859229938,12.127501487731934,0.83740234375,1799,1801,10.155598169658333,1.1739271778835212,11.5594094830459,0.2584588649442604,0.029876318544139635,0.310546875,,
5.9995299999993295,1294,,,,0.01171875,0.015625,-0.841796875,0.0063495410474623485,0.3079797351945817,12.127500534057617,0.8221435546875,1798,1799,9.970546398544684,1.1963656636399342,11.998998006915224,0.25742943362111836,0.03088895260941114,0.310546875,,
6.02238000000082,1294,,,,0.07421875,0.0546875,-1.041015625,0.006760036577948099,0.31199188504140224,12.129779815673828,0.8148871660232544,1800,1798,9.884401898480519,1.2727970633659762,12.876824277669618,0.245123039659067,0.03156406308098047,0.30859375,,
6.048085000000894,1294,,,,0.0234375,-0.0078125,-0.935546875,0.006802649712295834,0.30542351784065175,12.131429672241211,0.7965959906578064,1799,1798,9.663848237854495,1.2810986495730745,13.256609769127497,0.2384074933982906,0.031604751060169786,0.30859375,,
6.0744300000015645,1294,,,,0.236328125,-0.009765625,-1.091796875,0.006773032117416055,0.31110276596177444,12.128500938415527,0.8270263671875,1798,1799,10.030590070527978,1.2757122744110312,12.718217626691244,0.24386593450737462,0.03101540026801225,0.30859375,,
6.096990000000224,1294,,,,-0.048828125,-0.056640625,-0.9453125,0.006636611091817578,0.31480372413072527,12.128000259399414,0.76416015625,1799,1799,9.267734573222697,1.2501722975020144,13.489513403999961,0.25180827055577754,0.0339677104090021,0.306640625,,
6.122760000001639,1294,,,,0.0234375,-0.10546875,-1.03125,0.006712036558995417,0.318504682299676,12.13028621673584,0.8035714030265808,1799,1799,9.747551114296414,1.264463813713354,12.972117805658964,0.2518891239475826,0.03267535389812275,0.306640625,,
6.147054999999702,1294,,,,-0.13671875,0.01953125,-0.9453125,0.006618717317467473,0.3116658978663481,12.131000518798828,0.81787109375,1800,1799,9.921594662591815,1.2470834740308592,12.569385430880764,0.24991582709293111,0.031412883560084044,0.30859375,,
6.175939999999478,1294,,,,-0.07421875,0.08984375,-0.923828125,0.0065095064100332955,0.3106582064219605,12.130999565124512,0.7318115234375,1799,1799,8.877605272573419,1.2265486428550938,13.8162106243269,0.25327834181841097,0.0349934691714343,0.310546875,,
6.200240000000224,1294,,,,-0.1875,0.052734375,-0.953125,0.00635842505434708,0.3108434627176923,12.128889083862305,0.791015625,1796,1799,9.594140779227018,1.1976295123167109,12.482926192930032,0.2595489335565825,0.0323993018104052,0.3125,,
6.225160000000149,1294,,,,0.099609375,0.01171875,-0.94921875,0.006273225195373543,0.31079157428390464,12.129000663757324,0.794677734375,1795,1797,9.638646767707542,1.1801909054129558,12.244363071452744,0.2633400857932868,0.032244316217205186,0.310546875,,
6.250105000000447,1294,,,,0,0.041015625,-1.013671875,0.006828385636987015,0.30920227392906996,12.129500389099121,0.7879638671875,1797,1795,9.55760803364683,1.2835469855930732,13.429583856906918,0.24089673179061732,0.0323514286043691,0.30859375,,
6.275780000001192,1294,,,,-0.01171875,-0.05078125,-0.919921875,0.006924703569693452,0.3076129735742352,12.128499984741211,0.745849609375,1796,1795,9.046036975923926,1.3018500975005105,14.391385984441488,0.23628908901634474,0.03400527483946271,0.30859375,,
6.299945000002161,1294,,,,-0.099609375,-0.0390625,-0.96875,0.006772213416036054,0.3008667825575591,12.133500099182129,0.806884765625,1794,1796,9.790336383739486,1.2735305094081053,13.00803628691736,0.23624623072233425,0.03073099541883575,0.30859375,,
6.3294350000005215,1294,,,,-0.111328125,0.078125,-0.97265625,0.006749944011883368,0.3037453055778543,12.132000923156738,0.7867431640625,1796,1796,9.544768792693503,1.269213745012142,13.297480248905789,0.23931769315573279,0.031823222979520525,0.306640625,,
6.351415000000968,1294,,,,-0.037109375,-0.017578125,-0.96484375,0.006581850871802589,0.3099135691927722,12.123555183410645,0.9217665195465088,1796,1795,11.175087265942466,1.2370881057774636,11.07005320260586,0.25051859099235546,0.027732541305272324,0.30859375,,
6.378230000000447,1294,,,,0.111328125,-0.07421875,-0.9375,0.007385715588350592,0.31603737685370886,12.1371431350708,0.8663504719734192,1803,1801,10.515019683477533,1.3927601488423493,13.245435489111085,0.22691443111464416,0.030055804588773608,0.310546875,,
6.40147500000149,1294,,,,0,-0.095703125,-0.82421875,0.010491245980378707,0.3180267807943761,12.133501052856445,0.7611083984375,1835,1811,9.23490955377929,1.9900150970759714,21.548831480017896,0.1598112402572567,0.03443745484916276,0.31640625,,
6.4262750000003726,1294,,,,-0.01171875,0,-0.91015625,0.006430693232280834,0.32386162475443364,12.130500793457031,0.8233642578125,1833,1826,9.987820782698691,1.2297958594511709,12.312954809736606,0.2633458409096982,0.032425654384532,0.31640625,,
6.450470000000671,1294,,,,0.111328125,-0.01171875,-1.1015625,0.00505790386895242,0.3164930503820181,12.131500244140625,0.8489990234375,1823,1830,10.299631860107183,0.9693860509872271,9.41185145404934,0.3264881417054642,0.030728578912404398,0.31640625,,
6.606734999999404,1294,,,,-0.0625,0.017578125,-0.9765625,0.005555378071957943,0.3091244760096026,12.129143714904785,0.7903180718421936,1819,1827,9.585881473860411,1.06269025229633,11.085994075705644,0.29088859650460364,0.032247892575403656,0.314453125,,
6.629175000000745,1294,,,,0.021484375,0.005859375,-0.97265625,0.006447992554924647,0.3019929769042784,12.130111694335938,0.7962669730186462,1805,1809,9.65880732122696,1.2212584743143748,12.6439883693553,0.2472801485155056,0.031266073218025034,0.310546875,,
6.65334500000067,1294,,,,-0.0625,0.048828125,-0.90625,0.006639706199441234,0.3034785698539659,12.130857467651367,0.8342633843421936,1800,1801,10.120330205935602,1.2520707253069419,12.371836687429418,0.24238133175709295,0.029987022525804034,0.30859375,,
6.691285000000149,1294,,,,0.125,0.021484375,-1.046875,0.0070235498490067725,0.30772411345918876,12.126858711242676,0.7219586968421936,1800,1800,8.755091111958166,1.3236626773881819,15.118776726152552,0.23247925526341975,0.035148019537898686,0.30859375,,
6.8518700000010435,1294,,,,0.125,-0.001953125,-1.052734375,0.006803111672828738,0.3078797092981236,12.130768775939941,0.8488581776618958,1800,1800,10.297302276782204,1.2822158907127996,12.45195932146102,0.24011534370157386,0.029899064922306293,0.310546875,,
6.874985000001266,1294,,,,0,0.015625,-0.978515625,0.006612230799812113,0.3089192839970072,12.13081169128418,0.8100043535232544,1799,1799,9.826010281710978,1.2458754887561394,12.679362763084736,0.24795357705080695,0.03143893351831664,0.306640625,,
6.898849999999627,1294,,,,0.0625,-0.13671875,-0.892578125,0.0068049962649966945,0.30093346648853125,12.132000923156738,0.8544921875,1796,1796,10.36670000758022,1.2798682202326495,12.345955986927361,0.2351284778630012,0.029028858389698372,0.302734375,,
6.922040000000969,1294,,,,-0.162109375,0.095703125,-0.853515625,0.0071299138163631,0.3056346836220633,12.133499145507812,0.85693359375,1797,1795,10.397603027522564,1.3402279600455755,12.889778119995333,0.22804678960112873,0.029394725189358078,0.3046875,,
6.944714999999851,1294,,,,0.099609375,-0.09765625,-0.9921875,0.0072739338551800715,0.3056346836220633,12.128572463989258,0.8286830186843872,1798,1797,10.050742041790954,1.368765967366136,13.618556338176937,0.22329214117602914,0.03040916604477911,0.30859375,,
6.967349999999628,1294,,,,0,-0.080078125,-0.951171875,0.006893725385065068,0.30613481310435403,12.131429672241211,0.7847377061843872,1799,1798,9.51999029373178,1.2978714710716417,13.633117587590352,0.2358745221910002,0.03215705096946595,0.306640625,,
6.990575000001118,1294,,,,0.01171875,0.01171875,-1.05078125,0.006421237713424059,0.315148257774081,12.13028621673584,0.8272879719734192,1800,1798,10.035239883700513,1.2092617602629694,12.050153003587713,0.26061210908178223,0.03140415789023167,0.30859375,,
7.016195000000298,1294,,,,-0.099609375,0.05078125,-0.95703125,0.006566857566560814,0.3184268843802086,12.132001876831055,0.8221435546875,1796,1798,9.974247148493305,1.23642462230503,12.396169895306858,0.257538452919657,0.03192490416966555,0.30859375,,
7.037295000001788,1294,,,,0.1875,0.017578125,-1.01953125,0.006629138118647686,0.3145703303723229,12.130001068115234,0.794677734375,1799,1798,9.639441766776145,1.2483069345774784,12.949991968206758,0.25199758301334546,0.0326336667603034,0.30859375,,
7.059570000000298,1294,,,,-0.07421875,0.11328125,-0.939453125,0.006997937868354517,0.3029784403716752,12.126667022705078,0.9261067509651184,1802,1798,11.230588196433246,1.3179780457129857,11.735610127095267,0.2298812498107836,0.02697796723308749,0.30859375,,
7.081235000001267,1294,,,,0.078125,0.052734375,-1.029296875,0.007389284673629302,0.3073684658273376,12.130500793457031,0.792236328125,1804,1802,9.610223406925797,1.394272367616819,14.508220137858698,0.2204508049978153,0.03198348808476465,0.30859375,,
7.102160000002011,1294,,,,-0.0859375,0.033203125,-1.056640625,0.008621694906684402,0.31022476087064194,12.133334159851074,0.74462890625,1814,1807,9.034831344615668,1.6310317701558898,18.05270854477995,0.19020154392271063,0.03433653037203857,0.310546875,,
7.125075000001117,1294,,,,-0.015625,0.16015625,-1.060546875,0.006162847509218935,0.30821312895298403,12.129334449768066,0.82763671875,1813,1810,10.03868256462738,1.168407401442396,11.639051179478804,0.2637890932328019,0.030702547567248877,0.30859375,,
7.149785000000149,1294,,,,0.01171875,-0.02734375,-0.94921875,0.006200949052603015,0.30821312895298403,12.130500793457031,0.7568359375,1810,1812,9.180798940360546,1.176781566559767,12.817855768373388,0.2619119280173823,0.03357149317343398,0.306640625,,
7.175044999999925,1294,,,,-0.0625,-0.04296875,-0.86328125,0.006327086775256115,0.31656341582167924,12.132001876831055,0.8203125,1806,1809,9.952032789587975,1.198870877018806,12.046492433918523,0.2640513018456729,0.03180892009850234,0.3046875,,
7.1968100000005215,1294,,,,-0.111328125,0.02734375,-1.00390625,0.006592299211493283,0.3118251752139721,12.129500389099121,0.7318115234375,1803,1806,8.876508158282377,1.247030125899911,14.0486563371921,0.25005424386916514,0.03512926137774326,0.3046875,,
7.221985000001267,1294,,,,-0.078125,0.0390625,-1.087890625,0.006670458434226391,0.30218934718850554,12.129142761230469,0.7798548936843872,1802,1804,9.458971338542142,1.2600376506437125,13.321085407135985,0.23982564888765565,0.03194737951654268,0.306640625,,
7.246365000000224,1294,,,,-0.1484375,0.087890625,-0.927734375,0.006658078422933704,0.31271429429359987,12.12700080871582,0.77392578125,1801,1802,9.385398575104773,1.2566443734343844,13.389355426712454,0.24884868058491186,0.03331923431819824,0.30859375,,
7.267260000001639,1294,,,,0.162109375,0.0703125,-1.033203125,0.006899505760553456,0.3158928950032693,12.130287170410156,0.8879743218421936,1803,1802,10.77138352389602,1.3018892956553092,12.086555944898846,0.24264190208604783,0.029327049241396848,0.310546875,,
7.28849499999918,1294,,,,0,0.119140625,-1.07421875,0.006987491216388283,0.3155261333829228,12.130857467651367,0.8768135905265808,1803,1802,10.636500692377581,1.318635798613578,12.397270838881719,0.23928224435789547,0.029664467902403076,0.30859375,,
7.310379999998957,1294,,,,0.0625,-0.03125,-1.025390625,0.006798925103099062,0.3054902017716238,12.132001876831055,0.7749720811843872,1804,1803,9.401962743420654,1.283902211512062,13.655682824424256,0.23793883913623412,0.03249217318856119,0.30859375,,
7.333335000000894,1294,,,,0.078125,0.07421875,-1.029296875,0.0068000234121700295,0.30890219623969556,12.132573127746582,0.8649553656578064,1804,1803,10.49413422608012,1.2842316432895189,12.237614038687768,0.2405346401903416,0.029435700895840355,0.3046875,,
7.355365000000224,1294,,,,0.041015625,-0.00390625,-1.09375,0.006799028925445083,0.3227724538818896,12.128571510314941,0.8935546875,1802,1803,10.83754192572087,1.2840294522052702,11.847976792208456,0.251374649800704,0.029782810169882688,0.306640625,,
7.378105000000447,1294,,,,-0.109375,0.08203125,-0.99609375,0.006619319850382742,0.32022735051645496,12.129143714904785,0.830078125,1802,1802,10.068136872723699,1.249282203290741,12.408275921191136,0.25632907414589146,0.031806018786256815,0.30859375,,
7.400270000001416,1294,,,,0,0.0390625,-0.775390625,0.006589574957848553,0.31770447512801103,12.128572463989258,0.7603236436843872,1801,1802,9.221640408510439,1.2432993073549214,13.482409335843428,0.25553338061767034,0.03445205636459311,0.306640625,,
7.427425000000745,1294,,,,-0.0234375,-0.0625,-0.9609375,0.006829403179818412,0.3086132325388165,12.13371467590332,0.8412388563156128,1800,1801,10.207352256816876,1.2878889017882524,12.617267136324692,0.23962721637736187,0.030234406021670542,0.3046875,,
7.450330000000075,1294,,,,-0.111328125,-0.02734375,-0.916015625,0.006704248561029368,0.2998776375814732,12.131112098693848,0.8463541865348816,1801,1800,10.267217512053492,1.2639238328966997,12.31028593105075,0.23725926339580475,0.02920729372192839,0.3046875,,
7.472550000000745,1294,,,,-0.078125,-0.044921875,-0.984375,0.006871084428263566,0.31048038260603494,12.128000259399414,0.8482142686843872,1799,1800,10.287142870630532,1.295275578310074,12.59120821591819,0.23970218214961939,0.03018140085255806,0.3046875,,
7.499089999999851,1294,,,,-0.0234375,-0.0234375,-1.046875,0.006874163466479697,0.31048038260603494,12.125714302062988,0.8056640625,1801,1800,9.76925224531442,1.2958830643826753,13.264915592738571,0.2395898141889366,0.03178138662096162,0.302734375,,
7.521265000000596,1294,,,,-0.015625,0.080078125,-1.044921875,0.007316961580242001,0.30873548641226534,12.13022232055664,0.8517795205116272,1803,1801,10.332274951903173,1.3799022011580426,13.355260168564028,0.22373722293737056,0.02988068821720595,0.306640625,,
7.546530000001192,1294,,,,-0.07421875,0.029296875,-0.96875,0.007182465809399224,0.30510121217428665,12.130287170410156,0.8098493218421936,1804,1803,9.823704838707727,1.355928184717896,13.80261527580936,0.225012810864879,0.031057652604963813,0.30859375,,
7.571894999999553,1294,,,,-0.01171875,0.05078125,-0.990234375,0.006608133726202314,0.29697688658418747,12.130500793457031,0.8197021484375,1804,1804,9.943397562019527,1.248080617240744,12.551852718913672,0.23794687817582155,0.029866741697882063,0.310546875,,
7.596760000001639,1294,,,,0.0859375,-0.123046875,-1.001953125,0.0068934232802035636,0.30041110902924995,12.131501197814941,0.76904296875,1803,1804,9.329645696561784,1.302236853154175,13.958052593938087,0.23068853281307308,0.03219962673823286,0.310546875,,
7.621750000001863,1294,,,,0.05078125,-0.095703125,-1.0078125,0.0067421024204782085,0.30564579761055866,12.127501487731934,0.81298828125,1803,1804,9.859516590368003,1.2735302483490119,12.916761553940221,0.2399988520153282,0.031000079447013797,0.30859375,,
7.646440000001341,1294,,,,-0.111328125,0.03125,-1.009765625,0.0064050094283636325,0.3030562382911427,12.134000778198242,0.748291015625,1802,1803,9.079763765912503,1.2093545828835774,13.319229597401746,0.2505933682150832,0.0333771060684293,0.306640625,,
7.67460000000149,1294,,,,-0.0625,-0.013671875,-0.974609375,0.006571751888891566,0.3079352792406003,12.132000923156738,0.7733154296875,1802,1802,9.3818635068601,1.240405671349634,13.22131440563635,0.2482536853492041,0.032822400263597465,0.3046875,,
7.696695000002161,1294,,,,0.0625,0.08203125,-1.03515625,0.006552462451564257,0.31243644458121617,12.132000923156738,0.77880859375,1800,1801,9.448506578337401,1.2359745277437957,13.081162800664345,0.2527855045294112,0.03306728338397302,0.302734375,,
7.721400000000372,1294,,,,-0.25,0.001953125,-0.83203125,0.0066305037388195145,0.30973574537684667,12.128500938415527,0.7861328125,1798,1800,9.534612554125488,1.2496394677598253,13.106347643031647,0.24786008554298988,0.03248540447957988,0.3046875,,
7.7465400000009685,1294,,,,-0.125,-0.013671875,-0.76171875,0.006855241948717763,0.30282284453274033,12.133501052856445,0.760498046875,1797,1798,9.227503852453083,1.290854349240599,13.989204121518,0.23459102470459894,0.03281741729668707,0.310546875,,
7.771620000001043,1294,,,,-0.0625,-0.041015625,-0.96875,0.007069575287109346,0.30012214532837084,12.131499290466309,0.7586669921875,1798,1798,9.203768077422865,1.3310034526359722,14.461505781539257,0.2254856249501059,0.032608616688699486,0.314453125,,
7.796464999999851,1294,,,,-0.037109375,0.01953125,-1.03125,0.007000114784005486,0.29905520243281747,12.132501602172852,0.7415771484375,1799,1798,8.997185941552743,1.3181603273886033,14.65080677393574,0.2268731627094811,0.033238748690482905,0.314453125,,
7.817560000000522,1294,,,,0,0.0546875,-1.126953125,0.0071729998104940644,0.2979993735257594,12.13371467590332,0.7686942219734192,1802,1800,9.327116362440961,1.3517454667399187,14.492640749966574,0.22045524165467442,0.03194978618748263,0.314453125,,
7.842544999999926,1294,,,,-0.048828125,0.0234375,-0.9609375,0.006935420886376032,0.29849950300805006,12.132001876831055,0.8705357313156128,1803,1801,10.56134112616951,1.3078549389442822,12.383417250898209,0.22823594124972515,0.028263408921468367,0.31640625,,
7.864685000000522,1294,,,,0.173828125,-0.0078125,-0.98828125,0.00665874160039564,0.3073128958848608,12.131500244140625,0.83251953125,1801,1801,10.099710896611214,1.255932391176892,12.435330120175012,0.2446890438082326,0.03042789036545338,0.314453125,,
7.886730000000447,1294,,,,-0.09375,0.0859375,-1.0390625,0.0067355167580717586,0.31612628876167165,12.126667976379395,0.78857421875,1799,1801,9.562777725514024,1.270362612728638,13.284451957293117,0.24884728627415872,0.033057998192118285,0.3125,,
7.909125000001863,1294,,,,0,-0.017578125,-0.912109375,0.006693246530907247,0.31637079650856925,12.13371467590332,0.8258928656578064,1800,1801,10.021148384755975,1.2621134421482199,12.59449909022531,0.2506674803891482,0.031570313537101984,0.314453125,,
7.930820000000298,1294,,,,0.099609375,-0.05859375,-0.98046875,0.006753307548479712,0.30342299991148913,12.129999160766602,0.7958984375,1800,1800,9.65424737893045,1.2731117839400312,13.187064034825607,0.2383317818113775,0.0314289646828072,0.3125,,
7.952644999999553,1294,,,,-0.015625,0.029296875,-0.9921875,0.006523067173444261,0.30298955436017055,12.130857467651367,0.8733258843421936,1798,1799,10.594191825765733,1.22908731644641,11.601520310942389,0.24651589053590348,0.028599591110223352,0.30859375,,
7.978745000001043,1294,,,,0.0234375,-0.03515625,-1.01953125,0.006666575925633918,0.30958014953791174,12.129334449768066,0.87890625,1797,1798,10.660547856241465,1.2551846902024213,11.77411055349791,0.24664111341892353,0.029039797364322217,0.30859375,,
8.140560000000521,1294,,,,-0.125,0.02734375,-1.046875,0.006825685248159136,0.30992468318126754,12.132445335388184,0.8843315839767456,1797,1798,10.729104600955111,1.2848711276621796,11.975567164736185,0.24121071484046408,0.02888635116426005,0.310546875,,
8.161525000000372,1294,,,,-0.029296875,0.009765625,-1.001953125,0.006796502977459275,0.30404968993777054,12.130788803100586,0.8640735745429993,1799,1799,10.481894043121315,1.2803803481912654,12.215162096887518,0.23746825727783746,0.029007132555141736,0.3125,,
8.184690000001341,1294,,,,-0.046875,-0.07421875,-0.91015625,0.0071513611655203025,0.30014437330536153,12.13028621673584,0.8663504719734192,1802,1799,10.509079189041756,1.3473765193003335,12.821071142991268,0.22276206316941063,0.02856048259854529,0.3125,,
8.215300000000745,1294,,,,0.015625,0.048828125,-1.11328125,0.007019140263847418,0.3091911599405746,12.129000663757324,0.8660888671875,1801,1800,10.504792444990017,1.3231803854561206,12.595968862642085,0.23367272016656418,0.029433343072669194,0.3125,,
8.386054999999702,1294,,,,0.0078125,0.021484375,-1.00390625,0.006870042292251954,0.31146952758212093,12.13155746459961,0.8637152910232544,1800,1801,10.478211686101986,1.2953802804347838,12.362608422512984,0.24044640194582761,0.02972544713858431,0.310546875,,
8.40856500000134,1294,,,,0.06640625,0.017578125,-1.02734375,0.0068393299576310195,0.30920546920076236,12.12889289855957,0.78857421875,1799,1799,9.564532241784036,1.288787929558529,13.47465717066929,0.2399195880944353,0.03232834198100706,0.3046875,,
8.433535000000148,1294,,,,0.09375,0.072265625,-0.92578125,0.007003785735354518,0.3060347872078959,12.130287170410156,0.8258928656578064,1798,1798,10.018317632422168,1.318895017823884,13.16483531681566,0.23203877721279073,0.03054752289121668,0.306640625,,
8.457394999999552,1294,,,,0.048828125,-0.03515625,-1.0234375,0.0069617491434020495,0.306935020276019,12.130500793457031,0.7318115234375,1798,1799,8.877240265719593,1.3112352053203091,14.770752689704517,0.23408082625499732,0.03457549994014257,0.310546875,,
8.479055000001564,1294,,,,0.125,-0.025390625,-1.07421875,0.006699229101462515,0.31851579628817134,12.13257122039795,0.7087053656578064,1799,1799,8.598418323121507,1.2621588950859246,14.67896591739351,0.25235792223013853,0.03704353339400446,0.310546875,,
8.501099999999628,1294,,,,0,-0.015625,-0.98046875,0.006569942333870061,0.3172154596342157,12.134666442871094,0.8805338740348816,1799,1799,10.68498485306236,1.237605121794487,11.582656773161306,0.2563139518801148,0.029687965307999522,0.310546875,,
8.526585000000894,1294,,,,-0.03125,0.0546875,-1.005859375,0.006518506675588131,0.3023782849929264,12.128571510314941,0.7938057780265808,1797,1798,9.627730144096574,1.227576846139131,12.750428478636191,0.24632126774298532,0.03140701707123931,0.3125,,
8.551224999999627,1294,,,,-0.173828125,0.041015625,-0.978515625,0.00695084067063689,0.30814644502201194,12.128501892089844,0.7733154296875,1798,1798,9.379157652147114,1.3086083763195746,13.952301740231468,0.2354764424545909,0.03285438377842703,0.310546875,,
8.577439999999479,1294,,,,0.0234375,0.111328125,-1.107421875,0.006970650896502048,0.3117584912829999,12.131000518798828,0.791015625,1799,1798,9.59581095725298,1.3125553102615952,13.678419844958514,0.23752026969504683,0.03248901970576627,0.3125,,
8.601699999999255,1294,,,,-0.048828125,-0.046875,-1.046875,0.006925292268944848,0.30510121217428665,12.12933349609375,0.7481553554534912,1800,1799,9.074625813183957,1.3044165468574367,14.374328746011008,0.2338986061694233,0.03362135458313049,0.310546875,,
8.62734500000067,1294,,,,0.07421875,-0.08984375,-0.89453125,0.006883328897597114,0.2991552283292756,12.13257122039795,0.8161272406578064,1800,1800,9.901721872187693,1.297160884719033,13.100356700207309,0.23062307216739197,0.030212445086904877,0.30859375,,
8.650935000000521,1294,,,,0.009765625,-0.025390625,-0.939453125,0.00664241312607263,0.30976908734233266,12.132500648498535,0.765380859375,1800,1801,9.285983772715554,1.2524895930543154,13.487958020499994,0.24732268360564275,0.03335877973990311,0.30859375,,
8.676905000001192,1294,,,,0.109375,-0.013671875,-1.04296875,0.006648619550461447,0.3118029472369813,12.133501052856445,0.751953125,1802,1801,9.123824033886194,1.2536791323873036,13.740720203843217,0.24871032721365816,0.0341745901804917,0.310546875,,
8.699779999999329,1294,,,,0.111328125,-0.046875,-0.9296875,0.006772000181984871,0.30138914001684053,12.132500648498535,0.7806396484375,1800,1800,9.471111040911637,1.2766444977213005,13.479353079133762,0.23607914384528655,0.03182194134510226,0.310546875,,
8.728680000001564,1294,,,,-0.037109375,-0.015625,-0.97265625,0.006570392277280813,0.3041120671982007,12.134286880493164,0.7547432780265808,1799,1799,9.158271456698344,1.237942448000333,13.517206318392144,0.24565929352324697,0.033206273545841845,0.30859375,,
8.751195000000298,1294,,,,0.0625,0.087890625,-1.015625,0.006684095492389615,0.31671533015192505,12.129779815673828,0.76171875,1798,1798,9.239480718970299,1.2584301015404689,13.620138834823129,0.251674947829226,0.03427847730680925,0.30859375,,
8.775384999999776,1294,,,,0.15625,-0.068359375,-1.044921875,0.0069166267653922985,0.31639302448556,12.133142471313477,0.7275390625,1795,1798,8.82733509875834,1.3022279416239075,14.752220540569258,0.24296285955207714,0.03584241687279597,0.306640625,,
8.799580000000075,1294,,,,-0.048828125,0.1796875,-0.955078125,0.006864763701480342,0.29895517653635933,12.130499839782715,0.86669921875,1801,1798,10.51349473418668,1.2926521903172463,12.295171329795178,0.23127271107859954,0.028435376066176004,0.306640625,,
8.825335000000894,1294,,,,-0.01171875,0.037109375,-1.04296875,0.0067124986592623,0.2967879487797665,12.13550090789795,0.819091796875,1800,1799,9.940089244628325,1.2643414766243029,12.719618964261908,0.23473717683625164,0.02985767446103688,0.306640625,,
8.847265000000595,1294,,,,0.048828125,-0.064453125,-0.92578125,0.006598208421709842,0.30521235205924013,12.12800121307373,0.7757568359375,1798,1799,9.408379847300239,1.2429823731795384,13.211439093163483,0.2455484153636946,0.03244047934000259,0.3046875,,
8.871195000000299,1294,,,,-0.048828125,-0.033203125,-1.041015625,0.00688604714268077,0.30780191137865615,12.130858421325684,0.8098493218421936,1802,1800,9.824167465874268,1.2976720686275314,13.20897748470994,0.23719545085392754,0.03133109369805153,0.302734375,,
8.89882000000216,1294,,,,-0.046875,-0.02734375,-0.927734375,0.006902176496084423,0.31886032993152713,12.134500503540039,0.8209228515625,1800,1800,9.961488755652681,1.301212247032416,13.062427504061965,0.24504866954544094,0.0320093048090416,0.30078125,,
8.925455000001937,1294,,,,0.041015625,-0.005859375,-0.896484375,0.006738350423421651,0.3106026364794838,12.127501487731934,0.814208984375,1802,1801,9.87432066933252,1.271162496548595,12.873417211338372,0.24434534319791412,0.03145559546634409,0.298828125,,
8.950064999999478,1294,,,,0.0859375,-0.0234375,-0.90234375,0.006752699565939283,0.3036119377159101,12.133501052856445,0.8465576171875,1801,1801,10.271707739448175,1.2737983583590837,12.401037789140949,0.23835164782833068,0.02955807791823144,0.294921875,,
8.973135000001639,1294,,,,0.0234375,-0.087890625,-0.9609375,0.006956945927625277,0.31122501983522327,12.133000373840332,0.845947265625,1801,1802,10.263878490077332,1.3124850133710857,12.78741768659809,0.23712653223814675,0.030322360123037503,0.294921875,,
8.99631500000134,1294,,,,0.037109375,0.015625,-1.046875,0.006830464599119056,0.31250312851218826,12.129000663757324,0.8453369140625,1803,1802,10.25309199176263,1.2887062917038619,12.568952787502665,0.24249367798073876,0.030478915898077802,0.29296875,,
9.02141500000097,1294,,,,-0.0234375,0.091796875,-1.12109375,0.006441401326520831,0.3109582841113349,12.130858421325684,0.8635602593421936,1798,1801,10.47572724436344,1.2149524835392391,11.597786532605221,0.25594275358447954,0.02968369420639973,0.29296875,,
9.046560000002383,1294,,,,-0.099609375,-0.013671875,-0.8671875,0.006563957807039093,0.3000554613973987,12.128500938415527,0.882568359375,1799,1800,10.70423117489554,1.237038964213237,11.556541931889926,0.24255942624106067,0.028031481803299795,0.296875,,
9.075595000000671,1294,,,,-0.162109375,0.0234375,-0.912109375,0.006992042072599894,0.30486781841588434,12.132000923156738,0.83984375,1800,1799,10.188985150307417,1.3175762658231953,12.931378801582042,0.23138532950531637,0.029921313449621234,0.298828125,,
9.101300000000744,1294,,,,-0.041015625,-0.015625,-0.97265625,0.0066238258519872575,0.3128587761440394,12.129779815673828,0.8566623330116272,1800,1800,10.391125475812487,1.2483107245116514,12.013238868276156,0.2506257216258653,0.030108266604256053,0.30078125,,
9.127259999999776,1294,,,,0.037109375,-0.0234375,-0.865234375,0.006459439446070721,0.30384533147431236,12.130999565124512,0.8441162109375,1799,1799,10.239973387797363,1.2172110103778884,11.886857165355512,0.2496242055680899,0.02967247276603226,0.30078125,,
9.15059500000067,1294,,,,0.048828125,-0.015625,-1.0234375,0.006672135771210768,0.30268947667079615,12.130000114440918,0.8404541015625,1797,1798,10.194708348135464,1.2561482896326932,12.321571610848812,0.24096635657507026,0.029690842183450576,0.298828125,,
9.17497500000149,1294,,,,0.078125,-0.140625,-0.984375,0.006492433852274803,0.30016660128235223,12.130001068115234,0.8782958984375,1796,1797,10.653730186168104,1.2218469015272257,11.46872391337231,0.24566629494019615,0.028174789114902024,0.296875,,
9.200010000001638,1294,,,,0.0859375,-0.078125,-0.974609375,0.006885777595836254,0.29971092775404296,12.128999710083008,0.82763671875,1797,1797,10.038405521772802,1.295622700479077,12.906658310116443,0.23132577689725575,0.029856427607351077,0.296875,,
9.221755000000819,1294,,,,0.01171875,0.005859375,-1.009765625,0.007011480326614302,0.30350079783095657,12.128570556640625,0.8963448405265808,1800,1797,10.871381641407424,1.319630001431987,12.138567524901516,0.22998931329358593,0.027917408094199233,0.296875,,
9.249080000000074,1294,,,,0,-0.01171875,-0.94140625,0.007321042371349956,0.31004693705471637,12.130858421325684,0.7958984375,1802,1799,9.654931263066828,1.379543848844956,14.288489594142927,0.22474598202464374,0.032112806254845555,0.296875,,
9.27150500000082,1294,,,,0.009765625,0.126953125,-1.052734375,0.00639553239047417,0.3086132325388165,12.125777244567871,0.791015625,1800,1800,9.591679265722632,1.205676576762085,12.570025991911123,0.2559668475667127,0.032175099269811304,0.296875,,
9.296570000002161,1294,,,,-0.21875,0.123046875,-0.853515625,0.006471164384472225,0.3042676630371356,12.129143714904785,0.7854352593421936,1800,1800,9.526657139314977,1.2200683381824176,12.806888296078089,0.2493857544819291,0.031938555002832214,0.30078125,,
9.321445000000297,1294,,,,-0.0234375,-0.017578125,-0.8515625,0.006800079305761427,0.30665717056363534,12.131001472473145,0.80078125,1803,1800,9.714278522878885,1.2819419651825716,13.196471175531627,0.23921299005135682,0.03156767328025464,0.3046875,,
9.346615000002085,1294,,,,0.0625,-0.0625,-1.05078125,0.007004889214582689,0.32498413759246375,12.132500648498535,0.7550048828125,1803,1802,9.160097230342217,1.3221961796175588,14.43430289405522,0.24579116367320353,0.03547824105141322,0.306640625,,
9.367305000001565,1294,,,,-0.01171875,0.080078125,-1.05859375,0.006906582308426359,0.3235948890305453,12.131500244140625,0.7550048828125,1805,1804,9.159341920167208,1.3045654569244947,14.243004227760931,0.24804802803334863,0.03532949111966747,0.306640625,,
9.388419999999925,1294,,,,-0.015625,0.076171875,-1.033203125,0.006572700682605544,0.3010779483389707,12.132667541503906,0.8113606572151184,1804,1805,9.843969110247144,1.2420571600332069,12.617442681126247,0.24240265104298525,0.030585015552879142,0.302734375,,
9.413745000001043,1294,,,,0.046875,0.03125,-0.931640625,0.006467697584465774,0.3115917814555697,12.13371467590332,0.8293805718421936,1802,1803,10.063467216470713,1.2214640512562276,12.137606502628412,0.2550969724693165,0.03096266671844397,0.30078125,,
9.436200000001117,1294,,,,-0.111328125,0.078125,-1.150390625,0.006523002895814154,0.3158706670262786,12.12900161743164,0.7562255859375,1801,1803,9.172261354979128,1.2314551828350653,13.425862338370617,0.2565019591692154,0.03443759993328247,0.302734375,,
9.605460000000894,1294,,,,0.162109375,-0.1015625,-1.013671875,0.006767753806112399,0.31581509708380184,12.131429672241211,0.83984375,1801,1802,10.18850538879633,1.2770558747448062,12.534280799901287,0.247299357318184,0.03099719586261241,0.302734375,,
9.638965000001713,1294,,,,-0.05078125,0.025390625,-0.984375,0.006701239926468297,0.3084798646768724,12.131298065185547,0.8172286152839661,1801,1801,9.914043919408641,1.2637113344878663,12.746678799898287,0.24410627352795522,0.031115442617009586,0.3046875,,
9.661695000000298,1294,,,,0.080078125,-0.056640625,-1.00390625,0.0068061280755073415,0.2963100472744666,12.1308012008667,0.80419921875,1800,1800,9.755580848548561,1.2831060236732093,13.15253334058638,0.23093184959587795,0.03037338851213064,0.310546875,,
9.684785000000149,1294,,,,-0.140625,-0.048828125,-0.966796875,0.006915438787717325,0.2975214720204595,12.128002166748047,0.855712890625,1801,1801,10.378087791614234,1.3040572211995942,12.565486507575185,0.22815062650914297,0.028668236190954616,0.30859375,,
9.708660000002011,1294,,,,-0.0859375,0.0625,-0.994140625,0.006034904004361748,0.3015891918097568,12.131429672241211,0.8426339030265808,1799,1800,10.222353934013086,1.1377261971706147,11.129786784089237,0.26508064291722566,0.029502910362580164,0.306640625,,
9.730555000001564,1294,,,,0,0.109375,-0.865234375,0.006445526553033949,0.3064460047822237,12.128571510314941,0.8914620280265808,1796,1799,10.812160955650768,1.214520111273588,11.232908169377948,0.2523185922881704,0.02834271576599733,0.3046875,,
9.754895000001415,1294,,,,-0.28125,-0.048828125,-0.818359375,0.006730916715499716,0.30594587529993306,12.130500793457031,0.870361328125,1797,1798,10.557918781414628,1.2670156364231568,12.000619275964848,0.24146969185292158,0.028977858386114632,0.3046875,,
9.777810000000521,1294,,,,-0.037109375,-0.05859375,-0.837890625,0.007054381592425694,0.30594587529993306,12.126858711242676,0.8126395344734192,1798,1797,9.854764817729176,1.3275551461667148,13.47120069043537,0.2304581291280779,0.031045477082266064,0.306640625,,
9.799794999999925,1294,,,,-0.0625,-0.03515625,-0.880859375,0.00689249083536507,0.3044899428070425,12.130857467651367,0.8419364094734192,1798,1797,10.213410580148206,1.297344568044365,12.702363797711334,0.23470244552380934,0.029812758472559524,0.306640625,,
9.825530000001192,1294,,,,0,0.09375,-1.037109375,0.006858711543403785,0.3078574813211329,12.128000259399414,0.8517020344734192,1799,1798,10.329442495024637,1.2914705138185696,12.502809463730785,0.2383774759292583,0.029803881619885876,0.306640625,,
9.849990000002085,1294,,,,-0.0234375,0.0234375,-1.107421875,0.006787072587575193,0.31211413891485107,12.129501342773438,0.8380126953125,1799,1799,10.164676113054156,1.2784020819187187,12.576909167591769,0.24414395386966792,0.03070576331635528,0.306640625,,
9.872480000000447,1294,,,,-0.07421875,0.05078125,-0.947265625,0.00686503031391131,0.29905520243281747,12.129500389099121,0.802001953125,1800,1799,9.727883002487943,1.2934207259767132,13.296014411829542,0.23121262588937488,0.030742064060220807,0.306640625,,
9.89625,1294,,,,-0.111328125,-0.01953125,-1.037109375,0.006882117683471522,0.3029784403716752,12.128000259399414,0.8900669813156128,1798,1799,10.794732580278605,1.2968003926016962,12.013270203384941,0.233635370640062,0.028067248365670542,0.306640625,,
9.923320000000299,1294,,,,0.03125,-0.015625,-0.896484375,0.0067032092841059565,0.3078574813211329,12.127001762390137,0.83251953125,1797,1799,10.09596582269296,1.2626762409727446,12.506740446115566,0.24381347437405226,0.030493118412619202,0.306640625,,
9.950060000000521,1294,,,,-0.134765625,0.05078125,-0.966796875,0.00691963024813625,0.30569025356454005,12.130000114440918,0.8203125,1802,1799,9.950390718877316,1.3035206183186885,13.100195310378348,0.234511253039347,0.030721432172970038,0.310546875,,
9.976765000000595,1294,,,,0,0.01953125,-0.994140625,0.006871796018090692,0.3032340621070682,12.131111145019531,0.8268229365348816,1800,1800,10.030280940356079,1.295289534930375,12.913791175268832,0.2341052358794575,0.030231861291843666,0.3125,,
9.999804999999702,1294,,,,0,0.01953125,-1.001953125,0.006959683206223477,0.3133811336033207,12.130001068115234,0.8013916015625,1802,1801,9.720880982931703,1.312692049513093,13.503838302495094,0.2387316459481573,0.032237935445724245,0.310546875,,
10.02522000000067,1294,,,,-0.109375,0.095703125,-0.978515625,0.006810662338090672,0.31643748043954134,12.128000259399414,0.8112444281578064,1802,1802,9.838772635134205,1.2852380951645033,13.062992131507592,0.24620922895927633,0.03216229220599577,0.310546875,,
10.050150000000373,1294,,,,-0.125,0.099609375,-1.056640625,0.006756640762802724,0.3104692686175396,12.131556510925293,0.7839626669883728,1802,1802,9.510687397025151,1.275210451097586,13.408183844802418,0.2434651224433706,0.03264425121518044,0.310546875,,
10.077095000000671,1294,,,,0.08203125,0.095703125,-1.04296875,0.006827514255897123,0.30750183368928174,12.130287170410156,0.8147321343421936,1801,1802,9.882934756531995,1.288183032182212,13.03441805411904,0.23870973767475145,0.031114425144418003,0.310546875,,
10.100880000000819,1294,,,,0.01171875,0.125,-1.103515625,0.006846253100738975,0.30445660084155646,12.132445335388184,0.8192274570465088,1801,1801,9.939232339865839,1.291287975659256,12.991828055774032,0.2357774614033084,0.030631802379786813,0.310546875,,
10.126040000000968,1294,,,,0.2109375,-0.046875,-1.1171875,0.006809167743456693,0.30697947623000044,12.126858711242676,0.7784598469734192,1800,1801,9.440272576622249,1.2839321959665055,13.600583940192745,0.23909321473079467,0.03251807336476702,0.314453125,,
10.149935000000522,1294,,,,0.125,-0.056640625,-1.0859375,0.00674734314334165,0.31607071881919485,12.12900161743164,0.77392578125,1799,1800,9.386947052553296,1.2719604564521456,13.550310333391794,0.2484909945241574,0.033671300908554934,0.314453125,,
10.172285000002011,1294,,,,0.078125,-0.029296875,-0.978515625,0.006620429897107903,0.31092494214584887,12.130001068115234,0.7659912109375,1799,1800,9.291474206838757,1.247771049574864,13.42920425540732,0.24918428925866337,0.033463467176930904,0.31640625,,
10.196790000000968,1294,,,,0.0625,0.015625,-0.90625,0.006474683025784697,0.300733414695615,12.130857467651367,0.7854352593421936,1798,1799,9.528003181147938,1.2201002919971031,12.805414406359434,0.24648253645064205,0.031563110231810666,0.31640625,,
10.221915000000969,1294,,,,0.037109375,-0.068359375,-0.9375,0.006585320896607263,0.3018781555106358,12.134858131408691,0.7840401530265808,1797,1798,9.514216026305519,1.239866796048956,13.031728443214789,0.24347628025254106,0.03172916766615174,0.314453125,,
10.248910000002011,1294,,,,-0.01171875,0.02734375,-1.08203125,0.006885689563429802,0.3000888033628848,12.133999824523926,0.869140625,1796,1797,10.546152191236615,1.2960322135186537,12.289147643778543,0.23154424730552084,0.02845481441205118,0.314453125,,
10.272925000000745,1294,,,,0.05078125,0.0390625,-1.041015625,0.006967267238212803,0.2982994512151338,12.130666732788086,0.8463541865348816,1800,1798,10.26684057475461,1.311630532289905,12.77540566389144,0.2274264313551385,0.029054649192530535,0.3125,,
10.29625500000082,1294,,,,0.03125,0.064453125,-1.013671875,0.0069402305299158164,0.29891072058237794,12.13000202178955,0.7574462890625,1798,1798,9.187825017725118,1.3070504043136066,14.22589570210632,0.2286910432802704,0.03253334929711009,0.30859375,,
10.32135000000149,1294,,,,0.01171875,0.0625,-1.046875,0.006938030977360333,0.29932193815670577,12.128572463989258,0.8077567219734192,1799,1799,9.796935935729039,1.3071138110455587,13.342067556842608,0.22899454938608485,0.03055260748057875,0.3046875,,
10.347055000001564,1294,,,,0.048828125,-0.0859375,-0.927734375,0.006748680397515841,0.3135367294422556,12.131999969482422,0.8392333984375,1799,1799,10.18157956423238,1.2716624272800838,12.48983440396027,0.2465565724961056,0.03079450761684384,0.30078125,,
10.372369999999181,1294,,,,0,0.0390625,-1.048828125,0.006547060615423612,0.31261426839714174,12.131501197814941,0.775146484375,1801,1800,9.403690503677353,1.2337845928665976,13.120216923176287,0.2533783208224444,0.03324378532820626,0.298828125,,
10.399180000001564,1294,,,,0.0625,-0.12890625,-1.0078125,0.006845549580767442,0.3133366776493393,12.126501083374023,0.8056640625,1800,1800,9.769886126741767,1.2900868202887688,13.204727297256735,0.2428803028769824,0.03207168165365673,0.298828125,,
10.430495000001043,1294,,,,-0.048828125,0.134765625,-0.984375,0.006806609354044437,0.3191492936324062,12.131111145019531,0.8463541865348816,1801,1800,10.267216704907241,1.2827568422157245,12.493715474054694,0.2487995254666777,0.031084304812604956,0.30078125,,
10.453610000001266,1294,,,,0.080078125,0.01171875,-1.041015625,0.006754544723431834,0.31108053798478374,12.131200790405273,0.85791015625,1799,1800,10.407480365596712,1.2729466511827607,12.231074251080527,0.2443782995114074,0.029890091266768195,0.298828125,,
10.478540000000969,1294,,,,0.09375,-0.052734375,-0.876953125,0.0067662889748158405,0.3087910563547421,12.12800121307373,0.8282470703125,1799,1800,10.044981473474763,1.2751603223278223,12.694501485095506,0.24215861405649752,0.030740828857688772,0.296875,,
10.500259999999777,1294,,,,0.111328125,0.033203125,-1.0390625,0.006892958245523135,0.30186704152214044,12.13257122039795,0.7979910969734192,1799,1800,9.681683817273495,1.2991044531708407,13.418166485183644,0.23236548899924597,0.031179188168029913,0.294921875,,
10.525224999999628,1294,,,,-0.037109375,-0.01171875,-1.04296875,0.006978504644763338,0.3114584135936256,12.126856803894043,0.8091517686843872,1801,1800,9.81246763145316,1.3153627304572202,13.405014720669442,0.2367851896528668,0.03174108952933185,0.29296875,,
10.552620000001044,1294,,,,-0.07421875,0.005859375,-0.958984375,0.006957652562354522,0.3084465227113863,12.131001472473145,0.8447265625,1803,1801,10.247379173524678,1.312083376141963,12.804087307824878,0.23508149582562304,0.03010003997005347,0.29296875,,
10.577170000001788,1294,,,,-0.037109375,-0.052734375,-0.84765625,0.0068001931889539,0.31172514931751394,12.12800121307373,0.7861328125,1802,1802,9.534219703637064,1.282891508511502,13.455652883917823,0.24298636887790975,0.03269540235144767,0.29296875,,
10.600870000001043,1294,,,,-0.0625,0.01171875,-0.880859375,0.006786475644019062,0.307957507217591,12.132500648498535,0.79833984375,1800,1802,9.685858672019094,1.2804851460662727,13.220151041077965,0.24050064787057857,0.03179454890326154,0.29296875,,
10.625824999999255,1294,,,,0.01171875,-0.068359375,-0.884765625,0.006759892791684228,0.3049678443123425,12.134285926818848,0.8384486436843872,1801,1801,10.17397557741981,1.2752286988799464,12.534222135447203,0.23914756982822027,0.029975287633792844,0.296875,,
10.650835000000894,1294,,,,0.0234375,-0.041015625,-0.9140625,0.006841907833819916,0.31004693705471637,12.129500389099121,0.7733154296875,1801,1801,9.379929805290885,1.2902096611683578,13.755003373698985,0.2403074061419997,0.03305429182208058,0.29296875,,
10.676525000000373,1294,,,,-0.099609375,-0.00390625,-1,0.00690878381725754,0.30363416569290075,12.126501083374023,0.8050537109375,1802,1801,9.762484697857872,1.3030353416434726,13.347373972625947,0.2330206679658724,0.031102139986915987,0.29296875,,
10.703045000001788,1294,,,,-0.048828125,-0.0078125,-1.03515625,0.006732630692479932,0.2993108241682105,12.130500793457031,0.806884765625,1801,1802,9.787916289642453,1.2701449823191961,12.976663722219001,0.23565091256093437,0.030579626481372787,0.294921875,,
10.729900000000372,1294,,,,0.09375,0.1171875,-0.982421875,0.006717777948703804,0.3053234919441936,12.129000663757324,0.85693359375,1803,1802,10.3937481273897,1.267565643798618,12.195462390110432,0.24087390932212838,0.029375687018968873,0.294921875,,
10.75303500000015,1294,,,,0.037109375,0.068359375,-1.1640625,0.0066877312307760655,0.3052456940247262,12.130667686462402,0.7834201455116272,1799,1801,9.50340944408157,1.2614983062069147,13.274165588988035,0.2419707521784487,0.032119598321087156,0.294921875,,
10.912875,1294,,,,-0.01171875,0.044921875,-0.87890625,0.0067175511604567065,0.3187047340925923,12.131429672241211,0.7986885905265808,1801,1801,9.689234465994673,1.266840291797304,13.074720157133212,0.2515745166586361,0.03289266403977715,0.296875,,
10.934064999999478,1294,,,,0.013671875,-0.029296875,-0.96875,0.00682406064022821,0.30975880690297447,12.132072448730469,0.8157009482383728,1801,1801,9.89614300052608,1.2869223156992495,13.004281725019903,0.24069736232265657,0.031300963101130175,0.30078125,,
10.959400000000372,1294,,,,0.046875,0.08203125,-1.06640625,0.006587697212645542,0.30296732638317986,12.12933349609375,0.7194010615348816,1798,1799,8.72585539280044,1.2413400513664037,14.225998432091973,0.24406473153725194,0.03472064488177895,0.296875,,
10.982335000000894,1294,,,,0.0234375,0.01953125,-1.126953125,0.006963497494940973,0.3003110831327918,12.131999969482422,0.8648681640625,1800,1799,10.492580540012568,1.312035711174115,12.504414011126986,0.2288894125176283,0.02862127976884055,0.294921875,,
11.008255000000819,1294,,,,-0.2109375,0.0234375,-0.896484375,0.00732247813797899,0.3114584135936256,12.130500793457031,0.8441162109375,1803,1801,10.239552366547287,1.380638212353101,13.483384457934497,0.22559017330310532,0.030417190365778404,0.296875,,
11.03147000000067,1294,,,,-0.048828125,0.14453125,-1.130859375,0.006953644572649364,0.3127698642360766,12.131000518798828,0.81298828125,1804,1802,9.862361261621118,1.3119115994847628,13.302205878322473,0.23840772835525895,0.031713486855648336,0.30078125,,
11.053185000002385,1294,,,,0.0625,-0.126953125,-1.083984375,0.006804021760230672,0.30599033125391445,12.130001068115234,0.8355712890625,1588,1802,10.135480628814548,1.2841064282067178,12.669418207520245,0.23829047540960954,0.030190016878331626,0.298828125,,
11.080375,1294,,,,-0.0234375,-0.03515625,-0.884765625,0.006750889871183798,0.2999220935354546,12.130667686462402,0.9025065302848816,1763,1801,10.948006803748115,1.2735019309486941,11.632272008752343,0.23550972813368873,0.027395132183583817,0.30078125,,
11.103395000001415,1294,,,,0.09375,-0.0546875,-0.94921875,0.00667535569097069,0.30193372545311253,12.129779815673828,0.8631727695465088,1795,1801,10.470095637484519,1.2588251829750017,12.023053337432927,0.2398535789850881,0.028837723733118957,0.30078125,,
11.128054999999701,1294,,,,-0.125,0.095703125,-0.876953125,0.006887357288463135,0.3039453573707705,12.129501342773438,0.8343505859375,1799,1800,10.12025655247271,1.2984413356649394,12.830122723990506,0.23408478228638518,0.03003336484552921,0.30078125,,
11.151460000000894,1294,,,,0.0234375,0.029296875,-0.99609375,0.006929872609025924,0.31489263603868806,12.13028621673584,0.8712332844734192,1800,1800,10.568309102209412,1.306264267889691,12.360201194499536,0.2410634997674755,0.02979593357776189,0.302734375,,
11.175740000002087,1294,,,,-0.07421875,0.0546875,-1.015625,0.00700935287679172,0.3138145791546393,12.128571510314941,0.8021763563156128,1802,1801,9.729253301457788,1.3217286039484597,13.58509808507522,0.23742739486545636,0.032254744473311094,0.302734375,,
11.200155000001192,1294,,,,0.111328125,0.154296875,-1.083984375,0.007002612808339032,0.3081575590105073,12.129501342773438,0.7470703125,1801,1801,9.061590358614922,1.3208289656861263,14.5761275164067,0.23330617893470387,0.03400700614517843,0.302734375,,
11.22263500000164,1294,,,,-0.0625,0.01953125,-0.908203125,0.006530193746081463,0.3101247349741838,12.130000114440918,0.7330322265625,1800,1802,8.891680992092006,1.2320096715654443,13.855756551108353,0.251722646446538,0.034878077075639516,0.30078125,,
11.250015000000596,1294,,,,0.0625,0.01171875,-1.0625,0.006267606352364296,0.3045121707840332,12.129714965820312,0.8251953125,1796,1799,10.00938393175602,1.1809068517040329,11.797997356834905,0.2578629892312219,0.030422668653755036,0.30078125,,
11.271660000002012,1294,,,,0,-0.103515625,-0.89453125,0.006627241818519007,0.31156955347857906,12.128000259399414,0.836181640625,1796,1798,10.141211154405028,1.2475507514844115,12.301792483065636,0.2497449928252255,0.030723110754206407,0.298828125,,
11.296280000001191,1294,,,,0.03125,0.111328125,-0.9765625,0.007124466007743533,0.3120252270068883,12.129714965820312,0.7965959906578064,1799,1797,9.662482309594452,1.3406420789783622,13.874717034639836,0.23274312502906627,0.032292450015360956,0.298828125,,
11.321384999999777,1294,,,,0.01171875,-0.03125,-0.90234375,0.006922231815347861,0.3061903830468307,12.128000259399414,0.814208984375,1800,1798,9.874726773705333,1.3034997795611212,13.200363001760337,0.23489868417923537,0.031007478998017653,0.298828125,,
11.347325000001117,1294,,,,-0.037109375,0.001953125,-0.8828125,0.006805061939966588,0.30489004639287504,12.128999710083008,0.8013916015625,1799,1799,9.72007850301452,1.2820909447685194,13.190129527975522,0.237806879174178,0.03136703538951033,0.298828125,,
11.371574999999256,1294,,,,0,-0.01953125,-0.9765625,0.006813898577032607,0.3076574295282166,12.130001068115234,0.797119140625,1800,1800,9.669056027196348,1.2840361624450545,13.279850264942308,0.23960184185340783,0.03181876583017643,0.298828125,,
11.39638000000082,1294,,,,0.046875,0.0078125,-1.078125,0.006781575173393259,0.3076574295282166,12.132999420166016,0.751953125,1800,1800,9.123446829617023,1.278088256694574,14.00883109819389,0.2407168893984587,0.03372162246065627,0.30078125,,
11.425030000001192,1294,,,,0,0.091796875,-1.029296875,0.006769812786285517,0.30651268871319576,12.129000663757324,0.810546875,1799,1799,9.831123584881425,1.2757058364873968,12.976195706147085,0.24026909648478662,0.031177788181257278,0.298828125,,
11.446655000001192,1294,,,,0.072265625,-0.03125,-0.9609375,0.006649371359875937,0.30726475842219036,12.131999969482422,0.7671440839767456,1799,1799,9.306992003394498,1.2524287852053724,13.456858937329908,0.2453351137021378,0.033014400174634626,0.298828125,,
11.472714999999852,1294,,,,-0.015625,-0.095703125,-0.884765625,0.007441237627099619,0.3126364963741324,12.126856803894043,0.7868303656578064,1799,1799,9.541779173287807,1.4019820986221623,14.693088921477123,0.2229960686954454,0.03276501066482,0.3046875,,
11.496695000000297,1294,,,,0.0625,-0.03515625,-0.927734375,0.007236379510055776,0.31343670354579745,12.133001327514648,0.7537841796875,1802,1800,9.145664452807978,1.3641716640613968,14.916047610324885,0.22976338814474212,0.034271616366765296,0.30078125,,
11.521759999999777,1294,,,,0.03125,-0.11328125,-0.8828125,0.006611231069569625,0.31936045941381785,12.129714012145996,0.7903180718421936,1803,1802,9.586332190076462,1.2474923768225021,13.013239600792009,0.2560019326348618,0.03331414487643272,0.298828125,,
11.546970000000671,1294,,,,0.0234375,0.046875,-0.92578125,0.006554959078558019,0.31934934542532245,12.131556510925293,0.8024088740348816,1801,1802,9.734468600222101,1.2367041512084103,12.704382766001151,0.2582261449622202,0.03280603785788946,0.298828125,,
11.583665000000968,1294,,,,-0.1484375,0.02734375,-0.947265625,0.006699705454595203,0.30777968340166545,12.131429672241211,0.7359095811843872,1800,1801,8.927635329266877,1.2636779102305473,14.154676615070908,0.24355864806207908,0.03447493900122596,0.298828125,,
11.608295000001789,1294,,,,0.080078125,-0.048828125,-1.060546875,0.00692878684631955,0.30819833345579956,12.133231163024902,0.833082914352417,1802,1801,10.107987577804352,1.3069685908618576,12.930057351195876,0.23581158385188397,0.03049057303281195,0.298828125,,
11.630205000000075,1294,,,,0.037109375,-0.0703125,-0.96875,0.007402575750461774,0.3156706152333624,12.133143424987793,0.7854352593421936,1805,1802,9.529798652641318,1.397282214538257,14.662242776251947,0.2259175791038593,0.03312458392243888,0.298828125,,
11.653089999999851,1294,,,,-0.03125,-0.048828125,-1.05859375,0.006408487546822341,0.31590400899176463,12.131501197814941,0.82275390625,1801,1803,9.981239999178797,1.210282108545861,12.125568653247859,0.2610168379431134,0.031649775881328925,0.298828125,,
11.67722000000067,1294,,,,-0.07421875,0.03125,-1.0234375,0.006448487795506206,0.30741292178131896,12.132573127746582,0.8649553656578064,1801,1802,10.49413422608012,1.216782636251463,11.594883484790042,0.2526440734956283,0.029293785953045413,0.298828125,,
11.700605000000447,1294,,,,0.109375,0.12109375,-1.025390625,0.006799017606992824,0.30637932085125164,12.128999710083008,0.845947265625,1800,1801,10.260494139511138,1.2822860492997261,12.497312818121454,0.238932117384081,0.029860094132449756,0.298828125,,
11.725300000000745,1294,,,,0.0234375,0.09765625,-0.962890625,0.006635800075806396,0.3093245278025188,12.130287170410156,0.8963448405265808,1800,1800,10.87292031930292,1.2507291581006947,11.50315758205502,0.2473153566454357,0.028449075199545842,0.30078125,,
11.752265000000596,1294,,,,-0.01171875,0.0703125,-1.03125,0.006757108452428745,0.3094690096529583,12.128500938415527,0.8282470703125,1799,1800,10.045395369525068,1.273513697787692,12.67758660501485,0.24300406834300892,0.030807051217894427,0.298828125,,
11.776955000000074,1294,,,,-0.01953125,-0.09765625,-0.861328125,0.006706208813688321,0.307701885482198,12.128500938415527,0.86669921875,1799,1800,10.51176228793338,1.263956694890424,12.024213069785073,0.24344337644326774,0.029272150287817482,0.30078125,,
11.800120000001042,1294,,,,-0.0859375,-0.03125,-1.0234375,0.006733276263460576,0.3094245536989769,12.132000923156738,0.8282470703125,1800,1800,10.048294221633114,1.269014666231231,12.629155140572532,0.24383055762303993,0.030793739402336814,0.30078125,,
11.822050000000745,1294,,,,-0.078125,-0.01171875,-0.806640625,0.006620465529272418,0.30605701518488654,12.122858047485352,0.9026227593421936,1801,1800,10.942367581934946,1.247630318095175,11.401831539226686,0.24531065873115396,0.02796990805629345,0.30078125,,
11.846449999999255,1294,,,,0.015625,-0.060546875,-0.865234375,0.006553797749462751,0.30605701518488654,12.132001876831055,0.8551897406578064,1800,1800,10.37516353870717,1.2353608726928897,11.906905063077451,0.24774705266302555,0.029499006357158946,0.302734375,,
11.87166000000015,1294,,,,-0.01171875,0.06640625,-0.990234375,0.007852545431202356,0.3064904607362051,12.127001762390137,0.821533203125,1805,1801,9.96273460215889,1.4812085597043492,14.867489889606981,0.20691918010342913,0.030763688181534986,0.302734375,,
11.897305000001564,1294,,,,0.037109375,0.005859375,-1.0078125,0.006873330232765932,0.3083020408609468,12.129500389099121,0.8538818359375,1803,1803,10.357160061248578,1.2977263468541578,12.529750811804236,0.23757091902180102,0.0297670441547449,0.30078125,,
11.924385000001639,1294,,,,-0.099609375,-0.048828125,-0.974609375,0.0066165536765444635,0.3126476103626277,12.129501342773438,0.86181640625,1805,1804,10.453403256833553,1.2498213128237325,11.956118807592205,0.2501538477178471,0.029908691234909083,0.30078125,,
11.949575000001117,1294,,,,-0.05078125,-0.029296875,-1.029296875,0.006596619786108337,0.31699317986430875,12.12550163269043,0.7659912109375,1800,1803,9.288027678849176,1.245242675790014,13.406965599657909,0.2545633763018924,0.034129224290122426,0.3046875,,
11.971580000000074,1294,,,,-0.048828125,0.02734375,-0.962890625,0.006626266445655645,0.3112805897777,12.12800121307373,0.860595703125,1801,1802,10.43730573146604,1.2500859340910322,11.977094149137693,0.24900735324571083,0.029823845136514655,0.30859375,,
11.996620000001043,1294,,,,0.13671875,0.07421875,-1.046875,0.006814925621774543,0.3090911340441165,12.130857467651367,0.8175223469734192,1800,1801,9.917247067754374,1.2852881096036366,12.960129971781297,0.24048392864961265,0.0311670297142356,0.30859375,,
12.161085000000893,1294,,,,-0.0625,0.099609375,-1.02734375,0.006865124494612815,0.31144729960513023,12.128500938415527,0.7904052734375,1801,1801,9.5864311006153,1.2945030822124521,13.503493308676315,0.24059216535261668,0.03248834694959005,0.306640625,,
12.184210000000894,1294,,,,-0.017578125,0.0390625,-0.93359375,0.006825830891138246,0.3134315633261183,12.130908966064453,0.7966974377632141,1802,1802,9.66466409100235,1.2882537023040244,13.329523821768085,0.24329956340552347,0.032430673262397,0.30859375,,
12.207255000000819,1294,,,,0,-0.09375,-0.912109375,0.006373456582290331,0.3138923770741067,12.131429672241211,0.7163783311843872,1797,1798,8.690693343480916,1.2003535109924914,13.811941850334685,0.2614999449741854,0.036118220338491686,0.3203125,,
12.237965000001713,1294,,,,-0.0234375,0.08984375,-1.09765625,0.006696439033113914,0.3153260815900066,12.129501342773438,0.831298828125,1795,1796,10.083240251988173,1.2597580604444913,12.49358369891164,0.2503068577142085,0.031272296772640304,0.322265625,,
12.398025000000372,1294,,,,0.03125,-0.029296875,-1.0625,0.006944853330349599,0.3184676588255009,12.135600090026855,0.80810546875,1794,1795,9.806844799313694,1.3054953449573783,13.312083260956062,0.24394392523544248,0.03247401843738651,0.3203125,,
12.422115000000224,1294,,,,-0.080078125,0.0390625,-0.974609375,0.006830408485009974,0.3125234810036203,12.132379531860352,0.7847508788108826,1797,1796,9.520895499694575,1.2849219324178909,13.495809637434949,0.24322371119896127,0.03282500905651637,0.3203125,,
12.455275000000373,1294,,,,-0.07421875,-0.068359375,-0.994140625,0.007034557113694727,0.30836872479191885,12.129000663757324,0.8099365234375,1797,1797,9.823720630374737,1.323538522364102,13.472884380198566,0.23298809938762582,0.03139021725011695,0.328125,,
12.477655000001192,1294,,,,0.10546875,0.021484375,-1.115234375,0.006512987817698857,0.30739069380432826,12.1298189163208,0.7958984375,1795,1796,9.654103922657669,1.2250700797990524,12.689630126353602,0.2509168241662954,0.03184041691149591,0.326171875,,
12.502515000000596,1294,,,,0.109375,-0.173828125,-0.95703125,0.006552098165082321,0.31108053798478374,12.130857467651367,0.7686942219734192,1794,1795,9.32492004296671,1.2315214004654746,13.206777053218227,0.2525985645618546,0.03336012926131364,0.326171875,,
12.528740000000223,1294,,,,-0.13671875,0.07421875,-0.89453125,0.006435680058505349,0.30874660040076074,12.131501197814941,0.8331298828125,1793,1793,10.107116171275266,1.2086999830898806,11.958900665701687,0.2554369195997597,0.030547447478463545,0.328125,,
12.55326000000164,1294,,,,-0.048828125,-0.0078125,-0.984375,0.007104892630971921,0.30384533147431236,12.133000373840332,0.809326171875,1794,1793,9.81955474591814,1.3339443458936142,13.584570588071902,0.22777961645076375,0.03094288278199344,0.328125,,
12.576965000001714,1294,,,,-0.072265625,0.07421875,-1.001953125,0.007128647547049983,0.3172599155881971,12.130857467651367,0.8377510905265808,1796,1795,10.16263907254745,1.339692473538022,13.182525365453168,0.2368154795632603,0.03121826066274635,0.326171875,,
12.600484999999404,1294,,,,0.03125,0.005859375,-0.880859375,0.006953921106192804,0.31967165109168755,12.132000923156738,0.821533203125,1798,1796,9.966841578716412,1.3076264620327018,13.119767698776904,0.2444671015564788,0.03207351582414303,0.32421875,,
12.625589999999852,1294,,,,-0.162109375,-0.05078125,-0.83203125,0.006936901926814097,0.30623483900081216,12.129714965820312,0.8510044813156128,1799,1797,10.322441792994141,1.3053909172141966,12.646144617644323,0.23459243891043807,0.02966689908667291,0.32421875,,
12.646540000000968,1294,,,,-0.099609375,0.01171875,-0.9609375,0.007051840949228702,0.30419729759747444,12.130999565124512,0.79345703125,1799,1798,9.625426901038736,1.3277009841231635,13.793684142776916,0.22911581842230203,0.03160351231431062,0.326171875,,
12.672675000000744,1294,,,,0.03125,-0.044921875,-0.869140625,0.007005142692019678,0.3122363927882999,12.132000923156738,0.7421875,1798,1798,9.004219435155392,1.3191047791683783,14.649851535360916,0.23670325338760995,0.03467667520065402,0.328125,,
12.696679999999702,1294,,,,-0.01171875,0.1640625,-1.07421875,0.006506746849323882,0.31563727326787633,12.12800121307373,0.8832465410232544,1796,1798,10.712015120973206,1.2251792461418864,11.43743014088069,0.25762538360148063,0.02946572327459524,0.328125,,
12.719544999999925,1294,,,,0.048828125,-0.0546875,-1.078125,0.006650095700210264,0.3115584394900837,12.132000923156738,0.7484654188156128,1796,1797,9.08038315202191,1.251404041115401,13.78140129292621,0.2489671035522512,0.034311155627910886,0.326171875,,
12.741615000000223,1294,,,,0.0234375,-0.021484375,-0.93359375,0.006866513729827008,0.3068127664025702,12.13257122039795,0.7882254719734192,1796,1796,9.563201676449296,1.2915285589245342,13.505190025481753,0.2375578645028613,0.032082641021587886,0.326171875,,
12.763835000000894,1294,,,,0.0625,-0.0078125,-0.96484375,0.006487677307646845,0.30477890650792155,12.131501197814941,0.845947265625,1794,1795,10.262610266217962,1.2197455444743501,11.885334362637332,0.2498708914237241,0.0296979909206121,0.326171875,,
12.786145000001415,1294,,,,0,0.0078125,-0.9921875,0.0065060678362905,0.30661271460965395,12.128666877746582,0.80810546875,1793,1794,9.801242032554,1.2224637494774335,12.472539147764365,0.2508153838841615,0.03128304694356752,0.326171875,,
12.807985000001267,1294,,,,-0.171875,0.00390625,-0.951171875,0.007233386128768463,0.30661271460965395,12.130858421325684,0.8356584906578064,1795,1794,10.13725483874856,1.3587509743938793,13.403539676246478,0.22565776981056432,0.030246128709091935,0.326171875,,
12.829775000000373,1294,,,,0.01171875,0.109375,-1.03125,0.007041868973587414,0.31539276552097867,12.130858421325684,0.7456752061843872,1795,1794,9.045680354515639,1.3227578961440298,14.623089080123242,0.23843574583102453,0.03486667151172696,0.326171875,,
12.851400000000373,1294,,,,0.09375,-0.103515625,-0.92578125,0.006747261678432186,0.31293657406350683,12.132570266723633,0.8803013563156128,1795,1794,10.68031806139129,1.2678967815820614,11.871339170744664,0.24681549682067144,0.02930030475354042,0.326171875,,
12.877839999999852,1294,,,,-0.140625,0.0703125,-0.958984375,0.006828235981896046,0.31778227304747847,12.129714965820312,0.8872767686843872,1795,1795,10.762414299935699,1.2836231728758005,11.92690726358183,0.24756663775049043,0.02952704330006856,0.328125,,
12.900395000001415,1294,,,,-0.03125,0.037109375,-0.970703125,0.007234248706617711,0.31563727326787633,12.126501083374023,0.8636474609375,1799,1796,10.473021870711818,1.3607388623090224,12.99280073227363,0.23196021074335677,0.030138127960046307,0.328125,,
12.926435000000522,1294,,,,0.046875,0.044921875,-0.966796875,0.006922751625747862,0.31352561545376023,12.129714012145996,0.8544921875,1799,1798,10.364745859988034,1.3034401446364132,12.57570771385916,0.2405370256117256,0.030249233284541162,0.326171875,,
12.950544999999925,1294,,,,0,-0.0859375,-0.95703125,0.0068207718119668,0.31612628876167165,12.12700080871582,0.8282470703125,1799,1799,10.044152891496196,1.2852523447443314,12.796025295796525,0.24596437427589912,0.03147366355099169,0.3203125,,
12.972150000000372,1294,,,,-0.078125,0.0390625,-1.060546875,0.006671543049367466,0.3115250975245976,12.126500129699707,0.8050537109375,1800,1800,9.762483930098824,1.2573208889356005,12.879108410710312,0.24776896674986668,0.03191043383581212,0.31640625,,
12.9965,1294,,,,-0.111328125,-0.03515625,-1.015625,0.006799658566752178,0.3115250975245976,12.135334968566895,0.82275390625,1800,1800,9.984394249040633,1.2814519817053678,12.834549094738504,0.24310321570537294,0.03120120157059413,0.318359375,,
13.034190000001342,1294,,,,0.01171875,-0.021484375,-0.90625,0.006824932251442498,0.3097579733538373,12.130000114440918,0.843505859375,1800,1800,10.231726170750335,1.2861506071275284,12.570221150017444,0.24084113605143542,0.030274263421879815,0.31640625,,
13.057890000000596,1294,,,,-0.125,0.080078125,-1.021484375,0.00673058491716778,0.30687945033354225,12.129846572875977,0.849609375,1799,1799,10.30563136562705,1.2683066757608203,12.306928423532348,0.24195997403345224,0.029777840817894426,0.318359375,,
13.080324999999254,1294,,,,-0.037109375,-0.12109375,-0.84765625,0.0065513859409939345,0.3015225078787847,12.129143714904785,0.8000836968421936,1798,1799,9.704330142951278,1.2341962560433124,12.717995347054103,0.2443067756868995,0.031070924364397783,0.318359375,,
13.10281500000134,1294,,,,-0.046875,-0.068359375,-0.9765625,0.006347984410941919,0.3044010308990797,12.129714012145996,0.9054129719734192,1794,1797,10.982400412924733,1.194862904231379,10.87979730574378,0.2547581231462635,0.0277171674182306,0.318359375,,
13.126950000001118,1294,,,,-0.0625,0.0625,-0.986328125,0.006423308431251371,0.30058893284517546,12.126501083374023,0.83740234375,1795,1796,10.154760428704321,1.2081680323747184,11.897553279145871,0.24879729043513257,0.029600790186591196,0.31640625,,
13.150820000000298,1294,,,,0.0859375,-0.08984375,-1.04296875,0.007057467477606768,0.29986652359297783,12.125715255737305,0.8454241156578064,1795,1795,10.251372096800083,1.3263627084659138,12.938392011737937,0.2260818414744236,0.029251354917316848,0.3125,,
13.176009999999776,1294,,,,0,0.0078125,-0.859375,0.007009614319065483,0.3137478952236672,12.128572463989258,0.7791573405265808,1796,1796,9.45006626542579,1.318070588097251,13.94773910654544,0.2380357304509688,0.03320060266366087,0.3125,,
13.202775000000372,1294,,,,-0.111328125,0.158203125,-1.064453125,0.006948301843981621,0.31531496760151123,12.129501342773438,0.8477783203125,1795,1796,10.283128274604678,1.3070448023015446,12.710575686675387,0.24124266210789444,0.030663331155774493,0.310546875,,
13.22938000000082,1294,,,,-0.19921875,0.01171875,-0.98828125,0.006551012012867482,0.3062681809662982,12.131112098693848,0.8284505009651184,1797,1797,10.050025895426927,1.2324824832535601,12.263475697255446,0.24849698484784816,0.030474367345228404,0.3125,,
13.25138000000082,1294,,,,0,-0.0234375,-1.072265625,0.00665559199652037,0.30541240385215634,12.129335403442383,0.8273654580116272,1794,1795,10.035393141445752,1.251262147391891,12.468491565360114,0.24408346763206465,0.030433526574142472,0.3125,,
13.27646499999985,1294,,,,-0.099609375,0.02734375,-0.888671875,0.006842614328815184,0.31188074515644876,12.131333351135254,0.810546875,1795,1795,9.833014337345958,1.286214767287323,13.080574513170973,0.24247952448424878,0.03171771487934481,0.31640625,,
13.300240000002086,1294,,,,-0.125,0.11328125,-0.9921875,0.007154426929008475,0.3147370401997531,12.128999710083008,0.8392333984375,1796,1795,10.179061646340415,1.3451704295108748,13.21507302192724,0.23397558650928454,0.030920044610684493,0.314453125,,
13.322474999999628,1294,,,,-0.19921875,0.03515625,-0.92578125,0.00732200457952587,0.3168264700368785,12.128499984741211,0.8038330078125,1802,1797,9.749288622988388,1.3779627408149249,14.13398242786402,0.22992382932611652,0.032497393634425366,0.318359375,,
13.346515000000595,1294,,,,0.125,-0.11328125,-1.048828125,0.006871651049546363,0.3190603817244434,12.130287170410156,0.7979910969734192,1801,1799,9.679861165718194,1.2945224924071728,13.373358049718744,0.2464695542919062,0.03296125597900255,0.3203125,,
13.37435000000149,1294,,,,-0.048828125,-0.03125,-1.01171875,0.006826638682787875,0.3124253305927208,12.13371467590332,0.9095982313156128,1800,1800,11.036805408489954,1.2867293720426365,11.658530928277784,0.24280578137169345,0.028307587116865422,0.318359375,,
13.397330000000075,1294,,,,-0.01953125,-0.0078125,-0.982421875,0.006778176743912479,0.3057902794609981,12.130666732788086,0.76171875,1799,1800,9.240156300365925,1.2777303983658463,13.828017155026329,0.23932300573899526,0.033093626289512915,0.318359375,,
13.422759999999776,1294,,,,-0.03125,0.19140625,-1.09375,0.006720930626726598,0.30860211855032116,12.125716209411621,0.8342633843421936,1802,1800,10.116041042436734,1.2667943383339102,12.522629485385787,0.24360869733298235,0.030506214561184266,0.3203125,,
13.447085000000895,1294,,,,0,0.01171875,-0.98828125,0.007030550800797309,0.3076129735742352,12.131501197814941,0.7696533203125,1800,1800,9.33705017727334,1.325472940492492,14.195842534066411,0.23207789776526005,0.03294541292312795,0.318359375,,
13.471335000000893,1294,,,,0.01171875,0.046875,-0.96875,0.006943404447503343,0.3123808746387394,12.131000518798828,0.8111572265625,1800,1800,9.840148736257106,1.3090893150707927,13.303552112452424,0.23862456980014884,0.031745543996478214,0.318359375,,
13.497395000001415,1294,,,,0.01171875,-0.02734375,-0.9140625,0.006348658347920198,0.31768224715102034,12.1274995803833,0.7855224609375,1798,1800,9.526423315401189,1.1967789712432337,12.562731380080747,0.2654477182374008,0.03334748379671827,0.314453125,,
13.525390000000597,1294,,,,-0.0625,0.046875,-0.935546875,0.006359813451157401,0.31082491624939074,12.130500793457031,0.7855224609375,1795,1798,9.528780835680664,1.1973042712942852,12.565136001564452,0.25960394838764683,0.03261958918033901,0.3125,,
13.546980000000447,1294,,,,-0.072265625,0.01953125,-1.009765625,0.0068106647888936545,0.3036119377159101,12.133334159851074,0.8083767294883728,1797,1797,9.808304985929965,1.2813478232694004,13.063906812721433,0.23694732390556877,0.030954577590260712,0.310546875,,
13.70716000000015,1294,,,,-0.125,0.060546875,-0.9921875,0.006944005862546784,0.3154261074864647,12.129714965820312,0.7833426594734192,1798,1796,9.501723179980218,1.30627321621578,13.747750712923839,0.24147024035311784,0.03319672668964467,0.310546875,,
13.728090000001714,1294,,,,0.005859375,0.021484375,-0.974609375,0.006736243433710202,0.30879786367269546,12.13133430480957,0.7990632057189941,1796,1796,9.69370287924994,1.2666763712116524,13.067002228045006,0.2437859193483744,0.031855511512912084,0.314453125,,
13.752930000001564,1294,,,,0.037109375,0.052734375,-1.0234375,0.007105978643452783,0.3080686471025445,12.133334159851074,0.712890625,1796,1795,8.649740172550082,1.3358127132986506,15.443385427204475,0.23062263447231385,0.03561594232393236,0.314453125,,
13.791050000000745,1294,,,,0.01171875,-0.025390625,-1.03515625,0.0071133044767433175,0.31378123718915324,12.129500389099121,0.823974609375,1796,1796,9.994400345021859,1.3376357303847786,13.38385179908313,0.23457898892914014,0.031395704230063735,0.3125,,
13.950195000000297,1294,,,,0.080078125,-0.09765625,-0.951171875,0.006892036420467005,0.3000554613973987,12.131078720092773,0.8158053159713745,1796,1796,9.896598508318903,1.2962648554433507,13.098084704090338,0.23147697026374542,0.030319049635607376,0.310546875,,
13.975365000000224,1294,,,,-0.07421875,0.044921875,-0.9765625,0.0068694827022082895,0.30626561085645865,12.130866050720215,0.8029001951217651,1794,1794,9.739874719119257,1.2902542683800782,13.247134132509164,0.2373684151736827,0.03144451234626899,0.310546875,,
13.998480000000447,1294,,,,0.01953125,0.005859375,-0.970703125,0.006928160169119473,0.3160818328076902,12.131000518798828,0.82275390625,1797,1796,9.980828063562512,1.3033548581007819,13.058584416046621,0.24251402512764422,0.031668898692045935,0.30859375,,
14.022785000000148,1294,,,,0.078125,-0.0078125,-0.9921875,0.006824966346533252,0.3169153819448413,12.128000259399414,0.8091517686843872,1797,1798,9.813392860497743,1.2847420348128544,13.091721212796644,0.24667627691578228,0.032294170471920465,0.306640625,,
14.047440000001341,1294,,,,-0.099609375,-0.1484375,-0.8203125,0.006799811156256696,0.31774893108199237,12.132500648498535,0.799560546875,1795,1797,9.700668853474781,1.2796200965436844,13.191050182950265,0.24831505220982977,0.032755363148817794,0.30859375,,
14.073025000000372,1294,,,,-0.13671875,0.01953125,-0.908203125,0.007117360534937081,0.3150593458661182,12.131500244140625,0.831298828125,1797,1796,10.084901936352253,1.3389550877032141,13.276828036143693,0.2353024001772587,0.03124069503645331,0.310546875,,
14.09700500000082,1294,,,,-0.162109375,0.0703125,-1,0.00676374749321498,0.3138923770741067,12.131000518798828,0.78369140625,1795,1796,9.506960855796933,1.2719571121331779,13.379218989395476,0.24677905731246166,0.03301711049780001,0.310546875,,
14.123835000000893,1294,,,,-0.111328125,0.091796875,-1.08203125,0.007038515777305479,0.31064709243346517,12.130858421325684,0.83984375,1795,1795,10.188025627285242,1.3233469943881406,12.989238963474877,0.234743490370109,0.030491392915375098,0.310546875,,
14.147030000001193,1294,,,,-0.099609375,-0.046875,-0.89453125,0.007159917635959441,0.3079019372751142,12.12800121307373,0.8327907919883728,1796,1796,10.100087735471618,1.3463454420078744,13.330037097395644,0.2286946036790708,0.030485075510162083,0.310546875,,
14.171280000001191,1294,,,,0,0.05078125,-0.849609375,0.00718130042801858,0.31071377636443726,12.126999855041504,0.86669921875,1798,1796,10.510461300145835,1.3509098503017032,12.853002467959795,0.2300033390792469,0.029562334848245535,0.30859375,,
