Time (s),ESC signal (µs),Servo 1 (µs),Servo 2 (µs),Servo 3 (µs),AccX (g),AccY (g),AccZ (g),Torque (N·m),Thrust (N),Voltage (V),Current (A),Motor Electrical Speed (RPM),Motor Optical Speed (RPM),Electrical Power (W),Mechanical Power (W),Motor Efficiency (%),Propeller Mech. Efficiency (N/W),Overall Efficiency (N/W),Vibration (g),App message,
0,1291,,,,0.00390625,0.013671875,-0.98046875,0.0041060232551932965,0.09092096977060046,12.139358520507812,0.7050432562828064,1795,1795,8.55877286048326,0.7717021647491852,9.016504787879278,0.11781873101282689,0.010623131522790142,0.294921875,,
0,1291,,,,0.009765625,-0.0625,-0.8984375,0.004034922945905006,0.08564439534514982,12.137818336486816,0.7204368114471436,1795,1795,8.744531140263234,0.7585085868856093,8.674090980054263,0.11291156992276193,0.009794052302107954,0.29296875,,
0.022430000001564622,1291,,,,0.080078125,0.001953125,-1.05078125,0.004234073413537911,0.08302149406024774,12.139201164245605,0.67333984375,1795,1795,8.173807815182954,0.7959796567446539,9.738174358175039,0.10430102497818057,0.010157015669738924,0.29296875,,
0.046380000000819564,1291,,,,0.15625,-0.12109375,-1.03125,0.004248262560650166,0.0860111569654963,12.141143798828125,0.6891741156578064,1795,1795,8.367362040631633,0.7986134588785977,9.544387526206673,0.10770061036320626,0.01027936362115431,0.29296875,,
0.06900500000081956,1291,,,,0.0625,-0.060546875,-1.00390625,0.004134091236713408,0.08239911070450828,12.13657283782959,0.7463727593421936,1796,1795,9.058407357928388,0.7771781291748575,8.579633245292626,0.10602345538466547,0.009096423625990755,0.287109375,,
0.09770000000111759,1291,,,,-0.0234375,-0.130859375,-0.931640625,0.003985016181490417,0.08064310052224333,12.137144088745117,0.7177734375,1797,1795,8.711719634011388,0.7492001415468021,8.599911074064563,0.10763892857220662,0.009256852138285643,0.287109375,,
0.1200200000014156,1291,,,,0.037109375,0.134765625,-0.88671875,0.004340457811748569,0.08752637564076672,12.140800476074219,0.6865234375,1796,1796,8.33494407683611,0.8163974137322842,9.79487572089606,0.1072105008768054,0.01050113532063327,0.287109375,,
0.1452800000011921,1291,,,,0.048828125,0.017578125,-1.15625,0.004506771538737012,0.09803649251746258,12.136000633239746,0.7112630009651184,1798,1797,8.63188823011268,0.8481428698724109,9.825693373943738,0.1155895969887839,0.011357479372295212,0.287109375,,
0.1687350000012666,1291,,,,0.0234375,-0.0234375,-1.060546875,0.003907927041564622,0.09729185528827428,12.137499809265137,0.712890625,1798,1797,8.652709824964404,0.7355706747940741,8.501044062194703,0.13226717516370742,0.011244090840487019,0.2890625,,
0.19559000000171364,1291,,,,0.048828125,-0.0078125,-0.9375,0.0040288292115114865,0.09784755471304167,12.136000633239746,0.723876953125,1797,1797,8.784971161512658,0.7583499782589415,8.63235592145488,0.12902691042160383,0.011138062142049604,0.2890625,,
0.2187350000012666,1291,,,,-0.111328125,0.04296875,-0.9453125,0.004105320010541368,0.09746967910419983,12.138501167297363,0.6988525390625,1797,1797,8.483022361178882,0.7724458743843884,9.105786139611705,0.12618318297302017,0.011489970785678148,0.2890625,,
0.2449550000000745,1291,,,,0.0625,-0.115234375,-0.99609375,0.004077696419534706,0.09270177803969563,12.140501022338867,0.6884765625,1795,1796,8.358450410887599,0.7670535952516853,9.176983262980565,0.120854368734532,0.01109078519134882,0.2890625,,
0.2707900000009686,1291,,,,-0.0625,-0.02734375,-1.109375,0.004003929594681598,0.08506646794339173,12.139500617980957,0.7537841796875,1795,1796,9.150563515140675,0.7530697414009779,8.22976355669174,0.11295961484940001,0.009296309216655274,0.291015625,,
0.295660000000149,1291,,,,-0.07421875,0.017578125,-1.00390625,0.004379150120700255,0.0837550173009407,12.134501457214355,0.712890625,1799,1796,8.650572327896953,0.823571004160962,9.520422151781267,0.10169738477651806,0.009682020348045857,0.291015625,,
0.31808000000193715,1291,,,,-0.037109375,-0.005859375,-0.9921875,0.0046452993335292505,0.08467747834605456,12.136000633239746,0.67626953125,1798,1797,8.207207459490746,0.8742169797839179,10.651820172682253,0.09686093990874493,0.010317453136649328,0.291015625,,
0.34242500000074505,1291,,,,-0.0234375,0.033203125,-0.85546875,0.004386386663978534,0.09242392832731194,12.139430046081543,0.7289341688156128,1800,1798,8.848845350535726,0.8258229656583618,9.33255055257989,0.11191736264397761,0.010444744445863371,0.291015625,,
0.36418000000156464,1291,,,,-0.078125,0.0859375,-0.99609375,0.004022789210291057,0.09242392832731194,12.136500358581543,0.73486328125,1795,1798,8.918668476399034,0.7574219756145041,8.492545469302136,0.12202435538304454,0.010362973864527886,0.291015625,,
0.38952500000037255,1291,,,,-0.111328125,0.146484375,-1.001953125,0.003967602253622463,0.08112100202754328,12.134857177734375,0.8154296875,1797,1797,9.895122796297073,0.7467902914448781,7.54705430966799,0.10862621402133076,0.008198079366726016,0.291015625,,
0.4142700000014156,1291,,,,0.048828125,-0.0703125,-1.046875,0.004091825900238143,0.085266519736308,12.137500762939453,0.721435546875,1797,1797,8.756424500606954,0.7699955868345868,8.793493129315674,0.1107363745899303,0.009737595491218788,0.29296875,,
0.4378100000023842,1291,,,,0.125,-0.05859375,-0.93359375,0.004102606795880939,0.0880339028716496,12.135499954223633,0.760498046875,1796,1797,9.229024013038725,0.7718802751069617,8.363617583142622,0.11405124047178233,0.009538809601890262,0.294921875,,
0.45943500000052157,1291,,,,0.07421875,0.083984375,-1.07421875,0.004105048367687175,0.08846734842296815,12.135430335998535,0.7240513563156128,1794,1796,8.786674794253372,0.7722179474984806,8.788511758777322,0.11456266810367317,0.01006835355746035,0.294921875,,
0.4805600000005215,1291,,,,0.109375,-0.1171875,-1.09765625,0.00404959968927686,0.08714478379202177,12.138285636901855,0.654296875,1799,1796,7.942042360082269,0.7616544753765198,9.590158813615671,0.11441511421427968,0.01097259115992918,0.29296875,,
0.503039999999106,1291,,,,0.03125,0.0546875,-0.94140625,0.0038822294039835502,0.09151258127069344,12.141143798828125,0.732421875,1795,1796,8.892439305782318,0.730214152808617,8.21162931450985,0.1253229356329363,0.01029105492023851,0.291015625,,
0.5246400000005961,1291,,,,-0.099609375,-0.01953125,-0.859375,0.003997169963471922,0.09151258127069344,12.132570266723633,0.7610211968421936,1796,1796,9.233143145154031,0.751888097894536,8.143360132883467,0.12171037356084001,0.009911314038136986,0.29296875,,
0.5465250000003725,1291,,,,0,0.0234375,-0.97265625,0.0040863402237104034,0.10223758016870402,12.136571884155273,0.7638114094734192,1797,1796,9.27005207701211,0.7685577272124389,8.29075954296211,0.13302524527275267,0.011028803216999495,0.291015625,,
0.5689600000008941,1291,,,,0.0234375,0.0546875,-1.021484375,0.00423050348985533,0.10218201022622729,12.140000343322754,0.6722005009651184,1795,1796,8.160514312498265,0.7956359928373699,9.74982657182294,0.1284280891590001,0.012521515962508646,0.2890625,,
0.5986800000015646,1291,,,,0.015625,-0.099609375,-1.005859375,0.004199446634997054,0.0902011306282424,12.137144088745117,0.791015625,1795,1796,9.600670617073774,0.7897665489098188,8.226160238278592,0.11421239700865353,0.009395294789910745,0.2890625,,
0.6238800000008196,1291,,,,-0.14453125,0.169921875,-1.03515625,0.004209312721976115,0.086033384942487,12.136800765991211,0.65966796875,1797,1796,8.006258708424866,0.7916170347030392,9.887477578885035,0.10868056291229364,0.01074576629055908,0.2890625,,
0.645995000001043,1291,,,,-0.07421875,-0.04296875,-0.97265625,0.003911712435042041,0.091946026822012,12.136000633239746,0.6988525390625,1795,1796,8.481274856603704,0.7356168213174353,8.673422731308705,0.1249917404788861,0.010841062030954089,0.291015625,,
0.6680749999992549,1291,,,,0,-0.08984375,-1.037109375,0.003926504674005479,0.08913418773268901,12.139429092407227,0.6912667155265808,1797,1796,8.391583277076165,0.7384490005773152,8.799876926617465,0.12070459525709211,0.01062185582739585,0.291015625,,
0.691804999999702,1291,,,,-0.015625,0.109375,-1.0390625,0.004027650415668907,0.0768643444338251,12.138285636901855,0.8286830186843872,1798,1796,10.05879118324117,0.7576055259450313,7.531775062666264,0.10145694797823064,0.0076415091071666595,0.287109375,,
0.7144350000005215,1291,,,,-0.13671875,0.02734375,-1.03515625,0.004378493091533374,0.08608895488496372,12.136571884155273,0.7059151530265808,1800,1797,8.567389998821568,0.8241595050003614,9.619726720900102,0.10445666689838878,0.010048445897385917,0.2890625,,
0.735710000000894,1291,,,,-0.046875,0.001953125,-1.021484375,0.0048472484686087934,0.08663354032123578,12.14000129699707,0.6610107421875,1802,1799,8.024671267485246,0.9133496715826015,11.381770556550475,0.09485254444896445,0.010795898976231186,0.2890625,,
0.76,1291,,,,0.078125,0.1484375,-1.033203125,0.0035630817480571423,0.08717812575750782,12.136571884155273,0.6194196343421936,1802,1801,7.517630918651207,0.6720690615042502,8.939904988376723,0.12971602287774184,0.011596489199971137,0.291015625,,
0.7805600000005215,1291,,,,-0.0234375,0.08203125,-1.02734375,0.003626514825998639,0.08712255581503107,12.138285636901855,0.6780133843421936,1800,1802,8.229920124788066,0.6842597802089603,8.31429430460701,0.12732380060161574,0.010586075501829323,0.2890625,,
0.8029150000009686,1291,,,,-0.125,-0.013671875,-0.99609375,0.0038578261222452733,0.08786719304421937,12.140000343322754,0.7059151530265808,1798,1800,8.569810200099425,0.7272977726679934,8.48674306298587,0.12081322994004295,0.010253108411105763,0.2890625,,
0.9675650000013412,1291,,,,0.125,-0.109375,-0.9453125,0.004039139203646755,0.08840066449199606,12.13657283782959,0.654296875,1797,1799,7.940921681001782,0.7610776216477728,9.584247927650628,0.11615196923094913,0.011132292703942639,0.287109375,,
1.0030099999997766,1291,,,,-0.037109375,-0.01953125,-0.939453125,0.004245963550033811,0.08404057734284304,12.136874198913574,0.7270951867103577,1802,1802,8.824662811739188,0.8012136448183445,9.079255059496592,0.10489159525222162,0.00952337546892402,0.2890625,,
1.0292900000009686,1291,,,,-0.142578125,0.095703125,-1.001953125,0.003960207281706042,0.09182377294856318,12.138999938964844,0.7491047978401184,1800,1799,9.093383095259469,0.7462692865142555,8.206728768562472,0.12304375191087155,0.010097866985988134,0.29296875,,
1.0509500000011176,1291,,,,0,0.08984375,-0.9765625,0.00428946675729274,0.09303519769455608,12.137500762939453,0.7073974609375,1800,1799,8.586037221830338,0.8080924822257458,9.41170485694074,0.1151293939009398,0.01083563875754119,0.291015625,,
1.0730400000009686,1291,,,,0.048828125,-0.06640625,-0.95703125,0.003971182238151494,0.08912307374419368,12.134858131408691,0.791015625,1797,1799,9.598862389102578,0.7481998415832166,7.794672027308517,0.11911667016075034,0.009284753768881358,0.291015625,,
1.0963600000012665,1291,,,,-0.234375,0.017578125,-0.8515625,0.003942977074326337,0.08911195975569831,12.133143424987793,0.7163783311843872,1798,1799,8.691921038813575,0.742866360569853,8.546630339284034,0.11995691888288024,0.010252274423314582,0.29296875,,
1.1205850000008941,1291,,,,0.048828125,-0.015625,-0.94921875,0.004248464196781134,0.09311299561402352,12.137332916259766,0.72509765625,1798,1798,8.800751650705934,0.7999419292808847,9.08947282038937,0.116399693784933,0.01058011852959794,0.29296875,,
1.1485900000017137,1291,,,,-0.111328125,0.001953125,-0.8828125,0.004398105454084984,0.0942021664865676,12.135001182556152,0.762939453125,1797,1797,9.25827116589062,0.827788802247383,8.94107320270687,0.11379975934781425,0.010174919787792327,0.291015625,,
1.171335000000894,1291,,,,-0.0234375,0.07421875,-0.955078125,0.0042437826436677525,0.09346864324587463,12.136800765991211,0.7734375,1797,1797,9.387056842446327,0.7985704111452017,8.507143661197743,0.11704496177342028,0.009957183046258842,0.291015625,,
1.1947099999990314,1291,,,,0.048828125,-0.111328125,-0.984375,0.00406717179600847,0.08846734842296815,12.13666820526123,0.71044921875,1795,1797,8.622486444655806,0.7652441972649787,8.874982897065324,0.11560668965430237,0.010260073934682725,0.291015625,,
1.2182949999999255,1291,,,,0.046875,-0.046875,-1.15625,0.004057440023076214,0.0891564157096797,12.13650131225586,0.689697265625,1795,1796,8.37051176931709,0.7632674792392148,9.11852823667299,0.1168088751777374,0.010651250266022093,0.294921875,,
1.2448500000014902,1291,,,,-0.009765625,-0.009765625,-0.904296875,0.004098717160855563,0.0979031246555184,12.136000633239746,0.7924107313156128,1795,1796,9.616697137032247,0.7709354468411274,8.016634358509508,0.12699263609770697,0.010180535298185725,0.291015625,,
1.2719800000023096,1291,,,,0.13671875,-0.130859375,-0.94140625,0.003980789024498347,0.08138773775143163,12.137001037597656,0.7427978515625,1796,1796,9.015338295139372,0.748668225428152,8.304383051624333,0.10871001998901078,0.009027696475384834,0.291015625,,
1.297640000000596,1291,,,,0.07421875,0.138671875,-0.98046875,0.004326035838134671,0.077308903973639,12.137333869934082,0.7156032919883728,1795,1796,8.685516073286806,0.8134925916044797,9.366082392115532,0.09503332270200515,0.008900899304234836,0.29296875,,
1.4538850000016392,1291,,,,0.08203125,-0.044921875,-1.1484375,0.004430722438813151,0.09044563837514004,12.137500762939453,0.72021484375,1796,1796,8.741608215495944,0.833168902562589,9.531071194493245,0.10855618602297223,0.01034656737587601,0.294921875,,
1.4867550000008196,1291,,,,-0.046875,0.013671875,-1.013671875,0.00410884193887735,0.08934278340426108,12.137129783630371,0.6893057227134705,1796,1796,8.36619301717252,0.772697753212275,9.235954174452212,0.11562448969580076,0.010679024882748378,0.294921875,,
1.5197949999999254,1291,,,,-0.205078125,0.03515625,-0.8828125,0.004320096230319432,0.09411325457860481,12.139273643493652,0.7049005627632141,1795,1796,8.556980822835328,0.8124374595492021,9.494440578633943,0.11584061452659447,0.010998418312151913,0.298828125,,
1.541910000000149,1291,,,,0.017578125,0.0546875,-0.9609375,0.004113307419811446,0.09756970500065797,12.13800048828125,0.66943359375,1796,1796,8.125585287809372,0.7735397270069659,9.519803184731686,0.1261340582702604,0.012007714096243571,0.30078125,,
1.565015000000596,1291,,,,-0.15625,0.076171875,-1.015625,0.0041332475229512574,0.09689175170244174,12.136571884155273,0.7045201063156128,1796,1796,8.55045891413215,0.7773072416704322,9.0908248256208,0.12465051977931083,0.011331760397362955,0.298828125,,
1.5912300000004471,1291,,,,0.162109375,-0.015625,-1.130859375,0.004094862179856854,0.0943911042909885,12.141143798828125,0.6863839030265808,1796,1796,8.333485667846617,0.7700914390373461,9.240928342969584,0.12257129414265693,0.011326725460773401,0.30078125,,
1.6161100000012667,1291,,,,0.037109375,-0.0546875,-0.990234375,0.003919140274136878,0.09257952416624682,12.138221740722656,0.6759982705116272,1795,1796,8.205416903815149,0.7369494680218056,8.981255634666867,0.12562533549926858,0.011282732523097213,0.298828125,,
1.642710000000894,1291,,,,0.13671875,-0.095703125,-0.9375,0.004093135766552553,0.09283514590163981,12.138856887817383,0.6919642686843872,1796,1796,8.399655229042992,0.7697117998184205,9.163611824888163,0.1206102672760638,0.0110522567141386,0.298828125,,
1.6679849999994039,1291,,,,-0.08203125,-0.044921875,-0.90234375,0.004500813002426046,0.09377983492374438,12.142001152038574,0.7257080078125,1798,1796,8.811547466902994,0.846541455742131,9.607182608069932,0.11077996746365025,0.010642833767393335,0.30078125,,
1.6949500000011175,1291,,,,-0.1875,0.185546875,-0.98828125,0.0042432659530471555,0.07867592455856678,12.139501571655273,0.687255859375,1798,1797,8.342943585012108,0.7986113994088442,9.572297730066518,0.09851590475268077,0.009430235714395352,0.302734375,,
1.7183650000002235,1291,,,,-0.0234375,-0.01953125,-0.982421875,0.0039867076613000945,0.0798428933505783,12.1355562210083,0.7481553554534912,1799,1798,9.079281378154292,0.7505202566649264,8.266295815776315,0.10638339557332503,0.008793966176958533,0.30078125,,
1.7451850000005216,1291,,,,0.01171875,0.078125,-0.919921875,0.0047317577764470885,0.09374649295825833,12.1388578414917,0.673828125,1802,1800,8.179503818973899,0.8918709657438162,10.903729437413473,0.10511217043608344,0.01146114667014345,0.298828125,,
1.770320000000298,1291,,,,0.0859375,0.029296875,-1.099609375,0.004556578038563672,0.09560252903698141,12.139555931091309,0.7449001669883728,1806,1802,9.042757240234607,0.8599729317813243,9.510074294098963,0.11116923045351318,0.010572276408307194,0.298828125,,
1.7960450000017882,1291,,,,-0.0234375,-0.02734375,-0.92578125,0.0035619772906911214,0.09334638937242581,12.138501167297363,0.692138671875,1802,1805,8.401526076486334,0.6731872688582583,8.012678443531025,0.13866333142446904,0.01111064686613041,0.298828125,,
1.8187850000020116,1291,,,,-0.01171875,0,-1.07421875,0.003682550946054545,0.09176820300608643,12.138500213623047,0.6573486328125,1800,1802,7.979226519819349,0.6951057519898297,8.711442772846196,0.13202049147685532,0.011500889563436542,0.296875,,
1.8450750000011176,1291,,,,-0.13671875,-0.0078125,-0.904296875,0.003815480438732377,0.07753118374354595,12.13942813873291,0.7380022406578064,1799,1801,8.958925166689312,0.7194594008079676,8.030644161232983,0.10776311165922198,0.00865407203442429,0.298828125,,
1.868714999999851,1291,,,,-0.2109375,0.041015625,-0.86328125,0.004009127868109046,0.08583333314957073,12.13650131225586,0.72265625,1797,1799,8.770518526434898,0.7554182181955668,8.613153440343218,0.1136235942979995,0.009786574521319763,0.30078125,,
1.8950400000009686,1291,,,,-0.01171875,-0.01171875,-0.912109375,0.004318872096259189,0.09206828069546082,12.137500762939453,0.7421875,1801,1799,9.008301347494125,0.8134967244684729,9.03052299304759,0.1131759697687989,0.010220381972575975,0.306640625,,
1.9217500000018626,1291,,,,0.09375,-0.01953125,-1.0234375,0.00485330817232019,0.09160149317865622,12.137500762939453,0.689697265625,1806,1801,8.371201087720692,0.9154007324970896,10.935118185607157,0.10006709622001252,0.010942455236563602,0.30859375,,
1.945655000001192,1291,,,,0.099609375,-0.087890625,-0.9375,0.0048061998255777534,0.09536913527857911,12.138668060302734,0.7264540195465088,1807,1805,8.818184204347745,0.908242573385465,10.299655261654234,0.10500403534607679,0.010815053651471469,0.30859375,,
1.9688949999995529,1291,,,,-0.0625,0.0546875,-0.98046875,0.0035316326599212325,0.0961804564387395,12.140000343322754,0.7861328125,1804,1806,9.543652613647282,0.6677840821895729,6.997154121417323,0.144029273838599,0.010077950270444972,0.306640625,,
1.994120000001043,1291,,,,0.0625,-0.2578125,-0.818359375,0.003680257911467449,0.09414659654409084,12.136001586914062,0.6773158311843872,1803,1805,8.21990600209574,0.6956990044527871,8.463588321757113,0.13532662249264438,0.011453488217515784,0.306640625,,
2.0177900000009688,1291,,,,0.048828125,-0.0625,-0.837890625,0.004027299403914927,0.09211273664944221,12.13750171661377,0.755615234375,1800,1801,9.171281204326078,0.7597542665858923,8.284058133857213,0.12124017027685705,0.01004360618732231,0.30859375,,
2.0421699999999254,1291,,,,-0.0859375,-0.0703125,-0.96484375,0.004592176247723022,0.08814504275660305,12.13900089263916,0.6982421875,1804,1802,8.47596253734082,0.8664452846417131,10.222382187563852,0.10173180501876958,0.01039941391532589,0.310546875,,
2.0653100000005216,1291,,,,-0.173828125,0.005859375,-0.904296875,0.0046819579838513975,0.09085685594946792,12.140000343322754,0.65673828125,1804,1803,7.972802959848195,0.8837834647564135,11.08497813387879,0.10280443069220548,0.011395848662889552,0.314453125,,
2.0924500000011177,1291,,,,0.048828125,-0.099609375,-0.939453125,0.003760437408061631,0.0936686950387909,12.141143798828125,0.6459263563156128,1801,1804,7.842284775480948,0.7104350136754313,9.059031060649822,0.13184695747778039,0.011944056830433886,0.31640625,,
2.1179700000006707,1291,,,,-0.19921875,0.052734375,-0.8984375,0.003712539394913251,0.09774752881658352,12.140889167785645,0.7172309160232544,1801,1802,8.707821059147705,0.7005757200284476,8.045361925443812,0.1395245738927612,0.01122525694460593,0.31640625,,
2.145765000000596,1291,,,,0.01171875,-0.00390625,-1.05078125,0.003851786615552128,0.09486900579628844,12.138501167297363,0.70556640625,1798,1800,8.56451864587143,0.7261744032727353,8.478870013585544,0.13064217819952229,0.011076980472454284,0.314453125,,
2.167785000000149,1291,,,,0.09375,-0.013671875,-0.97265625,0.004048621661467906,0.09230167445386313,12.137001037597656,0.68115234375,1798,1799,8.267146702855825,0.7626181368451257,9.224683730139745,0.12103262431668074,0.011164876803502009,0.310546875,,
2.192980000000447,1291,,,,-0.1875,-0.025390625,-0.939453125,0.004169324879922865,0.09540247724406514,12.139501571655273,0.6640625,1798,1798,8.06138776242733,0.7849734992893881,9.737448717552176,0.12153592106030332,0.011834497986651732,0.310546875,,
2.2176699999999254,1291,,,,0,0.03515625,-0.953125,0.004178515602890391,0.09249061225828403,12.141501426696777,0.72021484375,1799,1798,8.744489552918822,0.7866041467250731,8.995426685168976,0.11758215697610673,0.010577016725625981,0.310546875,,
2.24475,1291,,,,-0.0625,0.00390625,-0.880859375,0.0041295099184944836,0.09347975723436999,12.141143798828125,0.6842913031578064,1799,1798,8.308079111926418,0.7775116117742186,9.358500338039448,0.12022940341824188,0.01125166912531898,0.30859375,,
2.2680700000002982,1291,,,,-0.05078125,0.060546875,-0.939453125,0.003875701032508282,0.09031227051319589,12.137779235839844,0.7264540195465088,1798,1798,8.817538514244006,0.7298902359776208,8.27770964423397,0.1237340439172075,0.01024234488653538,0.306640625,,
2.2924300000015645,1291,,,,0.046875,-0.064453125,-1.064453125,0.0040130510095957896,0.09016778866275635,12.138285636901855,0.6808035969734192,1799,1798,8.263788522693574,0.7557862228337165,9.145759487409642,0.11930329759741401,0.01091119265880805,0.306640625,,
2.314230000000447,1291,,,,0.048828125,-0.07421875,-0.966796875,0.0042471329511680166,0.10125954918111342,12.139001846313477,0.7257080078125,1799,1799,8.809370846720412,0.7999161159775403,9.080286548219686,0.12658770983426035,0.011494526787779711,0.30859375,,
2.3398350000008943,1291,,,,0.01171875,-0.015625,-0.978515625,0.003978992389411493,0.09544693319804654,12.137144088745117,0.7575334906578064,1799,1799,9.19429312816385,0.7494851238611736,8.151633990930305,0.12735000356821768,0.01038110617831779,0.30859375,,
2.3657500000018628,1291,,,,0.1875,0.056640625,-1.10546875,0.00424665729670522,0.08594447303452421,12.13650131225586,0.775146484375,1795,1799,9.407566324807703,0.7999171273844032,8.502912440542948,0.10744172126373694,0.009135675483667767,0.3046875,,
2.398500000001863,1291,,,,-0.13671875,0.01171875,-0.935546875,0.00417177120268437,0.0906901461220377,12.139999389648438,0.726318359375,1797,1798,8.817504439502954,0.7854770443909429,8.908155927565605,0.1154586843366742,0.010285239632626704,0.302734375,,
2.423870000001043,1291,,,,-0.0625,-0.05078125,-0.869140625,0.00403310621881872,0.09393543076267924,12.137091636657715,0.7492897510528564,1796,1797,9.094198370936965,0.7589685272787147,8.345634176006202,0.12376722800283325,0.010329160078899969,0.30078125,,
2.446550000000745,1291,,,,-0.0625,0.08203125,-0.896484375,0.004022067344558154,0.09384651885471647,12.14000129699707,0.721435546875,1797,1796,8.75822847476229,0.7566229410518188,8.638995240100247,0.12403340390955607,0.010715239859880862,0.298828125,,
2.468140000000596,1291,,,,0.046875,0.0078125,-0.9765625,0.00396997046508999,0.09384651885471647,12.137713432312012,0.6389508843421936,1797,1796,7.755402731467882,0.7467412629057493,9.628658739742995,0.12567474641690105,0.01210079245452079,0.296875,,
2.4924800000004472,1291,,,,0.125,-0.09375,-1.10546875,0.0039003738610910747,0.09449113018744663,12.13657283782959,0.7924107313156128,1795,1796,9.617150558089747,0.7336118260850907,7.628162017989743,0.12880262671295423,0.009825273049090684,0.294921875,,
2.5147250000014902,1291,,,,-0.13671875,0.064453125,-1,0.004269473899117691,0.08002071716650384,12.13700008392334,0.7373046875,1799,1798,8.948667054064572,0.8036877546256928,8.981089024433532,0.09956692347984382,0.008942194036614387,0.296875,,
2.5435250000003724,1291,,,,-0.0625,-0.06640625,-0.90625,0.005266547938409596,0.08612229685044978,12.132000923156738,0.7073102593421936,1804,1799,8.581088719297725,0.9923053496616447,11.563863072876549,0.0867901164493527,0.01003629022699325,0.30078125,,
2.5710800000000744,1291,,,,-0.09375,0.0234375,-0.919921875,0.0037797264905956346,0.09337973133791184,12.138222694396973,0.6450737714767456,1802,1801,7.83004909249928,0.7129224836005004,9.104955475738173,0.1309816052739879,0.011925816841603721,0.302734375,,
2.595520000001416,1291,,,,-0.01171875,0.01171875,-0.96875,0.0037976847576351746,0.09021224461673774,12.139999389648438,0.7366943359375,1799,1801,8.943468788638711,0.7163770189031801,8.010057795619813,0.1259284458271129,0.010086941291877533,0.30078125,,
2.7510250000003724,1291,,,,-0.125,-0.041015625,-0.80859375,0.003955965347627411,0.08244356665848966,12.138500213623047,0.7403564453125,1799,1800,8.98681686958298,0.7458278656330176,8.299132790358357,0.11053967068998703,0.009173834056586859,0.298828125,,
2.7738700000010432,1291,,,,-0.0625,-0.00390625,-0.943359375,0.004069904384785018,0.09181179067971662,12.137357711791992,0.7069944143295288,1798,1798,8.58104410695637,0.766167424309738,8.928603731201328,0.11983254281847401,0.0106993728892837,0.3046875,,
2.82622500000149,1291,,,,-0.13671875,0.208984375,-0.939453125,0.004076883726715781,0.08441074262216622,12.139429092407227,0.8231026530265808,1798,1798,9.991996292188446,0.7676244380274766,7.682393143275992,0.10996359474832769,0.008447835663045326,0.310546875,,
2.9962150000017136,1291,,,,0.0390625,0.044921875,-1.0234375,0.005521403851096657,0.08912863073844135,12.138588905334473,0.7295496463775635,1812,1805,8.85570324340938,1.0438052791647434,11.786814106960591,0.08538817777369585,0.01006454578350657,0.310546875,,
3.0210600000005217,1291,,,,0.013671875,-0.0078125,-0.998046875,0.00376098098852138,0.09665922622439065,12.137121200561523,0.6925883889198303,1806,1807,8.406029218421622,0.7117348818801796,8.466957030323293,0.13580790921620617,0.011498797317116642,0.310546875,,
3.0465050000008196,1291,,,,0.0625,-0.015625,-1.03515625,0.004047813609563742,0.0872892656424613,12.139501571655273,0.706787109375,1798,1799,8.5800432250835,0.7625922124303826,8.887976347263228,0.11446388281919412,0.010173522831129071,0.30859375,,
3.0698100000005217,1291,,,,0.048828125,0.0078125,-0.990234375,0.004057417665639655,0.0954580471865419,12.137500762939453,0.7012939453125,1798,1797,8.511955796275288,0.7636287656194735,8.971249192267031,0.12500582938242785,0.011214584458757762,0.306640625,,
3.095195000000298,1291,,,,0.03125,0.048828125,-1.080078125,0.003960480152472571,0.08962320322648432,12.141501426696777,0.7269287109375,1796,1797,8.826005980954506,0.7451384289646239,8.442532563115705,0.12027725284685224,0.010154446237616513,0.3046875,,
3.1179000000003727,1291,,,,0.041015625,-0.1171875,-0.9765625,0.0038668571292753804,0.08349939556554771,12.13949966430664,0.7366943359375,1796,1796,8.943100643809885,0.7274468079202853,8.134167744425415,0.11478419405573596,0.009336738888580349,0.3046875,,
3.1435850000008942,1291,,,,-0.140625,0.142578125,-1.013671875,0.0038342349743900076,0.08128771185497351,12.139429092407227,0.7135881781578064,1795,1796,8.662553089926746,0.7212556348490602,8.326132346453065,0.11270305274215969,0.009383805329805015,0.3046875,,
3.1703450000006708,1291,,,,0.05078125,-0.001953125,-0.943359375,0.004144268481569105,0.08412177892128718,12.13650131225586,0.6939697265625,1796,1796,8.422364497091621,0.779515427229324,9.255303869815933,0.10791547669593404,0.009987905290769093,0.302734375,,
3.194695000000298,1291,,,,-0.111328125,0.015625,-0.89453125,0.004280536358727151,0.0872448096884799,12.137777328491211,0.7014973759651184,1796,1796,8.51461894598549,0.8050739109225588,9.455196010881245,0.10836869572447505,0.010246472595184599,0.302734375,,
3.2178500000014902,1291,,,,-0.125,0.1015625,-0.9765625,0.003918129857738384,0.08958986126099829,12.138285636901855,0.771484375,1796,1796,9.364497708156705,0.7367924459110556,7.867933431915858,0.1215944351196747,0.009566969212130122,0.3046875,,
3.2454150000009685,1291,,,,0.015625,0.056640625,-0.99609375,0.003946946188292006,0.08459968042658712,12.135001182556152,0.6951904296875,1795,1795,8.436136686359532,0.7420226032951255,8.795763166034385,0.11401226869761431,0.010028249134864912,0.3046875,,
3.2685650000013413,1291,,,,0.103515625,-0.0390625,-1.0390625,0.0042087442544581286,0.07625307506658097,12.135555267333984,0.7166883945465088,1794,1795,8.697411621476022,0.7910188300029863,9.094876319867035,0.09639855863645255,0.008767329682119863,0.3046875,,
3.2927599999997765,1291,,,,-0.171875,0.09375,-0.90234375,0.004329747871273381,0.07473045864271832,12.133142471313477,0.7965959906578064,1794,1794,9.665212646728264,0.813533453654988,8.417129383391003,0.09185910955102632,0.007731900101340766,0.306640625,,
3.317769999999553,1291,,,,0.13671875,-0.0703125,-0.916015625,0.004038313655301809,0.0978808966785277,12.136000633239746,0.7380022406578064,1795,1794,8.95639565995549,0.7587759143571685,8.471889174678772,0.12899842341655238,0.010928603468933186,0.306640625,,
3.3439700000006707,1291,,,,-0.0625,0.033203125,-1.08203125,0.0039556341780983785,0.09486900579628844,12.13650131225586,0.660400390625,1795,1795,8.014950207434595,0.7433561908647641,9.274620198828355,0.12762254079827473,0.011836505947134746,0.306640625,,
3.3677550000008196,1291,,,,-0.28125,0.109375,-0.9140625,0.00396554369265128,0.09191268485652594,12.133333206176758,0.7329643964767456,1796,1795,8.893301250716604,0.7453351765538794,8.380860554946587,0.12331725074548616,0.010335046825173026,0.310546875,,
3.399890000000596,1291,,,,-0.0859375,0.001953125,-0.9765625,0.004067047153299653,0.08850069038845419,12.137713432312012,0.7366071343421936,1793,1795,8.940726308842102,0.7645159832937184,8.550938222296725,0.11576041877786776,0.00989860189556745,0.3125,,
3.4234150000009684,1291,,,,-0.072265625,0.072265625,-0.958984375,0.004066852533561081,0.08725592367697524,12.13818359375,0.7262073755264282,1795,1795,8.814838451275136,0.7645681902611563,8.673649488727222,0.11412444931454829,0.009898754714484074,0.314453125,,
3.4471549999993294,1291,,,,-0.01171875,0.033203125,-0.98046875,0.004142270006208675,0.08197677914168505,12.137144088745117,0.7373046875,1795,1795,8.948773229494691,0.7788036493299988,8.702909654287613,0.10525988060303686,0.009160672311093307,0.314453125,,
3.472035000000149,1291,,,,-0.099609375,0.072265625,-1.025390625,0.004086797573022016,0.08368833336996861,12.132499694824219,0.7318115234375,1796,1795,8.878703084774315,0.7683885125470392,8.65428774011729,0.1089140870840978,0.009425738485779746,0.314453125,,
3.496769999999553,1291,,,,0.171875,0.01171875,-1.00390625,0.0041158014562682485,0.08174338538328275,12.137500762939453,0.777587890625,1797,1795,9.437973615713418,0.7738442316134381,8.199262501910937,0.10563286775796037,0.008661116115771611,0.314453125,,
3.519515000000596,1291,,,,0.07421875,-0.076171875,-0.93359375,0.004120675237704162,0.07979843739659691,12.134001731872559,0.7525634765625,1796,1796,9.131606527953409,0.7749146417239209,8.486071310144329,0.10297706753749367,0.008738707384327199,0.3125,,
3.5457050000000745,1291,,,,0.0625,0.0078125,-0.935546875,0.0041174740719908285,0.08880076807782859,12.134285926818848,0.7156807780265808,1795,1796,8.684275192902703,0.7743117113751482,8.916250281980481,0.11468348828164023,0.010225466847296798,0.3125,,
3.567875,1291,,,,0.037109375,-0.04296875,-0.98046875,0.0041871925240189916,0.09371315099277229,12.134502410888672,0.6781005859375,1796,1796,8.228413194883615,0.787385343723341,9.569103119577578,0.11901815513815271,0.011388969996188653,0.314453125,,
3.592550000000745,1291,,,,-0.03125,0,-0.939453125,0.004198658395624366,0.09093465386893534,12.1388578414917,0.7296317219734192,1796,1796,8.85689574967813,0.7894827215383228,8.913763285144386,0.11518257637323255,0.010267102203640594,0.314453125,,
3.6175500000007452,1291,,,,-0.009765625,-0.009765625,-1.171875,0.004311150845502983,0.08263250446291058,12.137500762939453,0.6915283203125,1795,1796,8.393425515387207,0.8106245655243719,9.6578514223817,0.10193683731933016,0.009844908292975848,0.3125,,
3.642405000001192,1291,,,,-0.13671875,0.064453125,-0.95703125,0.004217037745549741,0.09980361668822287,12.134500503540039,0.68603515625,1797,1796,8.324693948961794,0.792926766590494,9.524996011287394,0.1258673825798169,0.011988863170239403,0.314453125,,
3.667335000000894,1291,,,,0.099609375,0.05859375,-1,0.004004956639423533,0.09776975679357422,12.13657283782959,0.6842913031578064,1795,1796,8.304951243068047,0.7530490168096389,9.06747065418586,0.129831863014422,0.0117724660786155,0.3125,,
3.692315000001341,1291,,,,-0.037109375,0.02734375,-0.947265625,0.004099450345040725,0.09335750336092118,12.138500213623047,0.751953125,1795,1796,9.127583168447018,0.7708165476469595,8.444913986777811,0.12111507419749855,0.010228063841000879,0.314453125,,
3.714245000001043,1291,,,,0.0234375,0.115234375,-0.986328125,0.004119153394944378,0.10159296883597384,12.138999938964844,0.7098388671875,1796,1795,8.616733965463936,0.774454533587344,8.987796730076328,0.1311800298532516,0.0117901944336637,0.314453125,,
3.7408100000005216,1291,,,,0.046875,0.013671875,-0.94140625,0.004246042047997909,0.10202641438729242,12.134857177734375,0.7198660969734192,1796,1795,8.735472273865525,0.7983400597317164,9.139060084022724,0.12779818968570683,0.011679553341670078,0.314453125,,
3.7653100000005217,1291,,,,0.173828125,-0.052734375,-1.04296875,0.004237616024686053,0.09073460207601909,12.138668060302734,0.7411024570465088,1796,1796,8.995996724762335,0.7968284465644793,8.857589336055819,0.1138696823227393,0.01008610883841959,0.314453125,,
3.7921150000002237,1291,,,,-0.0234375,0.05078125,-1.005859375,0.0040974451624493265,0.07669763460639487,12.138285636901855,0.7087053656578064,1794,1796,8.602468160759429,0.7705212597061258,8.956978919386131,0.09953993305213549,0.008915770819850842,0.3125,,
3.814980000000447,1291,,,,0.134765625,-0.091796875,-0.94140625,0.004047676809998796,0.09195714081050733,12.13599967956543,0.6608073115348816,1796,1796,8.019557321041816,0.7611709819065968,9.491433896350198,0.12081009785760775,0.011466610578270826,0.3125,,
3.8435100000016393,1291,,,,-0.0625,-0.041015625,-1.013671875,0.003953926069945261,0.09900340951655782,12.13371467590332,0.7024274468421936,1796,1796,8.523054220506424,0.7435267235622016,8.72371223185792,0.13315380117373204,0.011615954440176638,0.3125,,
3.8679000000003727,1291,,,,-0.11328125,0.048828125,-0.95703125,0.004235877099732318,0.08991216692736335,12.138801574707031,0.73974609375,1795,1796,8.979631047695875,0.7965218087843705,8.870317773120018,0.11288098572540632,0.010012902139273788,0.314453125,,
3.892335000000894,1291,,,,-0.048828125,-0.029296875,-0.8984375,0.004142814828990826,0.08766714125130311,12.137715339660645,0.6752232313156128,1795,1796,8.195667372434741,0.7790179347447352,9.505240993123751,0.11253545950778329,0.010696766628933997,0.3125,,
3.9148500000014903,1291,,,,-0.13671875,0.107421875,-0.90234375,0.004183614076563724,0.10214866826074123,12.136500358581543,0.701904296875,1794,1796,8.518661750713363,0.7867473116135059,9.235574021325856,0.12983669184868135,0.01199116378252572,0.318359375,,
3.9422900000009684,1291,,,,-0.109375,0.119140625,-0.94140625,0.004088862142554274,0.09824765829887418,12.138285636901855,0.7449776530265808,1795,1796,9.0427515455454,0.7689467986473232,8.503460421027693,0.12776912326275955,0.010864796826942845,0.318359375,,
3.9676699999999254,1291,,,,-0.23828125,0.08203125,-0.986328125,0.004024167032950891,0.08658536812735125,12.137778282165527,0.6439887285232544,1797,1796,7.816592403028949,0.7567566435195174,9.681413645494326,0.11441639643183144,0.011077124616834211,0.322265625,,
3.998125,1291,,,,0.125,-0.03515625,-1.07421875,0.00408154078075105,0.08225462885406874,12.13800048828125,0.6787109375,1798,1796,8.238193690776825,0.7675418051834206,9.316870105187402,0.10716631758502357,0.00998454660590925,0.32421875,,
4.021150000000373,1291,,,,-0.009765625,0.0703125,-1.0546875,0.004122929426245237,0.09623602638121623,12.139201164245605,0.6953125,1796,1796,8.440538309514523,0.7752935894747591,9.185357154303965,0.12412849491818136,0.011401645588497007,0.322265625,,
4.045865000000224,1291,,,,0.1484375,-0.060546875,-0.990234375,0.0044778871280423925,0.08882299605481929,12.138285636901855,0.6696428656578064,1796,1796,8.12831637806795,0.8424151171343596,10.363955805256147,0.10543851154638363,0.0109276007383871,0.3203125,,
4.0686050000004474,1291,,,,0.0234375,-0.0390625,-0.970703125,0.004243494138634038,0.09819208835639744,12.140000343322754,0.6622314453125,1798,1797,8.039489973452874,0.7986254524342089,9.933782554258325,0.12295136356737457,0.012213721104278584,0.31640625,,
4.0922800000011925,1291,,,,0,-0.083984375,-0.8984375,0.003977442739589989,0.0980920624599393,12.13942813873291,0.7149832844734192,1799,1798,8.679488202260302,0.7488829172751337,8.628192121744119,0.13098451065869493,0.011301595229358604,0.3125,,
4.1145,1291,,,,-0.0234375,-0.0078125,-0.892578125,0.0038762717060764535,0.0917126330636097,12.138287544250488,0.6787109375,1797,1797,8.238388518802822,0.729641935599346,8.856609929648904,0.1256953974119849,0.011132351048301507,0.3125,,
4.136105000000447,1291,,,,0.078125,0.048828125,-1.048828125,0.004052907472015785,0.08848957639995884,12.1388578414917,0.6821986436843872,1797,1797,8.281112355343225,0.7627267086281471,9.210437872347097,0.11601740885554887,0.010685711363747248,0.3125,,
4.160634999999776,1291,,,,0.01171875,-0.11328125,-1.09765625,0.004114282967123948,0.08848957639995884,12.147429466247559,0.6577845811843872,1794,1797,7.990391803922535,0.774029226628884,9.686999656874248,0.11432330118250954,0.011074497793277013,0.3125,,
4.182175000000745,1291,,,,0,0.111328125,-1.037109375,0.003991274167717298,0.09874778778116482,12.14000129699707,0.6500244140625,1796,1796,7.891297229798511,0.7506584801480186,9.512485188283616,0.13154822118534282,0.012513505055706304,0.3125,,
4.334150000000372,1291,,,,-0.1484375,0.052734375,-0.921875,0.003980535332002031,0.09890338362009969,12.140572547912598,0.7184709906578064,1796,1796,8.722649185651733,0.7486370441646227,8.582679736748883,0.132111260578165,0.011338686391605683,0.310546875,,
4.369605000000447,1291,,,,-0.068359375,-0.009765625,-0.9296875,0.004201270337865548,0.09508572857194775,12.138720512390137,0.692187488079071,1797,1796,8.402270459965223,0.7902274047712804,9.404927019863523,0.12032704509845353,0.011316670776667823,0.3125,,
4.398605000000447,1291,,,,-0.125,0.12890625,-1.001953125,0.004308602487243706,0.08481456244790186,12.137333869934082,0.7499186396598816,1798,1798,9.102012904838773,0.8113186339954128,8.91361770717885,0.10453915255246239,0.009318220412850999,0.314453125,,
4.421030000001192,1291,,,,0.05078125,-0.05859375,-1.005859375,0.004131994248898139,0.09327970544145373,12.137777328491211,0.7991536259651184,1799,1799,9.69994876322096,0.778316840061879,8.023927332616461,0.11984798560190174,0.009616515274301234,0.310546875,,
4.445365000000224,1291,,,,-0.03125,0.03125,-0.92578125,0.004323635907054027,0.08539988759825218,12.134858131408691,0.7826451063156128,1802,1800,9.497287332381234,0.815193224170155,8.58343225428943,0.10476030107486109,0.008992029472150345,0.30859375,,
4.467700000001118,1291,,,,-0.1484375,-0.01171875,-0.888671875,0.00583887931050242,0.08391061313987558,12.13550090789795,0.7220458984375,1812,1803,8.762388656032272,1.1025171494784487,12.582381274761708,0.0761082158037813,0.00957622589385021,0.30859375,,
4.495485000001267,1291,,,,-0.048828125,-0.029296875,-0.95703125,0.004308546593652308,0.09002330681231684,12.138667106628418,0.67626953125,1810,1808,8.209010714199394,0.8157375294983342,9.93709909632992,0.11035817717946575,0.010966401427226862,0.310546875,,
4.518570000000298,1291,,,,-0.162109375,-0.01171875,-0.8046875,0.003354799310136311,0.09206088294686861,12.134800910949707,0.67431640625,1806,1809,8.182695340830833,0.6355305554162711,7.766763015665965,0.144856737669472,0.011250679527012817,0.310546875,,
4.544929999999702,1291,,,,0.037109375,-0.080078125,-0.947265625,0.003555035865575423,0.08780050911324729,12.1388578414917,0.6689453125,1802,1806,8.12023205216974,0.6724416817276994,8.281064844052354,0.13056970068789028,0.010812561580649267,0.3125,,
4.56884500000067,1291,,,,-0.07421875,-0.005859375,-0.98828125,0.003792596484542272,0.08965654519197035,12.138500213623047,0.684814453125,1800,1803,8.312620385549963,0.716071250560979,8.61426622832126,0.12520617902440898,0.01078559359547112,0.310546875,,
4.592870000001043,1291,,,,-0.25,0.201171875,-1.0859375,0.003950522709165046,0.09137921340874927,12.135499954223633,0.7476806640625,1801,1800,9.073478664504364,0.7448185746162628,8.208743329391497,0.12268653941106217,0.010071023119966837,0.314453125,,
4.614410000000149,1291,,,,-0.015625,0.037109375,-1.044921875,0.004981922959210065,0.09137921340874927,12.1388578414917,0.6926618218421936,1806,1803,8.408123387571038,0.9404673066001693,11.185222471763156,0.09716362575014877,0.010867967701785494,0.31640625,,
4.640050000000745,1291,,,,-0.111328125,0.0625,-1.09375,0.006071499774393571,0.08258804850892919,12.136571884155273,0.6821986436843872,1811,1806,8.279552878348795,1.1480123280016181,13.865631935314942,0.07194003626484818,0.00997494064261594,0.314453125,,
4.667785000000149,1291,,,,-0.13671875,0.12890625,-0.8515625,0.003580428324147462,0.0786092406275947,12.138999938964844,0.73486328125,1809,1809,8.920505326241255,0.6782452611406862,7.60321569615016,0.11590090654726896,0.008812195918582282,0.314453125,,
4.692894999999553,1291,,,,0.01953125,0.0234375,-1.04296875,0.003440668744641324,0.08243616890989745,12.137779235839844,0.6982421875,1805,1808,8.475109525024891,0.6513593184271439,7.685556351854118,0.1265602050630955,0.009726855879146333,0.310546875,,
4.7179550000000745,1291,,,,0.01171875,-0.068359375,-1.021484375,0.0035748744574382167,0.08962320322648432,12.13650131225586,0.682373046875,1800,1804,8.281621378846467,0.6754291836459915,8.1557602400325,0.13269074744845194,0.010821939222602783,0.30859375,,
4.745070000000298,1291,,,,-0.0234375,0.138671875,-1.05078125,0.003862145998190435,0.09273512000518169,12.13800048828125,0.7562255859375,1798,1801,9.17906653136015,0.7284809188791987,7.936328998056111,0.12729931231123928,0.010102892237282897,0.306640625,,
4.767865000000223,1291,,,,0.0859375,-0.048828125,-1.0546875,0.004259588558543067,0.09799203656348118,12.139111518859863,0.7432725429534912,1799,1799,9.022668287818988,0.8024936706476887,8.89419454476778,0.12210941985921495,0.010860649359765879,0.306640625,,
4.7927599999997765,1291,,,,0,0.076171875,-1.056640625,0.004235469914918985,0.10898377118538011,12.13466739654541,0.7014973759651184,1795,1798,8.51243733688608,0.7972918709743916,9.366199590328469,0.13669243993694322,0.012802886749383962,0.30859375,,
4.814335000000894,1291,,,,0.07421875,-0.076171875,-0.96484375,0.003928129221239457,0.1085169836685755,12.140000343322754,0.7427978515625,1796,1797,9.017566172988154,0.7390149482586371,8.195281676693806,0.1468400387898476,0.01203395479299446,0.30859375,,
4.837474999999627,1291,,,,-0.0625,-0.046875,-0.78125,0.003940318355917519,0.08064310052224333,12.1388578414917,0.7310267686843872,1797,1796,8.873830023384812,0.7411271358709607,8.351829299388214,0.1088114260281036,0.00908774456009729,0.30859375,,
4.860165000000968,1291,,,,-0.125,0.130859375,-0.978515625,0.004052101905629763,0.08905638981322159,12.136571884155273,0.7407923936843872,1796,1796,8.990680137186018,0.7619924478995761,8.475359330690983,0.11687306095841837,0.009905411877003471,0.30859375,,
4.881464999999851,1291,,,,-0.03125,0.029296875,-1.056640625,0.004097426717564166,0.09193491283351664,12.13550090789795,0.7342529296875,1794,1796,8.910527094849385,0.7704882123256128,8.646943150770324,0.11932033659025586,0.010317561672267226,0.30859375,,
4.903555000001565,1291,,,,-0.01171875,-0.03125,-1.109375,0.004116677728047389,0.0902455865822238,12.133999824523926,0.7666015625,1795,1796,9.301943224854767,0.7740868430335162,8.321775615283892,0.11658328441362796,0.009701799333830358,0.30859375,,
4.925280000001192,1291,,,,-0.015625,0.009765625,-0.970703125,0.0040752607165555664,0.09409102660161411,12.137144088745117,0.6968470811843872,1796,1796,8.457733432156374,0.7662736082163663,9.060034988842135,0.12279037877948998,0.01112485128035358,0.30859375,,
4.946439999999479,1291,,,,0,0.0078125,-1.072265625,0.0042185797100024285,0.0941799385095769,12.141143798828125,0.7575334906578064,1797,1796,9.19732304250465,0.7933510550591062,8.625890940143142,0.11871155638982582,0.010239929387532903,0.306640625,,
4.9693100000005215,1291,,,,0.0234375,0.109375,-0.984375,0.004645260347749252,0.0979031246555184,12.135428428649902,0.7784598469734192,1797,1796,9.446943757523684,0.8738288265923089,9.249857403844274,0.11203924804965927,0.010363470680932858,0.306640625,,
4.994960000000894,1291,,,,0,0.0078125,-1.05078125,0.004461871098895297,0.10709439314117099,12.134857177734375,0.7163783311843872,1797,1797,8.693148734146234,0.8398161875884687,9.660667420651789,0.12752122991186016,0.012319401912509539,0.302734375,,
5.018810000000522,1291,,,,0.0859375,0.03125,-0.986328125,0.004112981345114271,0.0909457678574307,12.139501571655273,0.704345703125,1798,1798,8.550405770074576,0.7742923770848639,9.055621427871843,0.11745662303926166,0.010636427124398036,0.30078125,,
5.043789999999106,1291,,,,0.07421875,0.021484375,-1.06640625,0.003998500510415147,0.0857555352301033,12.136000633239746,0.723876953125,1796,1797,8.784971161512658,0.7525874560235466,8.566760689217343,0.11394760109769916,0.00976161829714388,0.30078125,,
5.067800000000745,1291,,,,0.07421875,-0.00390625,-0.853515625,0.003918974270170426,0.0817767273487688,12.137715339660645,0.7010323405265808,1797,1797,8.508930993207684,0.7373792011712975,8.665944074054845,0.11090186327315679,0.009610693448336538,0.298828125,,
5.095300000000745,1291,,,,0.111328125,-0.060546875,-1.017578125,0.0039214166803805345,0.09197936878749803,12.139500617980957,0.712890625,1796,1796,8.65413618274033,0.7376099768580849,8.52320741530694,0.12469919289770498,0.010628370855885097,0.298828125,,
5.120575000001118,1291,,,,-0.072265625,0,-1.01953125,0.004033085648230411,0.09076794404150514,12.139111518859863,0.7552083134651184,1796,1796,9.16755793712315,0.7585150290567323,8.273904940215303,0.119665320480705,0.009900994862977526,0.294921875,,
5.147474999999628,1291,,,,0.0625,0.033203125,-1.04296875,0.004173212698406521,0.0986699898616974,12.136500358581543,0.6787109375,1796,1796,8.237175536341965,0.7847369645876222,9.526772388489306,0.12573638596666373,0.011978619300556463,0.296875,,
5.171615000002086,1291,,,,-0.07421875,0.02734375,-0.943359375,0.00427764414484027,0.0999258705616717,12.135501861572266,0.68359375,1796,1796,8.295753225684166,0.8043179551571197,9.695538587947643,0.12423677716128026,0.012045424670094455,0.294921875,,
5.193759999999776,1291,,,,0.01171875,0.041015625,-0.974609375,0.004136760015968677,0.08206569104964784,12.137001037597656,0.697021484375,1796,1796,8.459750479087234,0.7778696282521727,9.19494765448568,0.10550057242117117,0.009700722409309446,0.29296875,,
5.218150000000373,1291,,,,0.0234375,0.037109375,-0.955078125,0.003989142106673428,0.08097652017710376,12.135334014892578,0.6087239384651184,1796,1796,7.387068316135128,0.7501507155404161,10.154917802802869,0.10794700118197909,0.010961929240620616,0.291015625,,
5.242740000000223,1291,,,,-0.15625,0.013671875,-1.0234375,0.004118468838183732,0.08748931743537754,12.135499954223633,0.712890625,1795,1796,8.651284147053957,0.774406048068313,8.951342192731277,0.11297602550188218,0.010112870638420828,0.291015625,,
5.264554999999702,1291,,,,-0.162109375,0.130859375,-0.892578125,0.0041455758326719005,0.0880339028716496,12.137500762939453,0.716552734375,1795,1795,8.697159360162914,0.779415140063446,8.961720807756317,0.11294866926049633,0.010122144395201763,0.291015625,,
5.290290000000969,1291,,,,-0.046875,0.060546875,-1.033203125,0.004026063456875143,0.08857848830792163,12.136000633239746,0.7219586968421936,1796,1796,8.761691202049803,0.7571554157943701,8.64165830926834,0.11698851577914086,0.010109747794717832,0.29296875,,
5.317150000000373,1291,,,,0.0859375,-0.03515625,-0.9921875,0.004081748425443092,0.0895009493530355,12.137500762939453,0.673828125,1797,1796,8.178589381277561,0.7677403778821753,9.387197988441475,0.11657710331704237,0.01094332349756074,0.29296875,,
5.342945000000298,1291,,,,0.14453125,0.03125,-1.134765625,0.004195039145847378,0.09032338450169122,12.13800048828125,0.7086181640625,1795,1796,8.601207621395588,0.7890788410691613,9.174047131548365,0.11446686921589189,0.010501244531873748,0.291015625,,
5.364919999999925,1291,,,,0.111328125,-0.201171875,-1.072265625,0.004275193490325431,0.09289811359270878,12.138667106628418,0.6987847089767456,1797,1796,8.482314961470934,0.8041164217390294,9.479917043773462,0.11552818855732587,0.01095197643740868,0.2890625,,
5.391259999999776,1291,,,,-0.125,-0.017578125,-0.8984375,0.004133227960194268,0.09184600092555388,12.137333869934082,0.7210286259651184,1797,1796,8.751365163118464,0.7774413472672642,8.88365795251801,0.11813881683601735,0.010495048396863542,0.2890625,,
5.415070000000298,1291,,,,0,-0.00390625,-1.00390625,0.004126734288377543,0.09187934289103991,12.139554977416992,0.6911892294883728,1794,1796,8.390729651172592,0.7762004244153073,9.250690424840878,0.11837064242814652,0.010950101684923183,0.2890625,,
5.440570000000298,1291,,,,0.048828125,-0.029296875,-0.90234375,0.0039685045159216035,0.08814504275660305,12.1388578414917,0.6849888563156128,1796,1796,8.314982349821207,0.7463940420499094,8.976495807786756,0.11809451548476993,0.010600749231716456,0.291015625,,
5.467509999999776,1291,,,,-0.111328125,-0.017578125,-0.90234375,0.003955309017130421,0.09395765873966994,12.134500503540039,0.677490234375,1796,1796,8.221005590166897,0.7438216247535394,9.047818014419315,0.12631746054815524,0.011428973950833,0.2890625,,
5.636175000000745,1291,,,,-0.037109375,0.17578125,-1.0859375,0.0040060944635169436,0.09103467976539349,12.138667106628418,0.6754557490348816,1798,1796,8.199132482792777,0.7533200977076625,9.18780248140432,0.12084461843300097,0.011102964851030848,0.291015625,,
5.659030000001192,1291,,,,-0.029296875,0,-0.974609375,0.0040395897732403985,0.0884340064574821,12.13817310333252,0.6930167078971863,1796,1796,8.411956763957676,0.7596527084001793,9.030630205507336,0.11641373153756432,0.010512893603589504,0.2890625,,
5.680710000000894,1291,,,,0.07421875,0.0234375,-1.09765625,0.003939501331345263,0.09801426454047188,12.140571594238281,0.7449776530265808,1797,1796,9.04445453267681,0.7408250785586515,8.190931535805907,0.13230419349621414,0.010836945908275072,0.28515625,,
5.714230000000447,1291,,,,-0.0625,0.09375,-1.04296875,0.003973674393657946,0.09329081942994909,12.138667106628418,0.7430012822151184,1799,1796,9.019045224607396,0.7472351929823575,8.28508089685164,0.12484800007559561,0.010343757804364495,0.28515625,,
5.8761000000014905,1291,,,,-0.16015625,0.107421875,-1.01171875,0.004167101013655124,0.08836732252651001,12.137818336486816,0.6911399364471436,1795,1796,8.388930993686472,0.7835598848340704,9.340402077735282,0.11277673121974974,0.010533800146051441,0.2890625,,
5.898685000000522,1291,,,,0,-0.029296875,-0.96875,0.004126298586915881,0.09100817984907489,12.137744903564453,0.7083629369735718,1795,1796,8.597928628124919,0.7759016399360587,9.02428565640782,0.11729344953643193,0.010584895942422172,0.2890625,,
5.925464999999851,1291,,,,0.01171875,0.095703125,-1.044921875,0.004251668716109951,0.0859889289885056,12.133999824523926,0.6722005009651184,1795,1796,8.156480760755642,0.799444615326405,9.801342500222388,0.10756083328348795,0.010542405666207852,0.29296875,,
5.948949999999255,1291,,,,0.09375,0.025390625,-1.01953125,0.004124062389342872,0.08438851464517552,12.138667106628418,0.7188584804534912,1795,1796,8.725983791001681,0.7754965973800109,8.887211069309004,0.10881867816090912,0.009670945610992056,0.29296875,,
5.97422000000067,1291,,,,-0.078125,0.0078125,-0.951171875,0.0039373600478588115,0.09273512000518169,12.136571884155273,0.7652064561843872,1795,1796,9.286983161701528,0.74044181875471,7.9728993351491,0.1252429531345832,0.009985494577788282,0.291015625,,
5.996605000000447,1291,,,,-0.125,-0.015625,-0.8046875,0.004160859795505662,0.09126807352379579,12.136001586914062,0.7427978515625,1797,1796,9.014595905318856,0.7825369136574856,8.680776397262218,0.11663101373354968,0.010124477512069636,0.29296875,,
6.021555000001564,1291,,,,-0.13671875,0.05859375,-0.953125,0.004073358517906319,0.09210162266094687,12.137500762939453,0.751953125,1794,1796,9.126831628382206,0.7659017383947223,8.391759260825586,0.12025253115887369,0.010091302919901957,0.29296875,,
6.048865000000223,1291,,,,0.0234375,0.005859375,-1.060546875,0.004028699119177508,0.09638050823165574,12.13700008392334,0.7757568359375,1795,1795,9.415360782877542,0.7574742375568647,8.045089880510812,0.12723932175240524,0.010236517798333346,0.291015625,,
6.073294999999925,1291,,,,0.0859375,0,-1.12109375,0.004167965408046092,0.0854999134947103,12.135000228881836,0.72998046875,1796,1795,8.85831315536052,0.7836536388935211,8.846533478208556,0.10910421294722987,0.009651940724512644,0.2890625,,
6.0964150000009685,1291,,,,0.048828125,-0.033203125,-1.03515625,0.0043533676645942385,0.0867335662176939,12.135000228881836,0.689697265625,1796,1795,8.369476476218551,0.8185116833880972,9.779723806069079,0.10596497029666611,0.010363081426197086,0.287109375,,
6.118655000001192,1291,,,,-0.0234375,-0.076171875,-0.90625,0.004173339856326949,0.0939243167741839,12.1371431350708,0.791015625,1796,1795,9.600669862702489,0.7846291662221554,8.172650215484968,0.11970535995547062,0.009783100358347827,0.283203125,,
6.14585000000149,1291,,,,0.03125,-0.103515625,-0.994140625,0.004091395379850403,0.09616934245024414,12.137713432312012,0.6773158311843872,1795,1795,8.221065462084312,0.7692122465810627,9.356600432494815,0.12502315567347044,0.011697917124462604,0.283203125,,
6.169134999999777,1291,,,,0.0625,0.029296875,-0.974609375,0.004180103959023939,0.09437999030249315,12.132444381713867,0.7524956464767456,1796,1796,9.129611578360937,0.7860439620266623,8.609829183639626,0.12006960788701004,0.010337788140537457,0.28515625,,
6.195180000001565,1291,,,,0.048828125,-0.03515625,-1.04296875,0.004721614626682142,0.0902233586052331,12.138285636901855,0.6459263563156128,1803,1797,7.840438613362153,0.8885183611319276,11.332508357602093,0.10154360624612538,0.01150743766445272,0.28515625,,
6.221455000000074,1291,,,,0.2109375,-0.08203125,-1.029296875,0.006227465251830107,0.08719295598590629,12.142223358154297,0.6917317509651184,1812,1805,8.399161424145632,1.1767953830274407,14.01086755690191,0.07409355716674587,0.010381150162830168,0.287109375,,
6.245685000000521,1291,,,,0.125,-0.064453125,-1.037109375,0.003172742983703218,0.0757974015382717,12.140000343322754,0.726318359375,1808,1809,8.81750513217412,0.6009241000984481,6.815126173340589,0.12613473403022774,0.00859624127256759,0.28515625,,
6.268380000000819,1291,,,,-0.01171875,0.056640625,-0.89453125,0.0033749706086018995,0.08488864412746618,12.13949966430664,0.7318115234375,1807,1810,8.883825743105263,0.6397655597334831,7.201464529288018,0.13268711145193487,0.00955541526614795,0.28515625,,
6.295425000000745,1291,,,,-0.171875,0.1796875,-0.962890625,0.0038926875141360212,0.08488864412746618,12.141715049743652,0.6968470811843872,1805,1807,8.46091869298641,0.7364694783865924,8.704367753788734,0.11526430710127253,0.010033029178951186,0.287109375,,
6.319474999999628,1291,,,,-0.103515625,-0.04296875,-0.923828125,0.0037824023318751765,0.0927202897767832,12.136890411376953,0.6825087070465088,1800,1804,8.283533382234054,0.7145595227122462,8.626264780254084,0.12975866506522193,0.0111933260238491,0.291015625,,
6.345699999999255,1291,,,,-0.01171875,-0.0625,-0.984375,0.003831309364082267,0.09600263262281393,12.141143798828125,0.7345145344734192,1801,1802,8.91784658537108,0.7228458401319204,8.10560972553266,0.13281204275214933,0.01076522585399681,0.291015625,,
6.368790000000969,1291,,,,0.037109375,-0.009765625,-1.1484375,0.0037989719870450667,0.09477269613973346,12.136444091796875,0.7345920205116272,1797,1800,8.915334987219467,0.7159731787006754,8.030805120918677,0.13236905928756135,0.010630301191777356,0.291015625,,
6.397259999999776,1291,,,,-0.0625,-0.00390625,-1.013671875,0.003938774155721176,0.08702252991857294,12.141143798828125,0.7233538031578064,1797,1798,8.782342541568141,0.7416352486600245,8.444617653544642,0.11733871883220755,0.009908806164947711,0.29296875,,
6.419415000000969,1291,,,,-0.09375,-0.044921875,-0.8671875,0.003902152255435375,0.08399212729924614,12.138223648071289,0.7421875,1797,1797,9.00883786380291,0.7343107851320132,8.1510045605598,0.11438226020900152,0.009323303246107091,0.294921875,,
6.44544500000216,1291,,,,-0.125,-0.08984375,-0.798828125,0.003997669232977083,0.0872448096884799,12.139429092407227,0.7289341688156128,1798,1796,8.84884465536993,0.7520626656682429,8.498992749430322,0.11600736703364846,0.009859457712994802,0.294921875,,
6.467785000000149,1291,,,,0.041015625,0.146484375,-1.001953125,0.004010070204366543,0.0872448096884799,12.136000633239746,0.7269287109375,1794,1796,8.822007296257652,0.7543013622484036,8.550223740671612,0.11566306791283346,0.009889451091872217,0.296875,,
6.492070000000298,1291,,,,-0.099609375,0.029296875,-0.98828125,0.003943050434665046,0.08736706356192872,12.134285926818848,0.7924107313156128,1796,1796,9.615338385263271,0.7416785732954968,7.713494248233775,0.11779639685926353,0.009086218296365925,0.296875,,
6.515240000000223,1291,,,,0.099609375,0.037109375,-1.1640625,0.00391844118504247,0.08684470610264738,12.138001441955566,0.7305908203125,1795,1796,8.867912430432625,0.7368234434407279,8.3088714420783,0.11786365767233276,0.009793139792925383,0.294921875,,
6.539755000000819,1291,,,,-0.046875,0.013671875,-0.91015625,0.004097066483367606,0.0941799385095769,12.137144088745117,0.7526506781578064,1796,1796,9.135029729293024,0.7703758260597983,8.433205461712483,0.12225193901952272,0.010309757198443804,0.294921875,,
6.567450000001117,1291,,,,-0.125,0.173828125,-0.98046875,0.004402172271795091,0.09379094891223973,12.136001586914062,0.703125,1798,1796,8.53312611579895,0.8279437345505193,9.702701252915908,0.11328179077670986,0.010991393733017404,0.294921875,,
6.592360000001267,1291,,,,0.125,-0.076171875,-1.078125,0.004193618470488023,0.0928796018556212,12.136890411376953,0.7345920205116272,1796,1797,8.91566285002159,0.7892789345129742,8.852722986390885,0.11767652447601774,0.010417576731874321,0.296875,,
6.614665000000969,1291,,,,-0.111328125,0.1171875,-0.990234375,0.003952794783655368,0.08831175258403329,12.135499954223633,0.7147216796875,1799,1798,8.673504911130294,0.7440683903433997,8.578635718399978,0.118687682113839,0.010181783891158813,0.296875,,
6.640150000000372,1291,,,,-0.19921875,0.05859375,-0.98046875,0.0038835940460175285,0.08073201243020611,12.13657283782959,0.7380022406578064,1797,1797,8.95681794822491,0.7309909831396035,8.16127990280827,0.1104418717772173,0.009013470285639315,0.30078125,,
6.664945000000298,1291,,,,-0.01171875,-0.025390625,-0.9765625,0.003979852452049128,0.07847587276565052,12.137500762939453,0.645751953125,1796,1797,7.8378148237243295,0.7487596282577411,9.5531681354772,0.10480783125053482,0.010012468338510808,0.30078125,,
6.6900500000007455,1291,,,,0.037109375,0.01171875,-1.015625,0.004081321258670834,0.08885633802030532,12.137001037597656,0.6768798828125,1796,1796,8.215291840024292,0.7676527407148592,9.344193190738666,0.11575069469244631,0.010815968531684272,0.296875,,
6.714785000000149,1291,,,,-0.125,0.0078125,-0.951171875,0.004129170784128677,0.08848957639995884,12.142001152038574,0.7073974609375,1795,1796,8.589220785652287,0.7766014366985213,9.041581955790233,0.11394464678837662,0.010302398623606775,0.298828125,,
6.742929999999702,1291,,,,-0.25,0.234375,-1.08984375,0.004107376615236852,0.08723369569998454,12.136500358581543,0.7379150390625,1794,1796,8.955706136184745,0.772484084335068,8.625607769932445,0.11292620452507159,0.00974057147180438,0.3046875,,
6.765680000001565,1291,,,,0.05078125,-0.041015625,-1.017578125,0.004137301904337278,0.08806724483713563,12.136890411376953,0.7009548544883728,1797,1796,8.50741225224806,0.7780800676074784,9.14590764544028,0.1131853243689097,0.010351825234972493,0.306640625,,
6.7924749999996274,1291,,,,-0.07421875,0.107421875,-1.0390625,0.004299255681422201,0.08554436944869169,12.135429382324219,0.6319754719734192,1799,1797,7.669293711494447,0.8089727052667385,10.548203468257851,0.10574444464165893,0.011154139177181471,0.3046875,,
6.81497500000149,1291,,,,0,-0.037109375,-1.03125,0.004083118936304167,0.08406620897881044,12.135499954223633,0.6640625,1798,1797,8.058730438351631,0.7685407586652951,9.53674731453725,0.10938419079400037,0.010431693878075132,0.3046875,,
6.842775000000373,1291,,,,0.03125,0.013671875,-0.908203125,0.004083674518602662,0.08378835926642673,12.141000747680664,0.70068359375,1798,1798,8.507000035606325,0.7687431423515317,9.036595029198688,0.1089939599462624,0.009849342766630756,0.30078125,,
6.865554999999702,1291,,,,0.03125,-0.1875,-0.8984375,0.004150111877081793,0.08351050955404304,12.137500762939453,0.694580078125,1799,1797,8.430466228164732,0.7811567903302822,9.26587888722657,0.10690620703525323,0.009905799666814255,0.30078125,,
6.901480000000447,1291,,,,-0.109375,0.1015625,-0.755859375,0.004076316267029115,0.0802874528903922,12.14000129699707,0.6689453125,1799,1798,8.12099696137011,0.7675873100982065,9.451885202635331,0.10459716026326711,0.009886403513300506,0.302734375,,
6.926070000002161,1291,,,,0.0625,0.03125,-1.078125,0.004251999047235112,0.08733372159644269,12.138545989990234,0.693359375,1800,1799,8.416374661028385,0.8011145756201588,9.518523210827116,0.10901526979313278,0.010376643758605144,0.3046875,,
6.948185000000522,1291,,,,-0.0859375,0.00390625,-0.8828125,0.003956952084574909,0.09164594913263761,12.137001037597656,0.6805419921875,1799,1799,8.259738865308464,0.7455832962918749,9.026717532480136,0.12291845805617511,0.011095502004011002,0.302734375,,
6.970035000000149,1291,,,,0.125,0.037109375,-1.064453125,0.004049771282602452,0.09414659654409084,12.138285636901855,0.7254464030265808,1798,1799,8.80567565419966,0.7629543649887195,8.664347801918487,0.1233974151854847,0.010691581230247769,0.3046875,,
6.9951099999994035,1291,,,,0.234375,-0.1640625,-1.16015625,0.004027368711968261,0.08831175258403329,12.13942813873291,0.625,1796,1798,7.587142586708069,0.7583048684106138,9.994604157553196,0.11645942979257444,0.011639659011911392,0.3046875,,
7.019515000000596,1291,,,,0.099609375,-0.005859375,-0.984375,0.00409207322938008,0.09091242589194465,12.141000747680664,0.667724609375,1799,1797,8.106844981666654,0.7700856383587594,9.499202712032623,0.11805495566142649,0.011214279549879134,0.30859375,,
7.049365000000224,1291,,,,0.07421875,-0.056640625,-1.0234375,0.0040077362277237474,0.08361053545050119,12.139500617980957,0.706787109375,1795,1797,8.580042551038787,0.7539956104936716,8.787784046623234,0.11088994987087254,0.009744769324061039,0.306640625,,
7.075990000002086,1291,,,,-0.009765625,-0.091796875,-0.86328125,0.004095661458213843,0.0803615345699565,12.137778282165527,0.7210286259651184,1795,1796,8.751685597059065,0.7703207895817168,8.8019705579983,0.10432216766938447,0.009182406483724844,0.3046875,,
7.098925000000745,1291,,,,0.05078125,0.11328125,-1.005859375,0.004052454314723526,0.08362164943899653,12.139001846313477,0.6805419921875,1797,1796,8.261100499657914,0.7620548606539387,9.224616752761872,0.10973179721895437,0.01012233774936635,0.302734375,,
7.277634999999776,1291,,,,0,0.01171875,-1.056640625,0.00436093425952972,0.0792871939258109,12.14000129699707,0.6780133843421936,1795,1795,8.231083365295603,0.8199564843813045,9.961707930677207,0.0966968314003112,0.009632655922318368,0.302734375,,
7.32650500000082,1291,,,,-0.015625,-0.02734375,-1.001953125,0.004319420756267389,0.09239853980984289,12.138096809387207,0.7472304105758667,1796,1796,9.06995506248802,0.8123674197350996,8.956686269537652,0.11373983934507444,0.010187320573614465,0.30078125,,
7.347550000000745,1291,,,,0.01171875,0.03515625,-1.03515625,0.0038497835235120482,0.08459968042658712,12.13375186920166,0.72906494140625,1797,1799,8.846293095557485,0.7253636247273035,8.199633641932728,0.11663071808762387,0.009563291597140524,0.298828125,,
7.369824999999255,1291,,,,-0.0625,0.10546875,-0.99609375,0.004117570767903948,0.09424662244054899,12.135333061218262,0.7576497197151184,1799,1798,9.194331692481626,0.7753180076615911,8.432565123744478,0.12155866561748366,0.0102505136417491,0.298828125,,
7.395375,1291,,,,0.0859375,-0.1015625,-0.98046875,0.0041406812308731914,0.09234613040784452,12.136571884155273,0.7498604655265808,1797,1797,9.100735442949485,0.7791829552296989,8.561758114102162,0.11851662024693722,0.010147106350551794,0.298828125,,
7.418150000002235,1291,,,,-0.19921875,0.138671875,-0.9609375,0.004190593509321571,0.09044563837514004,12.136499404907227,0.7574462890625,1797,1797,9.192746436456218,0.7883738918707865,8.576043050032203,0.1147242942818862,0.009838804866460193,0.298828125,,
7.445035000000149,1291,,,,-0.099609375,0.14453125,-1.05078125,0.0041780585330467345,0.08414400689827788,12.137001991271973,0.7232666015625,1797,1796,8.778288183384575,0.785941755124297,8.953246221876343,0.10706137744898217,0.009585468731539768,0.302734375,,
7.468150000000373,1291,,,,-0.13671875,-0.1015625,-0.87109375,0.004012595756293855,0.08551102748320565,12.136001586914062,0.712890625,1795,1796,8.651641756296158,0.75480408407451,8.724402897579617,0.11328903656907674,0.009883791989072563,0.302734375,,
7.492620000001043,1291,,,,0.015625,0.060546875,-1.056640625,0.004053380611266967,0.0939465447511746,12.136499404907227,0.721435546875,1796,1796,8.755702085327357,0.7623983184149008,8.707449282593954,0.12322501569323825,0.01072975574495716,0.3046875,,
7.5178250000011175,1291,,,,-0.111328125,0.08203125,-0.97265625,0.004160964456255555,0.091690405086619,12.136502265930176,0.70068359375,1794,1796,8.503848023246974,0.7825092097973839,9.201824958045323,0.11717485741843282,0.010782225274483373,0.3046875,,
7.542265000000596,1291,,,,-0.1875,0.23046875,-1.16796875,0.004060146390771697,0.08576664921859864,12.136000633239746,0.748291015625,1795,1796,9.081260239472613,0.7635562902393865,8.408043268273628,0.11232524741785506,0.009444355404088658,0.306640625,,
7.56463000000082,1291,,,,0.125,-0.107421875,-1.05859375,0.004127336496192979,0.09224610451138639,12.1371431350708,0.6640625,1800,1796,8.059821613132954,0.7763131644106415,9.631890154314208,0.11882589235932568,0.011445179426933887,0.306640625,,
7.589885000001639,1291,,,,0.0859375,-0.0234375,-1.02734375,0.004664748905995915,0.08607784089646839,12.137715339660645,0.68359375,1802,1798,8.297266345471144,0.8784216401450923,10.586880106898784,0.09799148491179085,0.01037424102258111,0.306640625,,
7.616560000000521,1291,,,,-0.037109375,-0.01171875,-1.078125,0.003985154518129128,0.0843329447026988,12.137001037597656,0.6671142578125,1795,1799,8.096766439266503,0.7507231739264995,9.27188871702848,0.11233560869263311,0.010415632627577514,0.306640625,,
7.788300000000745,1291,,,,0.01171875,0.041015625,-1.017578125,0.003944086562115584,0.08681136413716133,12.138221740722656,0.6499565839767456,1802,1799,7.889317138152364,0.7431178136424536,9.419291944150286,0.11682045907586071,0.011003660090851929,0.3046875,,
7.819810000000522,1291,,,,0.02734375,-0.01171875,-0.951171875,0.004139420226037713,0.08996138105766932,12.13943862915039,0.6941303610801697,1797,1797,8.42635291896272,0.7789211398066337,9.243870358832757,0.1154948510962254,0.010676194306462007,0.310546875,,
7.850794999999925,1291,,,,-0.09375,-0.044921875,-0.97265625,0.004187595377078992,0.09685840973695571,12.140400886535645,0.611328125,1796,1796,7.421768510714173,0.7874278085508938,10.609705859380437,0.12300608218955918,0.013050583509459975,0.30859375,,
7.873705000000075,1291,,,,-0.0703125,0.052734375,-1.0078125,0.0042152927823414605,0.0897565710884285,12.14000129699707,0.716796875,1795,1795,8.701914992183447,0.7925343633978041,9.107585676367828,0.11325259223286971,0.010314576868316104,0.310546875,,
7.897085000000894,1291,,,,-0.15625,-0.111328125,-0.794921875,0.004226096839109524,0.08502201198941034,12.141143798828125,0.7024274468421936,1796,1795,8.528272640354771,0.7945794090775136,9.317002898308601,0.10700253620732347,0.009969429399700039,0.30859375,,
7.919455000001937,1291,,,,-0.15625,0.07421875,-0.9609375,0.0041375509102869554,0.09201271075298409,12.139430046081543,0.6256975531578064,1797,1795,7.595611676563578,0.7779335556749857,10.241881612712197,0.1182783671969875,0.012113930341764478,0.310546875,,
7.947330000001937,1291,,,,0.107421875,0.12890625,-1.072265625,0.0040710295716867495,0.08239911070450828,12.141500473022461,0.6298828125,1794,1795,7.647722465917468,0.7654125717415552,10.00837275610696,0.1076531974344559,0.01077433328310812,0.310546875,,
7.971450000001117,1291,,,,-0.037109375,0.0390625,-1.09765625,0.004105329931653841,0.07799797126035056,12.140445709228516,0.6906467080116272,1795,1795,8.384758862872559,0.7718394806536311,9.205267477295159,0.10105465348092597,0.009302351151172998,0.30859375,,
7.993314999999479,1291,,,,0.015625,0.04296875,-1.1171875,0.004093487337242446,0.08094317821161771,12.141000747680664,0.6402587890625,1797,1795,7.773382436716929,0.7696428871839168,9.901003758011086,0.10516978661075475,0.010412864524623066,0.30859375,,
8.015620000001043,1291,,,,0.048828125,-0.033203125,-0.9453125,0.004089568777283521,0.08388838516288488,12.136570930480957,0.6696428656578064,1796,1795,8.127168137146498,0.768911423096014,9.461000561580406,0.10910019365443832,0.01032196993433172,0.306640625,,
8.040044999999925,1291,,,,-0.03125,-0.103515625,-0.9140625,0.0040988981163577135,0.08541100158674751,12.141143798828125,0.6612723469734192,1795,1795,8.028602654792849,0.7706609401709194,9.598942347842518,0.11082824772176053,0.01063833960393588,0.30859375,,
8.061695000000299,1291,,,,-0.08203125,0.0625,-0.919921875,0.0042145971518813535,0.08382170123191279,12.140000343322754,0.7491629719734192,1796,1795,9.094838736962004,0.7923801708951135,8.71241584168865,0.10578470324064708,0.009216403243221462,0.310546875,,
8.083650000000372,1291,,,,-0.166015625,0.00390625,-0.95703125,0.004218498943762859,0.09851439402276252,12.138285636901855,0.6947544813156128,1794,1795,8.433128341726501,0.7931727455131282,9.405439041981225,0.12420294895411525,0.011681832652222368,0.30859375,,
8.11140499999933,1291,,,,-0.048828125,-0.025390625,-0.998046875,0.004323596781540049,0.09013444669727032,12.136001586914062,0.6710379719734192,1795,1796,8.14371789274901,0.8129517509993669,9.982562776679698,0.11087305807074951,0.011067972624337107,0.306640625,,
8.134710000000894,1291,,,,0.009765625,-0.0078125,-1.06640625,0.004223786028613689,0.08194343717619902,12.137332916259766,0.7476128339767456,1796,1795,9.074025858444202,0.794154482489155,8.751953045737935,0.10318324580799433,0.00903054922418402,0.306640625,,
8.156015000000597,1291,,,,-0.078125,-0.060546875,-0.8125,0.004143677267106095,0.0768865724108158,12.14000129699707,0.6891741156578064,1795,1795,8.366574657942579,0.7790104540265982,9.310984314077277,0.09869774149165733,0.009189731228636755,0.30859375,,
8.176520000001416,1291,,,,0.046875,0.021484375,-0.95703125,0.004028651050688906,0.08838955050350071,12.139429092407227,0.7645089030265808,1795,1795,9.28070161880521,0.7573899965157389,8.160913125157068,0.11670282273349769,0.0095240159778868,0.310546875,,
8.197730000000448,1291,,,,0.0625,0.07421875,-1.044921875,0.00404758165115944,0.08385504319739882,12.13666820526123,0.7527669072151184,1796,1795,9.136082188770558,0.7609684640605823,8.329264649084617,0.11019516203068692,0.00917844667602352,0.310546875,,
8.219820000000299,1291,,,,0.046875,0.0390625,-1.005859375,0.003966199743680312,0.08566662332214052,12.138667106628418,0.7145182490348816,1795,1795,8.67329916664545,0.7457031256742391,8.597687123971914,0.11488033290015205,0.009877051589732443,0.306640625,,
8.24258999999985,1291,,,,0.048828125,-0.015625,-1.033203125,0.0039505992833852605,0.08329934377263144,12.139500617980957,0.7379150390625,1794,1795,8.95792007271666,0.7427996916627868,8.292100014657963,0.11214240488732909,0.009298960372100006,0.3046875,,
8.26700500000082,1291,,,,-0.015625,-0.09765625,-0.8203125,0.0038833977197777433,0.08780050911324729,12.137144088745117,0.7526506781578064,1796,1796,9.135029729293024,0.730187430523912,7.993268245011202,0.1202437969251951,0.009611409236217377,0.302734375,,
8.292695000000299,1291,,,,-0.048828125,0.025390625,-1.00390625,0.004065737426719224,0.0946689540033722,12.13550090789795,0.7342529296875,1797,1795,8.910527094849385,0.7643257437581856,8.577783734028419,0.12385943398672593,0.010624394381573046,0.30078125,,
8.31425500000082,1291,,,,0.01171875,0.076171875,-1.0546875,0.004210189802465655,0.09352421318835138,12.134500503540039,0.7684326171875,1795,1795,9.324545980198309,0.7914984352860248,8.488332160802877,0.11816095777189302,0.010029894580064301,0.30078125,,
8.34078500000015,1291,,,,0.099609375,-0.083984375,-1.064453125,0.0041348122640424406,0.09529133735911167,12.13666820526123,0.7698567509651184,1795,1795,9.343495952044066,0.7773841709410636,8.32005680669232,0.12257946703977339,0.010198681291049835,0.298828125,,
8.365975000001491,1291,,,,-0.07421875,0.029296875,-1.03515625,0.004170525614000068,0.09387614458029937,12.137333869934082,0.7248263955116272,1795,1796,8.79745996006551,0.784205631780738,8.914000579036435,0.1197085825144226,0.010670823738491937,0.30078125,,
8.392400000000373,1291,,,,-0.0234375,-0.06640625,-0.94921875,0.004179303842263079,0.08787830703271472,12.13700008392334,0.77392578125,1795,1795,9.393137271981686,0.7857411159994164,8.365055180692012,0.11184129892571383,0.009355586369938666,0.298828125,,
8.418064999999478,1291,,,,0.0234375,-0.095703125,-0.849609375,0.004413900004876165,0.08941203744507271,12.134222984313965,0.8230251669883728,1797,1796,9.986770897939152,0.830186444462743,8.312861614098493,0.10770115320653773,0.008953047822847681,0.30078125,,
8.442650000000372,1291,,,,0.01171875,-0.052734375,-0.96484375,0.005736459055221143,0.0932019075219863,12.134500503540039,0.7122802734375,1810,1800,8.64316533668898,1.08106510356757,12.507745269879377,0.08621303861757747,0.010783307259709328,0.298828125,,
8.465164999999105,1291,,,,0.125,-0.08984375,-1.0625,0.005316360027595396,0.09722517135730219,12.132000923156738,0.71533203125,1815,1807,8.678408863488585,1.0061965240243282,11.594251202631781,0.09662642340329873,0.01120311025749704,0.298828125,,
8.49086999999918,1291,,,,-0.125,0.009765625,-1.033203125,0.00317837803585397,0.08643348852831952,12.13800048828125,0.6103515625,1809,1812,7.408447563648224,0.6030834541017484,8.140483534782089,0.14331928349295586,0.011666882674911734,0.302734375,,
8.517400000000373,1291,,,,0,-0.09765625,-0.9453125,0.0033077507398431992,0.09202382474147942,12.136445045471191,0.6727430820465088,1806,1811,8.16470944497837,0.6271557839951636,7.681299478218297,0.14673200357853844,0.011270924625257528,0.302734375,,
8.546875,1291,,,,-0.03125,-0.0078125,-1.171875,0.00341467336364555,0.09465784001487684,12.14000129699707,0.6781005859375,1800,1805,8.232141992775723,0.6456143947297216,7.842605184608005,0.14661668139308476,0.011498567456434263,0.306640625,,
8.572939999999479,1291,,,,-0.01171875,0.05859375,-0.935546875,0.003625198112719284,0.10069273576785069,12.138223648071289,0.6819661259651184,1799,1802,8.277857357373364,0.6839178517825542,8.262015425687007,0.14722928419751952,0.012164106171527625,0.306640625,,
8.595765000000595,1291,,,,-0.11328125,0.03515625,-0.84765625,0.0038569267943596827,0.0986477618847067,12.137001037597656,0.673828125,1798,1799,8.178252652287483,0.7264590836620856,8.88281537082243,0.1357925919067907,0.012062205226334577,0.306640625,,
8.618370000001043,1291,,,,0.078125,-0.078125,-1.015625,0.003990391048973213,0.0964138501971418,12.139429092407227,0.6208147406578064,1798,1797,7.536336523736622,0.751070043528277,9.96598335494559,0.12836865353359272,0.012793198644125628,0.3046875,,
8.645840000001714,1291,,,,-0.0625,-0.03125,-1.11328125,0.004142461022557277,0.09060123421407491,12.13800048828125,0.6927490234375,1796,1797,8.408587984740734,0.7794361492397758,9.269524807901602,0.116239456307541,0.010774845238997457,0.302734375,,
8.671320000002162,1291,,,,-0.0625,0.087890625,-1.017578125,0.004137294498436418,0.086033384942487,12.13650131225586,0.714111328125,1795,1797,8.666813070885837,0.778370904299701,8.98105102687006,0.11053006281098224,0.009926761341085843,0.3046875,,
8.856540000000969,1291,,,,-0.0625,0.13671875,-0.966796875,0.004224600847135761,0.09693620765642313,12.138501167297363,0.67138671875,1801,1797,8.149628469254822,0.795156225125485,9.75696288640986,0.12190838050865471,0.011894555441652754,0.3046875,,
8.87893500000052,1291,,,,0.015625,-0.017578125,-0.974609375,0.0040827571650338445,0.0942821872037341,12.13815975189209,0.7405598759651184,1800,1800,8.989034080305998,0.7694001599978811,8.559319645739844,0.12253985910789744,0.010488578234484191,0.30078125,,
8.902865000000224,1291,,,,-0.0625,-0.0546875,-1.11328125,0.004337321313173809,0.09586926476086975,12.136000633239746,0.7045201063156128,1798,1797,8.55005645637641,0.8161008868439191,9.54497658591824,0.11747232028091759,0.011212705465748467,0.294921875,,
8.930449999999254,1291,,,,-0.01171875,0.109375,-1.025390625,0.004323789754164349,0.09461338406089546,12.135428428649902,0.7289341688156128,1797,1797,8.845928434859275,0.8135380415800991,9.1967513367413,0.11629865995833712,0.010695698564330587,0.29296875,,
8.95288000000082,1291,,,,-0.07421875,0.01171875,-0.90234375,0.004203897581414043,0.09335750336092118,12.136445999145508,0.7660590410232544,1798,1797,9.29723418353592,0.7912508778487601,8.510605006056027,0.1179872351165537,0.010041427538336513,0.294921875,,
8.975040000000968,1291,,,,-0.07421875,0.0546875,-0.880859375,0.0038466145664807594,0.09019001663974704,12.138287544250488,0.7066127061843872,1797,1797,8.577068210087077,0.7240264456884552,8.441421100475365,0.12456729609370559,0.010515250016745688,0.296875,,
8.998020000001416,1291,,,,0.078125,-0.126953125,-1.072265625,0.003950798404304616,0.09084574196097257,12.137144088745117,0.7275390625,1796,1797,8.83024643175304,0.7435142757242039,8.420085231716422,0.12218426051401132,0.010288018875022186,0.296875,,
9.022280000001192,1291,,,,-0.111328125,0.080078125,-0.99609375,0.0040950677285392185,0.09084574196097257,12.136001586914062,0.7198660969734192,1796,1796,8.736296095235048,0.7703858593826488,8.818220570647012,0.11792239026008618,0.010398656475313569,0.296875,,
9.046144999999553,1291,,,,-0.15625,0.052734375,-0.94140625,0.00407809046935406,0.0954135912325605,12.135000228881836,0.7354736328125,1795,1796,8.924972702516243,0.7669436049235949,8.593231940164571,0.12440757132601148,0.01069063115516984,0.30078125,,
9.07018500000052,1291,,,,-0.173828125,-0.0546875,-0.884765625,0.0041013205446088965,0.08513315187436382,12.135429382324219,0.6975446343421936,1795,1795,8.46500365107886,0.7711166355709762,9.109466071791923,0.11040243193732509,0.0100570720797638,0.302734375,,
9.09509500000067,1291,,,,-0.046875,0.03515625,-0.900390625,0.004087542075659435,0.08383281522040813,12.136502265930176,0.73974609375,1795,1795,8.977930143009871,0.7683782525342161,8.558523404556315,0.10910357619299621,0.009337655103685514,0.302734375,,
9.117985000001267,1291,,,,0,0.177734375,-1.05859375,0.003971550157716872,0.0912236175698144,12.137500762939453,0.71533203125,1794,1795,8.682343075051904,0.7465955122813376,8.599009574116309,0.12218613167264639,0.010506797160773223,0.302734375,,
9.142574999999255,1291,,,,-0.109375,0.0234375,-1.078125,0.0042841114525669355,0.0869447319991055,12.13550090789795,0.726318359375,1795,1795,8.814237109618261,0.8053866063872342,9.137337654649444,0.10795403264665418,0.009864124474735286,0.302734375,,
9.164560000000522,1291,,,,0.0234375,0.04296875,-1.0625,0.004339819756709292,0.08615563881593581,12.135000228881836,0.7080078125,1796,1795,8.591674966737628,0.8158653023343791,9.495998224944186,0.10560032222160279,0.010027804723698741,0.3046875,,
9.193875000001862,1291,,,,0.09375,-0.02734375,-0.947265625,0.004255392906104789,0.0942021664865676,12.137715339660645,0.6821986436843872,1795,1795,8.280332942143673,0.8000284050607743,9.661790300592155,0.11774852729061727,0.011376615788854965,0.302734375,,
9.217995000001043,1291,,,,0.009765625,-0.09375,-0.873046875,0.0041655579313306075,0.09485789180779311,12.136889457702637,0.7139756679534912,1795,1795,8.665443757440926,0.7831700362510329,9.037852626745549,0.12112043032426217,0.010946685993586842,0.302734375,,
9.242395000001416,1291,,,,-0.0859375,0.087890625,-0.970703125,0.004284974589352096,0.09811429043693,12.138501167297363,0.7012939453125,1796,1795,8.512657373794354,0.8056356820792628,9.463974017788598,0.12178493656550454,0.011525694754139674,0.302734375,,
9.265064999999478,1291,,,,-0.07421875,-0.021484375,-1.06640625,0.004206101186254904,0.08638903257433812,12.133713722229004,0.7017298936843872,1795,1795,8.514589640296549,0.7907808749478182,9.287363318195997,0.1092452224265524,0.010146000714525254,0.302734375,,
9.290089999999852,1291,,,,-0.0859375,0.0078125,-1.041015625,0.004312334781809297,0.09236835838483522,12.136571884155273,0.6912667155265808,1795,1795,8.389608184112262,0.8107490814815698,9.663729982252542,0.11392964912897649,0.011009853661552023,0.302734375,,
9.315275000000373,1291,,,,-0.048828125,-0.017578125,-0.876953125,0.004079803747664383,0.09146812531671204,12.139999389648438,0.65673828125,1796,1795,7.972802333533764,0.7670308808137959,9.620593220876037,0.11924959946810382,0.011472518882350225,0.302734375,,
9.336199999999256,1291,,,,0.037109375,-0.001953125,-0.953125,0.003942853130287412,0.08593335904602885,12.13800048828125,0.68115234375,1796,1795,8.267827481031418,0.7412831107522885,8.9658754062417,0.11592515437026442,0.010393704905331261,0.3046875,,
9.36009500000067,1291,,,,0.078125,0.06640625,-0.93359375,0.004080593663844814,0.08506646794339173,12.140000343322754,0.72265625,1796,1795,8.773047123104334,0.7671792418162359,8.744729522719927,0.11088212937305711,0.009696342302706228,0.306640625,,
9.381300000000746,1291,,,,0.0625,-0.001953125,-1.060546875,0.004157272544809749,0.07613082119313214,12.13650131225586,0.701904296875,1797,1796,8.518662420101464,0.7819049740262224,9.178729423309033,0.0973658228583912,0.008936945430950105,0.3046875,,
9.403825000001117,1291,,,,0.0859375,0.05078125,-1.10546875,0.004176187914276628,0.08732260760794733,12.136571884155273,0.6801060438156128,1796,1797,8.25415588961664,0.785748638610493,9.519430564655675,0.11113300528572014,0.010579229272589249,0.3046875,,
9.426015000000596,1291,,,,0,-0.037109375,-0.9296875,0.0038056479176016254,0.09684729574846036,12.138285636901855,0.6180245280265808,1797,1798,7.501758251798094,0.7165030614352345,9.551135045754053,0.13516661820601936,0.012909946241635694,0.302734375,,
9.448150000000373,1291,,,,0.125,-0.046875,-0.83984375,0.003963485131680098,0.0936909230157816,12.1388578414917,0.7142857313156128,1799,1797,8.67061295064616,0.7460591827387034,8.604457227941479,0.12558108684066088,0.010805570903588711,0.30078125,,
9.470815000001341,1291,,,,-0.0625,-0.07421875,-0.890625,0.004159429757969748,0.08342159764608026,12.137333869934082,0.7267252802848816,1800,1797,8.820507358539032,0.7827838514764407,8.874589858129154,0.1065704121115112,0.009457686985014617,0.30078125,,
9.495220000000671,1291,,,,-0.0234375,0.076171875,-1.068359375,0.004217946156143933,0.0808431523151596,12.136571884155273,0.6459263563156128,1798,1798,7.839331655294927,0.794043928201752,10.128974804445608,0.10181193942033247,0.010312505691802901,0.298828125,,
9.522000000001862,1291,,,,0.01171875,-0.005859375,-0.994140625,0.004279937458895322,0.08347716758855701,12.13700008392334,0.687255859375,1798,1799,8.341224422911182,0.8061825217728192,9.66503813946601,0.1035462383939908,0.010007783432761605,0.296875,,
9.547875,1291,,,,0,0.083984375,-0.9609375,0.00440582855107638,0.08842289246898676,12.137778282165527,0.6976996660232544,1799,1799,8.468523853731199,0.8302184838637743,9.803579681693678,0.10650556954293919,0.010441358375583716,0.296875,,
9.572,1291,,,,-0.0625,0.015625,-1.0390625,0.003964979586580098,0.08323265984165935,12.137500762939453,0.65185546875,1799,1799,7.91189624927938,0.7470891690043026,9.44260573528562,0.11140927120197616,0.010519938232157711,0.294921875,,
9.595300000000744,1291,,,,0.140625,0.021484375,-1.1484375,0.004011133160740952,0.09516908348566284,12.13700008392334,0.6878662109375,1798,1798,8.348632259876467,0.7553426903898037,9.04750223602471,0.12599457795315352,0.011399362257581465,0.296875,,
9.618724999999628,1291,,,,0.099609375,-0.068359375,-0.97265625,0.004139554695538568,0.0947134099573536,12.140000343322754,0.6884765625,1796,1797,8.35810570511967,0.7791599645831094,9.32220759191695,0.12155836318929725,0.011331922961842645,0.294921875,,
9.64622500000149,1291,,,,0.0234375,-0.0546875,-0.9296875,0.004204750238150817,0.09830322824135092,12.137144088745117,0.7142857313156128,1795,1797,8.669388841512273,0.7911296309971112,9.125552509640436,0.12425678977218066,0.011339118597453875,0.29296875,,
9.66860000000149,1291,,,,0.01171875,-0.03125,-0.94921875,0.004318236306657039,0.09246838428129334,12.138223648071289,0.7432725429534912,1795,1796,9.02200835784015,0.8122876667493675,9.00340184282236,0.11383699158124062,0.010249201797838954,0.29296875,,
9.697724999999627,1291,,,,-0.125,0.1875,-0.98046875,0.004114460429276636,0.08776716714776124,12.142287254333496,0.7721819281578064,1797,1796,9.376054784297196,0.7737703306103848,8.252621688028933,0.11342793032465662,0.009360777978254959,0.29296875,,
9.719950000001118,1291,,,,-0.17578125,0.0625,-0.9453125,0.004248123280588768,0.09033449849018658,12.135111808776855,0.7286241054534912,1798,1796,8.841934986248134,0.799072066317408,9.037298595388963,0.1130492508723285,0.01021659836118269,0.296875,,
9.885660000000149,1291,,,,-0.109375,-0.037109375,-0.912109375,0.0043850123803000395,0.08653351442477764,12.1388578414917,0.7289341688156128,1799,1797,8.848428251058635,0.8251256632220392,9.325109949592688,0.10487313421675952,0.009779535073296737,0.296875,,
9.919839999999851,1291,,,,-0.044921875,-0.009765625,-1.005859375,0.004149264111034266,0.08966595735097736,12.137786865234375,0.7175990343093872,1799,1798,8.710064133145352,0.7813691018573181,8.970876562020818,0.11475493097671888,0.010294523206753642,0.302734375,,
9.949304999999702,1291,,,,0.1328125,0.06640625,-1.072265625,0.0038466770275691464,0.08938609322817888,12.137456893920898,0.6991299986839294,1798,1800,8.485660222273168,0.7251501500311633,8.5455949335302,0.12326563433012806,0.010533781802099287,0.3046875,,
9.971825000001118,1291,,,,-0.11328125,0.041015625,-0.966796875,0.003900198075746128,0.09535802129008376,12.137201309204102,0.69775390625,1799,1799,8.468779624439776,0.7346528314291672,8.674837036838891,0.12980011402743485,0.01125994836551103,0.302734375,,
9.996520000001416,1291,,,,0.01171875,-0.08984375,-0.841796875,0.004062543107970837,0.09030115652470053,12.139429092407227,0.6808035969734192,1796,1798,8.26456699131461,0.7647541338978318,9.253408372169122,0.118078677214139,0.010926302203079694,0.30078125,,
10.02,1291,,,,-0.0859375,-0.0546875,-0.86328125,0.004221514961954686,0.0824991366009664,12.139429092407227,0.7080078125,1795,1797,8.5948106367141,0.7943732019670813,9.242474739045322,0.10385438027954165,0.009598714862728704,0.302734375,,
10.047485000001267,1291,,,,0.015625,0.12890625,-1.03125,0.004248450083649305,0.08186563925673158,12.135499954223633,0.672607421875,1797,1796,8.162427337374538,0.7992148657918011,9.79138720331776,0.10243257822241002,0.010029570356097509,0.302734375,,
10.069175000000746,1291,,,,0.009765625,-0.068359375,-1.015625,0.004168039606788672,0.08015408502844802,12.13949966430664,0.72021484375,1794,1796,8.743047853931785,0.7838169805584692,8.96503134437247,0.10226122553678064,0.00916775092251181,0.302734375,,
10.094679999999702,1291,,,,-0.0625,0.109375,-1.166015625,0.004090668623428253,0.0830103800717524,12.1388578414917,0.6877790093421936,1796,1796,8.34885162076688,0.7693353858713502,9.214864760055267,0.1078988196776296,0.009942730310989469,0.3046875,,
10.118310000000521,1291,,,,0.0625,-0.03515625,-0.94921875,0.00423331409909877,0.08542211557524286,12.134500503540039,0.6829833984375,1797,1796,8.28766239224933,0.7961551883697822,9.606510867459454,0.1072932976172074,0.010307142295652645,0.302734375,,
10.143015000000595,1291,,,,0.111328125,-0.0703125,-0.966796875,0.004125448270941581,0.08429960273721274,12.137001991271973,0.6793212890625,1796,1796,8.244923838065006,0.7758004348178117,9.40943118523559,0.10866145332466794,0.01022442467546152,0.302734375,,
10.165195000000297,1291,,,,0.125,0.060546875,-0.98828125,0.003939276080171929,0.08497755603542895,12.13900089263916,0.69580078125,1795,1795,8.446326304692775,0.7406421024978697,8.768807594922887,0.11473497894439963,0.010060889547709688,0.302734375,,
10.190029999999329,1291,,,,0.03125,-0.056640625,-1,0.004083821798215995,0.08708921384954503,12.141143798828125,0.6501116156578064,1795,1795,7.8930986109899095,0.7678297458849392,9.727862069477455,0.11342255795153254,0.01103358999319822,0.302734375,,
10.213665000000969,1291,,,,-0.0625,0.10546875,-0.98828125,0.004183064083624369,0.09391320278568854,12.139001846313477,0.7177734375,1795,1795,8.71305308304727,0.7864909328692868,9.026582592496068,0.11940786455486922,0.010778449515981108,0.3046875,,
10.236324999999255,1291,,,,0.0625,-0.05859375,-0.912109375,0.004152227728984157,0.08647794448230091,12.137715339660645,0.7512555718421936,1796,1795,9.118526278354523,0.7806934826961114,8.561619047469488,0.11077067555841612,0.009483763257619984,0.302734375,,
10.409035000000149,1291,,,,-0.0234375,0.044921875,-0.90234375,0.004325520359488005,0.08923421362914714,12.140000343322754,0.7854352593421936,1797,1796,9.535184318072027,0.8135548828794246,8.532135884751538,0.10968431940733907,0.009358415176099073,0.30078125,,
10.436349999999628,1291,,,,-0.013671875,0.021484375,-0.990234375,0.004133225470091105,0.08810694261479245,12.137930870056152,0.7291386127471924,1797,1797,8.850234076214065,0.7775950451382145,8.786152303339446,0.11330697535390259,0.00995532342490117,0.298828125,,
10.469935000000522,1291,,,,0.07421875,-0.03125,-0.974609375,0.003952771133897842,0.09475786591133499,12.137333869934082,0.76171875,1796,1796,9.245234783738852,0.7434356386592176,8.041284575777597,0.1274594073566749,0.010249373664149837,0.296875,,
10.490525000000373,1291,,,,0,-0.04296875,-0.931640625,0.003949686261569777,0.09341678954330104,12.137454986572266,0.7151100635528564,1796,1796,8.679616206817627,0.742758079653735,8.557499110044942,0.1257701425299215,0.010762778827700287,0.298828125,,
10.514785000002012,1291,,,,0.01171875,0.044921875,-0.888671875,0.004149689181796846,0.09037895444416798,12.135998725891113,0.76171875,1794,1796,9.244217779487371,0.7803033598231547,8.440988501532528,0.11582540726807987,0.009776809309351845,0.298828125,,
10.539820000000297,1291,,,,0.099609375,-0.087890625,-1.1875,0.0041091833755787874,0.09037895444416798,12.137001037597656,0.767822265625,1795,1796,9.319059634581208,0.7726535050029246,8.291110211761694,0.11697216651314597,0.00969829124269034,0.30078125,,
10.566679999999701,1291,,,,-0.13671875,0.126953125,-1.0390625,0.004069513458020083,0.08702252991857294,12.133999824523926,0.7403564453125,1796,1795,8.983484977507032,0.765112940850801,8.516883400668013,0.1137381493270842,0.00968694556026543,0.302734375,,
10.592275000000372,1291,,,,-0.099609375,-0.025390625,-0.91015625,0.004083947139594705,0.09090131190344931,12.133777618408203,0.751953125,1796,1795,9.124031998217106,0.7677841106920286,8.414965125528477,0.1183943645584395,0.009962844488183735,0.302734375,,
10.614540000000968,1291,,,,-0.1484375,0.03125,-0.830078125,0.003994005687528911,0.09093465386893534,12.135000228881836,0.731201171875,1795,1795,8.873126388061792,0.7508864073544561,8.462478437867452,0.12110307628196235,0.010248321717955235,0.3046875,,
10.635760000001639,1291,,,,0,0.09375,-0.947265625,0.004081402164644382,0.09197936878749803,12.134666442871094,0.8113606572151184,1795,1795,9.845590940174134,0.7673663649730273,7.794010228902069,0.11986369612477227,0.009342188736704842,0.306640625,,
10.657900000000373,1291,,,,-0.015625,0.08203125,-1.037109375,0.0041234831920020105,0.07644201287100187,12.138287544250488,0.7561383843421936,1795,1795,9.178225132390537,0.775287160526381,8.447027059625544,0.09859832170972829,0.008328626915157395,0.3046875,,
10.67865499999933,1291,,,,-0.25,0.01953125,-1.064453125,0.004084736357105242,0.08934535351410063,12.134858131408691,0.7114955186843872,1795,1795,8.63389718036808,0.7679659303757604,8.894777344835376,0.11634025674860934,0.010348206800198616,0.30859375,,
10.699690000001342,1291,,,,0.09375,0.056640625,-0.998046875,0.004012229793004177,0.09089019791495395,12.141715049743652,0.7896205186843872,1794,1795,9.587347335296613,0.754253590874914,7.867177066779117,0.12050350043348652,0.009480223750769326,0.306640625,,
10.724025000002236,1291,,,,0.125,-0.091796875,-0.88671875,0.004172828290231682,0.09089019791495395,12.134666442871094,0.7161458134651184,1795,1795,8.690190570857794,0.7844292155588958,9.026605448555383,0.11586794080610047,0.01045894185793239,0.3046875,,
10.746715000001714,1291,,,,0.099609375,-0.064453125,-0.90625,0.004407399440462616,0.0860111569654963,12.137500762939453,0.7720947265625,1796,1795,9.371300332713872,0.8285339527020337,8.841184502536322,0.10381126408277508,0.009178145391973366,0.30859375,,
10.768030000001191,1291,,,,-0.09375,0.048828125,-0.89453125,0.004213164459399848,0.09082351398398188,12.14000129699707,0.7094029188156128,1796,1795,8.612152354515047,0.7920496065720155,9.196883357001596,0.11466897177951435,0.010545971581235013,0.310546875,,
10.792825000001118,1291,,,,-0.171875,0.048828125,-0.943359375,0.004113813600690184,0.09434664833700711,12.138285636901855,0.7945033311843872,1795,1795,9.643908373386125,0.7732459722072818,8.017973027835634,0.12201375982300738,0.009783030352856882,0.310546875,,
10.818305000001565,1291,,,,-0.259765625,0.142578125,-0.966796875,0.004368256320002837,0.0842884887487174,12.136571884155273,0.6989397406578064,1800,1797,8.482732405186312,0.8218828707609279,9.688893053592398,0.10255535398940747,0.009936478568766794,0.314453125,,
10.845169999999925,1291,,,,0,0.1171875,-0.974609375,0.00599317273115229,0.09074571606451444,12.134500503540039,0.6988525390625,1807,1800,8.480226487154141,1.1297573074134424,13.322253941269144,0.08032319460918116,0.010700859959574921,0.314453125,,
10.869125000001862,1291,,,,0.01171875,-0.064453125,-0.91796875,0.0038559124654097897,0.09720294338031149,12.140445709228516,0.6971571445465088,1806,1806,8.463798464167667,0.729247222576091,8.616074988829563,0.13329216810307312,0.011484553157997537,0.3125,,
10.895265000000595,1291,,,,0,-0.033203125,-0.970703125,0.003892217309298387,0.08145442168240372,12.134857177734375,0.6780133843421936,1803,1806,8.227595583584844,0.7359286796830834,8.944638469486272,0.11068249401216546,0.009900148938398991,0.30859375,,
10.918245000001043,1291,,,,-0.103515625,0.06640625,-1.06640625,0.0037827019215250692,0.08860071628491233,12.140445709228516,0.6917317509651184,1802,1803,8.3979317679416,0.7143827995466254,8.506651629079935,0.1240241455157399,0.010550301994967155,0.306640625,,
10.945370000001043,1291,,,,-0.078125,0.01171875,-1.048828125,0.0038178211226061395,0.09665835794403944,12.138287544250488,0.6459263563156128,1799,1801,7.8404398453689055,0.7201646759222319,9.185258609535916,0.13421702171140262,0.012328180542209301,0.306640625,,
10.968615000000224,1291,,,,-0.111328125,-0.015625,-0.83203125,0.0038840702594162375,0.09977027472273682,12.137779235839844,0.7280815839767456,1798,1799,8.837293531990326,0.7317015834328714,8.27970215976382,0.13635377725254033,0.011289686640098131,0.306640625,,
10.993040000000969,1291,,,,-0.07421875,0.11328125,-0.955078125,0.003959096925819453,0.1001370363430833,12.137144088745117,0.7017298936843872,1797,1797,8.5169968310272,0.7451806215121249,8.749335432384466,0.13437954967197702,0.011757317553328967,0.30859375,,
11.015030000001191,1291,,,,0,0.04296875,-0.93359375,0.004015309809358155,0.09789201066702304,12.134000778198242,0.677490234375,1795,1797,8.22066703112796,0.7554096717011753,9.189153007180312,0.12958797634477087,0.011908037425229624,0.306640625,,
11.040440000001341,1291,,,,-0.21875,0.11328125,-1.072265625,0.004039882448678367,0.09789201066702304,12.14000129699707,0.692138671875,1795,1796,8.40256437426433,0.7598005055190235,9.04248359996107,0.12883909652067488,0.011650254173220041,0.302734375,,
11.06679000000097,1291,,,,-0.0625,0.09375,-1.015625,0.004200395847912968,0.10027040420502747,12.141715049743652,0.6877790093421936,1795,1795,8.350816748627892,0.789752067243014,9.457183542828632,0.12696440865937403,0.012007257160984011,0.3046875,,
11.092770000001416,1291,,,,0.07421875,0,-0.95703125,0.004290237390184138,0.1033045230642574,12.136001586914062,0.68359375,1795,1795,8.296094834804535,0.8065230489784456,9.721719255122862,0.12808626262461376,0.012452186856744313,0.3046875,,
11.114925000000746,1291,,,,0.173828125,-0.09765625,-0.90234375,0.00393673907005838,0.09520242545114889,12.138999938964844,0.7183837890625,1795,1795,8.72046077158302,0.7400308831691992,8.48614428242949,0.1286465573483127,0.010917132470956215,0.3046875,,
11.140230000000447,1291,,,,-0.015625,0.029296875,-0.9765625,0.0039755547938065475,0.0894787213760448,12.1388578414917,0.7156807780265808,1795,1795,8.68754722435284,0.7473392572433432,8.602419508562896,0.11972972182151725,0.010299652947522287,0.3046875,,
11.16553500000015,1291,,,,-0.125,0.0234375,-0.986328125,0.0041179718044222265,0.0936464670618002,12.13800048828125,0.76171875,1795,1795,9.245742559432983,0.7742285391273415,8.373892460778434,0.12095455324774289,0.010128604215380975,0.306640625,,
11.19329000000097,1291,,,,-0.13671875,0.09375,-0.984375,0.004201380553259419,0.09656944603607667,12.138501167297363,0.70556640625,1798,1796,8.56451864587143,0.7901258308645486,9.225571961892252,0.12222033790543368,0.011275525225533658,0.30859375,,
11.220905000001192,1291,,,,-0.099609375,-0.064453125,-1.05078125,0.004055704946265247,0.0902233586052331,12.136001586914062,0.7432725429534912,1796,1796,9.02035676079322,0.762837133132541,8.456839938395737,0.11827342257807608,0.010002194037090297,0.310546875,,
11.246099999999627,1291,,,,0.009765625,0.134765625,-1.01953125,0.003952450618866336,0.08794499096368681,12.137500762939453,0.733642578125,1796,1796,8.904587351717055,0.7433201819967865,8.347609525706472,0.11831374028812124,0.009876369054510824,0.310546875,,
11.26954000000097,1291,,,,-0.01171875,-0.0234375,-1.005859375,0.004171707449275017,0.1031155852598365,12.137499809265137,0.7208251953125,1793,1795,8.749015670618974,0.7841575936598053,8.962809339720017,0.1314985483703313,0.011785964174932297,0.3125,,
11.295260000001639,1291,,,,-0.03125,0.064453125,-0.90625,0.004170213029090177,0.09100133779990743,12.137499809265137,0.7183837890625,1795,1795,8.71938310272526,0.7838411547670234,8.989640041415687,0.11609665714344285,0.010436671577312023,0.310546875,,
11.318815000001342,1291,,,,0.07421875,-0.02734375,-1.0078125,0.004179562070655337,0.08960097524949362,12.138501167297363,0.672607421875,1796,1795,8.164445975562558,0.7856152609999983,9.622395240919783,0.11405197899979924,0.010974532199451515,0.310546875,,
11.343655000001192,1291,,,,0.037109375,-0.078125,-0.818359375,0.004205052762214259,0.09185711491404921,12.142857551574707,0.7484654188156128,1795,1795,9.08850896295769,0.7904313600817727,8.697041102158314,0.11621137464048276,0.01010695101786597,0.310546875,,
11.366175000000744,1291,,,,-0.099609375,0.064453125,-0.92578125,0.004138595591203652,0.09404657064763272,12.133500099182129,0.711669921875,1794,1795,8.63504706765525,0.7779049187196084,9.008693439940215,0.12089725670127983,0.010891263233515878,0.30859375,,
11.39538000000082,1291,,,,0.1484375,-0.09375,-1.029296875,0.0038870918669672043,0.09391320278568854,12.134858131408691,0.7268415093421936,1795,1795,8.820118599886484,0.730651612923335,8.283920501168076,0.1285334913720947,0.01064761224264005,0.30859375,,
11.418480000000446,1291,,,,-0.125,0.009765625,-0.96875,0.004002190296157806,0.09243875855571043,12.14000129699707,0.7356770634651184,1795,1795,8.931120504637533,0.7523131889210711,8.423502835175366,0.12287270769276469,0.010350186016156775,0.306640625,,
11.44257000000216,1291,,,,-0.0625,0.0625,-1.05078125,0.004254327294784789,0.09544693319804654,12.136500358581543,0.7122802734375,1795,1795,8.644589793984778,0.7997400341297717,9.251335843445805,0.11934744932696295,0.011041233357823642,0.30859375,,
11.464730000000447,1291,,,,-0.162109375,-0.1328125,-0.8515625,0.00424882009922436,0.09910343541301594,12.138285636901855,0.7547432780265808,1795,1795,9.16128949121827,0.7986312802985872,8.717454907020793,0.12409160254274511,0.010817629495063272,0.30859375,,
11.490564999999478,1291,,,,-0.0625,0.044921875,-0.919921875,0.004271703494478551,0.09249061225828403,12.135000228881836,0.743408203125,1795,1795,9.02125871507451,0.8029445185323366,8.900581879894627,0.11518929405900066,0.010252517434593952,0.310546875,,
11.514780000001192,1291,,,,0.125,0.052734375,-1.046875,0.0043138585808447805,0.09325747746446303,12.13800048828125,0.76171875,1796,1795,9.245742559432983,0.8109005084067146,8.7705287400566,0.11500483289583646,0.010086531921583404,0.306640625,,
11.540270000001415,1291,,,,0.099609375,-0.08984375,-1.103515625,0.004175380531348885,0.09402434267064202,12.133501052856445,0.7489013671875,1795,1795,9.086795527255163,0.7848996434944074,8.637804615941448,0.11979154717416045,0.010347359791317307,0.3046875,,
11.71697500000149,1291,,,,-0.0625,0.080078125,-1.078125,0.004408207382326274,0.09222387653439569,12.13650131225586,0.7830810546875,1796,1796,9.503864247817546,0.8289953047958402,8.722718287839701,0.1112477670269894,0.00970382931927651,0.3046875,,
11.740115000000223,1291,,,,-0.04296875,0.025390625,-0.970703125,0.004028879951975759,0.09264620809721891,12.136408805847168,0.7304356694221497,1797,1796,8.864865890479848,0.7579122996029134,8.549619463694878,0.12223869192485495,0.01045094299697342,0.30078125,,
11.788740000000223,1291,,,,-0.015625,0.017578125,-1.00390625,0.003980712514686764,0.08515537985135452,12.132573127746582,0.7477678656578064,1796,1796,9.072348312672318,0.748797179228821,8.253620269218457,0.11372289080877043,0.009386255566533849,0.3046875,,
11.962134999999776,1291,,,,-0.111328125,0.009765625,-0.955078125,0.0043968848777828345,0.08628900667787999,12.137250900268555,0.7220458984375,1797,1797,8.763652230845764,0.8272354824125383,9.439391940963674,0.10431008885913345,0.009846238121381091,0.306640625,,
11.986384999999776,1291,,,,0.005859375,-0.0078125,-0.9765625,0.004034395093596209,0.0921206900974592,12.137932777404785,0.675932765007019,1796,1796,8.204426463700543,0.7588898153187961,9.249760707544995,0.12138875530799018,0.011228169391856415,0.296875,,
12.019355000000447,1291,,,,-0.125,0.111328125,-1.04296875,0.004257947522699627,0.09303519769455608,12.138999938964844,0.6622314453125,1796,1796,8.038827474229038,0.8005993920128172,9.959156289637855,0.11620693023592334,0.011573229801586035,0.29296875,,
12.041689999999479,1291,,,,0.125,-0.0703125,-1,0.003930245462650288,0.0858222191610754,12.138801574707031,0.7080078125,1795,1795,8.59436634927988,0.7388520701091505,8.596934783575508,0.11615615984996412,0.009985869309407133,0.29296875,,
12.065480000000447,1291,,,,-0.09375,-0.01171875,-0.94921875,0.0041055399518235185,0.09123473155830973,12.133715629577637,0.6619698405265808,1795,1795,8.03215380030639,0.7717436935319167,9.608178736598374,0.11821895316147027,0.01135868832028958,0.287109375,,
12.090644999999553,1291,,,,0.076171875,0.00390625,-1.02734375,0.004104988002608465,0.0966472439555441,12.138500213623047,0.65185546875,1796,1795,7.912547746673226,0.7716530648680301,9.752270565349399,0.12524701625084966,0.012214427899809987,0.283203125,,
12.116905000001193,1291,,,,0.173828125,-0.044921875,-1.0234375,0.004106893834341154,0.09733631124225567,12.13700008392334,0.68603515625,1795,1795,8.326408748980612,0.7720374492682908,9.272154088793803,0.1260771887872894,0.011690071215176937,0.28125,,
12.14278500000015,1291,,,,0.103515625,-0.0078125,-1.06640625,0.004175733219910606,0.09150146728219809,12.13800048828125,0.6915283203125,1795,1795,8.393771089613438,0.7850118360678771,9.35231408727909,0.11656062122646302,0.010901115399182522,0.279296875,,
12.16875500000082,1291,,,,-0.0234375,-0.1484375,-0.7890625,0.0043752597870049875,0.08986771097338198,12.136890411376953,0.6662326455116272,1799,1796,8.085992607056369,0.8228948477622431,10.176794461129372,0.10920922790775234,0.011113998656758294,0.27734375,,
12.195634999999777,1291,,,,0.037109375,0.06640625,-1.001953125,0.00432444594492736,0.08955651929551223,12.143001556396484,0.6622314453125,1797,1797,8.04147747112438,0.8136782351589307,10.118516629322349,0.11006380092988442,0.011136823999954599,0.28125,,
12.218420000001789,1291,,,,0.103515625,0.041015625,-0.994140625,0.0038637432972986057,0.08790053500970542,12.14000129699707,0.6494140625,1797,1797,7.8838875610381365,0.7270385737530534,9.221828293772854,0.12090216142996808,0.011149389730531725,0.28515625,,
12.245300000000745,1291,,,,-0.078125,-0.1015625,-1.068359375,0.003799497666272164,0.08754488737785429,12.137716293334961,0.68359375,1793,1796,8.297266997396946,0.7146504030417382,8.6130819131883,0.12250029805516159,0.01055105101539088,0.28515625,,
12.269865000000223,1291,,,,-0.125,0.07421875,-0.86328125,0.003982035236527192,0.09150146728219809,12.14000129699707,0.6863064169883728,1794,1794,8.331760792376258,0.748300537021682,8.981301259949676,0.12227903463277462,0.010982248478127687,0.287109375,,
12.294564999999478,1291,,,,-0.099609375,-0.01953125,-0.990234375,0.004230866129222993,0.08895636391676344,12.13650131225586,0.72998046875,1795,1794,8.859408916905522,0.7949835994164938,8.973325499170787,0.1118971057793596,0.010040891525733384,0.291015625,,
12.318080000001936,1291,,,,0.0234375,-0.044921875,-1.03125,0.004191429118512969,0.08576664921859864,12.14000129699707,0.706787109375,1794,1794,8.58039642451331,0.7876478754824628,9.179621039795247,0.10888958364302508,0.009995651130240573,0.296875,,
12.343145000001416,1291,,,,0,0.078125,-1.052734375,0.004213917346075978,0.0962026844157302,12.137145042419434,0.6452288031578064,1794,1795,7.8312355694729945,0.7919848907418835,10.11315371266734,0.12147035321041712,0.01228448353548943,0.296875,,
12.365085000000894,1291,,,,0.0625,-0.11328125,-0.95703125,0.004246003201951887,0.08529986170179403,12.14200210571289,0.7440185546875,1797,1795,9.033874857705086,0.798113146794678,8.83467127191782,0.10687690341196472,0.009442223082052203,0.296875,,
12.391484999999404,1291,,,,0,-0.0390625,-0.974609375,0.00442328006738455,0.09036784045567262,12.141143798828125,0.6598772406578064,1798,1796,8.01166446840034,0.8317418613492445,10.381636233392028,0.10864890256825438,0.011279533836208699,0.29296875,,
12.414515000000597,1291,,,,-0.01171875,-0.189453125,-0.865234375,0.004352588787398109,0.09648053412811389,12.138500213623047,0.6878662109375,1797,1797,8.34966414840892,0.8188759066171656,9.807291551639326,0.11782070195065551,0.011555019748488788,0.29296875,,
12.442150000000373,1291,,,,0.03125,0.193359375,-0.99609375,0.003991241330232352,0.0884340064574821,12.139500617980957,0.718994140625,1795,1797,8.728229814441875,0.7512132182163983,8.606707593485089,0.11772157932397745,0.010131952106847338,0.294921875,,
12.465669999999925,1291,,,,0.05078125,-0.015625,-1.052734375,0.004141656544349614,0.08346605360006165,12.140501022338867,0.6787109375,1797,1797,8.239890830591321,0.7793057114389524,9.457718888042924,0.10710309494068174,0.010129509639883403,0.291015625,,
12.492030000001192,1291,,,,-0.037109375,0.00390625,-1.01171875,0.004116944759680291,0.09272400601668633,12.137001037597656,0.7080078125,1797,1796,8.593091554939747,0.7744309968749137,9.01225120113763,0.1197317855184755,0.010790529278532341,0.291015625,,
12.515335000000894,1291,,,,-0.099609375,0.07421875,-0.919921875,0.004124925526128032,0.07793128732937848,12.138001441955566,0.723876953125,1794,1796,8.786419500829652,0.7756502444106199,8.827830771537593,0.10047220108670861,0.008869515884373591,0.29296875,,
12.541835000000894,1291,,,,-0.111328125,-0.099609375,-0.8046875,0.0038872394260484953,0.07380799759760447,12.14000129699707,0.7219586968421936,1793,1794,8.764579516042545,0.7304878009239976,8.334544738705656,0.10103932947852705,0.008421168119076049,0.294921875,,
12.566705000001937,1291,,,,-0.037109375,0.009765625,-0.9765625,0.0040608023020667515,0.09346864324587463,12.137333869934082,0.6787109375,1794,1794,8.237741249613464,0.7626884990743715,9.258466319395001,0.12255153101077547,0.011346392222535567,0.294921875,,
12.595820000000298,1291,,,,0.1875,-0.03125,-1.03515625,0.004162729016935984,0.09516908348566284,12.138287544250488,0.7763671875,1794,1794,9.423768161796033,0.7818461896006198,8.296534636433705,0.1217235368689036,0.01009883539702074,0.294921875,,
12.618519999999553,1291,,,,0.05078125,-0.01171875,-0.9921875,0.004269150490282822,0.08561105337966378,12.136800765991211,0.7509765625,1792,1794,9.114452918991446,0.8020288255103788,8.799527877742626,0.10674311278673103,0.00939288996723865,0.294921875,,
12.643304999999701,1291,,,,-0.078125,0.021484375,-1.07421875,0.004122123859859215,0.08586667511505679,12.138856887817383,0.6849888563156128,1795,1794,8.314981696564928,0.7746187723861538,9.315940800040043,0.11085023778929481,0.010326742529154321,0.29296875,,
12.664645000001416,1291,,,,-0.037109375,0.029296875,-1.02734375,0.004023100148086678,0.08687804806813341,12.13850212097168,0.709228515625,1795,1795,8.608971841167659,0.7561107119423794,8.782822454206404,0.11490122636267332,0.010091570709139398,0.294921875,,
12.69034500000067,1291,,,,0.037109375,-0.02734375,-1.064453125,0.004184153449720712,0.09648053412811389,12.13800048828125,0.771484375,1797,1795,9.364277720451355,0.7864245522148913,8.398133584797034,0.1226825050875961,0.010303040662431737,0.296875,,
12.714574999999256,1291,,,,0.07421875,0.013671875,-0.947265625,0.004280918810626291,0.08800056090616354,12.136445999145508,0.7242838740348816,1794,1795,8.790232125276248,0.8046326608360292,9.153713455669891,0.10936737369662476,0.010011176002180714,0.294921875,,
12.740150000000373,1291,,,,0,0.0703125,-0.880859375,0.0040739213663716954,0.08366610539297792,12.13942813873291,0.7345145344734192,1794,1795,8.916586408094929,0.7656628844781128,8.586950761594204,0.10927277146260782,0.009383199081323497,0.296875,,
12.767240000002086,1291,,,,-0.0859375,0.109375,-1,0.004051315343064817,0.0817544993717781,12.137500762939453,0.771484375,1796,1795,9.363892190158367,0.7615355825717637,8.132682084615972,0.10735479896512115,0.0087308245024119,0.296875,,
12.79225500000082,1291,,,,-0.0625,0.1015625,-1.052734375,0.003983485814957944,0.07772012154796686,12.1355562210083,0.7101779580116272,1795,1795,8.618404536370974,0.7488799117296101,8.689310284394557,0.10378182179899148,0.009017924514911799,0.30078125,,
12.815570000000298,1291,,,,0.0859375,-0.056640625,-0.998046875,0.003872299767737745,0.08797833292917284,12.136000633239746,0.7501220703125,1795,1795,9.10348192031961,0.7280383928575416,7.9973618801011614,0.12084298546929509,0.00966425085469759,0.302734375,,
12.842179999999702,1291,,,,0,0.107421875,-1.041015625,0.003876438129244841,0.09154592323617948,12.13657283782959,0.8014788031578064,1795,1795,9.727205872501202,0.7287638767140551,7.492016579748452,0.125618085859241,0.00941132781973698,0.30078125,,
12.867840000001713,1291,,,,0.13671875,-0.12890625,-0.978515625,0.004204009089128882,0.0979253526325091,12.137778282165527,0.7378472089767456,1795,1795,8.955825828674392,0.7903711489124369,8.825217953456166,0.12389793423919372,0.01093426273643864,0.3046875,,
12.893410000000149,1291,,,,-0.099609375,-0.001953125,-0.943359375,0.004319961602089511,0.08740040552741475,12.138500213623047,0.7476806640625,1795,1795,9.075721900444478,0.8121598444139501,8.94870791902708,0.107614783134818,0.009630132620429277,0.3046875,,
12.921120000001043,1291,,,,-0.28125,0.1640625,-0.958984375,0.004025597414363392,0.08418846285225925,12.134499549865723,0.701904296875,1794,1795,8.517257374478504,0.7567984149505878,8.885470776288772,0.11124291646112396,0.0098844568328445,0.310546875,,
12.946175000000745,1291,,,,-0.111328125,-0.052734375,-0.92578125,0.0041163619292559905,0.08720035373449851,12.136000633239746,0.7866753339767456,1796,1795,9.547092351295873,0.7738582896947653,8.105696071848783,0.11268258658687126,0.00913370799462963,0.314453125,,
12.969645000001416,1291,,,,0.01171875,0.025390625,-1.060546875,0.004095800633256423,0.08192120919920833,12.137500762939453,0.6939697265625,1796,1795,8.423058085609227,0.7698778337210787,9.140122576578367,0.10640806321602422,0.00972582740930761,0.31640625,,
12.993865000000223,1291,,,,-0.07421875,0.083984375,-0.962890625,0.00420785764236458,0.08676690818317993,12.135428428649902,0.7121930718421936,1795,1795,8.642768050721259,0.7910381455778186,9.152601816171668,0.10968738823562109,0.010039249887764725,0.318359375,,
13.019495000001044,1291,,,,-0.13671875,0.125,-1.10546875,0.004198815531941543,0.0895009493530355,12.140000343322754,0.711669921875,1795,1795,8.639673095894977,0.7894381726068445,9.13736160899346,0.11337296885136654,0.01035929813080088,0.31640625,,
13.045589999999851,1291,,,,0.13671875,0.076171875,-1,0.00410538945832868,0.08283255625582683,12.134500503540039,0.760498046875,1796,1796,9.228263932745904,0.7719611756920844,8.365183108307399,0.10730145357577753,0.008975963069489248,0.318359375,,
13.072375,1291,,,,-0.0234375,-0.03515625,-0.970703125,0.004083919192799005,0.07917605404085742,12.136001586914062,0.7177734375,1795,1795,8.710899576544762,0.7677869167100465,8.814094456758673,0.10312243191135038,0.00908930855477307,0.314453125,,
13.097490000000224,1291,,,,0.01953125,-0.0546875,-0.865234375,0.004127888585142011,0.0843329447026988,12.136499404907227,0.704345703125,1795,1795,8.548291206825525,0.776029568564858,9.078183578318253,0.10867233430120325,0.009865474006706948,0.31640625,,
13.121544999999925,1291,,,,0.01171875,0.06640625,-0.9921875,0.004107797633714057,0.08533320366728009,12.136001586914062,0.7449001669883728,1796,1795,9.040109608663442,0.7722627083549849,8.542625496652159,0.11049763602990796,0.009439399228688819,0.314453125,,
13.14635000000149,1291,,,,0.015625,-0.0078125,-1.0390625,0.003992531214587836,0.07464154673475554,12.137144088745117,0.6298828125,1797,1795,7.644978454336524,0.7506177202418342,9.818441277830614,0.09944016071284263,0.009763473786170842,0.310546875,,
13.314234999999403,1291,,,,-0.0625,0.01953125,-1.205078125,0.003977638786361816,0.09111247768486092,12.138500213623047,0.71044921875,1796,1795,8.623787993565202,0.7478911293862848,8.672420170165797,0.12182585687254681,0.010565250183892063,0.310546875,,
13.337405000001192,1291,,,,0.0625,-0.005859375,-0.98828125,0.004157289172934855,0.08815615674509841,12.137785911560059,0.7148088812828064,1796,1796,8.676197168692454,0.7817864342351724,9.010703872154988,0.11276245389361643,0.010160690799329079,0.310546875,,
13.381564999999478,1291,,,,0.185546875,-0.123046875,-1.0390625,0.0038991440623463436,0.09264620809721891,12.140000343322754,0.6768798828125,1796,1796,8.217322009732015,0.7335036335378495,8.926309966545544,0.12630640648685795,0.011274501350621928,0.30859375,,
13.548599999999627,1291,,,,0.005859375,0.001953125,-1.083984375,0.004121288815062091,0.08787459079281158,12.140572547912598,0.6985909342765808,1795,1797,8.48129391889887,0.7754023471443767,9.142500596713756,0.11332773380997994,0.010360988739819593,0.310546875,,
13.570120000001044,1291,,,,-0.046875,0,-0.927734375,0.004423277872906085,0.08847759413111231,12.13749885559082,0.7278878092765808,1808,1806,8.834737452093009,0.8365058351178492,9.468372316142517,0.10577044464806076,0.01001473949971783,0.310546875,,
13.596345000000671,1291,,,,-0.15625,0.01171875,-0.919921875,0.0031334666967619334,0.09685840973695571,12.137715339660645,0.6996372938156128,1806,1812,8.491998313344425,0.5944306034466957,6.999890738468478,0.16294317482198958,0.01140584420333095,0.306640625,,
13.619770000001415,1291,,,,0.0859375,0.017578125,-1.03125,0.0036423661087850888,0.09558030105999071,12.139500617980957,0.7147216796875,1805,1809,8.676364272250794,0.6901669260202756,7.954563736190791,0.1384886720248063,0.011016169683617443,0.302734375,,
13.642830000000075,1291,,,,0.0625,0.03125,-1.021484375,0.003803396104538185,0.09623602638121623,12.13750171661377,0.66162109375,1804,1806,8.030427161138505,0.7193456570245738,8.957750846750589,0.13378273079353378,0.011983923700463833,0.298828125,,
13.66485000000149,1291,,,,-0.015625,0.10546875,-0.91796875,0.00372049249403325,0.0917126330636097,12.139429092407227,0.732421875,1799,1803,8.89118341729045,0.7025346454118871,7.90147511798808,0.13054535269195122,0.01031500856064431,0.298828125,,
13.690425000000745,1291,,,,0.173828125,-0.125,-1.109375,0.0037503817317672238,0.09221276254590034,12.137144088745117,0.6947544813156128,1799,1802,8.43233524602897,0.7075702503217292,8.391154166397078,0.13032311986544318,0.010935613902367794,0.302734375,,
13.716200000001118,1291,,,,0.1875,-0.1171875,-1.03515625,0.0038349882802680728,0.08267696041689196,12.13700008392334,0.657958984375,1799,1800,7.9856482485774904,0.7228710892693909,9.052127851964407,0.11437303503236508,0.010353193359301729,0.302734375,,
13.743169999999925,1291,,,,0.01171875,0.029296875,-1.12109375,0.004059757231641589,0.08780050911324729,12.142000198364258,0.68359375,1798,1798,8.300195448100567,0.7644784211003881,9.210366501373565,0.11485021249764968,0.010578125498639882,0.30078125,,
13.768115000000224,1291,,,,0.009765625,-0.05859375,-0.91796875,0.0040499894826682295,0.08830063859553793,12.138668060302734,0.7655165195465088,1797,1797,9.29235092545332,0.7622381278010535,8.202855595058882,0.11584390149869894,0.009502507955620526,0.298828125,,
13.796775000000373,1291,,,,0.125,0.00390625,-1.0546875,0.003922494588290641,0.08956763328400759,12.138501167297363,0.71533203125,1797,1797,8.683058696333319,0.7380310641960947,8.499666880148471,0.1213602484084728,0.010315216839640873,0.30078125,,
13.818295000001788,1291,,,,0.25,-0.01953125,-0.970703125,0.004035715860907615,0.0891786436866704,12.137779235839844,0.6879340410232544,1795,1796,8.349991518759452,0.759141499744236,9.091524201416442,0.11747301882022756,0.01068008793617548,0.302734375,,
13.842565000001342,1291,,,,-0.0625,0.056640625,-1.03125,0.004100705156167605,0.08810058680262169,12.138667106628418,0.74951171875,1796,1796,9.098073246423155,0.7711828867133286,8.476331920239417,0.11424084782028011,0.00968343344974254,0.302734375,,
13.870810000000521,1291,,,,0.01171875,0.001953125,-0.9140625,0.0039886281651005245,0.10324895312178067,12.140501976013184,0.7269287109375,1796,1796,8.825279451557435,0.7500749257498807,8.49916345275063,0.13765151930463274,0.011699227620895323,0.302734375,,
13.895455000000075,1291,,,,0.0625,-0.060546875,-0.953125,0.003984363419668239,0.0962026844157302,12.134668350219727,0.6754557490348816,1796,1796,8.196431499787536,0.7492923417939766,9.14168979284948,0.1283913888475078,0.011737142489170307,0.302734375,,
13.918905000001192,1291,,,,0.037109375,-0.001953125,-0.94140625,0.0041057410290185736,0.0869669599760962,12.138500213623047,0.701904296875,1795,1796,8.520065457560122,0.7720916097254232,9.062038473428888,0.11263813630486676,0.010207311247700296,0.298828125,,
13.943575000001118,1291,,,,0.0859375,-0.064453125,-1.033203125,0.00385276859062764,0.08397729707084765,12.137499809265137,0.767822265625,1795,1796,9.319442602572963,0.7244480097383819,7.7735122220547,0.11591901136035168,0.009010978515781913,0.296875,,
13.96547500000149,1291,,,,-0.01171875,0.013671875,-1.05078125,0.003913861543631288,0.09421328047506293,12.134286880493164,0.7080078125,1796,1795,8.591169910505414,0.7358278400723111,8.56493175827578,0.1280371240993062,0.01096629230436445,0.296875,,
13.992185000000521,1291,,,,0.046875,-0.0234375,-0.9609375,0.0041879081017228625,0.08846734842296815,12.136571884155273,0.6438336968421936,1795,1795,7.813933943166717,0.7873597001295674,10.076354699902643,0.11235950786966874,0.011321742552012846,0.294921875,,
14.015915000000968,1291,,,,-0.01953125,-0.126953125,-0.83203125,0.004205971792590818,0.08872297015836114,12.137333869934082,0.7741970419883728,1795,1795,9.396687979728256,0.7907959458645847,8.415688033598554,0.11219451822221911,0.009441940644380845,0.294921875,,
14.044025000000373,1291,,,,-0.0234375,0.140625,-0.96875,0.004117690939125453,0.09484677781929778,12.1388578414917,0.6982421875,1795,1796,8.475862652994692,0.7742379212758892,9.134620899057813,0.12250340006983514,0.011190221184835564,0.294921875,,
14.066940000001342,1291,,,,0.111328125,-0.03125,-1.115234375,0.004076318287713445,0.08439962863367088,12.137778282165527,0.7438151240348816,1795,1795,9.028263058456844,0.7663981471310763,8.488877009550418,0.11012504264214523,0.00934837942660666,0.29296875,,
14.092440000001341,1291,,,,-0.0859375,-0.0234375,-1.03515625,0.0039759707818605265,0.09468006799186754,12.137144088745117,0.7052176594734192,1797,1795,8.559328346956477,0.7475343452740195,8.733563136876594,0.12665647885002687,0.011061623547311845,0.296875,,
14.115004999998957,1291,,,,-0.111328125,0.150390625,-0.974609375,0.003939762244376583,0.09283514590163981,12.139501571655273,0.7623291015625,1796,1795,9.254295326536521,0.7407428083188341,8.004313480193005,0.125327097150407,0.01003157373154461,0.30078125,,
14.14134500000067,1291,,,,-0.15625,-0.033203125,-0.875,0.003917022885160749,0.09282403191314448,12.134858131408691,0.7484654188156128,1794,1795,9.08252167359285,0.7364702238198764,8.108653634828537,0.12603908333413774,0.01022007271207813,0.3046875,,
14.16500500000082,1291,,,,-0.0859375,-0.046875,-1,0.003971047564289697,0.09786978269003234,12.1355562210083,0.6917317509651184,1795,1795,8.394549553693707,0.7465174607828852,8.89288288797352,0.13110179979902237,0.011658729520152563,0.3046875,,
14.195625,1291,,,,0,-0.01953125,-0.998046875,0.004053479962125677,0.0998814146076903,12.138285636901855,0.7275390625,1796,1795,8.831076952628791,0.7619571116995439,8.628133531015472,0.13108534991543683,0.011310219030302765,0.3046875,,
14.218785000002011,1291,,,,0.0078125,-0.013671875,-0.9765625,0.004164543462646737,0.09456892810691407,12.138401985168457,0.759765625,1796,1796,9.222340570762753,0.7830569812466605,8.490870351602034,0.1207688972472428,0.010254330490322865,0.30078125,,
14.243345000000671,1291,,,,-0.125,-0.12890625,-0.916015625,0.004439178999457666,0.09526910938212098,12.138001441955566,0.638427734375,1800,1797,7.749236760428175,0.8353168636229319,10.779343688252176,0.114051461823625,0.01229399905144426,0.302734375,,
14.265900000000373,1291,,,,-0.13671875,0.1484375,-0.8359375,0.003956974785888055,0.09519131146265354,12.13371467590332,0.6821986436843872,1799,1799,8.277603694754589,0.7454178410958624,9.005237126394732,0.12770194944986796,0.011499863362989344,0.306640625,,
14.292790000000968,1291,,,,-0.0859375,0.0703125,-1.03125,0.0038918130588986026,0.0932019075219863,12.140000343322754,0.7073102593421936,1799,1799,8.586746791249936,0.7333128817962257,8.540054803333504,0.1270970547983438,0.010854158133201374,0.306640625,,
14.31525,1291,,,,-0.2734375,0.203125,-1.04296875,0.004171798590544155,0.08723369569998454,12.135111808776855,0.68359375,1797,1799,8.295486588031054,0.7859019819312472,9.47385031114591,0.11099818769462778,0.010515802150273814,0.3125,,
14.340190000001341,1291,,,,0.109375,-0.072265625,-0.9921875,0.004204524148573614,0.08466636435755921,12.136001586914062,0.7373046875,1796,1797,8.947930857539177,0.7914181736373599,8.844705957585063,0.10698056625163457,0.00946211651671656,0.3125,,
14.36760500000231,1291,,,,-0.01171875,0.033203125,-1.00390625,0.004273890610709948,0.09356866914233278,12.140000343322754,0.73486328125,1798,1797,8.921240486670285,0.8044646069079495,9.017407479486112,0.11631172874338688,0.010488302527225766,0.30859375,,
14.39247500000149,1291,,,,0.01953125,0.03125,-1.169921875,0.004239892105829874,0.10029263218201817,12.137778282165527,0.7069227695465088,1798,1798,8.58047183936992,0.7982207783168301,9.302760888443693,0.12564522862146038,0.011688475186392879,0.30859375,,
14.415185000000521,1291,,,,0.125,-0.029296875,-0.998046875,0.003903681364362041,0.09257952416624682,12.13949966430664,0.687255859375,1797,1798,8.342942274175584,0.7350745188022157,8.810734806083179,0.12594576712726036,0.011096747541069993,0.30859375,,
14.442240000000224,1291,,,,0.0625,-0.19140625,-0.859375,0.003810324813861839,0.09105690774238419,12.13933277130127,0.70556640625,1798,1798,8.56510539771989,0.7172720537297685,8.374351749608511,0.12694891327341434,0.010631148539821165,0.306640625,,
14.465164999999105,1291,,,,-0.01171875,0.07421875,-0.921875,0.0039011333152641926,0.10132623311208551,12.140889167785645,0.6944444179534912,1797,1797,8.431172711560748,0.7340722050917922,8.706644143171673,0.1380330605208178,0.01201804737947639,0.306640625,,
14.486394999999552,1291,,,,0.0859375,0.123046875,-1.041015625,0.0040794776085585766,0.09255729618925612,12.136001586914062,0.7477678656578064,1796,1797,9.07491200426648,0.7675510832362609,8.457945188618957,0.12058779957550518,0.010199249992257912,0.310546875,,
14.50943999999948,1291,,,,0.046875,0.0390625,-1.080078125,0.004397143525377027,0.09621379840422553,12.14228630065918,0.6919642686843872,1797,1797,8.402028260192083,0.8273744013383537,9.847317525202405,0.11628810155183786,0.0114512586038393,0.310546875,,
14.533964999999851,1291,,,,0.0625,-0.01953125,-0.94140625,0.004394891153377673,0.09174597502909573,12.140570640563965,0.6759207844734192,1799,1798,8.206064031324956,0.8274500487832861,10.083397419574917,0.11087796195553133,0.011180265554701304,0.30859375,,
14.555459999999032,1291,,,,0.13671875,0.0078125,-0.98828125,0.004335323396749294,0.0828214422673315,12.138999938964844,0.74462890625,1801,1798,9.039050247520208,0.8164842566835357,9.03285449605208,0.10143666774879724,0.00916262660339264,0.306640625,,
14.577480000000447,1291,,,,0.03125,-0.138671875,-0.927734375,0.003952968053788701,0.09002330681231684,12.141143798828125,0.7114955186843872,1798,1799,8.638369404568948,0.7446602038840717,8.620379252248823,0.1208917924481051,0.01042133099386816,0.30859375,,
14.59935000000149,1291,,,,-0.015625,0.072265625,-1.123046875,0.003822882147573236,0.08838955050350071,12.136666297912598,0.6966145634651184,1799,1798,8.454578495042199,0.7199017386563776,8.51493352481772,0.12278002087961434,0.010454637159656478,0.30859375,,
14.623644999999552,1291,,,,0.109375,0.0078125,-1.0703125,0.003915975998193867,0.08740040552741475,12.135000228881836,0.721435546875,1795,1798,8.754620526451617,0.7371985986488787,8.420680215909675,0.1185574764895108,0.009983345967234,0.306640625,,
14.646365000000223,1291,,,,-0.099609375,-0.02734375,-0.88671875,0.0038666134332168848,0.08740040552741475,12.137715339660645,0.6619698405265808,1795,1797,8.03480148775219,0.7276194897255306,9.05584899433637,0.12011828539719786,0.010877730540156234,0.306640625,,
14.668615000000223,1291,,,,0.029296875,0.109375,-0.97265625,0.003894492737404193,0.09505794360070938,12.135001182556152,0.758056640625,1795,1796,9.19901823042892,0.7325258772925592,7.963087570252636,0.12976735231804615,0.010333487902684279,0.306640625,,
14.696250000001863,1291,,,,0.1484375,-0.025390625,-0.978515625,0.00412830820627943,0.09400211469365133,12.13371467590332,0.7784598469734192,1798,1796,9.44560966982283,0.7765443844605311,8.22122035109563,0.12105182469248686,0.009951937246991335,0.30859375,,
14.72007000000216,1291,,,,0.048828125,0.06640625,-1,0.004814961256069872,0.09551361712901862,12.136890411376953,0.7362196445465088,1799,1797,8.935417144563871,0.9060328836215753,10.139793911835303,0.10541959221969255,0.010689329393773988,0.306640625,,
14.746325000001118,1291,,,,0.125,-0.140625,-0.9609375,0.004678879364837203,0.09270177803969563,12.13657283782959,0.8189173936843872,1801,1799,9.938850596616135,0.8813647504466834,8.867874025058393,0.10517981118794865,0.009327213155941561,0.306640625,,
14.903134999999777,1291,,,,0.173828125,-0.12109375,-1.029296875,0.004612848632235493,0.08831175258403329,12.134666442871094,0.7736545205116272,1804,1801,9.388039548427969,0.8697919473672834,9.26489436778023,0.10153204206056216,0.009406836446361278,0.3046875,,
14.925220000000671,1291,,,,0.00390625,0.00390625,-0.98046875,0.003969452404639736,0.08353273753103374,12.13584041595459,0.6828278303146362,1799,1800,8.286689580270945,0.7482772630098666,9.02986959703878,0.1116334033657953,0.010080350750667617,0.302734375,,
14.948734999999404,1291,,,,-0.03125,0.05859375,-0.939453125,0.003840830418174954,0.08291035417529428,12.135000228881836,0.709228515625,1794,1795,8.6064881994389,0.7220774044122171,8.389919182824105,0.11482197568941334,0.009633470964463719,0.302734375,,
14.988165000000969,1291,,,,0.1484375,-0.142578125,-1.107421875,0.004065667419995998,0.0895009493530355,12.13371467590332,0.7917131781578064,1794,1794,9.606421808919436,0.7637684322520454,7.95060270560779,0.11718335764301394,0.009316783203287517,0.302734375,,
15.158150000002236,1291,,,,-0.1953125,0.11328125,-1.111328125,0.004139361722914267,0.08271030238237802,12.138154029846191,0.7080078125,1794,1794,8.593907882459462,0.777583517805226,9.048078341545965,0.10636838421656952,0.009624294734551824,0.3046875,,
15.186450000001118,1291,,,,-0.00390625,0,-0.962890625,0.004195084837111671,0.09229056046536778,12.136489868164062,0.7183730602264404,1794,1794,8.718527367000206,0.7882745724303825,9.041372920546385,0.11707920525816345,0.01058556755980251,0.302734375,,
15.219430000001564,1291,,,,0.041015625,-0.01953125,-0.931640625,0.004190090466998991,0.08648905847079624,12.139555931091309,0.6705729365348816,1794,1793,8.140457668941337,0.786853910076809,9.665966485876206,0.10991755567733479,0.010624594093865498,0.296875,,
15.240695000000297,1291,,,,0.08203125,-0.017578125,-1.0703125,0.00401061803688759,0.08988993895037266,12.136000633239746,0.6827059388160706,1793,1793,8.285319705788368,0.7532010052254354,9.09078987862384,0.11934389137394781,0.010849302397778676,0.294921875,,
15.265484999999403,1291,,,,0.125,-0.099609375,-1.00390625,0.003989068886068697,0.0847108203115406,12.137333869934082,0.7242838740348816,1795,1794,8.790875195770639,0.7493176482557128,8.523811697568128,0.11305061412704392,0.009636221471133575,0.291015625,,
