Time (s),ESC signal (µs),Servo 1 (µs),Servo 2 (µs),Servo 3 (µs),AccX (g),AccY (g),AccZ (g),Torque (N·m),Thrust (N),Voltage (V),Current (A),Motor Electrical Speed (RPM),Motor Optical Speed (RPM),Electrical Power (W),Mechanical Power (W),Motor Efficiency (%),Propeller Mech. Efficiency (N/W),Overall Efficiency (N/W),Vibration (g),App message,
0,1288,,,,0.0234375,0.072265625,-1.0546875,0.0015607645416225802,-0.0800540591319899,12.14000129699707,0.6304931640625,1803,1805,7.654187829466537,0.29504852561258016,3.8547332804758696,0.2713250607363028,0.01045885741447363,0.2890625,,
0,1288,,,,-0.08203125,0.142578125,-0.904296875,0.0017051666131367538,-0.07910937010988534,12.1388578414917,0.6061663031578064,1801,1802,7.358166582335173,0.3218431896469428,4.373959002499279,0.24580097592453995,0.0107512339146825,0.291015625,,
0.022375,1288,,,,-0.078125,0.025390625,-0.9296875,0.0016600414810576203,-0.0755862357568601,12.138856887817383,0.6019810438156128,1802,1802,7.307361740056649,0.31317948226621145,4.285807838819043,0.2413511741251608,0.010343847539737938,0.291015625,,
0.04422999999858439,1288,,,,-0.111328125,0.04296875,-1.009765625,0.0016361666732260106,-0.07796462929486452,12.13942813873291,0.6236048936843872,1800,1801,7.570206793843795,0.3086021428703895,4.076535176309178,0.2526380036434454,0.010298877087250313,0.2890625,,
0.06611500000022352,1288,,,,-0.0625,-0.126953125,-0.9296875,0.0015408099705576366,-0.09982584466521356,12.137715339660645,0.6326729655265808,1800,1801,7.67920435866057,0.2905921761178377,3.7841443272714734,0.3435255759423244,0.012999503594748128,0.2890625,,
0.08905000000074506,1288,,,,-0.203125,0.052734375,-0.849609375,0.0016779918476690157,-0.09304631168305143,12.135429382324219,0.6675502061843872,1800,1801,8.101008386306603,0.3164236999888919,3.905979168269387,0.29405607635053194,0.0114857690852821,0.291015625,,
0.2629049999993294,1288,,,,-0.037109375,0.009765625,-0.99609375,0.001763069858613305,-0.07903157219041791,12.142857551574707,0.5859375,1799,1801,7.114955596625805,0.3324315559319648,4.672292770029612,0.23773787650469758,0.011107809615550914,0.291015625,,
0.28583500000089407,1288,,,,-0.07421875,0.05078125,-0.97265625,0.0016776344503860753,-0.08170527981471995,12.137168884277344,0.6563173532485962,1800,1800,7.9658345580601235,0.31626778727869287,3.970303236572765,0.2583420857297801,0.010256964191159047,0.29296875,,
0.31220999999903143,1288,,,,0.046875,-0.0546875,-0.9140625,0.0018349358821569508,-0.08075424040719681,12.134501457214355,0.7000732421875,1799,1800,8.495039777480997,0.3458792997760055,4.07154420504159,0.2334752049616556,0.009506046177825262,0.29296875,,
0.35486499999836085,1288,,,,0.01953125,0.021484375,-0.998046875,0.0019265070516139276,-0.0795428156612039,12.13800048828125,0.6707763671875,1800,1800,8.141883872449398,0.3631013739326567,4.4596727197414765,0.2190650363001834,0.00976958366237104,0.29296875,,
0.5195749999992549,1288,,,,-0.0078125,0.00390625,-1.0625,0.0019383266369460421,-0.10131511912359016,12.138001441955566,0.6218610405921936,1803,1801,7.548150207404035,0.3655347021352214,4.842705723803241,0.2771696326826746,0.013422509666568298,0.291015625,,
0.5551549999993295,1288,,,,-0.01953125,-0.005859375,-1.001953125,0.0016630147115146285,-0.08015921439462273,12.138981819152832,0.6321022510528564,1806,1805,7.6730777333762035,0.3144179997981097,4.09767776013086,0.25494473740718915,0.010446813805358408,0.291015625,,
0.5821400000005961,1288,,,,0.125,-0.01171875,-1.13671875,0.0014367710368694791,-0.08721517256671737,12.139272689819336,0.6605113744735718,1802,1803,8.018127689462062,0.2712526769953108,3.3829927322286033,0.32152741691918885,0.010877249146498522,0.29296875,,
0.604464999999851,1288,,,,-0.048828125,-0.02734375,-0.9375,0.0015238311423263792,-0.10018149229706469,12.136445045471191,0.6369357705116272,1803,1802,7.730135976309214,0.2875519898288811,3.719882686542003,0.34839436290001524,0.012959861586405982,0.294921875,,
0.6290150000005961,1288,,,,0.078125,0.00390625,-1.044921875,0.0016493377185709552,-0.08341048365758492,12.141715049743652,0.6438336968421936,1801,1802,7.817245286480954,0.31119784120075417,3.9809143732375367,0.2680304057886337,0.010670060948686614,0.296875,,
0.6532900000009686,1288,,,,-0.048828125,0.19921875,-1.01953125,0.0016248682029268724,-0.08533320366728009,12.141500473022461,0.677490234375,1802,1801,8.22574800113216,0.3065315273957652,3.726488185069314,0.27838312225908735,0.010373914160211955,0.298828125,,
0.6758100000005215,1288,,,,-0.13671875,0.0546875,-0.9921875,0.0017354529748376097,-0.08538877360975682,12.137141227722168,0.6410435438156128,1799,1801,7.780436024409596,0.32732911868589937,4.207079367518328,0.2608651926616243,0.01097480569750413,0.298828125,,
0.6983849999997764,1288,,,,-0.125,-0.0625,-0.75,0.0017674981681257776,-0.08165447347531998,12.1371431350708,0.6947544813156128,1801,1801,8.432334583459465,0.33334480222761903,3.9531733344819484,0.24495499233722431,0.009683495438557451,0.30078125,,
0.722265000000596,1288,,,,0.0625,-0.01171875,-1.03125,0.001877017328716515,-0.08085426630365493,12.139001846313477,0.6109619140625,1804,1801,7.416467802831903,0.35396453632440006,4.772683516393643,0.22842476577810022,0.010901991143652178,0.30078125,,
0.7471299999989569,1288,,,,0.099609375,-0.150390625,-1.01171875,0.0018622344519296351,-0.0867335662176939,12.13550090789795,0.703125,1799,1801,8.532774075865746,0.35116573518441796,4.115493180320589,0.24698755467171352,0.010164755968754957,0.30078125,,
0.769394999999553,1288,,,,-0.048828125,-0.076171875,-0.83203125,0.0021854722611405583,-0.07816468108778078,12.137715339660645,0.5740792155265808,1803,1801,6.968010100477329,0.4122601768707396,5.916469277828667,0.18960036761515436,0.01121764750060082,0.30078125,,
0.7915799999982118,1288,,,,-0.03125,0.025390625,-1.025390625,0.0021507778513541118,-0.08600004297700094,12.136000633239746,0.6138392686843872,1807,1804,7.449553753461146,0.4062257656876492,5.453021471237954,0.2117050424692342,0.011544321421540767,0.30078125,,
0.8135199999995529,1288,,,,-0.1484375,0.18359375,-0.99609375,0.0015592841998544084,-0.0867780221716753,12.138285636901855,0.6975446343421936,1805,1805,8.466996016133805,0.2946602993861154,3.480104382057605,0.29450191407687254,0.010248974017032765,0.302734375,,
0.837019999999553,1288,,,,-0.046875,0.0234375,-0.990234375,0.0015643562638058056,-0.08755600136634963,12.140572547912598,0.634765625,1803,1805,7.7064181212335825,0.29574612876286116,3.8376600401162824,0.29605121707799215,0.011361439256080018,0.302734375,,
0.8598849999997765,1288,,,,0.0625,-0.0390625,-1.015625,0.0015815889567036524,-0.09164594913263761,12.139429092407227,0.5657086968421936,1803,1804,6.867380612273905,0.29880348310735994,4.351054644813419,0.30670977519933823,0.013345109919907599,0.298828125,,
0.8819900000002235,1288,,,,-0.01171875,0.0625,-1.15234375,0.001608025228095047,-0.08227685683105944,12.138285636901855,0.6556919813156128,1802,1803,7.9589765590350225,0.30361690618773696,3.814773217833785,0.27098904953660513,0.01033761768498474,0.30078125,,
0.9073449999988079,1288,,,,-0.109375,-0.03515625,-0.90625,0.0015781633782208575,-0.08371056134695931,12.137715339660645,0.6494140625,1801,1802,7.8824030281975865,0.29785405057661696,3.7787214065445363,0.28104556975103634,0.010619929106327468,0.30078125,,
0.9284849999994039,1288,,,,0,0.03515625,-1.0390625,0.001341784908712073,-0.08371056134695931,12.13750171661377,0.6304931640625,1801,1802,7.652611861121841,0.2531746605556764,3.308343153295142,0.33064352160373595,0.010938822308791145,0.296875,,
0.953675000000745,1288,,,,-0.0625,-0.1015625,-1.134765625,0.0014373118073662534,-0.07876483646652956,12.138284683227539,0.6033760905265808,1801,1801,7.323950757864509,0.2711375784817663,3.7020671963231986,0.2904976761523538,0.01075441917491749,0.296875,,
0.9799049999993295,1288,,,,0.048828125,-0.09765625,-0.880859375,0.0015787125327563413,-0.08478861823100804,12.14000129699707,0.6610107421875,1800,1801,8.024671267485246,0.29776312964708557,3.7105959823373293,0.2847519044130853,0.010565992724780975,0.294921875,,
1.005745000001043,1288,,,,0.125,-0.001953125,-1.0078125,0.0016987338197027764,-0.08002071716650384,12.136001586914062,0.65185546875,1800,1801,7.91091900318861,0.32032788707695137,4.049186787879368,0.24980877530428916,0.010115223924584532,0.294921875,,
1.0289749999996274,1288,,,,0.07421875,-0.064453125,-1.068359375,0.0016052008765470112,-0.09110136369636558,12.137001037597656,0.614013671875,1801,1800,7.452284572646022,0.3026335036491135,4.06094937329614,0.30102867857615817,0.012224622236080146,0.294921875,,
1.0533149999994784,1288,,,,0.01171875,0,-0.9765625,0.0016415559333085904,-0.08052084664879451,12.13942813873291,0.6215122938156128,1800,1800,7.544803828113686,0.309449055393665,4.1014857701215,0.26020711727932105,0.010672357888054715,0.294921875,,
1.0788849999997765,1288,,,,0.01171875,0.06640625,-0.9140625,0.001594577509472683,-0.0847775042425127,12.141000747680664,0.684814453125,1800,1800,8.31433278741315,0.30056965493598603,3.6150784749801033,0.28205609864564746,0.010196549309507448,0.294921875,,
1.1030399999991058,1288,,,,-0.173828125,0.015625,-0.955078125,0.0016703500758531026,-0.0810320901195805,12.140501022338867,0.673828125,1801,1800,8.180611040443182,0.3148638123235843,3.8489033492359597,0.2573559963007249,0.009905383561078172,0.294921875,,
1.1283249999992548,1288,,,,0.03125,-0.068359375,-0.951171875,0.0018161355137543728,-0.091434783351226,12.138501167297363,0.592041015625,1796,1800,7.186490559251979,0.3423467488941219,4.763754242373287,0.2670823767031133,0.012723148050825963,0.296875,,
1.168530000001192,1288,,,,-0.0859375,-0.0390625,-0.900390625,0.0018764100448459776,-0.09055677826009352,12.13949966430664,0.654296875,1801,1800,7.942836694419384,0.3537090281751552,4.453182682500198,0.2560205452693455,0.011401062585577075,0.298828125,,
1.1917849999982864,1288,,,,-0.033203125,0.005859375,-1.04296875,0.0018133001017297495,-0.08544434355223356,12.1388578414917,0.6403459906578064,1801,1800,7.7730689499642835,0.341824665400186,4.397550923586708,0.24996541268372455,0.010992356314120457,0.296875,,
1.213464999999851,1288,,,,0.015625,-0.041015625,-0.94140625,0.001577518505910105,-0.07130735018615121,12.138285636901855,0.6277901530265808,1801,1800,7.620296197470964,0.2974025562169955,3.9027689804983954,0.239767105882314,0.009357556233813695,0.30078125,,
1.2384550000000745,1288,,,,0,0.166015625,-1.0078125,0.001565818160688816,-0.08112100202754328,12.136000633239746,0.6396484375,1801,1800,7.762773842550814,0.29522629667746964,3.8031031518555682,0.27477566511009954,0.010450001980334297,0.298828125,,
1.2660449999999255,1288,,,,0.048828125,-0.015625,-0.95703125,0.001551800187700216,-0.08692250402211481,12.142000198364258,0.592041015625,1800,1800,7.188562129158527,0.29258830115131135,4.07019228455303,0.2970812697571358,0.012091778920507114,0.298828125,,
1.28739999999851,1288,,,,-0.111328125,0.125,-0.97265625,0.0018561484782302815,-0.07726444801965761,12.138222694396973,0.6825087070465088,1801,1801,8.284442676995468,0.3500254009386261,4.225092919172329,0.22073954579429295,0.009326450919167834,0.30078125,,
1.309864999998361,1288,,,,-0.015625,0.046875,-0.921875,0.002095834870211969,-0.06925126231451188,12.1388578414917,0.634765625,1804,1801,7.705329684540629,0.39529387487951667,5.1301357769623195,0.17518931285140527,0.008987449616004388,0.30078125,,
1.334035000000149,1288,,,,0.0234375,-0.09765625,-0.95703125,0.002352551480556664,-0.11211791594106818,12.139430046081543,0.6375557780265808,1806,1804,7.73956376782877,0.44434286920019017,5.741187520764424,0.2523229778456411,0.014486335316095127,0.30078125,,
1.3579199999999254,1288,,,,0.048828125,0.03125,-1.001953125,0.001705261352774173,-0.07449706488431602,12.135430335998535,0.6766182780265808,1806,1805,8.21105397705486,0.32240596554433154,3.9264869826123356,0.2310660249680539,0.009072777391610404,0.298828125,,
1.381964999999851,1288,,,,-0.1875,0.04296875,-0.96875,0.0015390238908445189,-0.08037636479835499,12.138500213623047,0.66650390625,1806,1806,8.09035780839622,0.2911202946517031,3.5983611793977364,0.27609330670167614,0.009934834367268643,0.302734375,,
1.407929999999702,1288,,,,0.099609375,-0.048828125,-0.91015625,0.0017726570068778197,-0.0899232809158587,12.137001037597656,0.762939453125,1804,1806,9.259796934202313,0.3352172646675028,3.6201362411019233,0.26825372793687197,0.009711150423149658,0.302734375,,
1.4318700000010431,1288,,,,-0.037109375,0.064453125,-1.142578125,0.002470156767014928,-0.07521947413651363,12.137500762939453,0.645751953125,1810,1807,7.8378148237243295,0.46733897588456963,5.962618234740357,0.1609527088857499,0.009596995569330287,0.30078125,,
1.4570600000005216,1288,,,,-0.048828125,0.14453125,-0.916015625,0.0022207085592956073,-0.07967618352314808,12.136571884155273,0.5915178656578064,1813,1809,7.178999097318069,0.4205782884367448,5.858453006267467,0.18944435724273348,0.011098508642091002,0.302734375,,
1.479344999998808,1288,,,,-0.037109375,-0.05859375,-0.994140625,0.0011606988950256464,-0.08278810030184544,12.137500762939453,0.60546875,1810,1810,7.348877415060997,0.2200306955193933,2.9940721975911067,0.37625704952856714,0.01126540771141143,0.302734375,,
1.5098999999985099,1288,,,,0.046875,-0.087890625,-0.83984375,0.0014128267812505578,-0.09659167401306737,12.140000343322754,0.6439208984375,1805,1809,7.817199928103946,0.2676713762446629,3.4241336886158713,0.3608591825103425,0.012356300836800472,0.30078125,,
1.5370099999997764,1288,,,,0,-0.109375,-0.8984375,0.001438829458106683,-0.10000366848113912,12.140002250671387,0.66796875,1805,1807,8.109142128378153,0.27219890718703615,3.356691779201514,0.36739188086608865,0.01233221306248582,0.298828125,,
1.5607949999999255,1288,,,,0,-0.060546875,-1.041015625,0.0014266576504419536,-0.07732372226318264,12.141501426696777,0.6097412109375,1803,1804,7.403173782513477,0.26953771881489674,3.6408400874170086,0.2868753308559542,0.010444672046713755,0.30078125,,
1.5850299999993294,1288,,,,0.03125,-0.04296875,-0.962890625,0.0015226771113703273,-0.08657797037875903,12.14000129699707,0.6170654296875,1801,1803,7.4911751167383045,0.28744494854857777,3.8371142587003457,0.30119844100905285,0.011557328326941516,0.296875,,
1.6099550000000744,1288,,,,0.072265625,0.099609375,-1.0546875,0.0016414658048924614,-0.0929018298326119,12.14228630065918,0.6549944281578064,1801,1802,7.953129872028626,0.30972917884012985,3.8944312971608297,0.2999453592990805,0.011681165946924891,0.296875,,
1.632375,1288,,,,0.048828125,0.01171875,-1.0078125,0.0017933615302053439,-0.07785348940991103,12.137001037597656,0.6878662109375,1801,1802,8.348632915876806,0.33841457747125475,4.053532846409897,0.23005359281996055,0.009325297949303184,0.294921875,,
1.659660000000149,1288,,,,-0.015625,0.01171875,-0.916015625,0.0018794512151539338,-0.08637791858584278,12.14000129699707,0.7045201063156128,1802,1802,8.552875004432053,0.35468470156841514,4.146964633349833,0.24353437913696244,0.010099284572857924,0.294921875,,
1.682559999998659,1288,,,,0.03125,0.00390625,-1.02734375,0.0016744937472513816,-0.09352421318835138,12.136001586914062,0.64453125,1803,1802,7.822032272815704,0.31600720072888894,4.0399628856956316,0.29595595598021934,0.011956510779606562,0.294921875,,
1.843015000000596,1288,,,,0.078125,-0.009765625,-0.990234375,0.0016718143482137475,-0.08926755559463319,12.136000633239746,0.6731305718421936,1802,1802,8.169113046129894,0.315478310271404,3.8618428768207758,0.28295940699643307,0.01092744770338606,0.29296875,,
1.8651449999995529,1288,,,,-0.048828125,0.01171875,-0.927734375,0.0018666351221225679,-0.08765004264048712,12.138148307800293,0.6302444934844971,1802,1802,7.650001132089301,0.35218128456611386,4.603676241155394,0.24887762774921918,0.011457520218241968,0.29296875,,
1.8874350000005216,1288,,,,-0.015625,-0.0390625,-0.931640625,0.001842165997672219,-0.06717294646588184,12.139430046081543,0.6808035969734192,1802,1801,8.264567640579514,0.3474975925695571,4.204667535943725,0.19330478225525008,0.008127823424913206,0.29296875,,
1.937394999999553,1288,,,,-0.048828125,0.080078125,-1.05859375,0.002059019298631974,-0.06717294646588184,12.134857177734375,0.6166294813156128,1802,1801,7.482710687345389,0.38840242622679994,5.190664753130953,0.17294677357823077,0.00897708721780242,0.291015625,,
2.113265000000596,1288,,,,-0.01171875,-0.029296875,-0.98046875,0.0017441412703120603,-0.07455263482679277,12.139750480651855,0.59814453125,1801,1802,7.261325360741466,0.32908956582417237,4.532086767567298,0.2265420802391077,0.010267083641488291,0.291015625,,
2.138714999999851,1288,,,,-0.013671875,0.0390625,-0.99609375,0.0017109341237312107,-0.07872636513486882,12.136882781982422,0.6675384044647217,1801,1802,8.101835367459898,0.3227975202058894,3.9842517845076064,0.24388776309264984,0.009717102553214587,0.29296875,,
2.1649749999996275,1288,,,,0.0234375,-0.154296875,-0.861328125,0.0016194720958793464,-0.08162854119728098,12.137001037597656,0.7061767578125,1801,1801,8.570868042297661,0.30540860946520987,3.563333468185523,0.26727649014288696,0.009523952625853071,0.291015625,,
2.188339999999851,1288,,,,0.07421875,-0.00390625,-0.99609375,0.0018254763110148015,-0.0795428156612039,12.137333869934082,0.6456162929534912,1801,1801,7.8360604994456935,0.3441936846484125,4.392432711217071,0.2310989980610929,0.010150867986130352,0.291015625,,
2.2109199999999256,1288,,,,-0.078125,-0.041015625,-0.998046875,0.0018148967720350185,-0.07370797170114633,12.134858131408691,0.673828125,1801,1800,8.176808701828122,0.34216246382289023,4.184547741056869,0.21541805280926132,0.009014271262658639,0.29296875,,
2.23389999999851,1288,,,,0.0234375,0.04296875,-0.953125,0.0018165973345532977,-0.07599745333118797,12.137715339660645,0.7003348469734192,1799,1800,8.50046501500816,0.3424427055766598,4.028517321958898,0.22192749938478412,0.008940387754906255,0.291015625,,
2.2571349999997765,1288,,,,-0.099609375,-0.015625,-0.921875,0.001731241811927718,-0.0770977381922274,12.13650131225586,0.6591796875,1800,1800,8.000135142356157,0.3262880237025291,4.0785313984887575,0.23628736757594274,0.009637054477247366,0.2890625,,
2.280464999999851,1288,,,,0.046875,0.025390625,-1.025390625,0.001837245265619531,-0.07516390419403689,12.138287544250488,0.6954520344734192,1800,1800,8.441596767672365,0.3463265468473375,4.102618928371669,0.21703188761665881,0.008903991301963376,0.2890625,,
2.3030649999994783,1288,,,,-0.125,0.134765625,-1.083984375,0.0020440557458109004,-0.07421921517193233,12.138285636901855,0.5608258843421936,1802,1801,6.80746477671363,0.38550247601924664,5.66293750557387,0.19252591043858003,0.010902621990173908,0.2890625,,
2.326539999999106,1288,,,,-0.0625,0.078125,-0.876953125,0.0016969832324201957,-0.06968470786583043,12.137715339660645,0.6410435438156128,1803,1802,7.780804055161184,0.32026348849623953,4.116071889560071,0.21758555179994757,0.008955977733381809,0.291015625,,
2.3502700000014154,1288,,,,0.09375,0.013671875,-0.9609375,0.0015417198241712532,-0.09229056046536778,12.140501022338867,0.601806640625,1802,1802,7.306234135758132,0.29098767246596985,3.982731282068002,0.3171631281945832,0.012631755121791105,0.291015625,,
2.374214999999851,1288,,,,-0.15625,0.197265625,-1.00390625,0.0017200199158487947,-0.08004294514349454,12.139429092407227,0.5943080186843872,1801,1802,7.214560051868148,0.3245901855683333,4.4990988117741635,0.24659693577409095,0.011094639807283624,0.291015625,,
2.3997599999997763,1288,,,,-0.01171875,-0.033203125,-0.955078125,0.0017200199158487947,-0.08004294514349454,12.136500358581543,0.6329345703125,1803,1802,7.681610639556311,0.32451701135180033,4.224595941907105,0.24665254006275222,0.010420073198101827,0.29296875,,
2.4240449999999254,1288,,,,-0.037109375,-0.041015625,-0.77734375,0.0017825219462915818,-0.08341048365758492,12.139429092407227,0.5684989094734192,1802,1801,6.901252200663407,0.33624402419077026,4.872217597821561,0.24806532653874447,0.012086282493714226,0.294921875,,
2.448754999998957,1288,,,,-0.037109375,-0.0703125,-1.03515625,0.0017550269105451341,-0.08068755647622472,12.137001037597656,0.5694580078125,1799,1801,6.911512431688607,0.33099905627338927,4.789097314732317,0.24376974781940372,0.011674370446948803,0.294921875,,
2.472405000001192,1288,,,,0,-0.1015625,-0.982421875,0.001730042754658256,-0.08096540618860841,12.14000129699707,0.6378173828125,1800,1801,7.743103854591027,0.3262284620485673,4.213148476048666,0.24818621183505038,0.010456453601691337,0.29296875,,
2.4948149999994786,1288,,,,0.0859375,0.005859375,-0.90625,0.001889279683999309,-0.08359942146200583,12.13800048828125,0.601806640625,1801,1801,7.304729297757149,0.3562266442831288,4.876657707117292,0.23468042832742475,0.01144456119512523,0.294921875,,
2.5161399999987335,1288,,,,-0.0625,0.025390625,-1.103515625,0.001655108731882782,-0.08623343673540325,12.140000343322754,0.6417410969734192,1800,1801,7.79073713758163,0.3121019749573952,4.006064759287678,0.2762989139917327,0.011068713423717375,0.294921875,,
2.5369250000007453,1288,,,,0.03125,-0.04296875,-0.869140625,0.002054072995261222,-0.08015408502844802,12.135334014892578,0.68359375,1801,1801,8.295638486742973,0.38739499593295745,4.669863525900297,0.20690531852486677,0.009662196002940585,0.294921875,,
2.5601549999993294,1288,,,,-0.078125,0.03515625,-0.865234375,0.002003642443486605,-0.08015408502844802,12.140666961669922,0.5631510615348816,1803,1802,6.837029487205882,0.3780822712408482,5.5299201495086825,0.2120017020776618,0.011723524840493988,0.29296875,,
2.582929999999702,1288,,,,-0.03125,0.041015625,-1.08984375,0.0015936583393621456,-0.07577517356128101,12.138500213623047,0.6671142578125,1802,1802,8.097766560968012,0.3007466846788277,3.7139460913636944,0.25195680425273037,0.009357539883469154,0.29296875,,
2.608964999999851,1288,,,,-0.099609375,0.16796875,-1.01953125,0.0014153730138066864,-0.07488605448165318,12.13650131225586,0.64208984375,1803,1802,7.792724231258035,0.2671058575257461,3.4276313340376645,0.2803609594163804,0.009609740093364474,0.294921875,,
2.6319749999996276,1288,,,,-0.0234375,0.06640625,-1.015625,0.0017694598934498633,-0.07594188338871123,12.138999938964844,0.7000732421875,1801,1802,8.498189044184983,0.3338461319428473,3.9284385203373025,0.22747570249432178,0.00893624312119482,0.294921875,,
2.6536899999994783,1288,,,,0.099609375,0.029296875,-0.9609375,0.0018321427396608223,-0.0862223227469079,12.134285926818848,0.7045201063156128,1800,1801,8.548848411226459,0.34563853816136986,4.043100562029768,0.24945807028802122,0.010085840641843601,0.296875,,
2.6791150000002237,1288,,,,0.109375,0.05859375,-1.017578125,0.0016996290953029908,-0.0815877895443479,12.138285636901855,0.6263951063156128,1802,1801,7.6033627220164135,0.3206088158539731,4.216671327879878,0.2544776859208652,0.010730487618077334,0.294921875,,
2.7032949999999256,1288,,,,0.0625,-0.0703125,-0.9765625,0.0017772282642502925,-0.07450817887281137,12.136001586914062,0.611572265625,1801,1801,7.4220419861376286,0.33516978055202556,4.515870176671491,0.22229981100950147,0.010038770868175164,0.294921875,,
2.728875,1288,,,,0.048828125,-0.041015625,-0.91796875,0.001856672760117593,-0.07450817887281137,12.1388578414917,0.6556919813156128,1799,1801,7.959351748996255,0.3500732667596285,4.398263549588393,0.21283595734824007,0.009361086332465142,0.294921875,,
2.7660250000003725,1288,,,,0.01171875,-0.1484375,-0.984375,0.0017951076460006124,-0.07989846329305503,12.138999938964844,0.7061767578125,1800,1800,8.572279619984329,0.33841315575491493,3.947761514521543,0.23609739141145852,0.009320561954930851,0.29296875,,
2.7918349999990313,1288,,,,-0.125,-0.01953125,-0.876953125,0.0018232599309949578,-0.07960949959217599,12.137846946716309,0.608473539352417,1800,1800,7.3855586917864,0.34367962313213535,4.653400473471926,0.23163869555795089,0.01077907615583788,0.29296875,,
2.8142949999999254,1288,,,,0.0234375,0.134765625,-1.01953125,0.0016927910733313789,-0.0720964433693209,12.13949966430664,0.6427001953125,1800,1800,7.802058805245906,0.3190749134853421,4.089624565131504,0.22595459662369513,0.009240694689566436,0.294921875,,
2.8384399999994785,1288,,,,0.0625,0.11328125,-1.0625,0.0016526826705481588,-0.08837843651500538,12.13800048828125,0.5867512822151184,1802,1800,7.121987350026757,0.3115013076016787,4.373797541222935,0.28371770634111165,0.012409238063961648,0.294921875,,
2.8673699999991804,1288,,,,0.0234375,0.01953125,-1.03125,0.0016797782068500905,-0.08837843651500538,12.137500762939453,0.6158447265625,1799,1800,7.474815838504583,0.31661949702418773,4.2358166925425,0.2791313780283525,0.011823493504648864,0.294921875,,
2.8893349999990314,1288,,,,0,0.029296875,-1.021484375,0.0014965125852046412,-0.07605672866006344,12.1416015625,0.61474609375,1800,1800,7.4640021324157715,0.2821074712995986,3.7795738304310045,0.2696019652003157,0.010189805323038835,0.294921875,,
2.913269999999553,1288,,,,0.078125,-0.09765625,-1.125,0.0015443622877589266,-0.07313004429938824,12.13800048828125,0.58837890625,1798,1800,7.141743451356888,0.29114765866191794,4.076702847770338,0.25117854162209563,0.010239802759295978,0.296875,,
2.9350250000003726,1288,,,,0.01171875,-0.138671875,-1.025390625,0.001566299823712687,-0.08048750468330845,12.140572547912598,0.5880301594734192,1802,1800,7.13902281144766,0.2952577077483591,4.1358280474311355,0.27260085874508644,0.011274302773517417,0.298828125,,
2.9573699999991803,1288,,,,-0.048828125,0.0859375,-1.0390625,0.0016475463289666542,-0.07903157219041791,12.141143798828125,0.5866350531578064,1800,1800,7.122420537822109,0.3105554091020987,4.36025094913955,0.25448461006981,0.01109616762598297,0.302734375,,
2.982094999998808,1288,,,,-0.015625,0.044921875,-1.02734375,0.0017499153018778228,-0.06566144403051456,12.139999389648438,0.57373046875,1800,1800,6.965087540447712,0.3298505258356342,4.735769994563939,0.19906423936772472,0.009427224517883644,0.302734375,,
3.0083899999987334,1288,,,,-0.13671875,0.18359375,-0.998046875,0.00172468744993245,-0.07998737520101781,12.14000129699707,0.650634765625,1798,1800,7.898706898558885,0.3251065780812353,4.115946853788825,0.24603431795536032,0.010126641769124445,0.3046875,,
3.0334749999996276,1288,,,,-0.01171875,-0.0703125,-0.91015625,0.0016323365648754735,-0.09731408326526497,12.141500473022461,0.621337890625,1798,1800,7.543974292930216,0.3076599911324621,4.078221626772822,0.3163039916469564,0.012899577793691875,0.302734375,,
3.057160000000149,1288,,,,0.048828125,-0.001953125,-0.970703125,0.0017498195841025544,-0.07798685727185521,12.138500213623047,0.667724609375,1803,1800,8.105175313539803,0.3297590946405814,4.068500456612141,0.23649645616857495,0.009621859399090002,0.302734375,,
3.0842799999993296,1288,,,,0.048828125,-0.046875,-1.115234375,0.0017936615390571717,-0.06652833513315166,12.138999938964844,0.6597900390625,1799,1799,8.0091912439093,0.3380008942868207,4.220162610598893,0.19682887311149266,0.008306498509914351,0.30078125,,
3.109114999998361,1288,,,,-0.05078125,-0.0625,-0.974609375,0.0018453439675451214,-0.08329934377263144,12.137500762939453,0.64453125,1800,1800,7.822998538613319,0.3477472062795497,4.44519073553592,0.23953993667937082,0.010648007073180003,0.302734375,,
3.132504999998957,1288,,,,0.048828125,0.1171875,-1.02734375,0.001834197388080607,-0.08647794448230091,12.139500617980957,0.6903076171875,1799,1800,8.379989745444618,0.34564793945519723,4.12468212915287,0.25019082890702476,0.010319576408707483,0.302734375,,
3.157464999999851,1288,,,,0.099609375,-0.048828125,-0.9921875,0.001828904125241253,-0.07267437077107898,12.134286880493164,0.7184709906578064,1800,1799,8.718133115953947,0.34460788457467717,3.9527715394027894,0.21089004060593486,0.008336001504506379,0.298828125,,
3.1793899999987336,1288,,,,-0.125,0.130859375,-1.041015625,0.001802079253655665,-0.0743303550568858,12.137001037597656,0.6805419921875,1799,1799,8.259738865308464,0.3395273537796403,4.110630606079827,0.2189230241081772,0.008999116832746248,0.298828125,,
3.2034700000006704,1288,,,,-0.0625,-0.01171875,-0.853515625,0.0015834862646636526,-0.08134328179745023,12.137716293334961,0.6396484375,1800,1799,7.763871261849999,0.29834774662438895,3.842770398453229,0.2726458728708249,0.010477154895284483,0.30078125,,
3.228730000000447,1288,,,,-0.015625,-0.07421875,-0.833984375,0.0017157669724793328,-0.06575035593847732,12.137715339660645,0.6633649468421936,1801,1799,8.051734891079661,0.3233202063945616,4.0155346738099995,0.20335987246723247,0.008165986191537513,0.30078125,,
3.2566299999989567,1288,,,,0.009765625,-0.05859375,-1.052734375,0.0018957395387979444,-0.062405045401377666,12.14000129699707,0.6744384765625,1799,1800,8.187683980213478,0.35724365848131706,4.363183280456833,0.1746848234246299,0.007621819009158994,0.30078125,,
3.422679999999702,1288,,,,-0.125,0.05859375,-0.845703125,0.0017505171361231993,-0.0810802503746102,12.137333869934082,0.6260850429534912,1799,1799,7.5990031972985435,0.3298559432048604,4.340779108003595,0.24580503108975207,0.0106698534359657,0.302734375,,
3.4457899999991057,1288,,,,0.005859375,0,-1.017578125,0.0018254927861421186,-0.09090900622404899,12.13843059539795,0.6400843858718872,1800,1800,7.7696198931038225,0.34412430084307255,4.429100851490961,0.264174910058169,0.011700573190811846,0.298828125,,
3.4675,1288,,,,-0.125,0.134765625,-0.984375,0.0017776476059197547,-0.06810652149949105,12.142857551574707,0.5901227593421936,1801,1801,7.165776604634459,0.3351937760647876,4.6777034026988975,0.20318551943019117,0.009504415956177481,0.30078125,,
3.5192900000009684,1288,,,,-0.109375,0.1171875,-0.970703125,0.001595442323065586,-0.06880670277469797,12.137141227722168,0.6215122938156128,1800,1801,7.543382484805647,0.30082626254127065,3.9879492143904107,0.2287257176067143,0.009121465458405791,0.3046875,,
3.693504999998957,1288,,,,0.0625,0.05078125,-1.02734375,0.0017428363086602972,-0.0817767273487688,12.139999389648438,0.650275707244873,1800,1800,7.894346689055965,0.32854002898901513,4.161712703148374,0.24890947870313557,0.01035889739452879,0.3046875,,
3.7219749999996274,1288,,,,-0.041015625,0.017578125,-0.98828125,0.0017730099506109787,-0.08656050546216987,12.138374328613281,0.6484209299087524,1800,1800,7.870775969739952,0.33421697740375245,4.246302762125179,0.25899493836185355,0.010997709221423794,0.3046875,,
3.7476349999997765,1288,,,,0.103515625,-0.052734375,-1.033203125,0.00179291354307029,-0.08117657197002003,12.138501167297363,0.6689453125,1798,1800,8.11999345663935,0.33796773290804893,4.162167552385256,0.24019030240412262,0.009997122830640415,0.306640625,,
3.770559999998659,1288,,,,-0.0234375,-0.140625,-0.87890625,0.001807926421985772,-0.097347425230751,12.136500358581543,0.68359375,1802,1800,8.296435791999102,0.3407824886774957,4.107577003201047,0.28565853136566854,0.011733644142058052,0.306640625,,
3.7918349999990313,1288,,,,0.01171875,0.04296875,-0.966796875,0.0018361282321954456,-0.10144848698553433,12.140000343322754,0.6863839030265808,1801,1800,8.332700818393903,0.3460518336998974,4.152937219778852,0.2931598018160261,0.012174742523047665,0.3046875,,
3.8137599999997764,1288,,,,0.125,-0.021484375,-1.126953125,0.002194599405147869,-0.10144848698553433,12.138856887817383,0.6012834906578064,1800,1800,7.298894242102392,0.41366952585314737,5.6675643204551065,0.24524041691567225,0.01389915836844799,0.306640625,,
3.835655000001192,1288,,,,0.0625,-0.009765625,-1.005859375,0.001995272657642735,-0.07196307550737673,12.137715339660645,0.6194196343421936,1802,1801,7.518339197442231,0.37627942866003705,5.004821128422203,0.19124902938128543,0.009571671830376962,0.3046875,,
3.861230000000447,1288,,,,-0.078125,0.080078125,-0.990234375,0.0017475581293945977,-0.07979843739659691,12.140572547912598,0.6787109375,1801,1802,8.239939375780523,0.32971865621842644,4.001469442694705,0.2420197822950406,0.0096843476338123,0.3046875,,
3.883265000000596,1288,,,,0.0234375,-0.0390625,-0.94140625,0.0016627345740251466,-0.09223499052289104,12.13850212097168,0.616455078125,1799,1802,7.482841273304075,0.3136821069548366,4.192018719866941,0.2940396933006155,0.012326198987001144,0.3046875,,
3.9071199999991806,1288,,,,0.109375,0.0546875,-1.068359375,0.001557372359560645,-0.07726444801965761,12.137715339660645,0.5684989094734192,1801,1801,6.900277934095868,0.29372678824578735,4.2567385118563905,0.26304869392778557,0.011197295059359293,0.3046875,,
3.931804999999702,1288,,,,0.01171875,-0.064453125,-0.947265625,0.0019278314502620992,-0.0765642667444507,12.139501571655273,0.61279296875,1800,1800,7.439001207239926,0.3634536953328269,4.885786212524064,0.21065755480718995,0.010292277768410008,0.302734375,,
3.9571549999993296,1288,,,,0.07421875,-0.046875,-0.83984375,0.0018556936441302815,-0.07636421495153445,12.14050006866455,0.6219482421875,1800,1800,7.55076267698314,0.3497973268700505,4.6326092056413275,0.21830988714188693,0.010113443928560246,0.302734375,,
3.980050000000745,1288,,,,0,0.029296875,-1.05859375,0.00172306583711202,-0.06816209144196779,12.138999938964844,0.5975341796875,1799,1800,7.2534673707559705,0.32478207006032234,4.477611236934163,0.20987024138773402,0.009397173511358032,0.30078125,,
4.003129999998957,1288,,,,-0.1484375,-0.015625,-0.857421875,0.0019772063118291897,-0.07010703942865365,12.13657283782959,0.6243024468421936,1802,1800,7.576892118935518,0.37272381301041013,4.919217631183249,0.18809380292183148,0.009252743516493809,0.30078125,,
4.031964999999851,1288,,,,0.03125,-0.087890625,-0.884765625,0.0021332988074521785,-0.09231278844235848,12.137144088745117,0.7087053656578064,1804,1801,8.601659139455592,0.4023958773716128,4.678119312189821,0.2294078881854636,0.010731974720891005,0.30078125,,
4.058139999998733,1288,,,,-0.08203125,0.02734375,-0.970703125,0.001626286223340636,-0.08040600246279273,12.136445045471191,0.6776258945465088,1802,1802,8.22396943055196,0.3068683550737949,3.731389782819257,0.2620211603228261,0.009777030805110396,0.30078125,,
4.082669999999926,1288,,,,-0.07421875,-0.0703125,-0.857421875,0.00157805732013118,-0.08412177892128718,12.13800048828125,0.6536865234375,1801,1802,7.934447340667248,0.29778651130561956,3.753084474823387,0.2824902261437646,0.010602096820295105,0.30078125,,
4.106884999999776,1288,,,,0.09375,0.07421875,-1.013671875,0.0015992651652492415,-0.07943167577625042,12.138500213623047,0.60546875,1800,1802,7.349482551217079,0.3017167261375943,4.10527848777095,0.26326573535743114,0.010807791599300617,0.30078125,,
4.131854999998584,1288,,,,0.046875,0.0859375,-1.0859375,0.0016102868225369822,-0.07994291924703642,12.139001846313477,0.7135009765625,1801,1801,8.661189671838656,0.3036929670283406,3.5063655056046192,0.2632359913674792,0.009230015999645647,0.302734375,,
4.156914999999106,1288,,,,0.0234375,0.0546875,-0.962890625,0.0016026416971055852,-0.0897565710884285,12.13900089263916,0.6646728515625,1801,1801,8.068464338430203,0.3022034843075279,3.7454894962865324,0.2970070689095382,0.011124368569235257,0.3046875,,
4.183980000000447,1288,,,,0.0859375,-0.015625,-0.95703125,0.0016186988080423572,-0.09216830659191895,12.137001037597656,0.6927490234375,1800,1800,8.4078956162557,0.30518510817737715,3.629744255950761,0.30200787693202136,0.010962113565458889,0.30078125,,
4.207294999999926,1288,,,,0.009765625,-0.06640625,-0.9921875,0.0015907588593083823,-0.08037636479835499,12.14050006866455,0.655517578125,1801,1800,7.9583112022373825,0.29988721778057803,3.7682268280268856,0.2680219763723471,0.010099676018670664,0.30078125,,
4.232154999999329,1288,,,,-0.03125,-0.037109375,-1.009765625,0.0018486101095584542,-0.0672062884313679,12.136001586914062,0.6854248046875,1799,1800,8.318316517397761,0.34845625896511184,4.189023803510187,0.19286865051861998,0.008079313679733866,0.298828125,,
4.256934999998659,1288,,,,-0.1875,-0.00390625,-0.7734375,0.002060328745744447,-0.07366351574716494,12.138856887817383,0.6215122938156128,1801,1801,7.544448788646832,0.38847737775149727,5.149181718034756,0.189621120729162,0.009763936082118624,0.30078125,,
4.282015000000596,1288,,,,0.125,-0.068359375,-1.103515625,0.0020195948936734846,-0.07590854142322519,12.13800048828125,0.6231689453125,1802,1801,7.564024962484837,0.38092485279423427,5.036007346399578,0.19927432108040743,0.010035469449097202,0.302734375,,
4.304109999999404,1288,,,,0.0234375,-0.009765625,-0.875,0.0017361467540408355,-0.07944278976474577,12.13850212097168,0.643310546875,1801,1802,7.808826437685639,0.3275784712010517,4.194976976567796,0.24251529556711207,0.010173460813695691,0.302734375,,
4.328900000000372,1288,,,,-0.03125,-0.01953125,-0.91015625,0.0016923293922664329,-0.09991475657317633,12.14228630065918,0.634765625,1802,1801,7.707505952566862,0.3192356183564844,4.141879621256316,0.3129812302510787,0.012963305794126738,0.302734375,,
4.355884999999777,1288,,,,0.0234375,0.041015625,-1.083984375,0.0017832317949023344,-0.09424662244054899,12.13750171661377,0.670166015625,1802,1801,8.134141165064648,0.3363570040787429,4.135126219881256,0.28019818614654257,0.01158654866297737,0.302734375,,
4.378660000000149,1288,,,,-0.19921875,0.0625,-0.87109375,0.0018098316947825458,-0.08492569039400051,12.138222694396973,0.6043837070465088,1801,1801,7.3361440289957045,0.3413787614507736,4.653381396296105,0.24877262438087175,0.011576339022017072,0.3046875,,
4.402929999999702,1288,,,,0.0234375,0.169921875,-1.060546875,0.0015503053135982807,-0.0802652249134015,12.137333869934082,0.64208984375,1802,1802,7.7932588080875576,0.2925168300980246,3.753459718217768,0.2743952369732163,0.01029931468849786,0.3046875,,
4.428174999998882,1288,,,,-0.01171875,0.095703125,-1.06640625,0.0015290920188550578,-0.0830103800717524,12.13650131225586,0.723876953125,1801,1802,8.785333591513336,0.2885799433761611,3.284792095486623,0.28765124526879954,0.009448745367158366,0.302734375,,
4.448834999999032,1288,,,,-0.048828125,0.060546875,-0.953125,0.0022227250603392627,-0.0830103800717524,12.134500503540039,0.665283203125,1807,1804,8.072879363317043,0.4198234296149431,5.200417480813724,0.19772688758197346,0.010282623626081847,0.302734375,,
4.471175000000745,1288,,,,-0.046875,-0.087890625,-1.03515625,0.002654319862641784,-0.08365499140448258,12.13800048828125,0.5965169072151184,1810,1805,7.240522511045128,0.5017874751610484,6.930266073968994,0.16671398858178665,0.011553722991244103,0.3046875,,
4.4937100000008945,1288,,,,-0.07421875,-0.0390625,-0.873046875,0.0016002936073309618,-0.07664206466391814,12.141000747680664,0.7037353515625,1810,1808,8.544051429489627,0.30305914395505645,3.547019191727401,0.252894744120587,0.008970225108827124,0.302734375,,
4.517369999999181,1288,,,,-0.046875,0.181640625,-1.0859375,0.0016350376226797747,-0.07045157307200943,12.142287254333496,0.7017298936843872,1809,1809,8.520605944068734,0.3097090264239567,3.6348239603727692,0.2274766540887613,0.008268375927072578,0.3046875,,
4.540240000000224,1288,,,,-0.173828125,0.109375,-0.986328125,0.0016536352370795562,-0.08317708989918261,12.134857177734375,0.6522042155265808,1806,1809,7.9144050061313465,0.3132210960087956,3.9576076251612213,0.26555392008732037,0.010509582190290329,0.306640625,,
4.563089999999851,1288,,,,-0.09375,0.009765625,-0.8984375,0.0014212351336724918,-0.07549732384889732,12.139001846313477,0.5810546875,1804,1807,7.0534239243716,0.26890517206186987,3.812406214983414,0.28075816939484843,0.010703641899082862,0.306640625,,
4.584884999999776,1288,,,,0.037109375,0.072265625,-1.05859375,0.0015918473870008554,-0.0808209243381689,12.140572547912598,0.6333705186843872,1804,1805,7.689480731796834,0.3008897702984331,3.913005062282312,0.2686064210757576,0.010510582854309738,0.306640625,,
4.60765499999933,1288,,,,-0.03125,0.083984375,-1.052734375,0.0016857367431610574,-0.07902045820192255,12.140000343322754,0.7096354365348816,1801,1804,8.614974443167455,0.31839130890249917,3.6957893607567884,0.24818660557760686,0.009172454163760608,0.306640625,,
4.632164999999106,1288,,,,-0.07421875,0.001953125,-0.947265625,0.0017066912505761085,-0.08181006931425484,12.136000633239746,0.633544921875,1800,1802,7.6887015730608255,0.3220011600253485,4.187978385759636,0.25406762294836016,0.010640297134290615,0.306640625,,
4.658129999998957,1288,,,,0.01171875,0.03515625,-1.0390625,0.0018121346504821154,-0.08459968042658712,12.135429382324219,0.5733817219734192,1801,1801,6.958233396123887,0.34175742952955396,4.911554558085553,0.24754306158915923,0.012158212524706878,0.3046875,,
4.685759999999776,1288,,,,-0.037109375,-0.029296875,-1.123046875,0.0018436337633823262,-0.06757305005171438,12.140889167785645,0.6553819179534912,1799,1801,7.9569192284441215,0.3476242099746492,4.368829191227356,0.19438533943490932,0.008492363452698697,0.306640625,,
4.709935000000521,1288,,,,0.041015625,-0.103515625,-0.8828125,0.0017751854338317386,-0.08194343717619902,12.14000129699707,0.6591796875,1800,1800,8.002442261204123,0.3346933469622276,4.182390025915244,0.24483138944930058,0.010239803612637254,0.306640625,,
4.732839999999851,1288,,,,0.125,0.0859375,-1.08984375,0.0017927724117520105,-0.08078758237268284,12.13850212097168,0.6072998046875,1800,1800,7.371709967264906,0.3379378672586691,4.584253433183465,0.23906046110791512,0.010959137395723819,0.306640625,,
4.754059999998659,1288,,,,0.125,0.05078125,-1.146484375,0.0016404584626414937,-0.07740892987009713,12.139429092407227,0.5678013563156128,1799,1800,6.892784303566032,0.3092262934952141,4.486231976463178,0.25033100838591915,0.011230429745211825,0.306640625,,
4.778574999999255,1288,,,,0.046875,-0.025390625,-0.947265625,0.0016030825578077358,-0.07824247900724822,12.141143798828125,0.6766182780265808,1799,1800,8.214919810436186,0.30218731782529507,3.678518169360559,0.2589204589071567,0.009524436125091499,0.3046875,,
4.803464999999851,1288,,,,-0.037109375,-0.03515625,-0.79296875,0.0016376922888032147,-0.08732260760794733,12.13949966430664,0.7086181640625,1801,1800,8.602269964758307,0.3087256598105049,3.5888859693463364,0.28284855771802625,0.010151112202440717,0.302734375,,
4.840604999998584,1288,,,,-0.08203125,0.125,-1.005859375,0.0017030145701339586,-0.09640273620864644,12.13850212097168,0.645751953125,1801,1800,7.838461452629417,0.3210150711908873,4.095383681235079,0.3003059509044728,0.01229868090711961,0.302734375,,
4.866724999999628,1288,,,,-0.080078125,-0.03515625,-0.94921875,0.0017559156186483598,-0.08828211546227076,12.137667655944824,0.6595866084098816,1800,1800,8.005843043190964,0.3309657642593569,4.134052622238779,0.26674092911038877,0.011027210374472109,0.306640625,,
4.89061999999918,1288,,,,-0.07421875,-0.078125,-0.9375,0.0016014065884696715,-0.07389690950556724,12.137500762939453,0.6439208984375,1798,1800,7.815590396057814,0.3018242135830332,3.861822310126096,0.24483426504559705,0.009455064270364124,0.306640625,,
5.060759999999776,1288,,,,0.01171875,-0.080078125,-1.01171875,0.001467277759054421,-0.08548879950621495,12.143001556396484,0.675048828125,1800,1800,8.197118970565498,0.2765343177403333,3.3735550104045395,0.3091435457442545,0.010429127576797547,0.306640625,,
5.113504999998957,1288,,,,-0.021484375,0.00390625,-0.94921875,0.0017131020686663,-0.08074312641870145,12.137541770935059,0.6613212823867798,1800,1800,8.026814688977879,0.32285755810230793,4.022237595015665,0.25008900796157096,0.010059174099232026,0.306640625,,
5.136995000001043,1288,,,,-0.15234375,0.080078125,-0.986328125,0.0017001698657997653,-0.07837028987494471,12.139764785766602,0.620978832244873,1800,1800,7.538536960392776,0.320493175457897,4.251397547584599,0.2445302923002183,0.010395954849952932,0.30859375,,
5.163389999998733,1288,,,,0.0625,0.0390625,-1.158203125,0.0017521849579059372,-0.08498867002392431,12.138999938964844,0.6268310546875,1801,1800,7.609102134592831,0.3302831382527886,4.3406322114043006,0.2573206445642907,0.01116934278455077,0.306640625,,
5.1849249999988825,1288,,,,0.111328125,-0.04296875,-0.994140625,0.0017497214908496507,-0.10180413461738547,12.14100170135498,0.6463623046875,1800,1800,7.847485840902664,0.32983039682975057,4.203007224436248,0.3086560110769111,0.012972834444219317,0.306640625,,
5.207650000000372,1288,,,,0.140625,-0.125,-0.931640625,0.00181602344710362,-0.09656944603607667,12.13666820526123,0.65185546875,1800,1800,7.911353542003781,0.34234345972930336,4.327242587652011,0.2820835137684118,0.012206437940531936,0.30859375,,
5.2338149999994785,1288,,,,0.109375,-0.025390625,-1.064453125,0.0016386455540045048,-0.08757822934334032,12.138999938964844,0.6231689453125,1799,1800,7.5646477891132236,0.30890783205703,4.083571908021935,0.2835092550426879,0.011577304295565465,0.306640625,,
5.25736999999918,1288,,,,0.01953125,-0.025390625,-1.01171875,0.0016051974315722515,-0.08285478423281753,12.140501022338867,0.6268310546875,1800,1800,7.610043060267344,0.30260276866432206,3.9763607941226486,0.27380709237570966,0.010887557872754902,0.306640625,,
5.282064999999479,1288,,,,-0.0625,0,-0.96484375,0.0015737660896516105,-0.07899823022493185,12.13900089263916,0.6842041015625,1801,1800,8.305554199614562,0.29667337043343206,3.57198765191611,0.26628015217381157,0.009511494155151975,0.302734375,,
5.303150000000373,1288,,,,0.0234375,0.087890625,-1.0234375,0.0016711387344277263,-0.08678543131644713,12.140571594238281,0.6187220811843872,1800,1800,7.511639723555163,0.31501742769982694,4.193723864471141,0.275494063773332,0.01155346029766357,0.3046875,,
5.334539999999106,1288,,,,-0.037109375,0.033203125,-1.00390625,0.0017021138449085827,-0.09389097480869785,12.134857177734375,0.6647600531578064,1800,1800,8.066768302533092,0.32088552002898,3.9778695506627724,0.2925996000075613,0.011639230394061848,0.302734375,,
5.360479999998584,1288,,,,-0.0625,0.103515625,-1.126953125,0.0018303558809307742,-0.08568144161168417,12.138001441955566,0.62890625,1800,1800,7.633664969354868,0.3450576274865573,4.520209216304113,0.24831052782631835,0.01122415536385863,0.3046875,,
5.38563000000082,1288,,,,0,-0.095703125,-0.92578125,0.001744538338385351,-0.08712255581503107,12.142500877380371,0.679931640625,1798,1800,8.256070542847738,0.3288598942497845,3.983249568218345,0.2649230183990068,0.010552544986489444,0.306640625,,
5.546894999999553,1288,,,,0.1484375,-0.12890625,-1.05859375,0.0017382022408644912,-0.08955651929551223,12.137500762939453,0.6756591796875,1802,1800,8.200813808944076,0.32764562668766206,3.9952818625185835,0.2733334798357759,0.010920442944069643,0.3046875,,
5.573884999999777,1288,,,,-0.0546875,0,-0.955078125,0.0016728978952478732,-0.08449879927398307,12.137702941894531,0.6638816595077515,1800,1800,8.057998371677058,0.3153035792341923,3.91292681743953,0.2679918809650475,0.010486326178841966,0.3046875,,
5.604540000000968,1288,,,,-0.173828125,0.109375,-0.97265625,0.001810088805302976,-0.08366610539297792,12.136445999145508,0.6255425214767456,1801,1800,7.591863032071842,0.34118408083293567,4.494075820277615,0.24522277003288995,0.011020497213863088,0.310546875,,
5.627365000000223,1288,,,,0.009765625,0.013671875,-0.96875,0.001876441904193074,-0.07404139135600676,12.13599967956543,0.63671875,1801,1800,7.727218545973301,0.3537061249918967,4.577405477630951,0.2093302493919296,0.00958189430200472,0.310546875,,
5.648515000000596,1288,,,,0.138671875,-0.068359375,-0.953125,0.0016654004188668668,-0.07529727205598107,12.137715339660645,0.5559430718421936,1799,1800,6.747878751077053,0.31392508968876254,4.652204066924822,0.2398574517590604,0.01115865812555725,0.310546875,,
5.671035000000149,1288,,,,0.015625,0.076171875,-1.013671875,0.0017013680846653563,-0.09132364346627252,12.13942813873291,0.6236048936843872,1802,1800,7.570206793843795,0.320695835602101,4.236288972487458,0.2847671635486439,0.012063559946676525,0.310546875,,
5.692559999998659,1288,,,,0.046875,-0.080078125,-0.974609375,0.0018194406415477057,-0.09057900623708422,12.1388578414917,0.5943080186843872,1800,1800,7.214220552868369,0.3430092419430291,4.7546264967827865,0.2640716201230771,0.012555619220855409,0.30859375,,
5.715210000000894,1288,,,,0.01171875,0.03125,-0.890625,0.0018031503146008264,-0.07876483646652956,12.1388578414917,0.5970982313156128,1798,1800,7.248090547346351,0.33995660002378947,4.690291847254217,0.23169085836550238,0.010866977440750472,0.30859375,,
5.7373000000007455,1288,,,,-0.01171875,-0.109375,-1.07421875,0.0017067503580490116,-0.08176561336027345,12.140572547912598,0.5922154188156128,1799,1800,7.18983425612339,0.32178501630357625,4.475555413944633,0.2541001265364534,0.011372391970042405,0.30859375,,
5.759765000000596,1288,,,,-0.046875,-0.041015625,-0.974609375,0.0016639470457565444,-0.0882672966300519,12.14228630065918,0.6752232313156128,1801,1800,8.19875379149039,0.3136379418775322,3.825434326410213,0.28143054409060647,0.010765940638645088,0.306640625,,
5.782735000001266,1288,,,,-0.09375,-0.025390625,-0.935546875,0.0016243803916079478,-0.09027892854770983,12.137715339660645,0.6591796875,1801,1800,8.00093540456146,0.30617329320182424,3.8267187237541003,0.29486219259561447,0.011283546733328252,0.3046875,,
5.808375,1288,,,,-0.037109375,0.123046875,-1.04296875,0.0020618712691330486,-0.059148646772240764,12.140572547912598,0.5712890625,1801,1800,6.935776309110224,0.38864383723148316,5.60346556622645,0.1521924217133817,0.008528049945115489,0.302734375,,
5.832650000000372,1288,,,,-0.0625,0.08984375,-0.943359375,0.0018755346114707086,-0.09109024970787022,12.137999534606934,0.6829833984375,1801,1801,8.290052172378637,0.3537334943648254,4.266963428088171,0.25751095431727394,0.010987898244038915,0.30078125,,
5.856915000000969,1288,,,,0,0.072265625,-0.99609375,0.0016721119815879414,-0.09110136369636558,12.139501571655273,0.645751953125,1802,1801,7.8391068498604,0.31540950850068794,4.023538836012993,0.2888351848662384,0.011621395835163022,0.30078125,,
5.884554999999702,1288,,,,0.037109375,0.01171875,-1.0078125,0.0014930332465025896,-0.07643089888250652,12.138285636901855,0.60546875,1801,1801,7.34935263171792,0.2816312427486054,3.832055105549803,0.2713864347455641,0.010399677728436975,0.296875,,
5.90925500000082,1288,,,,-0.125,0.03515625,-1.06640625,0.0015481313323608614,-0.07830916293822031,12.135557174682617,0.6640625,1799,1801,8.058768436312675,0.291991973353635,3.6232828336141796,0.26818943698626646,0.00971726183188991,0.294921875,,
5.931855000000447,1288,,,,-0.046875,-0.115234375,-1.083984375,0.0016512489999288042,-0.0750749922860741,12.13800048828125,0.6591796875,1801,1801,8.001123368740082,0.3114041179905347,3.8920049552938063,0.24108541907064968,0.009383056456720525,0.294921875,,
5.957164999999106,1288,,,,-0.037109375,0.0234375,-1.025390625,0.0015550742945503232,-0.0750749922860741,12.135429382324219,0.7184709906578064,1800,1801,8.718953970376333,0.29321912491589647,3.3630080616567395,0.2560371609717058,0.00861055036431551,0.298828125,,
5.982359999999404,1288,,,,-0.048828125,-0.046875,-0.984375,0.0015527753317491888,-0.09563587100246744,12.135501861572266,0.6671142578125,1800,1800,8.095766317564994,0.29276627687511864,3.616288630267375,0.3266628657618977,0.011813072073853084,0.296875,,
6.006990000000224,1288,,,,-0.099609375,0.046875,-0.94921875,0.0016280911671408506,-0.0912458455468051,12.136499404907227,0.665283203125,1799,1800,8.074209198821336,0.30697266819339786,3.8018914377176327,0.2972442011981298,0.01130090183446387,0.294921875,,
6.031890000000596,1288,,,,-0.048828125,0.068359375,-0.95703125,0.0015756021941290296,-0.06925126231451188,12.138501167297363,0.6976318359375,1804,1800,8.468204854871146,0.29704747089257993,3.5077974137778445,0.23313197081403508,0.008177797242904041,0.294921875,,
6.056834999999031,1288,,,,0.048828125,0.025390625,-1.0859375,0.0017501894599436293,-0.06493903477831695,12.135000228881836,0.687255859375,1800,1800,8.339850010816008,0.32995690547030126,3.9563889643384225,0.19681065527559316,0.007786595045965704,0.294921875,,
6.078719999998808,1288,,,,0.1484375,0.041015625,-1.111328125,0.001751039182266855,-0.06988475965874669,12.134500503540039,0.6536865234375,1799,1800,7.932159447809681,0.3300997378861107,4.161536843252207,0.21170801317890767,0.008810306968557481,0.294921875,,
6.103175000000745,1288,,,,-0.109375,-0.029296875,-0.859375,0.001572289101498923,-0.08810058680262169,12.136000633239746,0.6647600531578064,1801,1800,8.067528426075626,0.29635554270369796,3.6734366097282827,0.29728003734590636,0.010920393725278437,0.296875,,
6.128544999999925,1288,,,,0.01171875,-0.0390625,-1.02734375,0.0017984556721253432,-0.07104061446226287,12.13550090789795,0.60302734375,1800,1800,7.318038877565414,0.33896097542281495,4.631855352148408,0.20958346126319657,0.009707602767737258,0.294921875,,
6.161669999999925,1288,,,,0.009765625,-0.05078125,-1.033203125,0.0018661214320094197,-0.08192120919920833,12.140572547912598,0.5852399468421936,1799,1800,7.105148032574164,0.3516995194060266,4.949925290699502,0.23292954547553055,0.011529838481004685,0.294921875,,
6.18427999999933,1288,,,,-0.0625,0.107421875,-0.87890625,0.0018496780160090513,-0.09143848792361191,12.13782024383545,0.6174538135528564,1801,1800,7.49454339777526,0.34864542101510043,4.651990154845125,0.26226785843733064,0.012200674953827772,0.294921875,,
6.210440000001341,1288,,,,0.15625,0.005859375,-1.048828125,0.0019366707422737112,-0.07915382606386673,12.140571594238281,0.6724330186843872,1803,1800,8.16372120566757,0.36515452771115775,4.472893163691741,0.2167680257451949,0.009695802204626376,0.296875,,
6.232425000000745,1288,,,,0,-0.00390625,-1.02734375,0.0016599584790743947,-0.07915382606386673,12.139001846313477,0.634765625,1802,1801,7.705421093851328,0.3131223653571001,4.063663251408302,0.2527887970365701,0.010272485448852222,0.296875,,
6.2570649999994785,1288,,,,-0.01171875,0.048828125,-0.97265625,0.0016392735185038598,-0.08112100202754328,12.141143798828125,0.5712890625,1801,1801,6.936102658510208,0.30922517356580304,4.4581977630680125,0.2623363456865544,0.011695473095112336,0.294921875,,
6.278710000000894,1288,,,,-0.0625,0.12109375,-0.978515625,0.0018510867545932928,-0.0956692129679535,12.14000129699707,0.5975341796875,1800,1801,7.2540657164063305,0.34914922221446376,4.813152180642672,0.2740066621405474,0.013188357633923958,0.294921875,,
6.303435000000522,1288,,,,-0.234375,0.1171875,-0.904296875,0.0017115052258692262,-0.09714737343783474,12.139429092407227,0.6626673936843872,1800,1801,8.044403837481923,0.3227862849109701,4.012556945574843,0.30096499752035505,0.012076391911752162,0.296875,,
6.328509999999777,1288,,,,-0.0859375,-0.046875,-0.80859375,0.0017443116898722322,-0.08052084664879451,12.140501022338867,0.6787109375,1801,1801,8.239890830591321,0.3288972604698292,3.9915244902125293,0.24482066689692278,0.009772076876292312,0.298828125,,
6.353134999999776,1288,,,,-0.0625,-0.033203125,-0.994140625,0.001838443344751144,-0.08304372203723843,12.137500762939453,0.6292724609375,1801,1800,7.6377949747256935,0.34662008809171724,4.538221950690237,0.23958138864492096,0.010872735169252289,0.298828125,,
6.399105000000447,1288,,,,-0.037109375,0.021484375,-1.076171875,0.0018652724083560864,-0.07598633934269262,12.13599967956543,0.70068359375,1800,1800,8.503495869226754,0.35167490775293075,4.135650950635548,0.2160698351446696,0.008935894191197188,0.296875,,
6.42239999999851,1288,,,,-0.0546875,-0.0078125,-0.96875,0.0017467544494172856,-0.07912604109262836,12.13786792755127,0.67578125,1800,1800,8.202543560415506,0.32933906289986226,4.015084595090883,0.2402570785132985,0.009646524948002857,0.298828125,,
6.444980000000447,1288,,,,0.15625,0.0546875,-1.01953125,0.0017526068577715858,-0.06855108103930498,12.137715339660645,0.7498604655265808,1802,1801,9.101592875027052,0.3305357132000854,3.6316249005930517,0.20739387092434544,0.007531767458792341,0.298828125,,
6.621800000000745,1288,,,,0.111328125,-0.05859375,-1,0.0020913797317756258,-0.08733372159644269,12.141143798828125,0.6849888563156128,1808,1802,8.316548205122672,0.39469682164755043,4.7459211672029085,0.2212678613217424,0.01050119826668575,0.296875,,
6.655370000001043,1288,,,,-0.021484375,-0.046875,-0.95703125,0.001500488669084782,-0.08617945466061877,12.139796257019043,0.6283103823661804,1807,1806,7.627560028095161,0.2838237133219723,3.7210289040865394,0.303637260086355,0.01129843021138969,0.30078125,,
6.68799499999918,1288,,,,-0.0234375,0.08984375,-0.93359375,0.0016906224946919512,-0.08613341083894512,12.141454696655273,0.6352095007896423,1802,1802,7.7123673767224545,0.31911696874507073,4.137730390129402,0.2699117228947907,0.011168219384739613,0.30078125,,
6.709764999998733,1288,,,,0.01953125,0.1015625,-0.9921875,0.0014198077044971582,-0.08623714157912678,12.137091636657715,0.6951349377632141,1801,1801,8.436916439474487,0.26783940893484925,3.174612559651382,0.32197331200093704,0.010221405201507277,0.298828125,,
6.733094999998808,1288,,,,0.03125,-0.0703125,-0.96484375,0.0014904467705606544,-0.10422698410937127,12.135334014892578,0.6331380009651184,1800,1801,7.683341119233091,0.2811019589052969,3.658590117802227,0.37077999924036564,0.013565320410995188,0.298828125,,
6.757729999998585,1288,,,,0.01171875,0.0390625,-0.97265625,0.00148531504020044,-0.10589408238367343,12.134857177734375,0.6263951063156128,1801,1801,7.601215151971701,0.2801058079717437,3.685013545486688,0.3780502916039346,0.013931204454356914,0.298828125,,
6.783474999999627,1288,,,,-0.13671875,0.0390625,-0.9140625,0.0015121006465380709,-0.0872670376654706,12.137001037597656,0.689697265625,1801,1801,8.370856428518891,0.28514687290696783,3.406424125678389,0.30604241517999176,0.01042510266550006,0.298828125,,
6.808679999999702,1288,,,,-0.125,0.0703125,-0.927734375,0.001586666749748168,-0.0867335662176939,12.134500503540039,0.76416015625,1802,1801,9.27270180080086,0.29921573337502755,3.226845204373822,0.2898696710877325,0.009353645580428666,0.298828125,,
6.832,1288,,,,0.0234375,0.01171875,-1.052734375,0.0027909876584462814,-0.08610006887345908,12.134000778198242,0.6781005859375,1808,1803,8.228073037462309,0.5270110646411001,6.40503629758299,0.16337430966861027,0.010464183835200125,0.302734375,,
6.863714999999851,1288,,,,-0.01171875,-0.0390625,-0.88671875,0.003668071711202935,-0.08600004297700094,12.13900089263916,0.7293701171875,1815,1809,8.853824503603391,0.6947683489859543,7.847098716528576,0.12378232701953375,0.009713321394839039,0.3046875,,
6.889179999999702,1288,,,,0,0.07421875,-1.015625,0.004049843774843819,-0.07190009696280339,12.138400077819824,0.6787109375,1832,1818,8.238464896567166,0.7710509635610846,9.359158207767189,0.09324947423803756,0.008727365821849043,0.306640625,,
6.911120000001043,1288,,,,-0.0234375,-0.08203125,-0.974609375,0.0015532711672918288,-0.07391913748255793,12.137001037597656,0.6549072265625,1833,1827,7.948609688319266,0.29724297381462755,3.7395593125101554,0.24868253918310218,0.009299631052608415,0.310546875,,
6.935189999999478,1288,,,,0.041015625,0.1484375,-0.958984375,0.0010901838195860863,-0.07824247900724822,12.134858131408691,0.6766182780265808,1831,1833,8.2106668129706,0.2093054045647231,2.549188870191127,0.373819678330635,0.009529369634588822,0.310546875,,
6.958580000000074,1288,,,,0,0.037109375,-1.083984375,0.0008531044444411725,-0.08229908480805014,12.141143798828125,0.7596260905265808,1829,1832,9.222729598424849,0.1636711944851521,1.7746502566128093,0.5028318212433901,0.008923506206026686,0.31640625,,
6.982299999998882,1288,,,,-0.015625,-0.0234375,-0.80859375,0.006264118592261071,-0.06872890485523052,12.140501022338867,0.5523681640625,1850,1837,6.706026260508224,1.2047757946652777,17.96556929340107,0.05704704988227743,0.010248827276441625,0.322265625,,
7.008229999998584,1288,,,,-0.07421875,0.037109375,-0.8984375,0.001244470812472947,-0.07098504451978613,12.141715049743652,0.6647600531578064,1846,1842,8.071327141894528,0.23999590532808693,2.9734379626663765,0.29577606510721866,0.00879471780437886,0.326171875,,
7.03214999999851,1288,,,,0.111328125,-0.0703125,-1.09765625,-0.0003927909559425265,-0.08052084664879451,12.140445709228516,0.6570095419883728,1831,1845,7.976388674954933,0.07588607831397169,0.9513839082622244,1.0610753439602834,0.010094900076976183,0.326171875,,
7.058955000000075,1288,,,,0.07421875,-0.041015625,-0.91796875,0.00024674798831889066,-0.07919828201784812,12.137715339660645,0.6682477593421936,1820,1832,8.111001079261598,0.047326503952301945,0.5834853612990816,1.6734445903223312,0.009764304213982191,0.326171875,,
7.083300000000745,1288,,,,-0.111328125,0.171875,-1.015625,0.0007941998652747291,-0.07407473332149281,12.140891075134277,0.6537543535232544,1814,1821,7.9371603960206585,0.15146653059980814,1.908321402648569,0.48905017516514393,0.009332649162366759,0.328125,,
7.109194999998436,1288,,,,-0.0859375,-0.025390625,-0.916015625,0.0012298698693260666,-0.08958986126099829,12.136000633239746,0.6145368218421936,1809,1815,7.458019259026003,0.23376238996852036,3.1343763249955607,0.3832518193926016,0.01201255429215645,0.328125,,
7.132765000000596,1288,,,,0.0625,-0.15234375,-0.923828125,0.0013145742316118612,-0.0810320901195805,12.140889167785645,0.6206597089767456,1805,1809,7.535360737596761,0.248996209166698,3.3043701268920262,0.3254350352993974,0.010753578088873807,0.328125,,
7.157359999999404,1288,,,,-0.099609375,0,-1.099609375,0.0013648460455869087,-0.07621973310109492,12.14000129699707,0.6194196343421936,1804,1806,7.519755164299681,0.25807095275639313,3.4319063203226965,0.29534409931458955,0.01013593281107754,0.328125,,
7.182254999998957,1288,,,,-0.05078125,0.009765625,-0.9609375,0.001469456211779152,-0.09834768419533231,12.140000343322754,0.6512451171875,1803,1804,7.906115946243517,0.2776109904506409,3.5113447910227524,0.35426437561310625,0.012439443699540084,0.328125,,
7.203269999999553,1288,,,,-0.03125,0.068359375,-1.001953125,0.0014974151643342018,-0.09186822890254458,12.143000602722168,0.635986328125,1801,1803,7.7227823657449335,0.28275725450934064,3.6613391536648088,0.32490140372157905,0.011895742305264748,0.326171875,,
7.226539999999106,1288,,,,-0.046875,0.134765625,-1.046875,0.0016116232383073044,-0.07398582141353002,12.137141227722168,0.6361607313156128,1801,1802,7.721172639508609,0.3040988784439658,3.9385063984700555,0.24329527879913862,0.009582200122679635,0.326171875,,
7.249335000000894,1288,,,,0.05078125,-0.0546875,-0.97265625,0.0016549533476986965,-0.08004294514349454,12.138856887817383,0.6389508843421936,1800,1801,7.756133343374245,0.31217639232418415,4.024897181414035,0.25640294113070783,0.010319954750632548,0.32421875,,
7.28025,1288,,,,0.09375,0.009765625,-0.990234375,0.0016834311325158965,-0.09829211425285557,12.141715049743652,0.6731305718421936,1801,1801,8.172959594578913,0.31749025859884156,3.8846424593782576,0.30959096095307476,0.012026501919580304,0.32421875,,
7.302910000000149,1288,,,,0.009765625,-0.0234375,-1.05859375,0.0018911546345227496,-0.0908976073310634,12.139200210571289,0.677734375,1800,1800,8.227153267711401,0.35653801706194804,4.333674181824602,0.25494506330658717,0.011048488386353956,0.3203125,,
7.333855000000447,1288,,,,0.0234375,-0.17578125,-0.978515625,0.0020354808304866006,-0.08483307418498943,12.134285926818848,0.64453125,1801,1800,7.82092647626996,0.38370442132697236,4.906124900818307,0.22108964471039866,0.010846934112267595,0.318359375,,
7.359359999999404,1288,,,,0,0.0546875,-1.052734375,0.001584850826350593,-0.08359942146200583,12.136800765991211,0.6357421875,1800,1800,7.715876268222928,0.29876249964408363,3.872048867275223,0.2798189918801657,0.010834728105516903,0.3203125,,
7.38214999999851,1288,,,,-0.0234375,0.0078125,-1.08203125,0.0015714024894053743,-0.08083203832666423,12.138999938964844,0.6982421875,1799,1800,8.475961871445179,0.2962220363277981,3.494848618016391,0.2728765196834169,0.009536621277047122,0.318359375,,
7.404375,1288,,,,-0.048828125,0.07421875,-0.9453125,0.0017777985186165285,-0.08439962863367088,12.137715339660645,0.7268415093421936,1802,1800,8.822195337444839,0.33511971933200957,3.798597815099726,0.25184918632035064,0.009566737688911276,0.31640625,,
7.430875,1288,,,,-0.046875,0.06640625,-0.8828125,0.0015333836685365628,-0.08543322956373821,12.135430335998535,0.6549944281578064,1798,1800,7.948639253376257,0.28903310296684515,3.6362589086437116,0.29558285430557835,0.010748157872109955,0.314453125,,
7.453330000000075,1288,,,,0.236328125,-0.017578125,-1.12890625,0.0014821464325040965,-0.0872670376654706,12.140445709228516,0.6450737714767456,1802,1800,7.831483101060712,0.2793833358105569,3.567438404773122,0.3123559156178315,0.011143104893331247,0.314453125,,
7.4785,1288,,,,0.048828125,-0.064453125,-1.037109375,0.0017483602024311565,-0.08516649383984985,12.13657283782959,0.6633649468421936,1799,1800,8.050976995413237,0.3295701451298884,4.093542253538291,0.2584168957606415,0.01057840481824386,0.314453125,,
7.503360000001266,1288,,,,-0.037109375,-0.015625,-0.9921875,0.001646173442627945,-0.0875004314238729,12.14000129699707,0.6036376953125,1800,1800,7.328162404010072,0.31030862023152794,4.2344670208417154,0.2819787325230828,0.011940296434477414,0.3125,,
7.6700999999996275,1288,,,,0.099609375,0.021484375,-0.9765625,0.0015687140076591384,-0.0988144717121369,12.135429382324219,0.5601283311843872,1800,1800,6.7973978081272435,0.29564020844250943,4.349314499278386,0.33423894615928906,0.01453710294754124,0.3125,,
7.7053250000011175,1288,,,,-0.021484375,0.015625,-0.99609375,0.0015944674123341484,-0.08541185684289344,12.139578819274902,0.6414473652839661,1799,1799,7.786900849280926,0.3003840519276531,3.857555884449097,0.2843421822656042,0.010968658583957793,0.3125,,
7.731084999999031,1288,,,,0.025390625,0.08984375,-1.041015625,0.0017453627231788305,-0.084014343337382,12.140000343322754,0.6010298132896423,1799,1800,7.296502139683469,0.32893191245114356,4.508076694203684,0.2554156047411809,0.011514331350696575,0.3125,,
7.754924999998883,1288,,,,-0.009765625,0.0703125,-0.958984375,0.001795259536835236,-0.09076794404150514,12.140501022338867,0.6866455078125,1802,1800,8.336220489582047,0.3383798258890192,4.059151582085668,0.2682427765988476,0.010888380910142645,0.30859375,,
7.783384999999776,1288,,,,-0.0234375,-0.033203125,-0.9609375,0.0031177851104123165,-0.08741151951591011,12.139501571655273,0.626220703125,1812,1804,7.602007209789008,0.5889214576360801,7.746920535378253,0.14842644699477983,0.011498478902170919,0.306640625,,
7.806720000000671,1288,,,,-0.099609375,0.12109375,-0.9375,0.001683250091044599,-0.08741151951591011,12.141777992248535,0.654296875,1814,1809,7.944327397271991,0.3189317924072047,4.014585206001492,0.2740759046194589,0.011003010720067558,0.306640625,,
7.8303250000011175,1288,,,,-0.13671875,0.052734375,-0.9375,0.0009962247361706151,-0.07922050999483882,12.13942813873291,0.6675502061843872,1810,1813,8.103677756971706,0.1891683370042159,2.334351669419132,0.41878313913111825,0.009775871199553105,0.30859375,,
7.853119999999181,1288,,,,0.037109375,0.03125,-1.029296875,0.0011703262866759674,-0.085266519736308,12.137144088745117,0.6717354655265808,1808,1809,8.15295013461639,0.22174038235498456,2.719756391168187,0.38453311404417384,0.010458363945374471,0.306640625,,
7.8801899999994784,1288,,,,0.03125,-0.01171875,-1.056640625,0.0014922675043004393,-0.09249061225828403,12.138999938964844,0.615234375,1802,1807,7.468330040574074,0.2823351985828689,3.780432801563312,0.32759150372509044,0.012384376661957817,0.30859375,,
7.903160000000149,1288,,,,-0.103515625,-0.056640625,-0.923828125,0.001610495305632896,-0.09131252947777718,12.13900089263916,0.6268310546875,1803,1804,7.609102732385509,0.3043243095166833,3.9994769451782055,0.30005006705772663,0.012000433255965523,0.306640625,,
7.924370000001043,1288,,,,0.03125,0.10546875,-0.90234375,0.0015805515716473086,-0.09327970544145373,12.143430709838867,0.6229073405265808,1803,1803,7.564232128334538,0.29839233912875096,3.944780303753711,0.31260757469113576,0.012331682034458093,0.3046875,,
7.945330000000075,1288,,,,0.015625,0.072265625,-1.162109375,0.0015074666486092543,-0.07255211689763016,12.137715339660645,0.6515067219734192,1800,1802,7.907803133188793,0.28443785900896,3.5969264057065806,0.25507194137382644,0.009174750012823573,0.3046875,,
7.966570000000298,1288,,,,-0.1484375,0.22265625,-1.03125,0.0015010613827690401,-0.07960949959217599,12.135334014892578,0.6689453125,1800,1801,8.117874804884195,0.2831572268090121,3.4880708758731767,0.28114945357150334,0.009806692207704188,0.3046875,,
7.990444999998435,1288,,,,0.0625,-0.08984375,-0.947265625,0.0015606843343189244,-0.07960949959217599,12.137716293334961,0.654296875,1802,1801,7.941669840365648,0.29430380601565537,3.7058176923923236,0.27050108753245683,0.010024277159891432,0.3046875,,
8.014759999999777,1288,,,,-0.01171875,-0.0078125,-0.91796875,0.0015862325962769852,-0.07366351574716494,12.136500358581543,0.6475830078125,1799,1800,7.85939140652772,0.29906089190498564,3.8051405819615587,0.24631611066875475,0.009372674286966132,0.302734375,,
8.037410000000149,1288,,,,0.1484375,-0.125,-1.158203125,0.0015902484110849417,-0.07576405957278567,12.137715339660645,0.6312779188156128,1800,1800,7.66227167879731,0.29977385900093634,3.9123365963446184,0.2527373795209709,0.009887936991641333,0.3046875,,
8.061640000000596,1288,,,,-0.03125,-0.13671875,-0.962890625,0.0015897899439015009,-0.08562216736815913,12.138500213623047,0.672607421875,1801,1800,8.164445334114134,0.2996666688803604,3.6703861268840883,0.285724694334768,0.010487199541945292,0.3046875,,
8.237289999999106,1288,,,,-0.048828125,0.083984375,-1.056640625,0.0015872240088544045,-0.0899677368698401,12.136001586914062,0.7066127061843872,1800,1800,8.575452923587363,0.29923514102274346,3.4894383269212166,0.300658995338392,0.010491310216674127,0.3046875,,
8.272224999999628,1288,,,,0.0234375,0.009765625,-1.005859375,0.0016757493118296067,-0.08652557562899159,12.138399124145508,0.6494140625,1800,1801,7.882847087457776,0.31597157519873126,4.008343326885874,0.2738397451560985,0.010976437151325758,0.302734375,,
8.299864999998361,1288,,,,0.0390625,-0.029296875,-0.986328125,0.0016838139442300307,-0.08980102704240989,12.13782024383545,0.6112393736839294,1801,1800,7.4191136437301,0.3173853939373691,4.277942206824016,0.28294001160031546,0.01210401017624266,0.296875,,
8.322515000000596,1288,,,,0.01171875,0.03125,-1.015625,0.0016520418505227826,-0.06838437121187475,12.139110565185547,0.6472439169883728,1800,1800,7.856965470965633,0.31138094831646806,3.963119724366039,0.21961642670049666,0.008703661924515268,0.294921875,,
8.345450000001117,1288,,,,-0.07421875,0.021484375,-0.9765625,0.0019066012477074786,-0.07280773863302316,12.138856887817383,0.6215122938156128,1801,1800,7.544448788646832,0.3594380195970343,4.764271448670048,0.20255992594953606,0.009650504718460939,0.294921875,,
8.368469999998808,1288,,,,0.03125,0.0703125,-1.056640625,0.0020606752860111133,-0.084755276265522,12.14000129699707,0.6605747938156128,1802,1801,8.019378853685112,0.3885852748131994,4.84557821625592,0.21811242411659973,0.010568808109941678,0.298828125,,
8.395459999999032,1288,,,,-0.048828125,0.158203125,-0.98046875,0.0017421697077158887,-0.0895231773300262,12.133501052856445,0.6463623046875,1802,1802,7.8426377044525,0.3287026523936322,4.1912257684301535,0.2723530725356583,0.011414932157225778,0.30078125,,
8.416644999999553,1288,,,,0,0.0390625,-0.947265625,0.0019889826723347792,-0.07814245311079009,12.140000343322754,0.693359375,1801,1802,8.41738305054605,0.37541691786579173,4.460019409968966,0.2081484594648058,0.009283461693681726,0.296875,,
8.440124999998137,1288,,,,-0.037109375,0.072265625,-0.966796875,0.0017114776982754627,-0.07513056222855084,12.142666816711426,0.6486002802848816,1802,1803,7.875737100724962,0.32308755158944297,4.102315090732304,0.23253932829953625,0.009539495956719412,0.294921875,,
8.465009999999776,1288,,,,0.01171875,0.009765625,-0.916015625,0.001572036043263869,-0.08012074306296199,12.137499809265137,0.655517578125,1803,1803,7.956344479462132,0.2967615647972216,3.729873254774954,0.269983557735008,0.01007004451224796,0.296875,,
8.486400000000373,1288,,,,0.0625,-0.021484375,-0.953125,0.0014728791353163558,-0.0835438515195291,12.139429092407227,0.7163783311843872,1801,1802,8.69642395474989,0.2779054735289692,3.1956293181541633,0.3006196691941743,0.009606690284907096,0.296875,,
8.509959999999031,1288,,,,0.078125,-0.095703125,-1.009765625,0.0016882961107111646,-0.07229649516223716,12.138999938964844,0.6658935546875,1800,1801,8.083281819708645,0.3184750364839809,3.939922466979631,0.22700835820729587,0.00894395330693085,0.294921875,,
8.532579999998212,1288,,,,0,-0.06640625,-0.81640625,0.0017057705433918074,-0.08201012110717111,12.139430046081543,0.7170758843421936,1801,1801,8.704892535704118,0.32169439907833686,3.695558535144119,0.2549317654958629,0.009421152618575951,0.296875,,
8.55743999999948,1288,,,,0.07421875,0.02734375,-1,0.0015844329623679535,-0.08742263350440545,12.137715339660645,0.6222098469734192,1801,1801,7.552206004097172,0.29878386496444925,3.9562462253062884,0.29259489469020494,0.011575774476620143,0.296875,,
8.579094999998809,1288,,,,0.015625,0.009765625,-1.060546875,0.0015016798453578572,-0.08763379928581708,12.136500358581543,0.628662109375,1799,1800,7.629757915856317,0.28312145114985166,3.7107527430387135,0.3095272326766717,0.011485790277001418,0.296875,,
8.603450000001118,1288,,,,0.037109375,0.0625,-1.044921875,0.0017187030628354617,-0.08442185661066155,12.141143798828125,0.6145368218421936,1798,1800,7.461179923660893,0.32399070913883243,4.342352180938475,0.26056875777411925,0.01131481313604876,0.29296875,,
8.629354999998585,1288,,,,-0.037109375,0.0234375,-0.8984375,0.001697461541828583,-0.07934276386828763,12.138287544250488,0.7142857313156128,1800,1800,8.670205595464154,0.31991486062773367,3.689818622007051,0.24801212332744432,0.009151197511371133,0.29296875,,
8.653525000000373,1288,,,,0.037109375,0,-1.0546875,0.0017812419027015338,-0.0835216235425384,12.140445709228516,0.6125217080116272,1800,1800,7.436286541839081,0.33570425177497853,4.514407155859206,0.24879525088208498,0.011231630609258707,0.291015625,,
8.674574999999255,1288,,,,-0.1484375,-0.015625,-0.912109375,0.0016466662843700956,-0.07697548431877856,12.136571884155273,0.6787109375,1799,1800,8.237224081531167,0.3103144640680749,3.767221347830475,0.24805638547964093,0.009344833108445687,0.291015625,,
8.696674999998882,1288,,,,-0.099609375,-0.09765625,-0.861328125,0.001717722549508365,-0.07840918883467843,12.137713432312012,0.6605747938156128,1800,1799,8.017867547942501,0.32366796533749487,4.036833527145914,0.24225192861740164,0.009779307074584857,0.291015625,,
8.720740000000223,1288,,,,-0.09375,0.11328125,-0.9140625,0.001709957252855463,-0.08265473243990128,12.139429092407227,0.5970982313156128,1801,1799,7.24843164025765,0.32221421263549405,4.445295598097697,0.2565210633132584,0.011403119535657685,0.294921875,,
8.742669999999926,1288,,,,0.048828125,-0.0234375,-1.08984375,0.0016930676068748205,-0.08174338538328275,12.138285636901855,0.6215122938156128,1800,1800,7.544093749179979,0.319057068819821,4.229229903916578,0.25620302250518434,0.010835414842527378,0.296875,,
8.763574999999255,1288,,,,-0.046875,0.1875,-0.982421875,0.0016496127150406323,-0.07244097701267668,12.14000129699707,0.7184709906578064,1799,1800,8.72223875844054,0.310910503424394,3.5645722621789604,0.2329962359418732,0.008305319198305058,0.294921875,,
8.784429999999702,1288,,,,-0.078125,0.083984375,-0.978515625,0.0016869244819782616,-0.07244097701267668,12.140572547912598,0.6563895344734192,1801,1800,7.968944762965123,0.317950650607151,3.989871432975605,0.2278371718200454,0.009090410232147537,0.291015625,,
8.808300000000745,1288,,,,0.015625,0.029296875,-1.0546875,0.0018028881736571706,-0.07349680591973472,12.142666816711426,0.6095377802848816,1800,1800,7.401414178197172,0.33981616579688556,4.591232940292738,0.21628401858805368,0.009930103106003589,0.29296875,,
8.832734999999404,1288,,,,-0.048828125,-0.0078125,-1.02734375,0.0018053977959109333,-0.08602227095399163,12.139501571655273,0.606689453125,1800,1800,7.364907569717616,0.3403003583713075,4.620565229773213,0.2527833686855283,0.011680020440132948,0.2890625,,
8.857710000000894,1288,,,,-0.0625,-0.091796875,-1.04296875,0.0018223789676474905,-0.09090131190344931,12.140501022338867,0.6829833984375,1801,1800,8.291760646970943,0.3435030839840245,4.142703806935255,0.26463026430259623,0.010962848033566478,0.291015625,,
8.881564999999478,1288,,,,-0.01171875,-0.06640625,-1.0078125,0.002131801837340566,-0.08633346263186138,12.140572547912598,0.6473214030265808,1802,1801,7.858852455260774,0.40195110154856173,5.114628424910722,0.21478598341751529,0.010985504960596268,0.29296875,,
8.90406500000134,1288,,,,0.01171875,-0.064453125,-1.01171875,0.0018138607843184594,-0.08414400689827788,12.138999938964844,0.596923828125,1800,1801,7.246058313176036,0.3421030199172955,4.7212291860144795,0.24596101758651517,0.011612383348512762,0.29296875,,
8.929224999999628,1288,,,,0.0625,-0.11328125,-0.998046875,0.0016727948615408443,-0.08195455116469436,12.138287544250488,0.6891741156578064,1801,1802,8.365393583908997,0.31560725084493446,3.7727722871522906,0.2596725865622163,0.009796855383150841,0.291015625,,
8.953745000001042,1288,,,,0.0234375,0.02734375,-1.02734375,0.0016931665385315944,-0.07481937055068111,12.140501022338867,0.635986328125,1803,1802,7.721192666795105,0.31948178177126896,4.137725809449057,0.23418978739841756,0.009690131276278198,0.29296875,,
8.980129999998956,1288,,,,0.0234375,-0.109375,-1,0.0018135923553457712,-0.07563069171084148,12.136000633239746,0.6634521484375,1804,1802,8.05165569356177,0.3422466839139024,4.250637346397813,0.22098297884419413,0.009393185027933692,0.294921875,,
9.003515000000595,1288,,,,-0.15625,-0.04296875,-0.86328125,0.0017538746641584673,-0.08145071738135541,12.14000129699707,0.6536865234375,1803,1803,7.935755242360756,0.3310648995673116,4.171813387087594,0.24602643616948883,0.010263763799893251,0.296875,,
9.028734999999404,1288,,,,0.046875,0.0078125,-0.990234375,0.0017604283274838429,-0.07939833381076439,12.1388578414917,0.6675502061843872,1801,1803,8.10329705493075,0.3324201258964355,4.1022823628829235,0.23884935846363498,0.00979827510611271,0.298828125,,
9.052379999998957,1288,,,,0,-0.021484375,-1.02734375,0.0014570254770522718,-0.07939833381076439,12.13800048828125,0.7086181640625,1804,1803,8.601207621395588,0.27513529342332665,3.198798419176918,0.2885792397727801,0.009231068159924458,0.296875,,
9.074174999998883,1288,,,,0.109375,-0.126953125,-0.875,0.0016282622015305276,-0.09383540486622112,12.13750171661377,0.604248046875,1802,1803,7.33406170620583,0.30741994462313604,4.191673821928822,0.30523525394962026,0.01279446623510419,0.296875,,
9.095854999998584,1288,,,,-0.0234375,0.0703125,-1.021484375,0.0016864316402361113,-0.0929018298326119,12.135430335998535,0.6466239094734192,1801,1802,7.847059407005702,0.3182696042478817,4.055909197829403,0.29189664546243027,0.011839062891466193,0.294921875,,
9.266134999999776,1288,,,,-0.03125,-0.06640625,-0.98828125,0.0017063841152913774,-0.08918975767516575,12.141143798828125,0.6529017686843872,1801,1802,7.926974260106363,0.32194994530759047,4.061448097893415,0.2770298891958313,0.011251425165340325,0.294921875,,
9.288945000000298,1288,,,,-0.015625,0.048828125,-1.033203125,0.001669274508241509,-0.0860872449153471,12.139437675476074,0.6222587823867798,1802,1802,7.553871706801942,0.31493768771484526,4.169222088207524,0.2733469136069014,0.011396439899532469,0.298828125,,
9.31679000000097,1288,,,,0.048828125,-0.037109375,-0.9921875,0.0032293648685969736,-0.08125436988948745,12.142857551574707,0.6166294813156128,1813,1807,7.4876439537168835,0.6110819169988547,8.16120425565257,0.13296804835682896,0.010851794021155693,0.30078125,,
9.338814999999478,1288,,,,-0.07421875,0.0625,-1.02734375,0.0010476093915503931,-0.07161854186402096,12.138500213623047,0.6829833984375,1809,1810,8.290394127834588,0.198541516321627,2.394838089241544,0.3607232542135047,0.008638737888656612,0.302734375,,
9.363775000000372,1288,,,,0.0625,0.0234375,-1.0234375,0.0011041533048841486,-0.06998478555520483,12.139001846313477,0.672607421875,1805,1810,8.164782735984772,0.20933814045152146,2.5639156266694307,0.3343145468105078,0.008571542907903698,0.30078125,,
9.38796499999985,1288,,,,0,-0.1171875,-0.94921875,0.0012893064157486393,-0.07944278976474577,12.134285926818848,0.6842913031578064,1804,1807,8.3033863297523,0.24394720270392609,2.937924275904471,0.32565567009663116,0.009567516987628304,0.30078125,,
9.417,1288,,,,0.037109375,0.0625,-1.044921875,0.001413162142798945,-0.09242392832731194,12.138501167297363,0.682373046875,1804,1804,8.282986026024446,0.2670363975990167,3.2239146216112258,0.34610985303245523,0.011158286158750447,0.30078125,,
9.438780000001191,1288,,,,-0.15625,0.1328125,-1.107421875,0.0015703325463320413,-0.08541100158674751,12.138668060302734,0.6423611044883728,1802,1803,7.797408222233798,0.2964397343343431,3.801772664525434,0.2881226492073957,0.010953768117873275,0.30078125,,
9.461990000000224,1288,,,,0.078125,-0.19140625,-0.865234375,0.001729491643847073,-0.07919828201784812,12.136000633239746,0.6570870280265808,1800,1802,7.9744085882242075,0.32629024782633664,4.0917172002970705,0.24272341127400252,0.00993155556824616,0.302734375,,
9.483790000000969,1288,,,,0.078125,-0.0703125,-0.966796875,0.0015252225055225853,-0.06312745465357526,12.138500213623047,0.6640625,1800,1801,8.060722798109055,0.2876129563305523,3.5680789866390485,0.21948752051706308,0.007831488097864396,0.3046875,,
9.507040000000968,1288,,,,0.13671875,-0.107421875,-1.08203125,0.0016144883438023578,-0.06289406089517295,12.144001007080078,0.59814453125,1800,1800,7.263867789879441,0.30436154859029635,4.190075554711436,0.20664259722188227,0.008658480951814903,0.302734375,,
9.532380000000819,1288,,,,-0.07421875,0.16015625,-0.91015625,0.001739300270467502,-0.07219646926577904,12.139429092407227,0.6675502061843872,1800,1800,8.103678393597193,0.3278193374143972,4.045315244413093,0.22023249096655728,0.008909098530220828,0.3046875,,
9.555319999998435,1288,,,,-0.0625,0.05078125,-0.982421875,0.0017120826066683657,-0.07606413726216006,12.137500762939453,0.611572265625,1799,1800,7.422958840616047,0.32270933929670176,4.3474488573335455,0.23570479065753355,0.01024714522812137,0.306640625,,
9.582015000000595,1288,,,,-0.015625,0.080078125,-1.09375,0.0017113368464251398,-0.08083203832666423,12.136500358581543,0.670166015625,1799,1800,8.133470088941976,0.32257223764525245,3.9659854172674964,0.2505858499067702,0.009938198265038322,0.306640625,,
9.750425000000744,1288,,,,-0.2109375,0.103515625,-0.8671875,0.0017459687951231996,-0.07570848963030893,12.138501167297363,0.6732177734375,1800,1800,8.171854728716426,0.32909068643084566,4.02712355218944,0.23005357718082411,0.009264541789303278,0.30859375,,
9.77209500000067,1288,,,,-0.060546875,-0.001953125,-0.95703125,0.0017367329917499306,-0.08165288560762772,12.139647483825684,0.6327953934669495,1799,1799,7.6819130060775365,0.32724645817264536,4.259960480075011,0.2495149559863231,0.010629238516893923,0.3125,,
9.806890000000596,1288,,,,0.0234375,-0.0234375,-0.921875,0.0015974618982567688,-0.08309929197971519,12.138856887817383,0.7017298936843872,1798,1799,8.518198753338083,0.300972954684367,3.533293403918554,0.27610219020131604,0.009755500474457762,0.310546875,,
9.838035000000149,1288,,,,0.04296875,0.037109375,-0.97265625,0.0016798399692685853,-0.08202123509566644,12.138401985168457,0.65380859375,1800,1799,7.936191532295197,0.3164859978713759,3.987882557817328,0.2591622872649202,0.01033508765027819,0.30859375,,
9.860049999998882,1288,,,,0,-0.02734375,-1.029296875,0.0018464049192691283,-0.08033931853182064,12.139999389648438,0.6343217492103577,1798,1799,7.700665648254471,0.3478501160415153,4.517143477335148,0.23095958525490987,0.010432775840622471,0.306640625,,
9.882339999999852,1288,,,,0.037109375,-0.025390625,-1.158203125,0.0018242068278201784,-0.07720887807718087,12.138667106628418,0.7430012822151184,1800,1799,9.019045224607396,0.34363430864489547,3.810096302736458,0.2246832639664246,0.00856064873325234,0.3046875,,
9.908625,1288,,,,-0.03125,-0.10546875,-0.814453125,0.001811400627893083,-0.07395247944804398,12.140000343322754,0.6535993218421936,1799,1799,7.9346959915597495,0.3412160411533177,4.300303899686568,0.21673213017208384,0.009320140245663891,0.3046875,,
9.932730000000447,1288,,,,-0.111328125,0.15234375,-1.150390625,0.0018364339237869874,-0.07535284199845779,12.137778282165527,0.6797959804534912,1798,1799,8.251212887851807,0.345942837386296,4.192630127088647,0.21781876615157456,0.009132335212123682,0.306640625,,
9.957025000000373,1288,,,,-0.0859375,0.140625,-1.00390625,0.0018681642030410326,-0.06563921605352385,12.1388578414917,0.615234375,1798,1799,7.468242617323995,0.3519744693325216,4.712949047960099,0.18648857167964755,0.008789111363530335,0.310546875,,
9.97852999999933,1288,,,,-0.01171875,-0.046875,-0.830078125,0.001952052285777866,-0.059259786657194245,12.141000747680664,0.66162109375,1800,1799,8.032742193900049,0.36775297503221366,4.578174752221976,0.1611401964919613,0.007377279791475853,0.30859375,,
10.003355000000447,1288,,,,-0.21875,0.03515625,-0.86328125,0.0021693114675917437,-0.06519465651370994,12.138667106628418,0.6990559697151184,1800,1799,8.48560770527314,0.40863721682471194,4.815650581758287,0.15954165168875373,0.00768296847769625,0.3125,,
10.028694999998436,1288,,,,0.07421875,-0.1171875,-1.01953125,0.0017165229333029888,-0.08407732296730579,12.135000228881836,0.6134033203125,1797,1799,7.443649432389066,0.3233383754045884,4.343815199002619,0.260028902731082,0.011295174998632475,0.310546875,,
10.053935000000521,1288,,,,-0.13671875,0.091796875,-0.94140625,0.001538540830480863,-0.0932463634759677,12.13850212097168,0.655517578125,1800,1799,7.957001512404531,0.2898544110948127,3.642759281155665,0.3217006880239141,0.011718781670532762,0.310546875,,
10.082035000000149,1288,,,,0.01171875,-0.01171875,-0.99609375,0.0017551445665550266,-0.0800985150859713,12.140501022338867,0.692138671875,1798,1799,8.402910253498703,0.33065348378514786,3.9349876865277045,0.2422430702046307,0.009532234984018879,0.3125,,
10.103984999999405,1288,,,,0.11328125,0.013671875,-0.990234375,0.0017389730134898674,-0.0669506666959749,12.137334823608398,0.5794270634651184,1798,1799,7.032700275136335,0.32757299047685495,4.657855129060006,0.20438396523020225,0.009519909007451194,0.310546875,,
10.129029999999329,1288,,,,-0.111328125,0.033203125,-1.025390625,0.0018397927557814665,-0.07101838648527219,12.135429382324219,0.6808035969734192,1799,1799,8.261843974303247,0.34655838805256123,4.194685703705605,0.20492473688012736,0.008595948641267028,0.310546875,,
10.154559999998659,1288,,,,0.037109375,-0.05859375,-1.001953125,0.0017928243927920104,-0.07710885218072273,12.14200210571289,0.64208984375,1799,1799,7.796256234869361,0.33773937630730944,4.332071267703387,0.22830874215436847,0.009890497420524407,0.306640625,,
10.17872000000067,1288,,,,0.0234375,-0.0390625,-0.845703125,0.001790803140793086,-0.08561105337966378,12.13900089263916,0.596923828125,1800,1799,7.24605888244696,0.3373927686649109,4.656224495804469,0.2537430002380706,0.011814843733474236,0.306640625,,
10.204320000000298,1288,,,,0.0859375,0.01953125,-1.109375,0.0017851620800812588,-0.07772012154796686,12.138001441955566,0.6341552734375,1799,1799,7.6973776234081015,0.33636506879587164,4.369865754967887,0.2310588368352022,0.010096960984688626,0.3046875,,
10.228864999998361,1288,,,,-0.13671875,0.12109375,-0.994140625,0.0018426529705872724,-0.08113211601603863,12.139001846313477,0.6011962890625,1800,1799,7.297922862926498,0.34723407908989223,4.757985054265836,0.23365251541175797,0.011117151762207624,0.306640625,,
10.255724999999627,1288,,,,-0.0234375,-0.0078125,-1.046875,0.0018644707545214631,-0.0815211056133758,12.139500617980957,0.654296875,1799,1799,7.942837318405509,0.35127545606539046,4.422543758404805,0.23207173802145895,0.010263474164889584,0.306640625,,
10.280015000000596,1288,,,,0.0234375,-0.00390625,-0.9453125,0.001820586879373297,-0.07631975899755304,12.139001846313477,0.6048583984375,1800,1799,7.342377215391025,0.34298516663056244,4.671309530537331,0.22251620892911353,0.010394420874696041,0.302734375,,
10.307259999999776,1288,,,,-0.037109375,-0.00390625,-1.1015625,0.0017812289877885714,-0.08199900711867575,12.137001037597656,0.625,1799,1799,7.585625648498535,0.3355687364663368,4.423745014793312,0.2443583034050064,0.010809788265112485,0.298828125,,
10.329094999998809,1288,,,,0.2109375,-0.103515625,-1.037109375,0.0017326471649241409,-0.08049491437075551,12.140000343322754,0.6830512285232544,1798,1799,8.292242148779337,0.32643016634865096,3.936573009951274,0.24659153065155484,0.009707255640454831,0.30078125,,
10.353634999999777,1288,,,,0.01171875,-0.03515625,-0.955078125,0.0018119590048711477,-0.0733523240692952,12.140666961669922,0.6396484375,1799,1799,7.765758652240038,0.34136050659204675,4.3957135661637015,0.21488228032470413,0.009445609547514933,0.30078125,,
10.379015000000596,1288,,,,0.162109375,0.0546875,-1.08203125,0.0015177763612765646,-0.0733523240692952,12.139500617980957,0.6549072265625,1799,1799,7.950246681575663,0.28592766795554964,3.5964628445828484,0.25654153931230805,0.009226421142288062,0.30078125,,
10.403355000000447,1288,,,,0.037109375,-0.046875,-0.984375,0.0014840595304036661,-0.06573924194998199,12.13800048828125,0.615234375,1798,1799,7.46771514415741,0.2795705921798989,3.7437233046928595,0.23514362307348805,0.008803126616501306,0.30078125,,
10.427219999998808,1288,,,,-0.0234375,-0.0859375,-0.923828125,0.0016662859130885872,-0.06661724704111445,12.139500617980957,0.697021484375,1800,1799,8.461492740316316,0.3139249234716908,3.7100418697511683,0.21220757595285955,0.0078729899186351,0.30078125,,
10.448330000000075,1288,,,,0,0.033203125,-0.939453125,0.0018053286275915787,-0.0672062884313679,12.140501022338867,0.6695556640625,1799,1799,8.12874122406356,0.34013733624163733,4.184378944611089,0.19758574337638668,0.008267736243394823,0.298828125,,
10.472365000000224,1288,,,,0.162109375,-0.05078125,-1.07421875,0.0017309965787954597,-0.07066273885342104,12.134001731872559,0.7234700322151184,1799,1799,8.778586623856143,0.32614932351969644,3.715282852405571,0.21665762814054607,0.008049443706734336,0.298828125,,
10.496269999999553,1288,,,,0.01171875,0.078125,-0.94140625,0.0018997778978036089,-0.07353014788522078,12.136499404907227,0.662841796875,1801,1799,8.044579073321074,0.35797920832872737,4.449943310470084,0.20540340381360656,0.009140335027481437,0.298828125,,
10.518324999999255,1288,,,,-0.0625,0.072265625,-0.994140625,0.0018869599602223202,-0.06289406089517295,12.138001441955566,0.68115234375,1799,1800,8.267828130628914,0.35578000627712175,4.303185802316121,0.17677795206452368,0.00760708373486578,0.298828125,,
10.539519999999554,1288,,,,-0.0234375,-0.01171875,-0.9453125,0.0018320153022724352,-0.06575035593847732,12.139334678649902,0.6453450322151184,1805,1802,7.834059329263425,0.3456590685633291,4.412260030660614,0.1902173613200923,0.008392884604903715,0.296875,,
10.561574999999255,1288,,,,0.015625,0,-1.033203125,0.002042725198867675,-0.08492198609295222,12.137715339660645,0.6354631781578064,1806,1803,7.713071165315512,0.3857139464270457,5.00078293276408,0.22016830576027524,0.01101013905781568,0.296875,,
10.586679999999703,1288,,,,-0.0625,0.07421875,-0.96875,0.0018508000204694218,-0.08366610539297792,12.137715339660645,0.6396484375,1803,1804,7.763870651833713,0.3496432852906447,4.503466131394964,0.23928989605342937,0.010776339424616407,0.296875,,
10.610264999998734,1288,,,,0.125,-0.0078125,-0.984375,0.0016267020716606358,-0.07196307550737673,12.143500328063965,0.6341552734375,1800,1804,7.700864771031775,0.3072267108579093,3.9895092303607167,0.23423443653849246,0.009344804466386572,0.296875,,
10.633789999999106,1288,,,,-0.140625,0.146484375,-0.92578125,0.0016323199365320326,-0.08418846285225925,12.13650131225586,0.6231689453125,1802,1803,7.563090722542256,0.3081663979936036,4.074609300601073,0.27319157247639536,0.011131489220581525,0.296875,,
10.657370000001043,1288,,,,0.099609375,-0.078125,-0.98046875,0.0016170706277249382,-0.084499654530129,12.136571884155273,0.625,1802,1801,7.585357427597046,0.3050241332281625,4.0212229435415106,0.2770261278537001,0.011139838212857628,0.296875,,
10.68281499999948,1288,,,,0.01171875,0,-1.005859375,0.0015902326211453717,-0.07922050999483882,12.134858131408691,0.6912667155265808,1801,1801,8.388423523879908,0.2998518139356279,3.5745907807589696,0.2641988686179696,0.009444028400487444,0.298828125,,
10.704769999999552,1288,,,,0.037109375,-0.04296875,-0.953125,0.001948377654991989,-0.07922050999483882,12.138999938964844,0.6829833984375,1799,1800,8.290735431946814,0.3673623397029913,4.430998223480013,0.21564679182653232,0.009555305514825288,0.296875,,
10.728984999999405,1288,,,,-0.0625,0,-0.794921875,0.002174993610093248,-0.0740302773675114,12.139430046081543,0.6459263563156128,1803,1801,7.8411778174137226,0.41025437838694906,5.232050438594241,0.18044969479323036,0.00944121904787118,0.294921875,,
10.756609999999403,1288,,,,-0.0859375,0.12109375,-1.07421875,0.0020202206224291834,-0.08239911070450828,12.140000343322754,0.5853271484375,1805,1803,7.1058717829873785,0.3814773058689985,5.368480005258717,0.2160000331259669,0.011595918589719739,0.296875,,
10.779080000000075,1288,,,,-0.21875,0.103515625,-0.93359375,0.0018735757265058311,-0.07985400733907363,12.138500213623047,0.635986328125,1806,1804,7.71992017980665,0.35398171019751046,4.585302722733283,0.2255879471696932,0.010343890283730062,0.30078125,,
10.803919999999925,1288,,,,-0.109375,0.1796875,-0.93359375,0.0015347480311025837,-0.07675320454887162,12.142287254333496,0.6424385905265808,1803,1805,7.800673909442878,0.29003813746774837,3.7181164196166585,0.2646314212985401,0.009839304326765956,0.302734375,,
10.829134999999777,1288,,,,0.173828125,-0.068359375,-1.09765625,0.0016849627566541759,-0.08519983580533591,12.138001441955566,0.6451416015625,1802,1803,7.8307296900311485,0.31817000850297966,4.06309528099308,0.2677808515208875,0.010880191141548267,0.302734375,,
10.853794999998064,1288,,,,-0.07421875,-0.0390625,-0.90625,0.0018322114887782417,-0.09174597502909573,12.143501281738281,0.6201171875,1802,1802,7.530393861234188,0.345671202732928,4.5903469207953815,0.26541399544925465,0.012183423167464855,0.30078125,,
10.87899499999918,1288,,,,0.037109375,-0.087890625,-1.015625,0.0017625218219496492,-0.08984548299639128,12.141501426696777,0.6610107421875,1798,1801,8.025662869331427,0.33235542056108475,4.141158505811638,0.27032952507503416,0.011194774121364982,0.30078125,,
11.041900000000373,1288,,,,-0.0234375,0.0625,-1.080078125,0.0017361088861326637,-0.08467747834605456,12.14000129699707,0.6982421875,1800,1800,8.476661061868072,0.3272992341168903,3.861181091564851,0.2587157851882207,0.009989484978581115,0.30078125,,
11.06425,1288,,,,-0.048828125,0.06640625,-0.98046875,0.0017386377566805577,-0.0827940849241661,12.13759994506836,0.6521661877632141,1802,1801,7.915732284770229,0.32794800489536013,4.142990099934633,0.25246101116115516,0.01045943469860153,0.298828125,,
11.087400000000372,1288,,,,-0.01171875,-0.083984375,-0.8515625,0.0016278139349275172,-0.07567514766482289,12.1388578414917,0.6508091688156128,1800,1801,7.900079982192096,0.3070190140052407,3.886277287031336,0.2464835863994116,0.009579035634500592,0.298828125,,
11.140265000000596,1288,,,,0.09375,-0.017578125,-1.01171875,0.0017288293047890088,-0.07923162398333415,12.14342975616455,0.6745256781578064,1799,1801,8.19105519143858,0.32604993818280614,3.9805608747893517,0.24300456680016738,0.009672944709998818,0.298828125,,
11.30775,1288,,,,0.00390625,-0.115234375,-0.92578125,0.0018631096757039363,-0.08057085959702356,12.138223648071289,0.6637912392616272,1801,1801,8.05724651778803,0.35133748993478797,4.360515582576978,0.2293261092403728,0.00999980072834396,0.30078125,,
11.338855000000446,1288,,,,0.0078125,-0.009765625,-0.982421875,0.001652650407505769,-0.08227600157491352,12.138786315917969,0.6360735297203064,1800,1800,7.721160658486497,0.3115836121091779,4.035450444444638,0.2640575382574494,0.010655911101199813,0.298828125,,
11.367319999998436,1288,,,,0.01953125,0.029296875,-1.037109375,0.0018268194340160919,-0.07763491394105239,12.141599655151367,0.6513671875,1802,1800,7.908639619126916,0.3443717304128879,4.354373786106406,0.22543927705091021,0.009816468783492628,0.302734375,,
11.389054999999702,1288,,,,-0.01953125,0.0703125,-0.95703125,0.0015939225763154786,-0.07206310140383486,12.138668060302734,0.6456162929534912,1800,1801,7.836921874485597,0.3005665765604818,3.8352631476272117,0.23975753468161784,0.00919533237130362,0.302734375,,
11.411109999999404,1288,,,,-0.09375,0.05859375,-0.873046875,0.0015972890473253706,-0.08306595001422913,12.134857177734375,0.7114955186843872,1801,1801,8.633896501833078,0.3012213654914072,3.4888229830813278,0.2757638053951346,0.009620911021645123,0.302734375,,
11.433800000000746,1288,,,,-0.140625,0.103515625,-1.048828125,0.0015971484749430053,-0.08053196063728985,12.133715629577637,0.625,1800,1801,7.583572268486023,0.3011941105024833,3.9716653292026107,0.26737561535628324,0.010619264613847634,0.302734375,,
11.458865000000223,1288,,,,-0.07421875,0.111328125,-1.076171875,0.0016775258348507363,-0.07842030282317379,12.137715339660645,0.56640625,1799,1800,6.874877829104662,0.31625751393627866,4.600191040448873,0.24796344550717728,0.011406792203809493,0.30078125,,
11.482384999999777,1288,,,,-0.224609375,0.02734375,-0.90234375,0.0017508427162930915,-0.08757822934334032,12.141000747680664,0.6494140625,1800,1800,7.8845366183668375,0.33002572852182954,4.1857339815385295,0.2653678843028369,0.011107593709353693,0.3046875,,
11.507480000000447,1288,,,,0.0234375,-0.068359375,-0.9375,0.0016747577047367581,-0.08791164899820075,12.139999389648438,0.6535993218421936,1800,1800,7.934695368238863,0.31564549215695015,3.978041720674261,0.278513874528859,0.011079398126624373,0.306640625,,
11.53259500000067,1288,,,,0.01171875,-0.095703125,-1.033203125,0.0016073719717455846,-0.0785647846736133,12.138001441955566,0.6341552734375,1800,1799,7.6973776234081015,0.30289577300309684,3.9350514918480286,0.25937894046745263,0.010206694866404105,0.306640625,,
11.558390000000596,1288,,,,-0.0625,0.044921875,-1.015625,0.0016635802440629962,-0.07499719436660666,12.139001846313477,0.6549072265625,1798,1799,7.949920032406226,0.3134011712149451,3.9421927508381116,0.2393009383974832,0.009433704246193157,0.3046875,,
11.583575000001117,1288,,,,-0.07421875,0.0078125,-0.951171875,0.001616915662742787,-0.07883152039750164,12.140000343322754,0.6906467080116272,1799,1799,8.384451272375884,0.30457664300991744,3.6326365687567557,0.25882326240930686,0.009402108478729737,0.30078125,,
11.607154999999329,1288,,,,0.01171875,0.111328125,-1.01953125,0.0015603526058539782,-0.07644201287100187,12.137715339660645,0.6821986436843872,1799,1799,8.280332942143673,0.29390547571760295,3.5494403156392234,0.2600904684894359,0.009231755945698967,0.302734375,,
11.631199999999255,1288,,,,0.07421875,-0.08984375,-1.107421875,0.0018250358695145867,-0.07863146860458539,12.137001037597656,0.675048828125,1798,1799,8.193068327382207,0.34375747461494044,4.1957110679287535,0.22874111666274122,0.009597316348722455,0.30078125,,
11.653634999999776,1288,,,,-0.09375,0.02734375,-1.025390625,0.0016967547673653568,-0.0899232809158587,12.140501022338867,0.68603515625,1799,1799,8.32881051581353,0.3196102275730726,3.83740543702181,0.2813529516833109,0.01079665346511672,0.3046875,,
11.678900000000372,1288,,,,-0.0234375,-0.05078125,-0.8984375,0.0017466275010978233,-0.08701141593007759,12.137144088745117,0.6968470811843872,1801,1799,8.457733432156374,0.3290913614600807,3.891011275064222,0.2643989667308001,0.010287793606648735,0.302734375,,
11.7035,1288,,,,0.048828125,0.08984375,-1.076171875,0.001612957977269885,-0.08155444757886184,12.141501426696777,0.5877685546875,1801,1800,7.136392745305784,0.3040232858754184,4.260181533245917,0.26825066160320676,0.01142796514842981,0.302734375,,
11.724949999999255,1288,,,,-0.01171875,0.046875,-0.98828125,0.0016608098782053618,-0.08621120875841255,12.139430046081543,0.5705915093421936,1801,1800,6.9266557125476425,0.3131405728524168,4.520804640039527,0.2753115253418275,0.01244629621221694,0.302734375,,
11.746849999999627,1288,,,,0.0234375,-0.00390625,-0.935546875,0.0016449137408118158,-0.08262139047441523,12.141143798828125,0.6717354655265808,1800,1800,8.15563688173097,0.3101387919921502,3.8027538068409648,0.26640134226261647,0.010130587184367077,0.30078125,,
11.769230000000446,1288,,,,0,0.083984375,-1.005859375,0.0015704594247845144,-0.08262139047441523,12.137715339660645,0.7352120280265808,1800,1801,8.923794310481242,0.296108479173734,3.3181903220914277,0.27902406140129227,0.009258549401724122,0.302734375,,
11.794099999999627,1288,,,,0.109375,-0.02734375,-0.927734375,0.001812686599697169,-0.08743374749290081,12.134858131408691,0.6201171875,1801,1801,7.525034095160663,0.34183004274147044,4.542571348099283,0.2557813432420504,0.011619050011896864,0.298828125,,
11.815880000000819,1288,,,,-0.01171875,-0.048828125,-0.88671875,0.0019555949149812355,-0.07720887807718087,12.13650131225586,0.6268310546875,1802,1801,7.607535917777568,0.3688712033187694,4.8487605882579885,0.20931121047814313,0.010148999480469928,0.296875,,
11.836984999999403,1288,,,,0.09375,-0.00390625,-0.97265625,0.0015288185594591434,-0.08351050955404304,12.13942813873291,0.634765625,1800,1801,7.705691689625382,0.2884047003482297,3.7427490219538053,0.2895601543706105,0.010837509845673953,0.298828125,,
11.860479999998585,1288,,,,-0.111328125,0.02734375,-0.91015625,0.001753308042875672,-0.0928796018556212,12.13800048828125,0.6575520634651184,1800,1801,7.981367267409951,0.33076059144643893,4.144159520099051,0.2808061306501246,0.011637053996358915,0.298828125,,
11.882875,1288,,,,-0.046875,-0.091796875,-0.861328125,0.0020227913084315484,-0.07924273797182951,12.137500762939453,0.60546875,1802,1802,7.348877415060997,0.3816403357666955,5.193178688551138,0.20763721898691603,0.010782971805928783,0.30078125,,
11.90472000000067,1288,,,,-0.07421875,-0.025390625,-0.908203125,0.001813517877135233,-0.06765084797118179,12.141143798828125,0.595703125,1803,1802,7.232517302036285,0.342203141999685,4.73145279449714,0.19769207136982997,0.009353707035327102,0.302734375,,
11.929044999999926,1288,,,,0,0.03125,-1.083984375,0.0016002878782378437,-0.07620861911259956,12.142858505249023,0.6236048936843872,1801,1802,7.572345987190374,0.30201237165366274,3.988359382476139,0.25233608376809463,0.010064069872337652,0.30078125,,
11.956570000000298,1288,,,,-0.0859375,0.01171875,-0.9609375,0.0016799736946860047,-0.0835660794965198,12.139501571655273,0.6475830078125,1801,1801,7.861334941117093,0.3168833892351587,4.030910673679166,0.26371240126602385,0.010630011330447789,0.30078125,,
11.980044999999926,1288,,,,0,-0.001953125,-1.001953125,0.0016985419649503033,-0.08291035417529428,12.13900089263916,0.6292724609375,1800,1800,7.6387389650335535,0.3202476325484726,4.192414926264807,0.25889451083684434,0.010853932115604122,0.302734375,,
12.004400000000372,1288,,,,0.171875,-0.037109375,-0.958984375,0.0016085732647587027,-0.08565550933364516,12.138001441955566,0.6536865234375,1800,1800,7.934447964071296,0.30319110241681624,3.8211997077770725,0.282513268532165,0.010795396191582545,0.30078125,,
12.02903500000015,1288,,,,-0.041015625,0.12109375,-0.994140625,0.0018300766330548008,-0.06138255845980565,12.134857177734375,0.8307756781578064,1801,1799,10.0813442011804,0.34484928724033953,3.420667724051739,0.17799821757214665,0.006088727577877811,0.302734375,,
12.053660000000148,1288,,,,0.0234375,-0.0546875,-0.908203125,0.0030785657755473166,-0.062416159389873,12.14000129699707,0.648193359375,1810,1804,7.869068223517388,0.5817010969426148,7.392248744319575,0.10729936683621279,0.007931836097612794,0.3046875,,
12.079514999998734,1288,,,,-0.15625,0.138671875,-0.994140625,0.0036136279995659525,-0.07874260848953886,12.137001037597656,0.5914306640625,1820,1810,7.178194583393633,0.6849365717136113,9.541905889513991,0.11496335827496602,0.010969695454022052,0.3046875,,
12.107115000000224,1288,,,,-0.041015625,0.072265625,-1.005859375,0.0006921049106953884,-0.08590001708054282,12.137001037597656,0.5938720703125,1814,1815,7.207825933583081,0.13152272030514264,1.8247210950578745,0.6531192244294239,0.011917604264042082,0.302734375,,
12.129254999998956,1288,,,,0.01171875,-0.1015625,-0.9375,0.0008735972170264456,-0.08068755647622472,12.140889167785645,0.6504991054534912,1808,1814,7.897637543054543,0.16598589959170992,2.101715844603222,0.4861109086657299,0.010216669989772342,0.3046875,,
12.150144999999553,1288,,,,0.03125,-0.015625,-1.05078125,0.0013101432671537977,-0.08238799671601292,12.137715339660645,0.6089564561843872,1805,1809,7.391340119414622,0.24816204899490654,3.357470296124872,0.3319927323686142,0.011146557374569564,0.302734375,,
12.171210000000894,1288,,,,0.037109375,-0.013671875,-0.9375,0.0015598000977030105,-0.08048750468330845,12.138667106628418,0.6380208134651184,1804,1806,7.744722261753338,0.2950607115332441,3.8098294756207935,0.27278285972085453,0.010392561794086439,0.30078125,,
12.19421499999985,1288,,,,0,0.021484375,-0.8515625,0.0013759975157406703,-0.08048750468330845,12.137715339660645,0.595703125,1802,1804,7.230474958196282,0.25996333203983024,3.5953838930752733,0.30961099033373124,0.011131703677649816,0.30078125,,
12.21636999999918,1288,,,,-0.099609375,0.0234375,-0.927734375,0.0016116154132045086,-0.0800985150859713,12.141143798828125,0.64453125,1801,1802,7.82534658908844,0.3040497776357544,3.8854480651338488,0.2634388214614244,0.010235778591284328,0.30078125,,
12.237609999999403,1288,,,,-0.203125,0.11328125,-1.01953125,0.001760918234812445,-0.06935128821097002,12.137715339660645,0.6759207844734192,1801,1801,8.204134074098477,0.3320725627583861,4.047624767698307,0.2088437768989351,0.008453212439557892,0.302734375,,
12.263455000000075,1288,,,,0.09375,-0.087890625,-0.951171875,0.0016113778654410678,-0.06998478555520483,12.136001586914062,0.6480189561843872,1801,1800,7.8643590806041175,0.30377097690194327,3.862628521771522,0.23038667574155972,0.008898981447554757,0.3046875,,
12.285229999998585,1288,,,,-0.041015625,-0.07421875,-0.94921875,0.0016255157301832163,-0.08181006931425484,12.13700008392334,0.6500244140625,1798,1800,7.889346368028782,0.3063643079549718,3.883266035783386,0.26703524917882715,0.010369689134930927,0.306640625,,
12.309450000001117,1288,,,,-0.09375,0.041015625,-0.99609375,0.0017202879256195472,-0.08113211601603863,12.140571594238281,0.6291852593421936,1798,1799,7.638668687083282,0.32417378101881184,4.243851832021177,0.25027352847925266,0.010621237723430807,0.306640625,,
12.333469999998808,1288,,,,-0.125,0.10546875,-0.96484375,0.0019376856301595172,-0.08113211601603863,12.139429092407227,0.6103515625,1800,1799,7.409319514408708,0.3650941101177065,4.927498529490024,0.22222247296698816,0.01095000908764471,0.3046875,,
12.358335000000894,1288,,,,0,-0.087890625,-0.94921875,0.0018184383297199641,-0.07943167577625042,12.142000198364258,0.60546875,1801,1799,7.351601682603359,0.34261832007324783,4.6604581540919305,0.23183721103783606,0.010804676206032149,0.302734375,,
12.382875,1288,,,,-0.0625,0.076171875,-0.8984375,0.0017121329109006237,-0.07783126143292034,12.139999389648438,0.6982421875,1800,1799,8.47665973007679,0.3225517173001998,3.805174768968553,0.2412985492198839,0.009181831512802186,0.3046875,,
12.408504999998957,1288,,,,0,-0.03515625,-1.115234375,0.0018478357038496376,-0.07421921517193233,12.140501022338867,0.6549072265625,1798,1799,7.950901853619143,0.34808723625548343,4.377959163173909,0.21322015702252903,0.009334691402101605,0.3046875,,
12.436004999998957,1288,,,,-0.01953125,0.107421875,-0.99609375,0.0017950694986244835,-0.08416623487526856,12.135499954223633,0.6512451171875,1798,1799,7.903185089817271,0.33811843178993456,4.278255259712666,0.24892530830013776,0.010649660095106614,0.3046875,,
12.62925,1288,,,,0,0.05859375,-0.99609375,0.0016941295851113788,-0.07545286789491593,12.137001037597656,0.687255859375,1799,1799,8.341225078329444,0.3191024854115146,3.8256069392078254,0.236453400848984,0.009045777710871627,0.302734375,,
12.651375,1288,,,,-0.048828125,0.017578125,-0.98828125,0.0016800285402725635,-0.0748110350593096,12.137335777282715,0.6572561264038086,1800,1800,7.9773382978391965,0.3166031762054284,3.968782122367632,0.23629274966833672,0.00937794440528785,0.298828125,,
12.672724999999627,1288,,,,0.037109375,-0.05078125,-1.064453125,0.0016342028518922475,-0.08595558702301954,12.140666961669922,0.6502278447151184,1801,1800,7.894199711890678,0.30807398120498525,3.9025359434591866,0.2790095635042503,0.010888448501441952,0.296875,,
12.694325000001118,1288,,,,0.078125,-0.14453125,-0.978515625,0.0014917815095232348,-0.08595558702301954,12.137144088745117,0.6731305718421936,1799,1800,8.1698827409881,0.28119504956530844,3.4418492710373894,0.3056795884418872,0.010521030686497188,0.298828125,,
12.715589999999851,1288,,,,0,-0.025390625,-0.99609375,0.0015222361109341984,-0.08678913616017063,12.141143798828125,0.5991908311843872,1799,1799,7.274862044348993,0.28684533431085396,3.9429659636456096,0.3025642246149186,0.011930004394734493,0.298828125,,
12.737205000000074,1288,,,,0,0.029296875,-1.068359375,0.002030145367985741,-0.07966506953465273,12.142001152038574,0.6136067509651184,1802,1800,7.450413877117114,0.38262080198834153,5.135564390100621,0.20820893459180018,0.010692703901904384,0.298828125,,
12.760555000001565,1288,,,,0.03125,-0.06640625,-0.927734375,0.002149291640758843,-0.07966506953465273,12.136571884155273,0.6403459906578064,1801,1801,7.7716051463490885,0.40527651534344283,5.214836674169324,0.1965696666808889,0.010250787068367394,0.294921875,,
12.784789999999106,1288,,,,0.015625,-0.013671875,-1.02734375,0.0018564990707823246,-0.07285219458700455,12.137500762939453,0.6396484375,1803,1802,7.763733398169279,0.35026029694481925,4.511493104946289,0.20799444077009344,0.00938365485401436,0.294921875,,
12.809044999999925,1288,,,,0.0234375,-0.0078125,-0.97265625,0.001612337558405369,-0.06934017422247467,12.141143798828125,0.5552455186843872,1801,1802,6.7413156860020536,0.30423118036656177,4.512934782126877,0.22791935441636244,0.01028585182065505,0.294921875,,
12.833384999999776,1288,,,,-0.01171875,0.083984375,-0.939453125,0.0020567421937184253,-0.07703105426125531,12.13900089263916,0.5914306640625,1804,1802,7.179377358988859,0.38805740508582265,5.405167964878734,0.19850427604704296,0.010729489537809216,0.294921875,,
12.858560000000521,1288,,,,-0.111328125,0.095703125,-0.95703125,0.0015801789011266637,-0.08633346263186138,12.137499809265137,0.6292724609375,1801,1802,7.6377943746047094,0.2981229054544811,3.9032591194877555,0.28959016919631897,0.011303454688295342,0.296875,,
12.880410000000149,1288,,,,-0.111328125,0.138671875,-1.078125,0.0014709809889524852,-0.08776716714776124,12.139500617980957,0.6292724609375,1800,1801,7.639053428429179,0.27746678135133396,3.632214173535235,0.31631594499461435,0.011489272587246302,0.296875,,
12.904599999999627,1288,,,,-0.099609375,0.00390625,-0.87890625,0.001527478091403445,-0.07548620986040198,12.138667106628418,0.7283528447151184,1802,1801,8.841232718162644,0.2880609526984964,3.2581537199753785,0.26204943486183224,0.008537973410125242,0.30078125,,
12.929044999999926,1288,,,,-0.125,-0.08984375,-0.73046875,0.0016846139349642154,-0.08676690818317993,12.13550090789795,0.6353759765625,1799,1800,7.710605740430765,0.31762629476424586,4.119342960291226,0.27317293817749433,0.011252930198235317,0.3046875,,
13.096639999998734,1288,,,,0.0625,-0.07421875,-0.931640625,0.0017093780555146028,-0.08565550933364516,12.13800048828125,0.6341552734375,1800,1800,7.697377018630505,0.3221935986077383,4.18575831517555,0.26585105881612614,0.011127882800378243,0.306640625,,
13.118674999998882,1288,,,,-0.04296875,0.029296875,-0.994140625,0.0016259146393130797,-0.08002926647191186,12.137786865234375,0.6627545952796936,1798,1799,8.04437402145959,0.30622820483985214,3.8067375288983567,0.2613386527010622,0.009948476569888674,0.3046875,,
13.141394999999553,1288,,,,0.0625,-0.01171875,-0.966796875,0.001764494306790079,-0.06601709166236568,12.137144088745117,0.6696428656578064,1797,1798,8.127551948488986,0.3322503366459874,4.087950944536957,0.19869683904250443,0.008122629308403139,0.30078125,,
13.16621499999985,1288,,,,0.21875,-0.171875,-1.169921875,0.0016739248902249303,-0.07636421495153445,12.136001586914062,0.6473214030265808,1798,1798,7.855893574374022,0.31523034264050703,4.0126605542212355,0.24224893553036309,0.009720627479047709,0.30078125,,
13.188634999999776,1288,,,,-0.0625,0,-1.017578125,0.0015479186572455925,-0.09150146728219809,12.138999938964844,0.6890869140625,1799,1798,8.36482600774616,0.29143437068266187,3.4840458177227127,0.31396937522455975,0.010938836886441405,0.302734375,,
13.212504999998957,1288,,,,-0.078125,-0.037109375,-0.875,0.0020950768133786357,-0.08059864456826193,12.140572547912598,0.6138392686843872,1803,1799,7.452360174220416,0.3947820479624936,5.2974096626212965,0.2041598522127309,0.010815183738310565,0.302734375,,
13.235629999998958,1288,,,,-0.125,0.01953125,-0.97265625,0.0026316639543045826,-0.07978732340810155,12.140000343322754,0.68359375,1807,1801,8.298828359693289,0.49642085249376644,5.981818528803906,0.1607251649629352,0.009614287698203503,0.3046875,,
13.262039999999105,1288,,,,0.19921875,-0.111328125,-1.02734375,0.0014942835861421594,-0.07228538117374182,12.139429092407227,0.6298828125,1804,1805,7.646417738869786,0.2824408634406333,3.6937671088106248,0.25593103028073555,0.009453496217749973,0.3046875,,
13.283879999998957,1288,,,,0.0859375,-0.033203125,-1.14453125,0.001442736000943457,-0.0760752512506554,12.13778018951416,0.6043837070465088,1807,1805,7.335876586254244,0.2726797824906834,3.717071563085222,0.2789911688933324,0.010370301402453121,0.302734375,,
13.308569999998435,1288,,,,0,-0.15234375,-1,0.0013706514334574451,-0.08606672690797303,12.139430046081543,0.5684989094734192,1801,1804,6.901252742826216,0.2588736499632521,3.7511109882528015,0.33246615451279216,0.012471174454150885,0.3046875,,
13.332455000000074,1288,,,,-0.125,-0.009765625,-0.921875,0.0012420524365071403,-0.07069608081890709,12.141500473022461,0.5743408203125,1799,1802,6.973359341500327,0.23438354025061672,3.361128098701835,0.30162562073819116,0.010138023491515172,0.3046875,,
13.355199999999256,1288,,,,-0.01171875,0,-0.921875,0.0014442498788664673,-0.06972916381981183,12.139429092407227,0.5615234375,1798,1800,6.816573953256011,0.2721622002169924,3.9926538182277205,0.2562044389860804,0.01022935631564665,0.302734375,,
13.37925,1288,,,,-0.01171875,0.142578125,-1.03125,0.001709644248743635,-0.07182970764543255,12.139999389648438,0.609130859375,1797,1798,7.394848261028528,0.3219866242001479,4.354201909686836,0.22308289303590131,0.009713479588753855,0.3046875,,
13.40527499999851,1288,,,,-0.13671875,0.056640625,-1.01171875,0.001671162349470092,-0.08032079485587824,12.138285636901855,0.6243024468421936,1796,1798,7.577961423587283,0.3146316864238348,4.151930431375742,0.2552851423479309,0.010599261511924626,0.302734375,,
13.431220000000671,1288,,,,0.0859375,-0.005859375,-0.994140625,0.001590877074254189,-0.08790053500970542,12.138001441955566,0.6610107421875,1798,1798,8.023349341819994,0.29952417490725564,3.733156343399506,0.29346724696570103,0.010955591145899961,0.30078125,,
13.454255000000819,1288,,,,0.037109375,0,-0.998046875,0.001432244494370125,-0.07715330813470413,12.138222694396973,0.6022135615348816,1797,1797,7.3098023194963275,0.2695416039236566,3.6873993596892376,0.28623895907570757,0.01055477354413878,0.298828125,,
13.480224999999628,1288,,,,0.01171875,0.015625,-0.82421875,0.001820510025685125,-0.07336343805779054,12.138856887817383,0.7282366156578064,1797,1797,8.839960057938583,0.3425454295397208,3.8749658063455095,0.21417141123841352,0.008299068952456147,0.298828125,,
13.504129999998957,1288,,,,0,-0.130859375,-1.0625,0.0017497012294227692,-0.09183488693705852,12.137001037597656,0.6744384765625,1798,1797,8.185660489834845,0.3292217266363888,4.021932341870573,0.27894540216200914,0.011218995345714784,0.298828125,,
13.528909999998286,1288,,,,-0.125,-0.083984375,-0.923828125,0.0017243536254578265,-0.08691139003361946,12.132000923156738,0.7624163031578064,1799,1798,9.249635293740255,0.3246213872467246,3.5095587765110485,0.2677315588192083,0.009396196420029366,0.296875,,
13.54959500000067,1288,,,,-0.13671875,0.03515625,-0.880859375,0.002700090286233606,-0.08049861867180381,12.14000129699707,0.6182861328125,1807,1802,7.505994454259053,0.5094723173095698,6.787539218344145,0.1580039109816649,0.010724577424398078,0.296875,,
13.572120000001043,1288,,,,-0.09375,0.126953125,-0.900390625,0.0034063818288296377,-0.06612823154731914,12.13800048828125,0.6429036259651184,1815,1805,7.803564525882393,0.6439680015414521,8.25222882960188,0.10268869165708458,0.008474105817666914,0.298828125,,
13.596240000000224,1288,,,,0.15625,-0.1171875,-1.03125,0.001318994017351646,-0.06612823154731914,12.136001586914062,0.7012939453125,1812,1810,8.510904433205724,0.25002309938860234,2.9376795539276013,0.26448848809980674,0.007769824237400259,0.296875,,
13.61796499999985,1288,,,,-0.07421875,-0.0546875,-1.078125,0.0012458782131043442,-0.08014297103995269,12.135429382324219,0.6633649468421936,1808,1810,8.0502184671127,0.23620262719948856,2.934114498438019,0.33929754291965053,0.009955378399649427,0.296875,,
13.639960000000894,1288,,,,-0.01171875,-0.064453125,-0.921875,0.001437937256653995,-0.08014297103995269,12.1388578414917,0.5636160969734192,1803,1808,6.8416556783367355,0.2722475346155859,3.979263900661127,0.29437537846987205,0.011713973167886188,0.296875,,
13.661819999998436,1288,,,,0.015625,-0.072265625,-1.142578125,0.001530392802460864,-0.07481937055068111,12.138856887817383,0.6515067219734192,1804,1806,7.908546859486364,0.28939390982243696,3.6592551699343687,0.25853816549418035,0.00946057118709927,0.296875,,
13.683259999999777,1288,,,,0.078125,0.07421875,-1.0625,0.001430751716277867,-0.07481937055068111,12.137715339660645,0.7589285969734192,1802,1804,9.211659273191401,0.2702588823394136,2.933878406965673,0.27684333592676047,0.008122246853878667,0.294921875,,
13.704900000000373,1288,,,,0.0625,-0.05859375,-0.92578125,0.0014808137895511936,-0.0666283610296098,12.139334678649902,0.6290690302848816,1803,1804,7.636479494601929,0.27977218646345725,3.6636278099250115,0.23815219758563289,0.008725010140694808,0.294921875,,
13.728759999999777,1288,,,,0.125,-0.103515625,-1.078125,0.003945745204440315,-0.0683732572233794,12.142000198364258,0.640869140625,1815,1805,7.781433232594281,0.7458917335816457,9.585531498970019,0.09166646330166793,0.008786717713773172,0.296875,,
13.757199999999255,1288,,,,0,-0.02734375,-0.9765625,0.002890183132971859,-0.06452781720398908,12.14000129699707,0.693359375,1817,1812,8.417383711785078,0.5483986269231346,6.5150722089017785,0.11766589855636805,0.007666018256200493,0.294921875,,
13.779439999999479,1288,,,,0.009765625,0.03515625,-1.02734375,0.000918641916098798,-0.06920680636053049,12.139111518859863,0.6754557490348816,1816,1815,8.199432663589448,0.17461474372821303,2.1295954353477464,0.3963399933069256,0.008440438405921853,0.29296875,,
13.803644999999554,1288,,,,0.03125,-0.09765625,-0.9140625,0.001084342240615119,-0.07290776452948129,12.137716293334961,0.6535993218421936,1808,1815,7.933203138036674,0.2061197051378334,2.59819018309979,0.3537156453854204,0.00919020517449206,0.29296875,,
13.829724999999627,1288,,,,-0.07421875,-0.140625,-0.900390625,0.0012349711376789692,-0.06212719568899397,12.135001182556152,0.6121826171875,1804,1810,7.428836783510633,0.23405054883158843,3.1505679240536972,0.2654434950020037,0.008362977610020209,0.2890625,,
13.853984999999405,1288,,,,-0.111328125,0.0703125,-0.888671875,0.0014021115605776558,-0.07356348985070682,12.134500503540039,0.6402587890625,1803,1805,7.769220598274842,0.26507243830991417,3.4118279299312673,0.2775222136248611,0.009468580396216529,0.29296875,,
13.878844999998808,1288,,,,-0.048828125,-0.02734375,-1.04296875,0.0014882801952240956,-0.06679507085704002,12.137500762939453,0.7208251953125,1805,1803,8.749016358051449,0.28095110459933337,3.2112307612818984,0.23774624752693893,0.007634580634378468,0.294921875,,
13.903939999999478,1288,,,,-0.037109375,-0.0078125,-0.919921875,0.0015302041615898963,-0.06458338714646582,12.136500358581543,0.68603515625,1802,1802,8.32606591982767,0.28877344849267084,3.4683060556245002,0.22364724833109084,0.007756771057104788,0.298828125,,
13.931394999999553,1288,,,,-0.19921875,0.0625,-0.93359375,0.0053312718788444255,-0.07265214279408828,12.141501426696777,0.62744140625,1823,1809,7.618080729153007,1.0097768580230135,13.255003378459634,0.07194871046691435,0.00953680400314764,0.3046875,,
13.957850000001491,1288,,,,-0.134765625,0.0390625,-0.927734375,0.001077660720699421,-0.0604600974146918,12.141500473022461,0.6256103515625,1821,1818,7.595848379423842,0.20519314592489415,2.701385489483117,0.2946496928158688,0.007959624046534457,0.302734375,,
13.981689999999478,1288,,,,0.0234375,-0.009765625,-1.078125,0.0004913630771900397,-0.06596152171988894,12.136444091796875,0.6412760615348816,1815,1818,7.782811068225783,0.09356064890914573,1.2021446761198893,0.7050135125071912,0.008475282406531028,0.3046875,,
14.006944999998435,1288,,,,-0.037109375,0.015625,-0.951171875,0.0008026539107076311,-0.06877336080921193,12.138856887817383,0.6696428656578064,1808,1815,8.128698912168034,0.1525399812113201,1.8765608476773512,0.4508546563535843,0.008460561961061631,0.302734375,,
14.172379999998958,1288,,,,-0.099609375,0.16015625,-1.005859375,0.0011317207228314567,-0.09927014524044618,12.137500762939453,0.6256103515625,1805,1810,7.593346119392663,0.21450484898849204,2.824905458223057,0.4627874181332466,0.013073307034815643,0.3046875,,
14.205620000001042,1288,,,,-0.0703125,0.0234375,-0.9453125,0.0015433855129298203,-0.08577947317671063,12.137145042419434,0.6646728515625,1799,1801,8.067230805172585,0.29114982273012874,3.6090429263961052,0.2946231337953482,0.010633075369767549,0.306640625,,
14.236615000000224,1288,,,,-0.142578125,0.103515625,-0.9765625,0.0016434541261943069,-0.08008740109747593,12.137091636657715,0.6711647510528564,1797,1797,8.145988086823081,0.309225244587553,3.7960434178360094,0.258993735147003,0.009831514635655434,0.3046875,,
14.260509999999776,1288,,,,-0.01953125,-0.056640625,-1.052734375,0.0017865785040343178,-0.06847328311983754,12.13800048828125,0.64404296875,1795,1796,7.817393869161606,0.33600123983377617,4.2981234597792035,0.2037887811179271,0.008759093409627716,0.302734375,,
14.284070000000298,1288,,,,-0.01171875,0.068359375,-1.154296875,0.0016959329918378304,-0.07417475921795093,12.137144088745117,0.712890625,1798,1797,8.652456235140562,0.31909442135588767,3.6879056384005375,0.2324539517261677,0.008572682392394202,0.30078125,,
14.307890000000596,1288,,,,-0.0625,0.01953125,-0.873046875,0.0016501931699872989,-0.08125436988948745,12.137144088745117,0.6326729655265808,1798,1797,7.678842943649784,0.3105812599798831,4.044636180985135,0.26162032408120967,0.01058159028459917,0.298828125,,
14.334875,1288,,,,-0.0234375,0.06640625,-1.0625,0.0016994929944079372,-0.0837994732549221,12.137001037597656,0.6353759765625,1800,1798,7.711558886803687,0.3199498594224705,4.14896474395055,0.2619143931057991,0.010866735829291657,0.298828125,,
14.359909999998287,1288,,,,0.125,-0.111328125,-0.955078125,0.0017196624763318057,-0.0748415985276718,12.137779235839844,0.6624348759651184,1799,1798,8.040488282585557,0.3238328617536351,4.0275273139195615,0.23111180910543178,0.009308091237414901,0.298828125,,
14.382589999999851,1288,,,,-0.111328125,-0.03515625,-0.861328125,0.0017329559286419112,-0.08463302239207318,12.13800048828125,0.701904296875,1798,1799,8.519714698195457,0.32640767418087174,3.8312042802326167,0.25928625178455705,0.00993378597642467,0.296875,,
14.408229999998584,1288,,,,0.09375,-0.095703125,-0.853515625,0.0019256546743451103,-0.09442444625647455,12.134857177734375,0.5929129719734192,1799,1799,7.194914233723466,0.3627182183235783,5.041313996815591,0.26032452048559407,0.013123776488383324,0.298828125,,
14.432705000000075,1288,,,,0.048828125,0.091796875,-1.044921875,0.0019459991032100537,-0.10270436768550863,12.141000747680664,0.648193359375,1798,1799,7.869716060813516,0.36654254894839483,4.657633720402667,0.2801976686749354,0.013050581099985933,0.298828125,,
14.45941000000015,1288,,,,0.07421875,0.07421875,-1.1484375,0.0018844313341474818,-0.09878112974665088,12.137499809265137,0.65185546875,1798,1798,7.911895627621561,0.3548917537626021,4.485546453919642,0.27834157514048236,0.012485140653497982,0.296875,,
14.485300000000745,1288,,,,0.041015625,-0.025390625,-1.01953125,0.0017611682188999717,-0.060604579265131325,12.136500358581543,0.6317138671875,1798,1798,7.666795575642027,0.3316434313795538,4.325711154125583,0.18274017674051743,0.007904812208333365,0.296875,,
14.509865000000223,1288,,,,0.048828125,-0.060546875,-0.9296875,0.0020834948228371317,-0.07130735018615121,12.13599967956543,0.64208984375,1800,1798,7.792402138002217,0.3923929096579114,5.0355834145709455,0.1817243595158665,0.009150881708016251,0.296875,,
14.533429999999703,1288,,,,0.037109375,-0.099609375,-0.96875,0.002195357042779267,-0.10059270987139256,12.138500213623047,0.6256103515625,1801,1799,7.593971386086196,0.41359048589905667,5.446300293636137,0.24321814282725984,0.01324639042697741,0.296875,,
14.557910000000149,1288,,,,-0.037109375,-0.0625,-0.98046875,0.002091138550928744,-0.09135698543175858,12.1388578414917,0.6522042155265808,1802,1801,7.917014255898778,0.3943033766733377,4.980455559740236,0.23169212042392337,0.011539323093133332,0.294921875,,
14.583694999998436,1288,,,,-0.125,0.08984375,-0.927734375,0.001691811258674175,-0.059548750358073284,12.141500473022461,0.62744140625,1802,1802,7.618080130778253,0.3191737647935116,4.189687681335865,0.18657156986758655,0.00781676607961721,0.294921875,,
14.607889999998733,1288,,,,0.0234375,0.0625,-1.0625,0.0014509497842803856,-0.06044898342619645,12.137500762939453,0.599365234375,1801,1802,7.274795989505947,0.27376140446518166,3.763148889124705,0.22080900536103384,0.008309371632331057,0.294921875,,
14.632814999999479,1288,,,,-0.01171875,0.1171875,-1.03515625,0.0016845987496401974,-0.06968470786583043,12.137001037597656,0.675048828125,1799,1801,8.193068327382207,0.317766341599822,3.878477865707639,0.21929543423320666,0.008505324877242372,0.296875,,
14.660050000000744,1288,,,,0.046875,0.0078125,-1.01953125,0.001909356801763392,-0.09191268485652594,12.140000343322754,0.6396484375,1801,1800,7.765332250855863,0.35994347245226516,4.63526170966598,0.2553531092822226,0.011836284899000389,0.294921875,,
14.68327499999851,1288,,,,0.041015625,0,-0.998046875,0.0016854268725836976,-0.07906491415590394,12.134222984313965,0.6206597089767456,1801,1800,7.531223306103243,0.3176468841352548,4.217732913029366,0.24890819996911384,0.010498283073326266,0.291015625,,
14.708144999999552,1288,,,,-0.07421875,-0.09375,-0.966796875,0.0017632790403791115,-0.08129882584346884,12.141715049743652,0.6291852593421936,1797,1800,7.639388132431975,0.3322899818989269,4.349693668374242,0.2446622837645392,0.010642059865805983,0.291015625,,
14.732915000000968,1288,,,,-0.07421875,-0.068359375,-0.912109375,0.0017991808914737302,-0.07680877449134835,12.139500617980957,0.667724609375,1800,1800,8.105843308148906,0.33905053149710074,4.182791581429276,0.22654078774687053,0.009475728998379666,0.291015625,,
14.75760000000149,1288,,,,-0.0859375,0.099609375,-0.96484375,0.0016871430853075682,-0.06741745421277949,12.135501861572266,0.6787109375,1798,1799,8.236497845500708,0.31781016186864386,3.8585594002462065,0.2121312100795702,0.008185208747381285,0.294921875,,
14.779304999999702,1288,,,,-0.07421875,0.125,-1.115234375,0.0018493576863434006,-0.06463895708894254,12.137144088745117,0.6661551594734192,1799,1799,8.08522115598987,0.3484204506644526,4.309349663321554,0.1855199858839322,0.00799470488708343,0.296875,,
14.80391000000015,1288,,,,-0.1875,0.1875,-0.859375,0.002144981685926155,-0.08068755647622472,12.140571594238281,0.6661551594734192,1802,1800,8.087504406458265,0.40424930619037297,4.998443102764312,0.19959850330139234,0.009976817621489241,0.296875,,
14.832049999998883,1288,,,,-0.07421875,-0.01953125,-0.833984375,0.0017597671062976065,-0.09270177803969563,12.145500183105469,0.653076171875,1801,1801,7.931936765089631,0.3318578166113279,4.1838182330438425,0.279341854853062,0.011687155455865276,0.298828125,,
14.855185000000521,1288,,,,0.09375,-0.08203125,-1.037109375,0.0016235813927189158,-0.07375242765512771,12.13599967956543,0.6716579794883728,1799,1801,8.151241023848456,0.3061816223681559,3.7562577461805677,0.24087803534611574,0.00904799986153604,0.298828125,,
14.879404999999329,1288,,,,-0.01171875,-0.078125,-0.9453125,0.0018200996269902864,-0.06257175522880788,12.138285636901855,0.6431361436843872,1803,1801,7.806570215456645,0.34326047012480043,4.397071449446015,0.18228651614343602,0.008015268357532829,0.296875,,
14.905044999999925,1288,,,,0.15625,-0.076171875,-1.052734375,0.0017871798387307208,-0.09563587100246744,12.138999938964844,0.6463623046875,1802,1801,7.846191977150738,0.3370773038196794,4.2960624058307255,0.2837208851463585,0.012188826284262879,0.298828125,,
14.929039999999105,1288,,,,0.0234375,-0.0078125,-1.037109375,0.0015997250297724672,-0.09137921340874927,12.13650131225586,0.6494140625,1800,1801,7.881614621728659,0.3017770737068777,3.8288737548130656,0.3028036964050748,0.011593971260257744,0.296875,,
14.953919999999925,1288,,,,0.0234375,0.0625,-1.091796875,0.0015491062563288184,-0.06731742831632137,12.136500358581543,0.631103515625,1801,1801,7.659388043684885,0.29209210788246426,3.8135175580155165,0.23046644020731094,0.008788878162639135,0.294921875,,
14.979069999998435,1288,,,,-0.01171875,0.01953125,-0.876953125,0.0013659242329649725,-0.07146294602508607,12.136571884155273,0.6452288031578064,1800,1800,7.83086575125219,0.25745959364625554,3.287753893687765,0.27756955960737967,0.009125804003683607,0.291015625,,
15.007929999999702,1288,,,,-0.048828125,0.0390625,-0.982421875,0.0014237033946686208,-0.08046527670631776,12.141000747680664,0.7159423828125,1799,1799,8.692257005022839,0.268282034578511,3.086448484248495,0.299927935289197,0.009257121212571226,0.2890625,,
15.029894999999552,1288,,,,-0.009765625,-0.013671875,-0.947265625,0.0015750853181425784,-0.07898341193538821,12.139200210571289,0.6494140625,1798,1799,7.883367324247956,0.2967732579884312,3.764549408672166,0.26614059659805045,0.010018994255468481,0.2890625,,
15.054160000000149,1288,,,,-0.01171875,-0.04296875,-0.939453125,0.0017245132016612673,-0.07318561424186498,12.138667106628418,0.625,1800,1799,7.586666941642761,0.3249214542534531,4.2827958147204095,0.22524094141465023,0.00964660961194349,0.28515625,,
15.079529999999329,1288,,,,0.099609375,-0.103515625,-1.013671875,0.001704025824936324,-0.07855367068511794,12.137001037597656,0.618896484375,1799,1799,7.511547273024917,0.32104034294033285,4.273957565217441,0.24468473328200246,0.010457721669038264,0.2890625,,
15.104134999999776,1288,,,,0.0234375,0.091796875,-1.072265625,0.0018231237497528666,-0.08416623487526856,12.140501022338867,0.684814453125,1800,1799,8.313990568276495,0.3435002748689965,4.131593270982081,0.24502523297068024,0.01012344603762479,0.2890625,,
15.130789999999106,1288,,,,0.037109375,0.06640625,-0.943359375,0.0019582128310683317,-0.09640273620864644,12.140000343322754,0.66162109375,1801,1800,8.032080305274576,0.3690803977335323,4.5950785314131055,0.2611971180280537,0.012002212695176847,0.287109375,,
15.154174999998883,1288,,,,-0.0859375,0.109375,-1.013671875,0.001666882297708802,-0.0738413395630905,12.138667106628418,0.6429036259651184,1802,1801,7.8039930972349225,0.3143457447341237,4.028011568148379,0.2349048485626746,0.009461994474245967,0.287109375,,
15.181984999999404,1288,,,,-0.01171875,0.078125,-1.0546875,0.0015024740932916205,-0.06957356798087697,12.1371431350708,0.6403459906578064,1801,1801,7.771970944582506,0.283350805075884,3.645803710491162,0.24553862821121863,0.008951856418013708,0.2890625,,
15.20413000000082,1288,,,,-0.0859375,0.03515625,-1.04296875,0.0014560537669658206,-0.07642719349610778,12.137333869934082,0.6087239384651184,1799,1801,7.388285675772352,0.27456730850744965,3.716251923065321,0.2783550376465672,0.010344374439489752,0.2890625,,
15.229154999999329,1288,,,,-0.07421875,-0.0625,-0.85546875,0.0017734465038563144,-0.09193491283351664,12.137144088745117,0.6828961968421936,1800,1800,8.288409538729752,0.3343369974468382,4.033789545323038,0.2749767855055733,0.01109198482578917,0.2890625,,
15.25429000000097,1288,,,,0.03125,0.001953125,-1.044921875,0.001879825841950278,-0.0949023477617745,12.14200210571289,0.660400390625,1798,1800,8.018582933582366,0.35432449547393274,4.4187919288082425,0.2678402113713201,0.01183530164217883,0.287109375,,
15.279264999998734,1288,,,,-0.0234375,-0.064453125,-0.96875,0.0020360814071261704,-0.09397988671666063,12.138002395629883,0.6109619140625,1803,1800,7.415857176529244,0.38387025557631516,5.176343697546417,0.24482200783065622,0.012672828572548768,0.28515625,,
