Time (s),ESC signal (µs),Servo 1 (µs),Servo 2 (µs),Servo 3 (µs),AccX (g),AccY (g),AccZ (g),Torque (N·m),Thrust (N),Voltage (V),Current (A),Motor Electrical Speed (RPM),Motor Optical Speed (RPM),Electrical Power (W),Mechanical Power (W),Motor Efficiency (%),Propeller Mech. Efficiency (N/W),Overall Efficiency (N/W),Vibration (g),App message,
0,1286,,,,0.0859375,-0.091796875,-1.0234375,0.00010058254932146316,-0.16327560498515392,12.140000343322754,0.5845423936843872,1816,1815,7.096344860015165,0.019121291362167135,0.26945267936325,8.538942370189838,0.023008409005760327,0.3046875,,
0,1286,,,,-0.0390625,0.015625,-0.982421875,0.0007750568536551441,-0.1609712931267138,12.143549919128418,0.6010584831237793,1804,1806,7.29898369412922,0.14658056579045087,2.008232542132541,1.0981762299705928,0.022053932420233735,0.3046875,,
0.0228600000012666,1286,,,,0.19921875,-0.078125,-1.00390625,0.0009722769227936008,-0.1631311231347144,12.143500328063965,0.616455078125,1803,1804,7.485922443447635,0.1837244631992337,2.4542661854591636,0.8879118234669295,0.021791719640042718,0.302734375,,
0.0458150000013411,1286,,,,0.046875,-0.083984375,-0.998046875,0.0006417269742220336,-0.16607633008598155,12.144500732421875,0.63720703125,1801,1803,7.738561257719994,0.12119132914265217,1.5660705537705943,1.370364788148301,0.021460879426431326,0.302734375,,
0.07067500000074506,1286,,,,-0.037109375,0.130859375,-1.07421875,0.0007062530513433148,-0.164620397593091,12.140000343322754,0.5998883843421936,1798,1802,7.2826451918695625,0.13327251057901718,1.8300014221179457,1.2352164514488357,0.022604478627748514,0.306640625,,
0.09269500000029803,1286,,,,-0.0234375,-0.083984375,-0.904296875,0.0008840180075628601,-0.1631644651002004,12.141501426696777,0.62255859375,1796,1799,7.558796054217964,0.1665064640449182,2.202817258867623,0.9799287134953739,0.021586038825475558,0.302734375,,
0.1174199999999255,1286,,,,-0.109375,-0.041015625,-0.830078125,0.001159669689865403,-0.1548512017056803,12.141715049743652,0.6277901530265808,1798,1797,7.622449149083707,0.21824587565522885,2.863198840512621,0.7095263598488548,0.020315150508323818,0.302734375,,
0.14202500000037252,1286,,,,0.07421875,0.12890625,-1.109375,0.000940987410861132,-0.18881555054746307,12.142001152038574,0.5963134765625,1796,1796,7.240438919398002,0.1770217957058177,2.44490420645018,1.066623179335751,0.02607791497855242,0.302734375,,
0.16710999999940396,1286,,,,-0.0625,0.0078125,-0.982421875,0.0011184421576484194,-0.18528130220594247,12.140572547912598,0.5970982313156128,1795,1796,7.249114395517495,0.21039095713182776,2.902298758892858,0.880652404132788,0.025559163795306025,0.302734375,,
0.18938500000163913,1286,,,,0.046875,0.044921875,-1.09375,0.0014997458626868612,-0.14513016064654713,12.144001007080078,0.631103515625,1799,1797,7.664121729321778,0.2822125414660371,3.682255468181492,0.5142583667353169,0.018936306829692037,0.302734375,,
0.21485999999940394,1286,,,,0.111328125,-0.0859375,-0.953125,0.0017085599883958648,-0.14113653990242117,12.14228630065918,0.6201171875,1801,1799,7.52964043058455,0.3217964315015877,4.273729064066418,0.4385895121454286,0.018744127452506296,0.298828125,,
0.24025500000081956,1286,,,,0.0625,-0.15625,-0.92578125,0.001374454229273545,-0.1701885058292602,12.141000747680664,0.582275390625,1803,1800,7.069405952934176,0.25908671605584616,3.664900810347601,0.6568785479243793,0.024073947225880132,0.30078125,,
0.265445000000298,1286,,,,-0.0234375,0,-1.095703125,0.0008311966074162009,-0.15930791109231476,12.142500877380371,0.6365966796875,1800,1801,7.7298757416429,0.15679983961737998,2.0284910761586694,1.0159953701550648,0.02060937541778073,0.30078125,,
0.29279500000178815,1286,,,,-0.0625,0.03125,-0.853515625,0.0005861867700558043,-0.1554513570844291,12.142999649047852,0.6390380859375,1797,1800,7.759839253267273,0.11048336783595329,1.423784233538528,1.4070113912099844,0.02003280635213886,0.298828125,,
0.316980000000447,1286,,,,0.0625,0.10546875,-1.0234375,0.001181769876170131,-0.17547876435304574,12.14133358001709,0.5696614384651184,1799,1799,6.916449552077381,0.22259270837972783,3.218308854907664,0.788340128615943,0.025371220166037364,0.30078125,,
0.33955000000074503,1286,,,,-0.15625,0.087890625,-1.0703125,0.0014328455333326624,-0.15934125305780078,12.141000747680664,0.594482421875,1801,1799,7.217611528467387,0.2698622581163765,3.738941297297556,0.5904540122431119,0.02207672890530808,0.30078125,,
0.36553000000119207,1286,,,,0.0625,-0.10546875,-0.953125,0.0013437478272333343,-0.1593190250808101,12.139334678649902,0.5908203125,1801,1800,7.172165508382022,0.25332590554402423,3.532069989851257,0.6289093282373478,0.022213517646046496,0.30078125,,
0.38991000000201165,1286,,,,-0.0234375,-0.09765625,-0.92578125,0.001086692920926703,-0.16628749586739316,12.141334533691406,0.6331380009651184,1801,1801,7.687140275710135,0.2049452571781027,2.6660793198439445,0.8113751845590896,0.02163190600187553,0.30078125,,
0.414875,1286,,,,0.0859375,-0.115234375,-1.16015625,0.0007421019432600842,-0.16379796244443526,12.140571594238281,0.5894252061843872,1799,1801,7.155958915130213,0.1399481092251823,1.955686315209032,1.170419260047862,0.022889729299326853,0.302734375,,
0.43952500000037253,1286,,,,0.037109375,-0.033203125,-0.9921875,0.0008160417587785684,-0.15875221166754738,12.141335487365723,0.5826823115348816,1799,1800,7.074541426898747,0.15383765453530507,2.174524753652373,1.0319463862543123,0.02243992961352115,0.302734375,,
0.4676100000012666,1286,,,,-0.037109375,-0.0234375,-0.927734375,0.0009179672160419952,-0.14660462224213228,12.143430709838867,0.625,1797,1799,7.589644193649292,0.17292156916730025,2.2783883506949385,0.8478099230078896,0.019316402521847482,0.302734375,,
0.48975500000081956,1286,,,,0.05078125,0.052734375,-0.916015625,0.0009075158131204913,-0.15768155253209085,12.141777992248535,0.6277126669883728,1796,1797,7.6215478454950585,0.17079871462488977,2.240997735464528,0.9232010491319739,0.020688914604832295,0.30078125,,
0.5156300000008196,1286,,,,-0.03125,0.11328125,-1.107421875,0.0009082557045366203,-0.16068604566573788,12.1371431350708,0.615234375,1795,1796,7.467187670990825,0.17079155086196932,2.2872272452114077,0.9408313517546396,0.021518951008822892,0.298828125,,
0.539480000000447,1286,,,,-0.0625,0.1171875,-1.0234375,0.0012530200920705514,-0.16200861029668429,12.139556884765625,0.5935329794883728,1794,1795,7.2052273674835305,0.23552145543758105,3.2687581310822447,0.6878719817508113,0.022484871334916216,0.296875,,
0.5603149999994784,1286,,,,0.07421875,0.00390625,-1.046875,0.0011864499863118508,-0.16865477541690221,12.142287254333496,0.6215122938156128,1799,1796,7.54658080360889,0.22311690411901602,2.956529717568493,0.7559031714017401,0.022348501898535152,0.294921875,,
0.5821549999993294,1286,,,,0.09375,-0.056640625,-1.0234375,0.0009763730846391916,-0.16865477541690221,12.144572257995605,0.5587332844734192,1797,1797,6.7855767462346535,0.18371178303956504,2.7073864154805634,0.9180400550604852,0.02485489173937786,0.294921875,,
0.604464999999851,1286,,,,0.1484375,-0.037109375,-0.994140625,0.001136078821478094,-0.1590634033454171,12.145143508911133,0.6277901530265808,1796,1797,7.624601501989105,0.21384214981298316,2.8046337865289885,0.743835597820761,0.020861864492710953,0.294921875,,
0.6284700000006705,1286,,,,-0.0625,0.01953125,-1.021484375,0.001615541733857598,-0.15669612379590803,12.144571304321289,0.6696428656578064,1800,1798,8.132525530411272,0.3042007663608606,3.7405448679295663,0.5151075905246931,0.019267830541687053,0.29296875,,
0.6518950000014156,1286,,,,0.0234375,0.0390625,-0.939453125,0.0008142651809759881,-0.16151959480288897,12.1388578414917,0.6173270344734192,1798,1798,7.493645113182481,0.15332437619139647,2.046058678728663,1.053450200255583,0.021554209248413836,0.291015625,,
0.6742949999999255,1286,,,,-0.01171875,-0.046875,-1.009765625,0.001172433829864971,-0.16098612335511228,12.142857551574707,0.5405970811843872,1796,1798,6.564393349619081,0.2207084570381345,3.362206456609456,0.7294062289932857,0.024524143326123803,0.29296875,,
0.6978650000002236,1286,,,,-0.0625,0.150390625,-1.041015625,0.0007340288126525583,-0.16045265190733557,12.144500732421875,0.6121826171875,1795,1796,7.434652242809534,0.1380807946108216,1.8572596283083342,1.1620200503594196,0.021581729268173675,0.29296875,,
0.7210499999988824,1286,,,,0.13671875,-0.060546875,-1.0703125,0.0009450148235893033,-0.1635312267205469,12.141143798828125,0.6424385905265808,1796,1795,7.799939309499678,0.17767899553870645,2.277953564616948,0.9203745565126321,0.020965705017906927,0.291015625,,
0.7445750000011175,1286,,,,-0.111328125,-0.0234375,-0.921875,0.0014404188677034286,-0.159252341149838,12.138285636901855,0.6187220811843872,1796,1796,7.510225351274471,0.2708647416681551,3.6066127046665764,0.5879404612392964,0.021204735370931736,0.291015625,,
0.771089999999851,1286,,,,0.0625,-0.0625,-0.951171875,0.0012417463546856064,-0.1594523929427543,12.13800048828125,0.799560546875,1796,1796,9.705066308379173,0.2336038716516501,2.40703014517233,0.6825759856434638,0.01642980973814533,0.2890625,,
0.7967949999999255,1286,,,,0.0625,0.013671875,-0.9765625,0.0017488232164272568,-0.1739339199521924,12.143001556396484,0.5914306640625,1810,1801,7.181743474211544,0.32977388362909943,4.591836018833909,0.5274338829930448,0.024218899014808927,0.2890625,,
0.978710000000894,1286,,,,-0.0859375,-0.001953125,-0.98046875,0.0030437836881477233,-0.1798687898087081,12.141000747680664,0.5963134765625,1815,1807,7.239842364797369,0.5758793444227712,7.954307779170675,0.3123376303572728,0.024844296428785898,0.2890625,,
1.002640000000596,1286,,,,-0.0625,0.025390625,-1.005859375,0.000609376151282753,-0.1613447231401575,12.142097473144531,0.5982645750045776,1804,1805,7.264186784434969,0.11516861663145025,1.5854302766308677,1.4009434849467268,0.022210982168833007,0.2890625,,
1.0264300000015647,1286,,,,-0.0625,0.208984375,-1.08203125,0.0010934649884604658,-0.15025001046860634,12.142999649047852,0.55908203125,1795,1796,6.78893290925771,0.20563270590444827,3.028940021251908,0.7306717567507149,0.0221316092642068,0.2890625,,
1.0487800000011922,1286,,,,-0.0234375,-0.0078125,-0.92578125,0.0010843391020589617,-0.1615973927223564,12.141715049743652,0.5796595811843872,1794,1794,7.038061460594577,0.20371638261661992,2.894495647092714,0.7932469183220844,0.022960497521529833,0.291015625,,
1.0706450000014156,1286,,,,0.015625,-0.03125,-0.94921875,0.001249279832668186,-0.15802980241534975,12.145502090454102,0.5950927734375,1794,1794,7.227700523799285,0.2346379528101566,3.246370709986441,0.6735048636535379,0.02186446462398257,0.29296875,,
1.0960600000005216,1286,,,,0.037109375,0.12109375,-0.994140625,0.0012899998510752773,-0.15748521697907772,12.14533519744873,0.59326171875,1795,1794,7.2053624340333045,0.2422828161423676,3.3625347560309513,0.6500057225954397,0.021856668338461793,0.29296875,,
1.12085000000149,1286,,,,-0.01171875,-0.009765625,-1.0078125,0.0011786164994774433,-0.16563177054616762,12.142667770385742,0.6304253339767456,1796,1794,7.655045384514096,0.22145876608255652,2.8929778330323197,0.7479124600758525,0.02163694168048111,0.29296875,,
1.144429999999702,1286,,,,0.111328125,-0.11328125,-1.142578125,0.0015716410906320125,-0.1658651643045699,12.142287254333496,0.5998883843421936,1797,1795,7.284017083220931,0.29545992169294943,4.056277165707848,0.5613795717340704,0.0227711113811976,0.29296875,,
1.170339999999851,1286,,,,-0.048828125,0.01953125,-1.005859375,0.0013150454899126932,-0.16119728913652387,12.142001152038574,0.6353759765625,1797,1796,7.714735839399509,0.24738136787848164,3.2066084053726596,0.6516145113067165,0.02089472569018915,0.291015625,,
1.1936799999997019,1286,,,,-0.099609375,0.1015625,-1.0625,0.0014307334864520319,-0.16184190046925404,12.142001152038574,0.57861328125,1799,1798,7.0255231275223196,0.26943563814255755,3.8350971629009356,0.600669984063593,0.023036277517220354,0.29296875,,
1.21575,1286,,,,-0.125,0.15234375,-1.0546875,0.0015285286867791153,-0.16034151202238212,12.140571594238281,0.6089564561843872,1804,1801,7.39307945408018,0.28825654057680256,3.8990050406899948,0.5562458763348025,0.021688054756924185,0.29296875,,
1.2393349999990315,1286,,,,0.03125,-0.001953125,-0.958984375,0.0009481292145019913,-0.17334487856193898,12.145143508911133,0.5531529188156128,1804,1802,6.7181215813886865,0.17892642673521053,2.6633401102905476,0.9688053448832822,0.02580258134091513,0.29296875,,
1.2605900000017136,1286,,,,0.037109375,0.12109375,-0.939453125,0.0005863522150863421,-0.17049969750712995,12.142999649047852,0.6097412109375,1801,1802,7.4040873104240745,0.11067143446096808,1.4947343247175904,1.5405935446446415,0.02302778051618687,0.291015625,,
1.2833349999990313,1286,,,,0.109375,-0.068359375,-1.091796875,0.0008489509272557682,-0.1529395956844805,12.14228630065918,0.6131417155265808,1801,1801,7.44494225280107,0.16013451044145657,2.1509167566908647,0.955069555356049,0.02054275110420619,0.29296875,,
1.4729700000006705,1286,,,,-0.01171875,-0.037109375,-0.931640625,0.0015770682186227645,-0.15738519108261959,12.139430046081543,0.6382533311843872,1802,1801,7.748031665591384,0.297450281890456,3.8390431883676683,0.5291142777957792,0.020312925640399646,0.294921875,,
1.4947249999996275,1286,,,,-0.013671875,0.01171875,-0.984375,0.0009280164296398973,-0.16726479749948875,12.142626762390137,0.62591552734375,1799,1799,7.600258633319754,0.17487766272796473,2.300943575279083,0.9564674806963863,0.022007777046717206,0.30078125,,
1.522234999999404,1286,,,,-0.03125,0.017578125,-1.009765625,0.0011421042903647601,-0.16369793654797712,12.144667625427246,0.58837890625,1797,1795,7.145666254218668,0.21466165620696737,3.004081754871145,0.7625858266468734,0.022908701683532016,0.3046875,,
1.545855000000447,1286,,,,-0.197265625,-0.03125,-0.958984375,0.0010379759269303658,-0.15006107266418542,12.141334533691406,0.5718315839767456,1794,1794,6.942798557992319,0.1949984307404009,2.808643072553577,0.769550155323865,0.021613917127329026,0.306640625,,
1.571940000001341,1286,,,,0.046875,0.01171875,-0.943359375,0.001067986034555738,-0.14233685065991875,12.142001152038574,0.599365234375,1792,1794,7.27749336627312,0.20061329482068044,2.756626282208713,0.7095085636629791,0.01955849954045522,0.310546875,,
1.59447500000149,1286,,,,0.14453125,-0.015625,-1.0078125,0.001318622120826241,-0.16901042304875336,12.142500877380371,0.645751953125,1795,1794,7.841043657390401,0.24766406478686184,3.1585599520725998,0.6824180294149765,0.021554582582824458,0.30859375,,
1.6200600000005216,1286,,,,-0.09375,0.099609375,-1.037109375,0.0012109573698641052,-0.16585405031607459,12.140000343322754,0.6243024468421936,1794,1794,7.579031919001466,0.2274940839505377,3.001624566063444,0.7290477512027739,0.021883276398435562,0.30859375,,
1.6466500000003725,1286,,,,0,0.150390625,-1.021484375,0.0012239376783284045,-0.15262840400661076,12.141000747680664,0.6256103515625,1796,1795,7.595535746077076,0.23001567813077234,3.0283009101704286,0.6635565246984423,0.02009448827693819,0.30859375,,
1.6707899999991058,1286,,,,0.05078125,-0.033203125,-1.0078125,0.0014155206482133244,-0.16296441330728417,12.144000053405762,0.574951171875,1798,1796,6.982207061955705,0.26621457157824735,3.8127567575127324,0.6121543698421659,0.02333995710256666,0.30859375,,
1.6940050000008195,1286,,,,0,0.07421875,-0.97265625,0.0009398298545832824,-0.16296441330728417,12.14100170135498,0.6243896484375,1796,1796,7.580715783988126,0.17680061581571058,2.3322417150784913,0.9217412086231154,0.021497232972576965,0.306640625,,
1.7209049999993296,1286,,,,0.1875,-0.056640625,-1.083984375,0.0008044325201112581,-0.15877443964453805,12.141715049743652,0.6654576063156128,1794,1796,8.079796633568662,0.1512598565510716,1.872075046080257,1.0496799564987636,0.019650796529319454,0.306640625,,
1.7445400000009685,1286,,,,0.009765625,-0.09375,-0.97265625,0.0011586992373847575,-0.17012921964688035,12.144001007080078,0.60546875,1794,1795,7.352813109755516,0.21775146114831936,2.961471451782346,0.7813000140145946,0.023137976867813687,0.306640625,,
1.7710350000020116,1286,,,,-0.15625,0.169921875,-1.09375,0.001087175981290359,-0.17292254699911574,12.138501167297363,0.7464599609375,1795,1794,9.060905107180588,0.20421977857324589,2.253856277684729,0.846747304336612,0.019084467274916944,0.310546875,,
1.7939350000005216,1286,,,,-0.072265625,0.13671875,-1.0625,0.002109970155333874,-0.17615671765126198,12.145502090454102,0.5755615234375,1807,1798,6.990483686095104,0.39724100937476114,5.682596901912816,0.4434504834446082,0.02519950343374071,0.314453125,,
1.822405000001192,1286,,,,0.015625,-0.021484375,-0.94140625,0.0037845012115575133,-0.17939088830340816,12.138287544250488,0.5740792155265808,1815,1807,6.968338591239387,0.7160964554372962,10.27643025753046,0.2505121858114213,0.025743710061525833,0.318359375,,
1.844754999998957,1286,,,,0.009765625,-0.1328125,-0.998046875,0.00006455108448174212,-0.18116912646266378,12.143200874328613,0.5400390625,1814,1812,6.557802815921605,0.012248898920833445,0.18678358079164112,14.790645888547882,0.027626498012841373,0.318359375,,
1.8699850000012666,1286,,,,-0.015625,-0.1484375,-0.93359375,-0.00023643009575547973,-0.18106910056620565,12.14342975616455,0.6375557780265808,1807,1814,7.742113806102623,0.044906603234528386,0.5800302651083652,4.032126402893525,0.023387553464207702,0.314453125,,
1.8933050000015645,1286,,,,-0.009765625,0.033203125,-0.896484375,0.0002965415682108982,-0.1677878843142651,12.142857551574707,0.6117466688156128,1801,1806,7.428352657078335,0.056083693312794704,0.754995029205481,2.9917409928491043,0.022587495782713442,0.314453125,,
1.9200800000019371,1286,,,,-0.0625,0.04296875,-0.978515625,0.0004735038924579706,-0.1367354004582635,12.144500732421875,0.596923828125,1797,1802,7.249341867864132,0.08936888015572193,1.2327861174803805,1.5300113442174408,0.01886176744738757,0.318359375,,
1.9436699999999254,1286,,,,0.041015625,0.125,-1.068359375,0.0010463148315649883,-0.17058860941509274,12.142501831054688,0.5474853515625,1799,1800,6.647841883823276,0.1972109557455439,2.9665410097287825,0.8650057435713598,0.02566075011955378,0.318359375,,
1.967644999999553,1286,,,,0.03125,-0.033203125,-0.935546875,0.0011158002073170217,-0.15842990600118229,12.144001007080078,0.611572265625,1801,1799,7.426934209652245,0.21023368271973739,2.830692675943083,0.7535895483141266,0.02133180415080054,0.31640625,,
1.993175000000745,1286,,,,-0.01171875,-0.029296875,-1,0.0009968913425733822,-0.15842990600118229,12.142857551574707,0.5308314561843872,1797,1799,6.445810756341984,0.1878262000359106,2.913926690309824,0.8434920472803688,0.02457873989634342,0.314453125,,
2.020605000000447,1286,,,,-0.037109375,-0.029296875,-1.0546875,0.0008528462913742624,-0.17236684757434836,12.141501426696777,0.6109619140625,1797,1799,7.417994951247238,0.16063569659627747,2.1654867339761226,1.073029539676692,0.023236312333343816,0.314453125,,
2.0442250000014903,1286,,,,-0.05078125,-0.06640625,-0.9296875,0.001078471672301973,-0.17486377874589848,12.141779899597168,0.6060112714767456,1800,1798,7.358055474945672,0.20306892575632454,2.759817813928943,0.8611055487422471,0.02376494433091911,0.314453125,,
2.0710449999999256,1286,,,,-0.048828125,0.109375,-0.931640625,0.0013704628679118251,-0.1621864341126098,12.142287254333496,0.6284877061843872,1798,1798,7.63127826430798,0.2580690389865704,3.3817275435175422,0.6284614177257032,0.021252852863610946,0.310546875,,
2.0939350000005215,1286,,,,0,0.068359375,-0.96875,0.0009279938276688757,-0.1688881691753045,12.141334533691406,0.6255425214767456,1798,1799,7.59492101829801,0.17481160166166726,2.3016908436638595,0.9661153354236349,0.022236988214678188,0.310546875,,
2.1181850000005213,1286,,,,-0.173828125,0.021484375,-0.888671875,0.0009137165084161893,-0.1757010441229527,12.143427848815918,0.5950055718421936,1799,1798,7.225407231309134,0.17207796466560324,2.3815676979417164,1.0210548716355992,0.024317113001133685,0.310546875,,
2.145019999999553,1286,,,,0.01171875,-0.046875,-1.021484375,0.0009892335013499424,-0.16835469772752784,12.144001007080078,0.6158447265625,1798,1798,7.478818979579955,0.18627481658983439,2.4906982920489997,0.9037974150753532,0.02251086678086483,0.310546875,,
2.168375,1286,,,,0.125,0.041015625,-1.05859375,0.0013665867870823636,-0.15947462091974496,12.143500328063965,0.60791015625,1799,1798,7.382157181855291,0.2573540485176037,3.4861632200159303,0.6196701463930399,0.02160271272897303,0.30859375,,
2.1908950000014156,1286,,,,0.015625,-0.056640625,-0.96875,0.000985558357981556,-0.15640716009502897,12.14100170135498,0.6707763671875,1799,1799,8.14389701525215,0.18562957947888825,2.279370418501551,0.8425767085941023,0.019205444248877983,0.306640625,,
2.2151300000008196,1286,,,,-0.048828125,-0.03125,-0.984375,0.0006659709592248256,-0.1599080664710635,12.139429092407227,0.6201171875,1795,1798,7.527868626639247,0.12537500161819798,1.6654780766833146,1.2754382006552503,0.021242143613557335,0.3046875,,
2.2406999999992547,1286,,,,-0.0859375,-0.064453125,-0.9296875,0.0008030682972792153,-0.1634089728470981,12.14000129699707,0.6689453125,1796,1797,8.12099696137011,0.15111439739252044,1.860786281676254,1.081359391737125,0.020121787217062204,0.30078125,,
2.2646150000002234,1286,,,,-0.07421875,0.162109375,-0.912109375,0.0012912218247172122,-0.17001068201333466,12.140501022338867,0.626220703125,1800,1797,7.602633086498827,0.2429635104392347,3.195781088932236,0.6997375108138078,0.022362079042752826,0.298828125,,
2.2897949999999256,1286,,,,0.0859375,0.173828125,-1.060546875,0.0013649347122546218,-0.1794686862228756,12.134286880493164,0.6989397406578064,1799,1798,8.481135325319315,0.2570141964254163,3.0304220669387765,0.6982831638055298,0.02116092708568102,0.30078125,,
2.3174750000014903,1286,,,,0.048828125,0.1640625,-0.982421875,0.0019725598131676556,-0.1708998010929625,12.142500877380371,0.5706787109375,1806,1801,6.929466748260893,0.37199869867263835,5.368359675959191,0.4594096745573715,0.024662763716393282,0.306640625,,
2.5030750000011177,1286,,,,-0.03125,-0.1015625,-0.966796875,0.0020323735875673325,-0.15750744495606842,12.142223358154297,0.5658637285232544,1810,1805,6.870843782007341,0.3841392478189,5.590859871168143,0.4100269520763062,0.02292403232460804,0.306640625,,
2.5250650000013413,1286,,,,0.0234375,0.046875,-0.984375,0.0008727873354259173,-0.16423290143795788,12.14171314239502,0.6043837070465088,1804,1804,7.338253598896017,0.1648868356494508,2.2469492697043987,0.9960340423241356,0.022380379640009367,0.302734375,,
2.5532750000003723,1286,,,,0.046875,-0.041015625,-0.998046875,0.000926555406094252,-0.1616751906418238,12.142858505249023,0.6891741156578064,1801,1801,8.368543771912869,0.174704509293699,2.087633333293366,0.9254208222526681,0.019319393558584252,0.296875,,
2.5794700000006707,1286,,,,-0.01953125,0.111328125,-1.04296875,0.0015047972782137565,-0.16808796200363949,12.142666816711426,0.5935329794883728,1801,1800,7.207073214657328,0.2837188074988377,3.9366716425445336,0.5924456100934657,0.023322638330049418,0.298828125,,
2.6048500000014903,1286,,,,0.1484375,-0.03515625,-1.015625,0.001227014341066899,-0.159730242655138,12.143001556396484,0.6597900390625,1803,1801,8.011831471230835,0.2314769728534251,2.889189240745025,0.6900480885253398,0.019936795129640823,0.294921875,,
2.6280250000003726,1286,,,,-0.0625,0.099609375,-1.107421875,0.0009691411525822032,-0.15909674531090315,12.145001411437988,0.6317138671875,1804,1803,7.672165808617137,0.18293778099767202,2.384434663706069,0.8696768072907135,0.020736875255252,0.296875,,
2.6491850000005215,1286,,,,-0.13671875,0.0703125,-0.982421875,0.0009770927146284388,-0.16177521653828197,12.14000129699707,0.6256975531578064,1800,1802,7.595969106863663,0.18439913556545345,2.4275919632010052,0.8773100591941712,0.02129750848935168,0.30078125,,
2.67335000000149,1286,,,,0.0625,0.052734375,-0.88671875,0.0006376319302482706,-0.16143068289492618,12.141143798828125,0.6215122938156128,1801,1802,7.545870131954871,0.1203153265343967,1.59445265331153,1.3417299985365962,0.02139324956194351,0.30078125,,
2.6947350000012666,1286,,,,-0.099609375,0.048828125,-0.904296875,0.0012321599050909842,-0.16108614925157042,12.142287254333496,0.5859375,1800,1801,7.114621438086033,0.23234064809539884,3.2656782952868233,0.6933188427081799,0.02264156296345482,0.30078125,,
2.727304999999702,1286,,,,0.015625,-0.09375,-0.939453125,0.0011280498468077727,-0.1545177820508199,12.141715049743652,0.6884765625,1799,1800,8.359286240302026,0.21267790491604455,2.544211297499012,0.7265342495818568,0.018484566458061263,0.302734375,,
2.749245000001043,1286,,,,-0.080078125,-0.025390625,-0.921875,0.0008895006099430744,-0.16382390666132907,12.140364646911621,0.5770596861839294,1800,1800,7.0057150133052914,0.16768289017443533,2.39351572046495,0.9769864205638877,0.023384323563004468,0.306640625,,
2.7734850000012665,1286,,,,0.09375,-0.0625,-0.99609375,0.0008815184461555487,-0.15554026899239187,12.14342975616455,0.5294364094734192,1798,1800,6.429173848796438,0.16613754733513908,2.5841196900631416,0.9362138269600793,0.02419288584356908,0.30859375,,
2.7962750000003727,1286,,,,-0.0234375,-0.03125,-1.056640625,0.000782546965197498,-0.16906599299123007,12.144001960754395,0.6222098469734192,1795,1798,7.556117601645894,0.14734699640348162,1.9500357746071353,1.1474003347056707,0.022374717004722593,0.30859375,,
2.8236500000003724,1286,,,,-0.0234375,-0.04296875,-0.982421875,0.000689102941226758,-0.1755454482840178,12.14342975616455,0.6326729655265808,1793,1796,7.6828197154963505,0.12959800410231542,1.6868546822843506,1.3545382083618174,0.022849091191081874,0.30859375,,
2.8478100000005218,1286,,,,-0.048828125,-0.01953125,-0.9453125,0.0011074617812712754,-0.19594333341288409,12.143556594848633,0.5571831464767456,1795,1794,6.766185072936196,0.2080856532354271,3.07537631608306,0.9416474916278573,0.028959203938513346,0.306640625,,
3.0248849999997764,1286,,,,0.037109375,-0.015625,-0.9921875,0.0009617770321815591,-0.17624562955922476,12.141500473022461,0.592041015625,1793,1793,7.188266271259636,0.18061398888172983,2.5126224052643495,0.9758138372916089,0.024518517109458765,0.3046875,,
3.0457249999996274,1286,,,,-0.021484375,0.04296875,-1.01171875,0.0010512327765798077,-0.17062670955690332,12.142914772033691,0.6190413236618042,1797,1796,7.516966033592212,0.1977160831438555,2.6302644213142843,0.8629885178979481,0.02269887994629718,0.306640625,,
3.0680299999993292,1286,,,,-0.041015625,-0.14453125,-1.009765625,0.001293242238312266,-0.18597036949265405,12.142287254333496,0.5810546875,1799,1798,7.055332926101983,0.24350380091656018,3.4513438765687585,0.7637267623447869,0.026358836845903632,0.306640625,,
3.0959150000009688,1286,,,,-0.015625,-0.048828125,-0.98828125,0.001379343241713114,-0.18394762358650074,12.141143798828125,0.5252510905265808,1802,1800,6.377149020574507,0.25998451954382595,4.0768142426191005,0.7075329866149682,0.028844805569547317,0.3046875,,
3.1173750000018625,1286,,,,-0.09375,0.02734375,-1.044921875,0.0010278213189791844,-0.15253949209864798,12.143112182617188,0.6146918535232544,1800,1800,7.46427213507377,0.19375722423059366,2.595795286189398,0.7872712499076071,0.020435949994626022,0.302734375,,
3.140085000000894,1286,,,,-0.046875,0.158203125,-0.875,0.0008315527893273835,-0.173633842262818,12.146857261657715,0.5782645344734192,1797,1800,7.02409675972757,0.15672507740561098,2.2312488390562772,1.1078880619305516,0.024719739519868517,0.3046875,,
3.1652400000002237,1286,,,,-0.0625,-0.0234375,-0.8984375,0.0006597822810512782,-0.18195821964583347,12.142287254333496,0.5622209906578064,1794,1797,6.826648768983034,0.12418245031273481,1.8190836311509,1.4652490685084656,0.026654105960828536,0.30859375,,
3.192449999999255,1286,,,,-0.1484375,-0.00390625,-0.94140625,0.0007122086532407334,-0.182613944967059,12.143000602722168,0.592041015625,1793,1795,7.1891544095706195,0.13387935656719616,1.8622406605840625,1.364018693019354,0.025401310719373713,0.310546875,,
3.2168699999991803,1286,,,,0.0234375,0.06640625,-1.03125,0.0012960441840490398,-0.15177262689246898,12.143112182617188,0.6928168535232544,1796,1795,8.412952774340738,0.24356214008425642,2.8950850743761913,0.6231371872490761,0.018040351700935618,0.310546875,,
3.239375,1286,,,,0.01171875,0.052734375,-1.076171875,0.002084866107693447,-0.15923011317284733,12.146858215332031,0.6187220811843872,1803,1796,7.515529394841906,0.3920569159448073,5.216624077259091,0.4061402992703827,0.02118681263919091,0.306640625,,
3.264824999999255,1286,,,,-0.07421875,0.08203125,-0.966796875,0.0015231951805539544,-0.16487601932848397,12.138287544250488,0.5824497938156128,1805,1802,7.069943077423318,0.2873655446158353,4.064609028232337,0.5737501326016607,0.02332069968922211,0.3046875,,
3.2918849999997764,1286,,,,0.111328125,0.0625,-1.09375,0.0007288298702486881,-0.15133918134115043,12.140890121459961,0.5859375,1804,1804,7.113802805542946,0.13772079532674006,1.9359658833870192,1.098884020979555,0.021274019744155638,0.30078125,,
3.3177449999991806,1286,,,,-0.0625,0.150390625,-0.97265625,0.0008368175464351246,-0.14672687611558108,12.143000602722168,0.655517578125,1802,1804,7.959950346266851,0.15810991940444696,1.9863179106211282,0.9280055082455142,0.01843313962183128,0.302734375,,
3.3456450000014155,1286,,,,0,-0.056640625,-0.85546875,0.0009002211405071588,-0.18694840048024464,12.143500328063965,0.6085205078125,1799,1802,7.389568986254744,0.16989859873002625,2.299167908792147,1.1003528097209974,0.025298958684597885,0.3046875,,
3.3707750000003727,1286,,,,0.13671875,-0.138671875,-1.07421875,0.0007683623489594944,-0.18004661362463367,12.142223358154297,0.5843098759651184,1796,1799,7.094821024343901,0.14478981060902799,2.040781721092359,1.2435033436904526,0.025377188939207047,0.302734375,,
3.3942200000006704,1286,,,,0.07421875,0.0078125,-1.0078125,0.0007248401856947101,-0.1487718499987251,12.142500877380371,0.57373046875,1793,1795,6.966522720176727,0.1362682043417541,1.956043349246369,1.0917576166602476,0.021355252250573442,0.302734375,,
3.41972500000149,1286,,,,0.0625,-0.037109375,-1.103515625,0.0008080173953295373,-0.15847436195516368,12.140000343322754,0.667724609375,1791,1793,8.106176987057552,0.15167744616664786,1.8711341537301547,1.0448116444487605,0.019549827521430425,0.302734375,,
3.443445000000298,1286,,,,0,-0.005859375,-0.94921875,0.001069828287328211,-0.1587855536330334,12.141500473022461,0.631103515625,1790,1791,7.662543633487076,0.2006762463856276,2.618924680684705,0.7912523604208974,0.020722303353563176,0.30078125,,
3.4678149999994785,1286,,,,-0.111328125,0.017578125,-0.95703125,0.0012758923086064623,-0.16277547550286325,12.14571475982666,0.6696428656578064,1792,1791,8.13329123723264,0.2392724489571987,2.9418895989099165,0.6802934320782611,0.020013481720377663,0.30078125,,
3.489640000000596,1286,,,,-0.13671875,0.0859375,-0.908203125,0.0015206366514077185,-0.1657873663851025,12.142500877380371,0.7965087890625,1795,1792,9.671608670032583,0.28542882951331366,2.9512032511997,0.5808360937743657,0.01714165368361042,0.30078125,,
3.5170600000005217,1286,,,,-0.078125,-0.013671875,-0.966796875,0.002299573374211482,-0.17212233982745073,12.140572547912598,0.5782645344734192,1807,1798,7.020462532659451,0.4328847509213692,6.166043176038236,0.3976170088253251,0.02451723643944131,0.302734375,,
3.539734999999404,1286,,,,0.03125,0.060546875,-0.955078125,0.002569578546177036,-0.16347565677807016,12.144500732421875,0.5487060546875,1815,1804,6.663761083036661,0.4853955454197605,7.284107868983905,0.33678853941005915,0.024532040501004077,0.3046875,,
3.5655050000008197,1286,,,,-0.046875,-0.001953125,-1.00390625,0.0002675559901158485,-0.1547845177747082,12.141501426696777,0.5499267578125,1810,1811,6.676936514559202,0.05073348320141756,0.7598317445551881,3.050934176157322,0.023181966375926635,0.3046875,,
3.5894550000000747,1286,,,,-0.0859375,-0.021484375,-0.921875,0.00014065098818683377,-0.1738338940557343,12.144001007080078,0.56640625,1803,1808,6.8784380704164505,0.02663641316965656,0.38724508234242017,6.526175012698816,0.025272291801735975,0.3046875,,
3.610550000000745,1286,,,,-0.037109375,0.15234375,-1.02734375,0.00036244081113884626,-0.17492306492827836,12.14571475982666,0.5657086968421936,1801,1805,6.870936468998536,0.06850733131564808,0.9970595947837845,2.553348109887961,0.025458402317868327,0.306640625,,
3.6346850000005215,1286,,,,-0.15625,0.04296875,-0.935546875,0.0005443175794095738,-0.16529835089130718,12.144001960754395,0.5915178656578064,1796,1801,7.183394120369655,0.102664282611589,1.4291890559153384,1.610086260639276,0.02301117662785304,0.3046875,,
3.657390000000596,1286,,,,0,0.009765625,-1.076171875,0.0011186608413247632,-0.16529835089130718,12.13800048828125,0.59814453125,1796,1798,7.260278612375259,0.21066175531603143,2.9015657189374955,0.7846623638131621,0.022767494157807325,0.3046875,,
3.687365000002086,1286,,,,0.048828125,0.07421875,-0.9375,0.0011428972806927168,-0.17098871300092527,12.145143508911133,0.6591796875,1802,1797,8.005831902846694,0.21511457723984598,2.6869734444880873,0.7948727380305717,0.02135801938835682,0.302734375,,
3.712155000001192,1286,,,,-0.09375,-0.01171875,-0.87890625,0.0010087709664890795,-0.18919342615630488,12.13960075378418,0.5751953125,1797,1797,6.982641449198127,0.18981435544683878,2.7183746556059627,0.9967287548453743,0.027094821856853538,0.3046875,,
3.734480000000447,1286,,,,0,0.06640625,-0.951171875,0.000385713924459058,-0.17953537015384766,12.14000129699707,0.6305803656578064,1793,1796,7.6552464569466565,0.07254172583204452,0.9476079736951833,2.474925542432296,0.0234525917831072,0.302734375,,
3.7565650000013413,1286,,,,0.046875,-0.0390625,-1.029296875,0.00041872691528227935,-0.1816136860024777,12.141144752502441,0.6382533311843872,1789,1793,7.749126082676526,0.07863903903125197,1.0148117115690325,2.3094596302264394,0.023436666801496777,0.30078125,,
3.777620000001043,1286,,,,0.162109375,-0.103515625,-1.08203125,0.000775008875993628,-0.18334746820775194,12.14342975616455,0.5887276530265808,1792,1793,7.1491729000399005,0.1454778259026043,2.034890300412127,1.2603121270900826,0.02564596922907385,0.30078125,,
3.7995299999993293,1286,,,,0.046875,-0.044921875,-0.9765625,0.0008900919641400637,-0.1653983767877653,12.144001960754395,0.5782645344734192,1792,1792,7.02244564047993,0.16700879197783325,2.3782140941773027,0.990357302924018,0.023552816960853203,0.296875,,
3.82260000000149,1286,,,,-0.078125,0.01171875,-0.919921875,0.0008189522778166327,-0.17292254699911574,12.145142555236816,0.6591796875,1790,1792,8.005831274203956,0.1536491716423962,1.919215711396241,1.1254375480889445,0.021599574244875647,0.296875,,
3.84725,1286,,,,-0.13671875,0.0546875,-0.974609375,0.001428479577378914,-0.18199156161131952,12.142858505249023,0.6410435438156128,1796,1792,7.784101048256389,0.2681203574439668,3.444461419267223,0.678768159740922,0.02337990738854617,0.296875,,
3.8728149999994783,1286,,,,-0.048828125,0.07421875,-0.9453125,0.0016006744577477074,-0.17812389361493852,12.140501022338867,0.5743408203125,1798,1794,6.97278531617485,0.30079096683000117,4.313784996825485,0.5921849831202187,0.02554558695529353,0.296875,,
3.8944650000017136,1286,,,,0.162109375,-0.02734375,-1.12109375,0.0005090853335399013,-0.17854622517776172,12.141500473022461,0.570068359375,1796,1797,6.921485255006701,0.09577400453236794,1.3837204155436031,1.8642451680865026,0.025795940986598095,0.296875,,
3.921230000000447,1286,,,,-0.015625,0.060546875,-1.083984375,0.0007915788106314751,-0.1749564068937644,12.14228630065918,0.5887276530265808,1794,1796,7.148499716163883,0.14885689155924084,2.0823515068854515,1.1753329325981303,0.024474563032878136,0.296875,,
3.9442949999999253,1286,,,,-0.15625,0.1015625,-0.921875,0.0007140230989514857,-0.17819057754591058,12.143500328063965,0.567626953125,1793,1794,6.892978091491386,0.13416914190041082,1.9464611684465918,1.3281040261714976,0.025851029146003963,0.298828125,,
3.9685099999997764,1286,,,,-0.03125,0.15234375,-1.076171875,0.000594512120494513,-0.17703472274239446,12.140501022338867,0.6121826171875,1789,1793,7.432203689822927,0.11160713914818939,1.5016695425209536,1.5862311684858426,0.023819950331126126,0.298828125,,
3.9933100000005215,1286,,,,0.0625,0.00390625,-0.966796875,0.0009040899551697392,-0.17556767626100853,12.139001846313477,0.5633544921875,1791,1791,6.8385612207930535,0.16957157141243132,2.4796381276347845,1.0353603189416314,0.0256731892268778,0.30078125,,
4.019779999999329,1286,,,,-0.037109375,0.0390625,-0.9609375,0.001515408364868364,-0.18238055120865668,12.146286010742188,0.60546875,1792,1791,7.354196608066559,0.28429768364648117,3.865788457907762,0.641512617582363,0.02479952072652095,0.30078125,,
4.0437850000020115,1286,,,,-0.041015625,-0.05859375,-0.873046875,0.0011608345716970746,-0.19279435842879755,12.142501831054688,0.55908203125,1794,1793,6.788654588162899,0.21792138901851618,3.210082147919219,0.8846968133651917,0.028399494469046226,0.30078125,,
4.070554999999702,1286,,,,0.125,-0.07421875,-1.064453125,0.0009022481215992018,-0.17811277962644317,12.140000343322754,0.56884765625,1795,1794,6.905810742173344,0.1695432968016393,2.455081714971556,1.0505445097887292,0.02579172616746066,0.30078125,,
4.093400000000373,1286,,,,0,-0.107421875,-0.921875,0.0007887920155513195,-0.16692099321162795,12.144888877868652,0.6190321445465088,1793,1794,7.5180766073460745,0.14819089992735338,1.9711278252013669,1.1263916562586267,0.022202619357260322,0.298828125,,
4.1172350000012665,1286,,,,0.03125,-0.0390625,-1.091796875,0.001201996509291203,-0.18621487723955168,12.146858215332031,0.6019810438156128,1795,1794,7.312178387545828,0.22578912562251224,3.087850345761236,0.824729165880543,0.025466402400236114,0.30078125,,
4.139800000000745,1286,,,,-0.1484375,0.0234375,-0.974609375,0.0008845951088940427,-0.16026371410291465,12.144501686096191,0.56884765625,1795,1794,6.908371320459992,0.16615356930306086,2.405104786579387,0.9645517383415146,0.02319848002788645,0.298828125,,
4.164939999999478,1286,,,,-0.0859375,-0.01953125,-1.017578125,0.0009819210825213413,-0.1598524965285868,12.140666961669922,0.6266276240348816,1794,1793,7.607677292390008,0.18441344964798612,2.424044061811818,0.8668158251674051,0.021011997536815593,0.30078125,,
4.192400000000372,1286,,,,-0.111328125,-0.01171875,-0.955078125,0.0010944240149591894,-0.1663430658098699,12.144001007080078,0.6439887285232544,1794,1794,7.82059976773462,0.20556397156672926,2.628493691939367,0.8092034053539015,0.021269860464685843,0.3046875,,
4.4168500000014905,1286,,,,0.0625,0.068359375,-1.009765625,0.0010517134538241273,-0.16915490489919285,12.144001007080078,0.618896484375,1794,1794,7.51587952952832,0.19759582943549836,2.6290446601649964,0.8560651577639217,0.022506335317725435,0.306640625,,
4.4386000000014905,1286,,,,-0.025390625,0,-0.96875,0.0011264498626238704,-0.16554410896191057,12.143363952636719,0.6070749163627625,1795,1794,7.3719316559095205,0.21167851723567108,2.871411824144957,0.7820543677448524,0.022456001586667777,0.302734375,,
4.465810000000522,1286,,,,0,0.015625,-0.919921875,0.0012296509815071135,-0.17384500804422962,12.1388578414917,0.5838448405265808,1798,1797,7.087209520640556,0.23139220919477574,3.264926887244926,0.7513001783819548,0.024529401527911533,0.302734375,,
4.489884999999776,1286,,,,-0.0625,0.02734375,-1.0234375,0.0011044232065219694,-0.16165296266483314,12.144445419311523,0.6060112714767456,1800,1798,7.359670809936915,0.20798065687898803,2.825950538415057,0.7772499860835119,0.021964700166557962,0.302734375,,
4.515615000000223,1286,,,,0.07421875,0.21484375,-1.064453125,0.0010283629278798293,-0.14817169461997629,12.14342975616455,0.6759207844734192,1799,1799,8.207996566984605,0.19373714191377123,2.36034628344082,0.7648078894749296,0.018052114594683675,0.30078125,,
4.539589999999851,1286,,,,0.048828125,0.02734375,-1.033203125,0.0011682211298813154,-0.17568993013445736,12.144001007080078,0.6396484375,1799,1799,7.767891269177198,0.2201147802063983,2.8336490892941346,0.7981741615429713,0.0226174548595435,0.298828125,,
4.567824999999255,1286,,,,0,0.001953125,-1.044921875,0.0009990288532424143,-0.1726558112752274,12.141716003417969,0.6005859375,1801,1800,7.292143888771534,0.18832426128659466,2.58256370361228,0.9168006824807199,0.023676961660216735,0.296875,,
4.590004999998957,1286,,,,-0.134765625,0.0703125,-1.0546875,0.0009018107542465136,-0.16476487944353052,12.14133358001709,0.6190321445465088,1801,1800,7.51587576369252,0.17002350154692816,2.2621914849667,0.9690712045361198,0.02192224627228034,0.296875,,
4.610860000001266,1286,,,,0.015625,-0.095703125,-0.939453125,0.0012963311976408678,-0.17241130352832976,12.141716003417969,0.5803571343421936,1799,1801,7.046531505740404,0.24443417419727725,3.4688580331777525,0.705348603952492,0.02446754171011315,0.296875,,
4.633199999999255,1286,,,,0.140625,-0.208984375,-1.0625,0.001345589241601936,-0.17985767582021275,12.142666816711426,0.64697265625,1804,1801,7.855973404366523,0.25376126376777625,3.2301695882362607,0.7087672608093777,0.022894384510039698,0.298828125,,
4.6551050000004475,1286,,,,0.0234375,-0.01953125,-0.98046875,0.0009421385393759705,-0.14849400028634138,12.13800048828125,0.6524658203125,1804,1802,7.919630445539951,0.17781602618837838,2.245256611544519,0.8350990822898424,0.01875011735806029,0.298828125,,
4.676070000000298,1286,,,,0.0625,0.0078125,-1.056640625,0.001302359600941082,-0.16563177054616762,12.137332916259766,0.6038411259651184,1805,1803,7.329020774367791,0.24595476236023428,3.3559021038721313,0.6734237180720953,0.02259944072275538,0.296875,,
4.698294999999925,1286,,,,-0.046875,0.107421875,-1.060546875,0.001524460890931159,-0.16563177054616762,12.144000053405762,0.6236048936843872,1807,1805,7.573057862207293,0.288186682525087,3.805420317244087,0.5747377675293832,0.021871187776438237,0.298828125,,
4.7224900000002235,1286,,,,-0.048828125,0.044921875,-0.966796875,0.000792399468287174,-0.18050228715294292,12.141716003417969,0.6856864094734192,1807,1806,8.32540965122962,0.1498652442753199,1.8000945365275276,1.2044306071482407,0.02168088955554081,0.30078125,,
4.90888000000082,1286,,,,0.099609375,0.15234375,-0.96875,0.0003655975414470177,-0.15484008771718497,12.1388578414917,0.5524553656578064,1804,1806,6.706177147489427,0.06913675285796472,1.0309413446354792,2.2396204813854954,0.023089173505527215,0.30078125,,
4.946395000001416,1286,,,,-0.021484375,0.021484375,-0.98828125,0.0008340866771506824,-0.1636075311978103,12.143372535705566,0.593109130859375,1799,1800,7.202345130353933,0.1572453942504267,2.183252696232559,1.0404599255686393,0.022715869378196595,0.3046875,,
4.978335000000894,1286,,,,0,0.072265625,-1.046875,0.0013225658651056095,-0.15367311892517344,12.143668174743652,0.5330403447151184,1799,1799,6.473065069971369,0.24917537989256458,3.8494187405668505,0.6167267367724361,0.02374039458340454,0.306640625,,
5.0001899999994786,1286,,,,-0.0625,0.021484375,-0.943359375,0.0009578646849263193,-0.15762230108092504,12.144400596618652,0.6201171875,1800,1800,7.530951541848481,0.18057655493800967,2.397792017842236,0.8728835320567245,0.020929931656715518,0.306640625,,
5.022275000000373,1286,,,,-0.0625,-0.0625,-0.9765625,0.0007750393380009397,-0.16409804013380963,12.143333435058594,0.6201171875,1798,1800,7.530289776623249,0.1460635176511275,1.9396799058724359,1.1234704104946833,0.021791729800787942,0.30859375,,
5.044179999999702,1286,,,,0.171875,-0.091796875,-1.09375,0.0012330453993127043,-0.1584632479666683,12.144000053405762,0.5998883843421936,1802,1800,7.285044571489095,0.23244170298302136,3.190669606781956,0.6817332945553373,0.021751857028690456,0.30859375,,
5.069820000000298,1286,,,,-0.125,0.08984375,-1,0.002619815426657459,-0.15636270414104758,12.141143798828125,0.6556919813156128,1809,1803,7.960850632891379,0.4945343452416121,6.212079186593121,0.31618168817911785,0.01964145684319374,0.306640625,,
5.093959999999031,1286,,,,-0.037109375,0.1015625,-0.966796875,0.0013840450106215006,-0.1598969524825682,12.144001007080078,0.6146918535232544,1812,1808,7.464818488230321,0.2620196727980851,3.5100608703508054,0.6102478900726905,0.02142007240158291,0.30859375,,
5.120285000000149,1286,,,,0.173828125,-0.08984375,-0.984375,0.0005887521461669869,-0.15043894827302726,12.137716293334961,0.6194196343421936,1808,1809,7.518339788166827,0.11153481082136064,1.48350319304411,1.348807131739142,0.020009596867356844,0.306640625,,
5.142984999999404,1286,,,,0.162109375,-0.091796875,-1.052734375,0.00045818164251410176,-0.1450486638527836,12.139556884765625,0.6141493320465088,1805,1808,7.455500752119406,0.08674885774074097,1.1635550800002337,1.6720527235791203,0.019455254405487114,0.306640625,,
5.167814999999479,1286,,,,-0.09375,0.05859375,-0.990234375,0.0005564972121770989,-0.15347306713225717,12.140572547912598,0.5880301594734192,1803,1805,7.13902281144766,0.10519501039801471,1.4735211411473712,1.4589386564208524,0.021497769538732673,0.306640625,,
5.192980000000447,1286,,,,-0.134765625,0.029296875,-0.9453125,0.0007312595646667522,-0.15347306713225717,12.142858505249023,0.6270926594734192,1798,1802,7.614697433666038,0.13802242478403867,1.8125792388521578,1.1119429858763448,0.020154847709867408,0.30859375,,
5.217335000000894,1286,,,,0.0625,0.076171875,-0.97265625,0.0007321001448944347,-0.16644680794623112,12.14133358001709,0.5940755009651184,1797,1800,7.212868828933267,0.13802691632731182,1.9136202196501755,1.2059010834634998,0.023076366962138065,0.30859375,,
5.242210000000894,1286,,,,-0.099609375,-0.00390625,-1.01953125,0.0006497622369213871,-0.14662685021912297,12.140572547912598,0.7512555718421936,1796,1799,9.120672771973716,0.1223889965167439,1.3418856215609947,1.1980394838768296,0.01607631957476673,0.3046875,,
5.264940000001341,1286,,,,0.173828125,-0.11328125,-1.109375,0.0010935499467193905,-0.15636270414104758,12.14050006866455,0.711669921875,1810,1798,8.640028735389933,0.2059468578852269,2.3836362608570925,0.7592381148547928,0.01809747501192666,0.306640625,,
5.289379999998957,1286,,,,0.1484375,0.03125,-0.994140625,0.005308607941261819,-0.15636270414104758,12.144572257995605,0.576171875,1832,1814,6.997360968962312,1.0085657141698745,14.413515590284632,0.15503472103426189,0.02234595368662762,0.3203125,,
5.31025,1286,,,,0.109375,-0.2265625,-1.03515625,0.0008824785583217851,-0.1693660706806045,12.146501541137695,0.5914306640625,1831,1824,7.183813472511247,0.16852632466441902,2.345917322453909,1.0049828774101472,0.023576067408860375,0.322265625,,
5.332275000000372,1286,,,,-0.01171875,-0.0625,-0.875,-0.0010771184775375143,-0.16295329931878882,12.14533519744873,0.63720703125,1820,1832,7.739092984702438,0.20665800526624753,2.670312989839253,0.7885167531199586,0.021055865285620964,0.32421875,,
5.354640000000596,1286,,,,-0.046875,0.005859375,-1.103515625,-0.0006995442723850932,-0.16211975018163774,12.140501022338867,0.604248046875,1813,1822,7.335874030832201,0.1334854036431551,1.8196250791947164,1.2145129411679385,0.02209958206755718,0.322265625,,
5.37627999999933,1286,,,,-0.07421875,0.05859375,-0.921875,-0.0003389006552690139,-0.16211975018163774,12.142001152038574,0.6103515625,1805,1816,7.410889375023544,0.06443466167107874,0.869459229660597,2.516033233932609,0.021875883173755068,0.326171875,,
5.401620000001043,1286,,,,0.078125,-0.005859375,-1.03125,0.0001945719550102672,-0.1589856054259497,12.143427848815918,0.6529017686843872,1801,1807,7.928465520383156,0.03681985781810304,0.46440080647943166,4.317930998304453,0.020052506379351253,0.322265625,,
5.4241650000009685,1286,,,,-0.0234375,-0.03515625,-0.849609375,0.0010889807853565953,-0.15933013906930546,12.138501167297363,0.6268310546875,1799,1802,7.608789489022456,0.20545659448412185,2.700253368562021,0.7754929427763821,0.020940274310280005,0.3203125,,
5.4469949999991805,1286,,,,0.0859375,0.060546875,-1.04296875,0.0012732655892787204,-0.15965244473567053,12.137715339660645,0.6849888563156128,1800,1800,8.314199748798615,0.24001389103470486,2.886794860436044,0.6651800195705572,0.01920238261761031,0.318359375,,
5.4706699999999255,1286,,,,-0.171875,-0.177734375,-0.931640625,0.0016007434863330838,-0.16328671897364924,12.145000457763672,0.6121826171875,1804,1800,7.43495816597715,0.30168504982285865,4.057656318812781,0.5412489583740621,0.021962022559973482,0.318359375,,
5.4940600000005215,1286,,,,0.07421875,0.078125,-1.109375,0.0036562055770745206,-0.16692099321162795,12.142857551574707,0.5454798936843872,1821,1809,6.6236846462576295,0.6925896103983985,10.456258825512027,0.24100995843066422,0.025200625048769198,0.3203125,,
5.517905000001192,1286,,,,0.048828125,-0.1328125,-0.83984375,0.0007939407340699694,-0.15532910321098026,12.142857551574707,0.6424385905265808,1817,1816,7.801040290398703,0.15096455069715872,1.935184860959654,1.0289111085593665,0.01991133200557301,0.322265625,,
5.541460000000894,1286,,,,-0.125,0.041015625,-1.05078125,0.00033362864291110823,-0.1606527037002518,12.143500328063965,0.584716796875,1814,1818,7.100508614676073,0.06353367958530631,0.8947764594495141,2.528622688766898,0.02262552056738556,0.322265625,,
5.567324999999255,1286,,,,0.03125,-0.06640625,-0.984375,0.0005629374115119366,-0.14618229067930905,12.14000129699707,0.5252510905265808,1812,1816,6.376548920241817,0.1070359529662588,1.6785874977996673,1.365730734656891,0.022924985365558113,0.326171875,,
5.590349999999628,1286,,,,-0.0625,0.013671875,-0.970703125,0.0004730286571971105,-0.14618229067930905,12.146000862121582,0.645751953125,1808,1811,7.843303779372945,0.08970730483389219,1.1437438528112716,1.6295472364261703,0.018637846345280276,0.326171875,,
5.611240000000223,1286,,,,0.0625,-0.05859375,-0.9453125,0.0005704960416106454,-0.16505384314440955,12.146286964416504,0.6208147406578064,1805,1808,7.540593991769526,0.10800137416974295,1.4322661356336812,1.528256880185605,0.021888705760390224,0.326171875,,
5.633335000000894,1286,,,,0.037109375,-0.16015625,-0.966796875,0.0010649852473675664,-0.17408951579112728,12.14000129699707,0.6333705186843872,1806,1806,7.689118918308168,0.20137226407894168,2.6189250838540743,0.8645158586630427,0.022641022676422862,0.32421875,,
5.655470000000671,1286,,,,0.046875,0.005859375,-0.90234375,0.0009786247579686535,-0.1532952433163316,12.14228630065918,0.5803571343421936,1805,1806,7.0468624818130365,0.18504969690306236,2.6259870599241815,0.8284004020640724,0.021753687362562432,0.3203125,,
5.677310000000522,1286,,,,0.07421875,0.005859375,-1.029296875,0.000909106544731674,-0.15270620192607817,12.144001960754395,0.6068638563156128,1806,1806,7.369755861007775,0.17193476856344286,2.332977805589502,0.8881635936813476,0.020720659517911955,0.3203125,,
5.699395000001416,1286,,,,-0.14453125,0.25,-0.96875,0.0011396128335282012,-0.17145550051772987,12.14342975616455,0.6033760905265808,1806,1806,7.327055171858717,0.21558486325327156,2.9423125416234894,0.7953039834540794,0.023400328849200583,0.318359375,,
5.724200000001118,1286,,,,0,0,-0.908203125,0.0008160265277749126,-0.1711665368168508,12.139429092407227,0.5998883843421936,1803,1805,7.282302505080793,0.15428578835113071,2.118640199902256,1.1094122060503855,0.02350445298000592,0.318359375,,
5.746445000000298,1286,,,,0.099609375,0.05078125,-1.021484375,0.00045584067917238175,-0.1638757603639027,12.138501167297363,0.595703125,1803,1804,7.230943078175187,0.08613172327979088,1.1911547684527926,1.9026179219887143,0.022663124103206003,0.31640625,,
5.771439999999479,1286,,,,-0.037109375,0.068359375,-1.00390625,0.0009581657472413446,-0.16597630418952342,12.142858505249023,0.5538504719734192,1801,1803,6.725327914238619,0.18089769346904233,2.6897973716055144,0.9175147621101511,0.024679287955331433,0.314453125,,
5.794679999999702,1286,,,,-0.0859375,0.0078125,-0.93359375,0.0007739088901149183,-0.16949943854254867,12.143430709838867,0.5929129719734192,1803,1802,7.19999759212385,0.14605384393082832,2.0285262885448474,1.160527063038644,0.023541596559416327,0.3125,,
5.81975500000082,1286,,,,-0.09375,0.08203125,-1.033203125,0.0011054252388817544,-0.16748780662489068,12.13800048828125,0.5859375,1804,1802,7.112109661102295,0.20861912421128653,2.9332945377975648,0.8028401387365685,0.023549665936806154,0.310546875,,
5.846490000000223,1286,,,,-0.0859375,0.080078125,-1.080078125,0.0012067881271477618,-0.14151441551126298,12.141000747680664,0.5926513671875,1802,1802,7.195380692137405,0.2277476826567737,3.165192953663174,0.6213648975938507,0.01966739795517696,0.310546875,,
6.026370000001043,1286,,,,-0.009765625,-0.05859375,-0.970703125,0.0011438861780585232,-0.1571295693472266,12.142500877380371,0.65185546875,1800,1802,7.915155601222068,0.21586223952278333,2.7272014651165555,0.727915960172563,0.01985173473064338,0.3125,,
6.063115000000224,1286,,,,0.015625,-0.033203125,-1.009765625,0.000921732065131226,-0.1659842576375404,12.14354133605957,0.6058689951896667,1801,1802,7.357395187322595,0.17392933855508694,2.3640070177932224,0.9543200647829165,0.02256019330367697,0.30859375,,
6.087360000001267,1286,,,,0.0078125,-0.05078125,-0.90234375,0.0010322427655883037,-0.17346341619548467,12.13900089263916,0.615234375,1800,1799,7.468330627307296,0.1944795485089105,2.604056491524533,0.8919365430732531,0.023226531450178556,0.3046875,,
6.110810000000521,1286,,,,0,-0.08984375,-0.876953125,0.0015245148282468579,-0.1646981955125584,12.13800048828125,0.7342529296875,1802,1800,8.912362419068813,0.28735417107763717,3.2242199942724126,0.5731540102407644,0.018479746196156877,0.306640625,,
6.133885000001639,1286,,,,0.0234375,-0.080078125,-0.91015625,0.001823419222708752,-0.18166925594495445,12.143430709838867,0.5684989094734192,1808,1802,6.903527115809425,0.344022245018219,4.983282302612975,0.5280741538540145,0.026315425853680314,0.306640625,,
6.157,1286,,,,0.19921875,0.013671875,-1.203125,0.0027948912024608756,-0.16487601932848397,12.145715713500977,0.5294364094734192,1821,1809,6.430384117840845,0.5295888856346664,8.235727072125336,0.3113283224040745,0.025640150931426013,0.30859375,,
6.185824999999255,1286,,,,-0.03125,0.05078125,-0.955078125,0.00008102035126813232,-0.1436816432678558,12.145001411437988,0.61767578125,1810,1813,7.501673235092312,0.015382251956414428,0.2050509462936523,9.340741763623257,0.019153279377155875,0.310546875,,
6.20897500000149,1286,,,,-0.072265625,0.02734375,-1.052734375,0.0004380313041452874,-0.17957982610782905,12.142667770385742,0.5929904580116272,1809,1814,7.200486122644065,0.08318880937504879,1.1553221262858473,2.1587017227066037,0.02493995864294315,0.310546875,,
6.230820000000298,1286,,,,0.01171875,0.046875,-0.9921875,0.0013713613573935453,-0.17832394540785476,12.14000129699707,0.6396484375,1811,1811,7.7653328608721495,0.26000362591918025,3.3482611831011506,0.6858517637107304,0.022964108377941012,0.30859375,,
6.25247500000149,1286,,,,-0.015625,-0.08984375,-0.921875,0.001281205553404741,-0.1835919759546496,12.14228630065918,0.6752232313156128,1814,1811,8.19875379149039,0.24295874206914184,2.9633618504474715,0.7556508335164269,0.022392668523014126,0.30859375,,
6.274619999999181,1286,,,,-0.09375,-0.041015625,-0.974609375,0.0006940579081041766,-0.18039114726798947,12.145999908447266,0.5908203125,1809,1811,7.176103461533785,0.13159840395984637,1.8338420657569392,1.3707700233433746,0.025137757312857018,0.30859375,,
6.298535000000149,1286,,,,-0.037109375,-0.013671875,-1.01171875,0.0005629184076908616,-0.18039114726798947,12.139429092407227,0.6501116156578064,1808,1810,7.89198386042824,0.10668538947981701,1.3518196611470004,1.6908702133211622,0.0228575159881537,0.3125,,
6.321414999999106,1286,,,,-0.07421875,0.033203125,-0.916015625,0.0005905552734254812,-0.18987137945452107,12.141500473022461,0.623779296875,1805,1807,7.573616628069431,0.11177749229510127,1.4758799894997348,1.6986548504169863,0.02507010702797095,0.3125,,
6.345945000000298,1286,,,,0.03125,-0.205078125,-0.912109375,0.0006018819699882755,-0.18285845271395668,12.144571304321289,0.5929129719734192,1803,1806,7.200673865388239,0.113827585709221,1.5807907403827925,1.6064511214450152,0.02539463057657833,0.31640625,,
6.372039999999106,1286,,,,-0.01171875,-0.1484375,-0.98046875,0.00018198290168575286,-0.1821693854272451,12.143502235412598,0.6134033203125,1804,1804,7.448864591424353,0.03438674751602986,0.4616374360680184,5.297662576035268,0.02445599368754415,0.318359375,,
6.395044999999926,1286,,,,-0.1484375,0.009765625,-1.015625,0.00041892044684249436,-0.1780238677184804,12.141000747680664,0.6005859375,1799,1802,7.291714316233993,0.07905950800339515,1.0842375959159576,2.251770498126997,0.024414542314436936,0.31640625,,
6.420070000000298,1286,,,,-0.2109375,0.10546875,-0.9375,0.0006650373965145034,-0.1717666921955996,12.141500473022461,0.584716796875,1802,1801,7.099339265841991,0.12540442074658925,1.7664238325665667,1.3697020501589556,0.02419474344916066,0.318359375,,
6.4436300000008195,1286,,,,0.07421875,0.181640625,-1.05859375,0.0010466320276961711,-0.15115024353672948,12.143000602722168,0.6011962890625,1801,1800,7.300326900440268,0.19727440240395475,2.70226806407885,0.7661928851124955,0.020704585643639317,0.3203125,,
6.467080000000075,1286,,,,0.03125,0.0703125,-1.068359375,0.0006010791982818238,-0.1576741547834986,12.146858215332031,0.5775669813156128,1796,1800,7.015624231898073,0.11327530006771638,1.6146146988985728,1.3919553043712127,0.02247471494647597,0.318359375,,
6.489505000000819,1286,,,,0.0234375,0.033203125,-1.06640625,0.0009215864658189841,-0.1619974963081889,12.140572547912598,0.6759207844734192,1799,1799,8.20606532054154,0.17360211281489804,2.115534132787546,0.9331539442778414,0.019741190202651013,0.318359375,,
6.512485000001266,1286,,,,0,-0.068359375,-0.91015625,0.0013456279479139791,-0.16632083783287918,12.138856887817383,0.5615234375,1807,1801,6.816252646967769,0.25379012767024417,3.7233086978245082,0.6553479418592042,0.024400626920257646,0.314453125,,
6.535240000000224,1286,,,,0,0.0859375,-1.119140625,0.00242734500627512,-0.19114948813148608,12.145999908447266,0.5938720703125,1807,1804,7.213170111645013,0.45847890556172327,6.356136046501251,0.41692100947870625,0.026500066568912947,0.314453125,,
6.557085000000894,1286,,,,-0.09375,0.046875,-1.0703125,0.00022417487782230608,-0.1924498247854418,12.146286964416504,0.634765625,1804,1807,7.710045436397195,0.04243194651218238,0.5503462575184289,4.535493669379242,0.02496091966941392,0.3125,,
6.578740000000224,1286,,,,-0.015625,-0.033203125,-0.935546875,0.0006299921147080565,-0.15602928448618716,12.14000129699707,0.6640625,1806,1807,8.061719611287117,0.11921554740037303,1.4787855835802175,1.3087997990914644,0.019354342746891424,0.310546875,,
6.600750000001863,1286,,,,-0.01171875,0.064453125,-0.990234375,0.0007971238741000766,-0.15602928448618716,12.144001007080078,0.56396484375,1805,1806,6.848789630457759,0.15076524900243754,2.201341509045018,1.0349154431712875,0.022782023234046756,0.30859375,,
6.623160000000149,1286,,,,0.125,-0.005859375,-0.97265625,0.000999798368261984,-0.1662763818788978,12.145142555236816,0.625,1805,1804,7.59071409702301,0.188921811640398,2.488854266221026,0.8801333230669812,0.021905235759585445,0.30859375,,
6.644779999999329,1286,,,,-0.0625,-0.029296875,-0.953125,0.0008339408430198563,-0.1606415897117565,12.139999389648438,0.6752232313156128,1803,1803,8.197209616047985,0.15748895305973784,1.9212507723532626,1.0200181447064596,0.019597106483316272,0.310546875,,
6.6721100000012665,1286,,,,-0.03125,0.064453125,-1.0390625,0.0010024452092826288,-0.15500679754461516,12.14000129699707,0.6026785969734192,1802,1803,7.316518948929684,0.18923047279800514,2.5863456941594776,0.8191428962399614,0.021185867025915482,0.30859375,,
6.69485000000149,1286,,,,-0.07421875,0,-0.96484375,0.0014094152514909596,-0.13701325017064717,12.1404447555542,0.6108940839767456,1803,1803,7.416525878014568,0.26606083988645923,3.5874052657884707,0.5149696220951464,0.01847404734025227,0.310546875,,
6.727860000001266,1286,,,,-0.13671875,0.107421875,-1.02734375,0.0010167397158146697,-0.15336192724730371,12.144001960754395,0.5594307780265808,1804,1803,6.793728465261154,0.19200574991965863,2.826220548870256,0.798736117597912,0.022574044286800682,0.310546875,,
6.751365000000224,1286,,,,-0.025390625,0.03125,-0.96484375,0.0006079375570056655,-0.1617196465958052,12.144001007080078,0.6374289989471436,1802,1803,7.740938405156157,0.11477924088751053,1.4827561579750757,1.40896250354451,0.020891478284866014,0.30859375,,
6.773794999999925,1286,,,,-0.01171875,0.099609375,-1.005859375,0.0008547072684998532,-0.16039708196485883,12.141716003417969,0.6026785969734192,1799,1802,7.317552365789652,0.1612552885250025,2.203677957658197,0.9946779633214287,0.02191949902739781,0.30859375,,
6.796564999999479,1286,,,,0.015625,-0.166015625,-0.970703125,0.0008925806262970527,-0.1659096202585513,12.139430046081543,0.6061663031578064,1798,1800,7.358513433476048,0.16822973471017277,2.2861918542520567,0.9862086541620091,0.02254662191738069,0.306640625,,
6.823515000000596,1286,,,,-0.13671875,0.0703125,-1.001953125,0.0006639002413975143,-0.1679212521762093,12.146286010742188,0.5998883843421936,1797,1798,7.286415890742319,0.12499507985865069,1.7154535471611208,1.3434228960539982,0.02304579572373297,0.306640625,,
6.845920000001788,1286,,,,0.048828125,-0.025390625,-0.916015625,0.0012659332206955097,-0.16582070835058857,12.143556594848633,0.6222873330116272,1798,1798,7.556781446684113,0.23835223551979937,3.154150178901726,0.6956960482831898,0.021943298151536467,0.306640625,,
6.87038000000082,1286,,,,0.037109375,-0.029296875,-1.005859375,0.001864545727259284,-0.17466744319288538,12.146858215332031,0.5970982313156128,1806,1799,7.252867556416277,0.3512272480265361,4.842598397041203,0.4973060722774243,0.024082535884495115,0.3046875,,
6.893615000000223,1286,,,,0,-0.0078125,-1.07421875,0.0014468720622982662,-0.18242500716263807,12.143501281738281,0.584716796875,1803,1803,7.100509172305465,0.27314087842444834,3.846778756230551,0.6678788184870593,0.025691820506923802,0.302734375,,
6.917200000001118,1286,,,,-0.125,0.0390625,-0.95703125,0.0010688894147267054,-0.16447591574265147,12.141715049743652,0.6110491156578064,1805,1804,7.419184243714938,0.20196417519678952,2.722188431536537,0.8143816376463286,0.022169002728566152,0.302734375,,
7.101675000000745,1286,,,,0.0859375,-0.13671875,-1.111328125,0.0010631396409796097,-0.15370646089065948,12.144500732421875,0.645751953125,1803,1804,7.842335067689419,0.20089100181821468,2.5616222730126608,0.7651236715407879,0.01959957838628105,0.302734375,,
7.129635000001639,1286,,,,-0.0390625,-0.01171875,-0.96484375,0.0010959973516550586,-0.16015924261105838,12.142387390136719,0.6290952563285828,1806,1806,7.63871830763901,0.20727153285986558,2.7134333864960842,0.7727025530290289,0.02096676905219728,0.306640625,,
7.157224999999627,1286,,,,0,-0.125,-0.88671875,0.0008695681971937708,-0.16344231481258412,12.142223358154297,0.6016709804534912,1806,1806,7.305623432785978,0.16448689215401624,2.2515106844384616,0.9936494797381541,0.02237212420217173,0.306640625,,
7.178820000000298,1286,,,,0.037109375,-0.04296875,-0.986328125,0.0006501160433549355,-0.1790574686485477,12.142667770385742,0.6184895634651184,1801,1805,7.51011328860784,0.12287319356755538,1.636103063237979,1.4572541288275573,0.02384217944090958,0.3046875,,
7.201224999999628,1286,,,,-0.0234375,-0.130859375,-0.91015625,0.000932581992852746,-0.17183337612657168,12.13933277130127,0.6404622197151184,1805,1803,7.774784012568091,0.1761287811740198,2.2653848761496675,0.9756121343779462,0.022101369742078967,0.3046875,,
7.224165000000968,1286,,,,0,0.037109375,-0.9921875,0.001081323922271005,-0.16542060476475604,12.141000747680664,0.623779296875,1800,1803,7.573304909747094,0.20413297242578748,2.6954278859558607,0.8103571059540352,0.021842591409709945,0.302734375,,
7.24688000000082,1286,,,,-0.109375,-0.04296875,-1.005859375,0.0010624997990920828,-0.15636270414104758,12.144572257995605,0.5887276530265808,1802,1802,7.149845522461476,0.20055021891708488,2.804958768508351,0.7796685786999509,0.021869382163548706,0.302734375,,
7.27340499999933,1286,,,,0.037109375,-0.09375,-1.04296875,0.001328825495935917,-0.16021925814893326,12.145143508911133,0.6068638563156128,1804,1803,7.370448625324343,0.25083151934147785,3.4032055861516817,0.6387524923883806,0.02173806050264446,0.302734375,,
7.295849999999628,1286,,,,0.009765625,0.0546875,-1.0703125,0.0012627669562724853,-0.15967467271266123,12.142500877380371,0.6396484375,1805,1804,7.7669317135587335,0.23850649607392177,3.0707942965117225,0.6694772483814121,0.02055826915974002,0.30078125,,
7.320535000000149,1286,,,,-0.0625,0.033203125,-0.884765625,0.0011984588641576555,-0.15527353326850352,12.141143798828125,0.5943080186843872,1808,1806,7.215579115643777,0.2267000349345483,3.1418134470045516,0.6849294633471641,0.021519205981937316,0.302734375,,
7.3441950000002985,1286,,,,-0.099609375,0.125,-0.94140625,0.0012206616152025986,-0.15582923269327092,12.141002655029297,0.5841064453125,1809,1807,7.091637903358787,0.23098804701294023,3.2571889619961865,0.674620330828379,0.02197365895112412,0.3046875,,
7.369945000000298,1286,,,,0.03125,0.078125,-1.0078125,0.00040856322462249565,-0.16054156381529835,12.143001556396484,0.5914306640625,1804,1807,7.181743474211544,0.07731297834739231,1.0765210234118006,2.0765150592690014,0.02235412116734281,0.3046875,,
7.391510000001639,1286,,,,0.05078125,0.033203125,-0.9921875,0.0004551353020489409,-0.1664653196833187,12.142500877380371,0.6298828125,1801,1805,7.648352603428066,0.08601019312547384,1.1245584191152906,1.9354138577560789,0.021764859482120022,0.3046875,,
7.5858700000010435,1286,,,,0,0.080078125,-1.021484375,0.0009945144675991891,-0.1694660965770626,12.145143508911133,0.5405970811843872,1805,1803,6.565629131482865,0.1877834437347567,2.8600982476198027,0.9024549406838696,0.025811097944057684,0.302734375,,
7.615255000000819,1286,,,,-0.009765625,0.005859375,-1.005859375,0.0010742309486689308,-0.16367848706811025,12.141942024230957,0.6204870939254761,1801,1801,7.533918321226679,0.20261670868848616,2.6893934875510563,0.8078232448231029,0.02172554573719615,0.3046875,,
7.647070000000298,1286,,,,-0.125,0.087890625,-0.91015625,0.0011253417429176063,-0.1532507873623502,12.140000343322754,0.6244574785232544,1801,1801,7.58091400366277,0.21220604883432093,2.799214563465463,0.7221791659765561,0.020215344388329174,0.3046875,,
7.674314999999479,1286,,,,-0.1328125,0.140625,-1.01953125,0.0013419654128079726,-0.1688103712558371,12.142401695251465,0.67529296875,1800,1800,8.199678488541394,0.25294672446764094,3.084837104541602,0.6673752016798017,0.02058743784792787,0.306640625,,
7.6980250000003725,1286,,,,-0.0234375,-0.1171875,-0.900390625,0.0008659569716404971,-0.17783492991405947,12.144444465637207,0.6260850429534912,1800,1800,7.603455034914759,0.163233585518117,2.1468343637011724,1.0894506136687288,0.02338870014979357,0.306640625,,
7.722075000001118,1286,,,,0.173828125,-0.11328125,-0.998046875,0.0008880199887069456,-0.1539954245915385,12.140572547912598,0.6494140625,1799,1800,7.884258539415896,0.16735050715190392,2.1225903021224624,0.9201969400173792,0.019532011009236544,0.306640625,,
7.745949999999255,1286,,,,-0.015625,-0.046875,-1.052734375,0.0013677894774352663,-0.15022778249161564,12.13900089263916,0.672607421875,1800,1800,8.16478209453635,0.25783988539329983,3.157951827836768,0.5826398125428248,0.018399484609900856,0.306640625,,
7.770804999999702,1286,,,,0,-0.109375,-1.0390625,0.0013837782584565546,-0.16798793610718135,12.139001846313477,0.58837890625,1804,1801,7.142332629300654,0.2609663098427107,3.653796643020018,0.643715030528005,0.023520038176047534,0.306640625,,
7.793205000000074,1286,,,,-0.07421875,-0.056640625,-0.9296875,0.0010114636402546707,-0.17078866120800898,12.140000343322754,0.6375557780265808,1802,1803,7.7399273641300965,0.19094420036277487,2.467002484386175,0.8944427790083574,0.022065925579548926,0.30859375,,
7.818599999999628,1286,,,,-0.01171875,0.0234375,-1.05859375,0.0012371052303238865,-0.1677878843142651,12.143000602722168,0.5902099609375,1807,1804,7.16691991139669,0.23372175533878864,3.2611185589939278,0.7178958761072546,0.02341143564998574,0.30859375,,
7.843435000000522,1286,,,,0.07421875,-0.1328125,-0.94140625,0.0009328603429379071,-0.18681503261830046,12.143501281738281,0.5731201171875,1804,1805,6.9596848776564,0.17628676433169943,2.5329704926390595,1.0597223979152013,0.026842455643079122,0.306640625,,
7.871070000000298,1286,,,,0.01171875,-0.14453125,-0.91796875,0.000670326886536438,-0.16679873933817915,12.143499374389648,0.599365234375,1803,1805,7.2783913486637175,0.1266836547570952,1.7405446985253659,1.316655567428972,0.022916978676724042,0.306640625,,
7.893214999999851,1286,,,,-0.13671875,0.076171875,-0.982421875,0.001199248920072064,-0.14953871520490405,12.143499374389648,0.5487060546875,1805,1804,6.6632116318214685,0.22655638517476748,3.4001079013129827,0.6600507643585002,0.022442438191630103,0.30859375,,
7.919385000001639,1286,,,,0.125,0.048828125,-1.19140625,0.001368836364402148,-0.165642884534663,12.146000862121582,0.5859375,1808,1805,7.1167973801493645,0.2587344031513923,3.6355454473534845,0.6402043273609076,0.023274919277129477,0.30859375,,
7.943894999999553,1286,,,,-0.01171875,0.1484375,-1.05859375,0.0013493635960950539,-0.1817470538644219,12.144001007080078,0.546875,1808,1806,6.641250550746918,0.2551632705523485,3.842096734682766,0.7122774899028237,0.027366390181436755,0.30859375,,
7.971384999999777,1286,,,,0.0234375,0.109375,-0.953125,0.0008569903819744769,-0.13184524552031043,12.142500877380371,0.592041015625,1803,1806,7.1888585516717285,0.1620911311026113,2.25475477000334,0.8134019709989327,0.018340219740399618,0.310546875,,
7.9935199999995525,1286,,,,-0.078125,0.1015625,-1.166015625,0.0007123982722495505,-0.1502166685031203,12.141777992248535,0.6070963740348816,1804,1805,7.37122939343061,0.1346485820001292,1.8266774077080106,1.1156201296124764,0.02037878086347393,0.310546875,,
8.019355000000447,1286,,,,-0.173828125,0.1171875,-0.912109375,0.001346284977080861,-0.16858809148593012,12.142858505249023,0.6431361436843872,1802,1803,7.809511192371019,0.25426035190698026,3.25577805887983,0.6630530093327612,0.021587534396598475,0.310546875,,
8.044320000000297,1286,,,,0.13671875,0.099609375,-0.953125,0.0009557885927991944,-0.15731850715164752,12.141500473022461,0.6646728515625,1802,1802,8.070125741651282,0.1804071291788381,2.2354934105639326,0.8720193479477034,0.019493935062213485,0.310546875,,
8.07502999999933,1286,,,,-0.03125,-0.07421875,-0.97265625,0.0009608257232559679,-0.1605749057807844,12.139556884765625,0.6228298544883728,1800,1802,7.5608784480918985,0.18127729399685003,2.3975692142306304,0.8857971246171329,0.021237599160360512,0.30859375,,
8.09825,1286,,,,-0.09765625,0.107421875,-0.939453125,0.0013316712859376225,-0.15367311892517344,12.137779235839844,0.7259114384651184,1806,1801,8.810952784860547,0.25117424330146154,2.8507046789882096,0.6118187792875466,0.017441146568078634,0.310546875,,
8.123665000000969,1286,,,,-0.09375,0.212890625,-1.072265625,0.0030270028949363277,-0.16705436107357213,12.138287544250488,0.5922154188156128,1820,1809,7.188481041722639,0.5735682580411146,7.978991037356417,0.2912545433460813,0.023239173909477186,0.31640625,,
8.146800000000745,1286,,,,0.0625,-0.04296875,-1.10546875,0.0017733788082020922,-0.1679323661647046,12.140445709228516,0.6618923544883728,1822,1816,8.035668195019525,0.3372186461926888,4.19652277830107,0.49799252817338885,0.020898369879033634,0.318359375,,
8.171660000000148,1286,,,,-0.0625,-0.091796875,-0.923828125,0.000730127998908903,-0.16211975018163774,12.14342975616455,0.537109375,1829,1822,6.522349966689944,0.13931204596167193,2.1359179846703626,1.1637166697432666,0.024856033639653437,0.322265625,,
8.19331000000052,1286,,,,-0.048828125,-0.060546875,-0.869140625,0.00341901273793907,-0.1605971337577751,12.141143798828125,0.5970982313156128,1835,1828,7.249455488428794,0.6545900912193604,9.029507005928696,0.24534000118855634,0.022152992595666245,0.326171875,,
8.218890000000597,1286,,,,-0.09375,0.09375,-0.90234375,-0.000042902448091850575,-0.1606527037002518,12.138001441955566,0.6341552734375,1833,1834,7.6973776234081015,0.008238045212452205,0.10702404916967964,19.501313668128148,0.02087109552891092,0.326171875,,
8.246570000000299,1286,,,,0,0.119140625,-1.119140625,-0.00007919248017872728,-0.15854104588613577,12.147499084472656,0.538330078125,1824,1831,6.539364131167531,0.015185883962654833,0.23222263905257656,10.440027480522065,0.024244107333082552,0.328125,,
8.270775000000372,1286,,,,0.0625,0,-0.994140625,0.00038482577529174626,-0.1531507614658921,12.142500877380371,0.5218505859375,1820,1826,6.3365711976075545,0.07359258927158699,1.161394498326993,2.081062277897339,0.024169342802258093,0.328125,,
8.294480000000448,1286,,,,-0.0625,-0.041015625,-0.91796875,0.00017074060444596941,-0.15309519152341536,12.140499114990234,0.5609130859375,1814,1820,6.80976482341066,0.032536782012807214,0.47779597176325417,4.705296038900025,0.02248171493340028,0.330078125,,
8.31906000000052,1286,,,,0,-0.021484375,-0.974609375,0.0005581504048766686,-0.15475117580922218,12.146000862121582,0.572509765625,1808,1812,6.953704106854275,0.10592591047790977,1.5233019531777094,1.4609378867835614,0.02225449536408714,0.330078125,,
8.343019999999553,1286,,,,-0.103515625,-0.0078125,-0.984375,0.0011731835026595945,-0.15640716009502897,12.141143798828125,0.5936104655265808,1807,1810,7.207110022447523,0.2223342173271209,3.0849288637835524,0.7034776831714875,0.021701786098433023,0.33203125,,
8.367240000000223,1286,,,,0.099609375,0.021484375,-0.994140625,0.0010685969515097165,-0.1799354737396802,12.140501022338867,0.6842041015625,1805,1808,8.306580594507977,0.20230787851265233,2.435513340428085,0.8894140705866135,0.02166179834078144,0.33203125,,
8.389710000000894,1286,,,,-0.1875,0.037109375,-0.9765625,0.0012730062430146346,-0.173122598792032,12.139501571655273,0.6536865234375,1808,1807,7.935428578639403,0.24091096142927027,3.0358909924254713,0.7186165285503605,0.021816414460341015,0.33203125,,
8.418240000000223,1286,,,,-0.111328125,0.015625,-0.9296875,0.0011277037257430413,-0.15727405119766613,12.137144088745117,0.6703404188156128,1806,1806,8.136018251674841,0.21333435397148987,2.6220977801712024,0.737218587957401,0.019330592229840494,0.330078125,,
8.443200000001118,1286,,,,-0.072265625,0.046875,-0.8828125,0.0010381258614892905,-0.15644050206051505,12.14222240447998,0.6163194179534912,1806,1806,7.483487444990942,0.19633698767619143,2.6236028204685398,0.7967958758668762,0.02090475907262037,0.328125,,
8.467705000000075,1286,,,,0.171875,0.0078125,-1.064453125,0.0009121753823673723,-0.16021925814893326,12.13800048828125,0.6298828125,1804,1805,7.645517885684967,0.1724654997469354,2.2557726281675436,0.9289930935985953,0.020955971922964004,0.326171875,,
8.652189999999479,1286,,,,-0.01171875,-0.12890625,-0.83984375,0.0011532493327555114,-0.1474048294137973,12.138501167297363,0.72021484375,1807,1805,8.742328721564263,0.21797166788835323,2.4932906875337855,0.6762568311827535,0.016861048595690667,0.32421875,,
8.67949499999918,1286,,,,-0.02734375,0,-0.9921875,0.0011907778313513051,-0.1529203372262909,12.141836166381836,0.6087506413459778,1813,1813,7.391350553402731,0.22603888329364363,3.0581540093451918,0.6765222646567158,0.020689092760712246,0.33203125,,
8.705740000000224,1286,,,,-0.13671875,-0.001953125,-1.046875,0.0009915739057557485,-0.18288068069094734,12.142667770385742,0.5810546875,1811,1811,7.055554026737809,0.1880587585593629,2.6654003051594994,0.9724656383564234,0.025920102092323382,0.333984375,,
8.729495000001043,1286,,,,-0.037109375,0.111328125,-0.875,0.0010550029314118688,-0.16275324752587259,12.142501831054688,0.5859375,1810,1811,7.114747166633606,0.200024849198219,2.8114119098467163,0.8136651429972517,0.02287547873649605,0.3359375,,
8.754955000000075,1286,,,,0.07421875,-0.10546875,-0.880859375,0.0011769195700426045,-0.14700472582796478,12.144500732421875,0.56640625,1809,1810,6.878721117973328,0.22312741355568239,3.2437339692791944,0.658837582909906,0.0213709384792266,0.333984375,,
8.776644999999553,1286,,,,0,-0.02734375,-0.986328125,0.0009051362832007068,-0.15032780838807377,12.143500328063965,0.577392578125,1809,1810,7.011566961882636,0.1715547435981371,2.446739003289415,0.8762672790920493,0.021439973290608084,0.3359375,,
8.798919999999926,1286,,,,-0.03125,-0.03515625,-1.033203125,0.0008886575948508166,-0.1547845177747082,12.14333438873291,0.6461588740348816,1809,1809,7.846523275652714,0.16836412438456294,2.1457162423386493,0.9193438230413188,0.01972650973393467,0.337890625,,
8.826015000000597,1286,,,,-0.15625,0.03125,-0.861328125,0.0008125034149751282,-0.18079125085382197,12.144001960754395,0.5901227593421936,1807,1808,7.166451946537393,0.15382783657448756,2.146499240099034,1.1752830624142465,0.025227442003734453,0.33984375,,
8.84804000000097,1286,,,,-0.048828125,-0.02734375,-1.017578125,0.0007216685038508397,-0.1663430658098699,12.142223358154297,0.6369357705116272,1805,1806,7.733816390350285,0.13651107288329098,1.7651191338550518,1.2185316714350605,0.021508535684584024,0.33984375,,
8.871580000000074,1286,,,,-0.048828125,0.029296875,-0.99609375,0.0015520513649849186,-0.1634089728470981,12.141715049743652,0.5887276530265808,1807,1807,7.148163404953095,0.2936318853217896,4.107794809479685,0.5565096333731573,0.022860273833956984,0.337890625,,
8.894570000000298,1286,,,,-0.01171875,-0.03515625,-0.935546875,0.0009646207261735875,-0.16439811782318403,12.141143798828125,0.6752232313156128,1807,1807,8.19798234771224,0.18255550570891388,2.2268345791188304,0.9005377141860518,0.0200534852175013,0.337890625,,
8.920160000002012,1286,,,,-0.046875,-0.033203125,-1.05078125,0.0004504694447730276,-0.16500938719042815,12.142001152038574,0.6500244140625,1805,1807,7.892597184400074,0.0852481304982382,1.0801023859007195,1.9356364324474933,0.020906855289228945,0.337890625,,
8.943275000000373,1286,,,,0.099609375,-0.083984375,-1.03125,0.0011301693317935788,-0.16467596753556774,12.13650131225586,0.5755615234375,1805,1806,6.9853031844832,0.21371179996147377,3.0594491651586773,0.7705515912797243,0.023574634226524425,0.33984375,,
8.968560000000522,1286,,,,0.048828125,-0.1640625,-0.939453125,0.0012302561693679735,-0.1846811468271937,12.144570350646973,0.5810546875,1806,1805,7.056659529916942,0.23252285235158784,3.2950839043006046,0.79424944670791,0.026171185678468947,0.337890625,,
9.159870000001042,1286,,,,-0.048828125,0.001953125,-0.986328125,0.0008365396155518989,-0.19229422894650688,12.143000602722168,0.56884765625,1805,1805,6.907517432700843,0.15810150222041208,2.2888324750646967,1.2162707263744157,0.0278383993699629,0.337890625,,
9.196205000000074,1286,,,,0.00390625,0.060546875,-1.025390625,0.0011849992716404692,-0.16450554146823437,12.142437934875488,0.6253814697265625,1806,1805,7.593655681775999,0.224004476779719,2.949889831287807,0.7343850615539503,0.021663550253276685,0.328125,,
9.227679999999703,1286,,,,-0.017578125,-0.04296875,-0.9375,0.003164239284701687,-0.14738260143680662,12.14333438873291,0.550537109375,1824,1814,6.685356212547049,0.6012421687740993,8.993420090999646,0.24513018063472142,0.022045586914306758,0.330078125,,
9.25044000000134,1286,,,,-0.009765625,0,-0.859375,-0.000031888336438948875,-0.15528834613129497,12.14291000366211,0.5708451867103577,1822,1825,6.931721728247567,0.0060926701346844326,0.08789548071233295,25.48773242248377,0.022402564935415255,0.333984375,,
9.272920000001788,1286,,,,0.0859375,-0.09375,-1.0078125,0.00025495729514681806,-0.15730739316315218,12.141143798828125,0.6828961968421936,1816,1822,8.29114092553391,0.04863460071272655,0.5865851412915735,3.234474856539502,0.018972948907272653,0.33203125,,
9.294730000000447,1286,,,,-0.015625,-0.0390625,-0.8515625,0.0008374895271377052,-0.15669612379590803,12.14799976348877,0.5509440302848816,1814,1818,6.692867949596291,0.15947631260194056,2.382779905459812,0.9825667601622317,0.023412403318873162,0.33203125,,
9.322745000001044,1286,,,,0.0625,-0.001953125,-1.052734375,0.0007891915953428733,-0.16382019042142595,12.142287254333496,0.5866350531578064,1813,1814,7.123091328903286,0.14994896016578493,2.105110734118188,1.09250634509439,0.02299846834150429,0.33203125,,
9.345055000001565,1286,,,,-0.125,0.091796875,-0.978515625,0.0007802475028473908,-0.17094425704694388,12.140889167785645,0.6537543535232544,1811,1812,7.937159149083186,0.14809443844958892,1.8658368273577475,1.1542922127027275,0.021537209199930116,0.333984375,,
9.371085000000894,1286,,,,0.078125,0.005859375,-1.01171875,0.0008098989133499671,-0.18184707976088002,12.14000129699707,0.6787109375,1810,1811,8.239551661536098,0.1536073278545996,1.8642680350154224,1.1838437807668354,0.022070021189354166,0.33203125,,
9.39423000000231,1286,,,,0.0625,-0.11328125,-0.95703125,0.0010041759543402628,-0.1721445678044414,12.141000747680664,0.6451416015625,1808,1810,7.832664666930214,0.19034636506888244,2.430161039225023,0.9043753882147727,0.021977778332735454,0.3359375,,
9.421180000001565,1286,,,,-0.048828125,0.017578125,-0.958984375,0.0012284394879135652,-0.15696285951979638,12.142001152038574,0.6170654296875,1809,1809,7.492409158148803,0.23271186830535734,3.105968499494693,0.6744944323760683,0.020949584600446217,0.3359375,,
9.444304999999702,1286,,,,-0.01171875,0.001953125,-0.935546875,0.0012683491889793664,-0.15966355872416588,12.144000053405762,0.5584716796875,1810,1810,6.7820801079506055,0.24035124569628707,3.5439163482384157,0.6642926200013131,0.023541974760367828,0.3359375,,
9.469820000000299,1286,,,,-0.0234375,0.01953125,-1.078125,0.0011766285041654003,-0.16236425792853537,12.145000457763672,0.5615234375,1811,1810,6.819702405482531,0.2230542146302568,3.270732377573219,0.7279138759950202,0.023808114823017302,0.3359375,,
9.494535000002012,1286,,,,-0.0234375,-0.04296875,-0.892578125,0.0011348554504963736,-0.17052192548412065,12.144001007080078,0.6256103515625,1810,1811,7.597412739414722,0.21520800443093166,2.832648584622119,0.792358657546344,0.022444736298117336,0.333984375,,
9.520574999999255,1286,,,,-0.037109375,0.142578125,-0.9921875,0.0009655273524303757,-0.1688881691753045,12.146001815795898,0.5633544921875,1809,1810,6.842504685046151,0.18302042259415277,2.6747577242311866,0.9227831887909772,0.02468221462009352,0.333984375,,
9.544259999999776,1286,,,,-0.1875,0.095703125,-0.974609375,0.0008886961614288809,-0.1672544128664884,12.13949966430664,0.645751953125,1810,1809,7.839105618186295,0.1683845081595095,2.1480066267874576,0.9932886029399415,0.021335905014274504,0.337890625,,
9.57197000000067,1286,,,,-0.0625,-0.029296875,-1.041015625,0.0009220267675852205,-0.1711887647938415,12.142857551574707,0.6821986436843872,1808,1809,8.283840952136984,0.1746245856082051,2.1080147073943656,0.9803245298913846,0.020665385270305068,0.33984375,,
9.595155000001192,1286,,,,0.0625,-0.162109375,-0.916015625,0.0010067622583439042,-0.16654311760278614,12.142667770385742,0.6510416865348816,1806,1808,7.905382904264684,0.1906051645491107,2.411080739002354,0.8737597325694457,0.02106705261714038,0.33984375,,
9.620695000000298,1286,,,,-0.078125,0.1875,-1.119140625,0.0015093868085330963,-0.1624198278710121,12.141715049743652,0.6766182780265808,1809,1808,8.215306329246971,0.2857025980236349,3.477686486339736,0.5684926528304648,0.019770392163319342,0.33984375,,
9.64586999999918,1286,,,,-0.162109375,0.06640625,-0.8984375,0.0012690380774933445,-0.17250021543629254,12.143111228942871,0.5474175214767456,1810,1809,6.647351851964345,0.24040931405771673,3.616617856427652,0.7175271728235921,0.025950215857058534,0.33984375,,
9.670775000000372,1286,,,,0,-0.04296875,-1.03125,0.000541190193236886,-0.1724446454938158,12.13800048828125,0.5804443359375,1810,1809,7.045433633029461,0.10252367464251506,1.4551790561460585,1.681998290590977,0.024476086849414613,0.34375,,
9.693210000000894,1286,,,,0.0625,-0.06640625,-0.98828125,0.0005241914150190389,-0.15996363641354028,12.14228630065918,0.5984932780265808,1802,1808,7.267076730818758,0.09923054048216119,1.3654808413035873,1.6120403621332404,0.02201210229901036,0.345703125,,
9.717240000000224,1286,,,,-0.048828125,-0.0859375,-0.890625,0.0009715962785843534,-0.16455371366211888,12.146858215332031,0.6089564561843872,1804,1805,7.396907732582804,0.18364730138229315,2.4827577688084586,0.8960312099526706,0.02224628447604836,0.345703125,,
9.739655000001193,1286,,,,-0.1484375,0.0078125,-0.96875,0.0011257004994273427,-0.16558731459218623,12.144000053405762,0.6158447265625,1802,1804,7.478818392264657,0.21260945746749074,2.842821503559877,0.7788332493040931,0.02214083908809087,0.345703125,,
9.766535000000149,1286,,,,0.109375,-0.150390625,-0.9453125,0.0012899079061174275,-0.16558731459218623,12.144001960754395,0.6033760905265808,1805,1804,7.327400426427118,0.24363912763644568,3.325041808248024,0.6796417151816144,0.022598371176082637,0.345703125,,
9.79088000000082,1286,,,,-0.099609375,0.005859375,-1.04296875,0.0014211185311257968,-0.1591634292418752,12.141778945922852,0.5946180820465088,1808,1804,7.219721309457327,0.26852617829940834,3.7193427112990904,0.5927296558192812,0.022045647251422617,0.345703125,,
9.817669999999925,1286,,,,-0.125,0.00390625,-0.9140625,0.0009733095568946758,-0.16054156381529835,12.14200210571289,0.6243896484375,1803,1805,7.5813404261134565,0.18393118573604972,2.4261037679103574,0.8728349310251464,0.021175881149238848,0.345703125,,
9.840269999999553,1286,,,,0.01953125,-0.12109375,-0.9453125,0.0008779249074306029,-0.1629310713417981,12.13949966430664,0.6243896484375,1801,1803,7.579777927603573,0.16575489966804796,2.1868041682911565,0.9829638319476224,0.021495494049825085,0.34765625,,
9.865355000000447,1286,,,,-0.0234375,0.025390625,-1.013671875,0.0008346393731783508,-0.1603192840453914,12.14000129699707,0.6019810438156128,1799,1801,7.3080506526891895,0.1574354847321926,2.154274678901686,1.01831734007174,0.021937352608030664,0.345703125,,
9.890044999999926,1286,,,,-0.0859375,0.20703125,-1.068359375,0.0010228248511101527,-0.146915813920002,12.14000129699707,0.66650390625,1800,1800,8.091358286328614,0.19276990890792361,2.38241716762973,0.7621304318309152,0.018157126247670317,0.345703125,,
9.923260000001639,1286,,,,-0.046875,0.0625,-1.052734375,0.00181947998212101,-0.15206159059334803,12.139500617980957,0.6640625,1804,1800,8.06138712912798,0.3430465350555995,4.255428123729218,0.4432681139563253,0.018862955984821548,0.34375,,
9.946305000001564,1286,,,,0.0625,-0.056640625,-1.009765625,0.001664683551352874,-0.1598524965285868,12.145455360412598,0.6161221861839294,1808,1804,7.483084508856734,0.314474039207404,4.202465424988891,0.5083169883640531,0.021361845685344136,0.341796875,,
9.97399499999918,1286,,,,0.015625,-0.087890625,-0.900390625,0.0011009190975432605,-0.15993029444805423,12.140572547912598,0.6577845811843872,1809,1807,7.985881428767357,0.20829730744749303,2.6083195612840986,0.7677981842773891,0.02002663023169127,0.33984375,,
9.996179999999702,1286,,,,0.103515625,-0.04296875,-1.140625,0.0008852483058565642,-0.16000809236752167,12.143556594848633,0.6108940839767456,1806,1807,7.418426882229824,0.1675586701445308,2.2586819659286874,0.9549377076668355,0.02156900578892362,0.33984375,,
10.020700000001117,1286,,,,-0.037109375,0.103515625,-0.974609375,0.0009936953470172536,-0.16114171919404713,12.13800048828125,0.6526692509651184,1805,1807,7.922099686900765,0.18803570714849138,2.373558962649882,0.8569740377384486,0.020340784080323533,0.3359375,,
10.044835000000894,1286,,,,0.099609375,0.119140625,-1.1171875,0.0010496977911843427,-0.16426474996123985,12.143500328063965,0.626220703125,1806,1806,7.604511313838884,0.19852495625252786,2.6106208283397128,0.8274261990129426,0.021600960690571484,0.333984375,,
10.226840000001713,1286,,,,-0.03125,-0.015625,-0.884765625,0.0013166859668202198,-0.14912749763057623,12.142500877380371,0.589599609375,1806,1806,7.159213774139062,0.24904997212589566,3.4787335590610353,0.5987854419642004,0.020830150116380577,0.333984375,,
10.262730000000447,1286,,,,0.01953125,-0.001953125,-0.99609375,0.0011437761802348225,-0.1631930488893619,12.14249038696289,0.6042680740356445,1787,1808,7.337319280126394,0.21652744801992724,2.951043013848476,0.7536829643618349,0.022241508466366026,0.328125,,
10.285890000000595,1286,,,,0.03125,-0.01953125,-0.9765625,0.0011611064827750067,-0.15606634269157632,12.143333435058594,0.611572265625,1805,1807,7.426525941118598,0.21977293138678067,2.9592966230678517,0.7101254085605,0.02101471723507766,0.3203125,,
10.307345000000671,1286,,,,-0.03125,-0.0703125,-1.078125,0.0016110137940184585,-0.162064180239161,12.14000129699707,0.5964006781578064,1810,1808,7.240305006365702,0.3050017982800128,4.212554554150055,0.5313548351291191,0.022383612305928217,0.3203125,,
10.328195000000298,1286,,,,0.03125,-0.140625,-0.8984375,0.00115721204865164,-0.16796570813019068,12.14000129699707,0.5977957844734192,1806,1808,7.25724159884669,0.21912826441317956,3.0194428754859572,0.7665177679383304,0.0231445661333479,0.322265625,,
10.349525000000373,1286,,,,-0.099609375,0.123046875,-1.056640625,0.0012312781836866834,-0.164364775857698,12.142666816711426,0.68115234375,1808,1809,8.27100596157834,0.2332074532130896,2.8195778638828,0.704800698232883,0.019872404471865786,0.3203125,,
10.372599999999627,1286,,,,0.125,0.0078125,-1.03515625,0.001371062326679567,-0.14883853392969718,12.141143798828125,0.615234375,1809,1808,7.469649016857147,0.25962911485728685,3.4757873398250476,0.5732736639013343,0.019925773432433767,0.3203125,,
10.397435000000522,1286,,,,-0.03125,0.03125,-0.984375,0.0011675239970626063,-0.15458446598179196,12.141143798828125,0.5684989094734192,1809,1808,6.902227009393755,0.221111484660324,3.2034803311945104,0.6991245444318182,0.022396317271426516,0.3203125,,
10.420335000000893,1286,,,,0.03125,-0.076171875,-1,0.0010421291002391826,-0.16300886926126557,12.144001007080078,0.6024169921875,1810,1809,7.315752559807152,0.1974143115886355,2.6984826232810626,0.8257196144975409,0.022281900314239524,0.318359375,,
10.443509999999776,1286,,,,0,0.193359375,-0.900390625,0.0009065733074355453,-0.16690987922313263,12.139430046081543,0.6368582844734192,1810,1810,7.7310965936325715,0.1717880417949413,2.2220397807010728,0.9716035963805233,0.021589418422297516,0.318359375,,
10.467120000001042,1286,,,,-0.109375,0.01953125,-0.93359375,0.000676413419171706,-0.16620969794792573,12.145999908447266,0.6591796875,1808,1809,8.006396424025297,0.12815586386691158,1.600668479046906,1.296934006238939,0.02075961383190693,0.318359375,,
10.489455000000074,1286,,,,-0.048828125,0.1015625,-0.96484375,0.0008796418188243661,-0.1621308641701331,12.14342975616455,0.6522042155265808,1808,1809,7.919996077921439,0.1666280915816924,2.1038910870953744,0.9730103887713647,0.020471078845872796,0.322265625,,
10.516455000000075,1286,,,,0.0625,-0.095703125,-1.02734375,0.0013162613152595747,-0.166698713441721,12.146286964416504,0.5412946343421936,1811,1809,6.574719961019184,0.24929464893147354,3.7917150906732915,0.6686814745371585,0.025354496378562123,0.322265625,,
10.711105000000448,1286,,,,-0.009765625,0.1875,-1.130859375,0.0013425895722855925,-0.1559626005552151,12.141777992248535,0.5805121660232544,1811,1810,7.048449841653678,0.25442613991454255,3.609675114817163,0.6129975505174127,0.02212722003546581,0.322265625,,
10.746185000000521,1286,,,,-0.01953125,-0.00390625,-1.005859375,0.0009625306699278226,-0.165096909849829,12.141271591186523,0.611387312412262,1807,1808,7.423019407402876,0.18220587572302055,2.454605945679047,0.9061009102736092,0.022241206817427975,0.3203125,,
10.777830000000074,1286,,,,0.015625,0.12890625,-1.0390625,0.0013443046671376352,-0.1597858125976147,12.144728660583496,0.6285511255264282,1809,1807,7.6335828688228275,0.2543681373196302,3.3322247454537193,0.6281675617132557,0.020931954934322372,0.3203125,,
10.800650000000372,1286,,,,-0.01953125,-0.07421875,-0.947265625,0.0010439393811132057,-0.15674057974988942,12.14181900024414,0.6005859375,1808,1808,7.29220574721694,0.1976703758315854,2.7107076059534663,0.7929391497865717,0.021494261843847347,0.318359375,,
10.823050000000745,1286,,,,-0.09375,0.109375,-0.94921875,0.0010503555190211169,-0.1546844918782501,12.145143508911133,0.5810546875,1811,1809,7.056992566213012,0.19900452368854873,2.819962212250712,0.7772913349464279,0.021919321924588377,0.318359375,,
10.845155000001192,1286,,,,0.0234375,-0.015625,-0.94140625,0.0010978054053004652,-0.1434704774864442,12.141143798828125,0.6236048936843872,1810,1810,7.57127668787507,0.2080615630627036,2.7480380342710404,0.6895578182463545,0.018949311113699394,0.3203125,,
10.872105000000447,1286,,,,-0.0625,0.01171875,-1.078125,0.0012356645730056072,-0.14882741994120186,12.14342975616455,0.6815010905265808,1813,1811,8.275760621559073,0.23430306420604208,2.831196731278842,0.6351919487076173,0.017983533689156443,0.31640625,,
10.894695000000299,1286,,,,0.03125,-0.03515625,-0.953125,0.0023276013553519075,-0.1551512793950547,12.145501136779785,0.5987548828125,1824,1815,7.272178109851666,0.4423385951961478,6.082614981568025,0.3507522994376184,0.02133491191378691,0.318359375,,
10.92138000000082,1286,,,,0.03125,0.08984375,-1.04296875,0.0030940666808410497,-0.16147513884890757,12.144571304321289,0.6668526530265808,1829,1821,8.098639594157135,0.5900088081948036,7.2852829334506115,0.2736825901683712,0.01993855103336193,0.318359375,,
10.943400000000372,1286,,,,-0.048828125,0.099609375,-0.97265625,-0.00021711885992752543,-0.15122804145619695,12.144001007080078,0.6396484375,1825,1827,7.767891269177198,0.041537328711218215,0.5347310778671338,3.6407743624436293,0.019468351991005085,0.31640625,,
10.967275000000372,1286,,,,-0.037109375,-0.03515625,-1.04296875,0.00043062107153173996,-0.1476604511491903,12.144572257995605,0.6033760905265808,1821,1824,7.327744530146958,0.08224338258594853,1.1223560298478246,1.7954082931216697,0.020150873238238966,0.318359375,,
10.99131000000052,1286,,,,-0.0234375,0.099609375,-0.98046875,0.0005507088718519384,-0.18981580951204435,12.141715049743652,0.6452288031578064,1814,1821,7.834184269829223,0.1049936111925279,1.3401983866638953,1.8078796162556698,0.024229173449883904,0.322265625,,
11.017370000001042,1286,,,,0.287109375,-0.240234375,-1.14453125,0.0007049012648353581,-0.18981580951204435,12.143000602722168,0.6201171875,1815,1817,7.530083381570876,0.13412238348303715,1.7811540282712968,1.4152433365908004,0.02520766369952815,0.32421875,,
11.041940000001341,1286,,,,-0.099609375,0.228515625,-1.001953125,0.0010403557363181074,-0.17087017536737953,12.13800048828125,0.61767578125,1816,1815,7.497348934412003,0.1977730556038419,2.6379065098075594,0.8639709532002612,0.02279074601731611,0.328125,,
11.065845000000671,1286,,,,-0.07421875,0.03515625,-0.9609375,0.0007401589422891164,-0.16403135620283754,12.139500617980957,0.609130859375,1813,1815,7.394544443814084,0.1406436249716085,1.9019917459454059,1.16629073117214,0.02218275344062043,0.330078125,,
11.090349999999628,1286,,,,0.0625,-0.1171875,-0.966796875,0.0006224786186844018,-0.17696803881142234,12.143000602722168,0.596923828125,1811,1813,7.248446404701099,0.11816469862626194,1.6302072475782434,1.497638811496037,0.024414616447553068,0.330078125,,
11.116415000000968,1286,,,,0.0234375,-0.06640625,-0.9296875,0.0008106518000260962,-0.15550692702690583,12.145999908447266,0.60791015625,1807,1810,7.383676702156663,0.1536669559136555,2.0811712391033,1.0119737591098257,0.021060906821866204,0.330078125,,
11.139995000001043,1286,,,,-0.072265625,-0.046875,-0.869140625,0.0009208257540400593,-0.15318410343137817,12.145001411437988,0.5877685546875,1806,1807,7.138449926278554,0.17427399399788643,2.4413422493353494,0.8789842931655997,0.02145901491407347,0.328125,,
11.160644999999553,1286,,,,0.109375,-0.080078125,-1.099609375,0.0011394799465146528,-0.15867441374807995,12.144000053405762,0.5440848469734192,1805,1806,6.607366410702468,0.21555961048017858,3.262413450100479,0.7361045670597488,0.024014774402561143,0.328125,,
11.181804999999702,1286,,,,-0.0234375,0.046875,-1.0078125,0.0015639196704483576,-0.15417324840746408,12.14571475982666,0.6117466688156128,1809,1807,7.43010054470858,0.29586357401559177,3.98195922431082,0.5210957412396406,0.02074981993578271,0.326171875,,
11.20571499999985,1286,,,,0.09375,-0.11328125,-1.005859375,0.0016289631824920046,-0.15716291131271262,12.144667625427246,0.60546875,1813,1808,7.353216726332903,0.30846398853935325,4.194953039187602,0.5095016506040609,0.02137335497672606,0.328125,,
11.226760000001638,1286,,,,-0.140625,0.0390625,-0.8984375,0.0011342643757673418,-0.15716291131271262,12.145000457763672,0.6390380859375,1808,1810,7.761117846239358,0.21497046029320072,2.769838888574079,0.7310907326446449,0.020250035423552516,0.330078125,,
11.248210000000894,1286,,,,0.01171875,0.0859375,-0.978515625,0.000836799520751899,-0.14773824906865773,12.140572547912598,0.6975446343421936,1811,1811,8.468591238638567,0.15868199638540936,1.8737708777513213,0.9310334658875146,0.01744543394591903,0.328125,,
11.272200000001117,1286,,,,0.015625,0.046875,-0.966796875,0.0013867849144718232,-0.16447591574265147,12.141142845153809,0.6424385905265808,1815,1812,7.799938696822494,0.2630937272280291,3.3730230127988965,0.6251609168929239,0.02108682159382291,0.326171875,,
11.295040000000968,1286,,,,0.048828125,0.0234375,-0.99609375,0.0014863125366642823,-0.15504013951010123,12.142857551574707,0.615234375,1816,1813,7.470703376457095,0.2822088741341044,3.7775408808686914,0.5493808087566617,0.02075308464242994,0.32421875,,
11.320919999999926,1286,,,,-0.0625,-0.12890625,-0.87890625,0.0009687816170555368,-0.14771602109166707,12.142858505249023,0.6494140625,1815,1814,7.885743072256446,0.1840325301056172,2.3337373335567944,0.8026625564887473,0.01873203574325929,0.32421875,,
11.343700000001117,1286,,,,-0.07421875,0.142578125,-1.013671875,0.0010698036941479958,-0.15359532100570603,12.143000602722168,0.5816650390625,1813,1815,7.063158919918351,0.20328320927963411,2.8780778060418335,0.7555730822530551,0.021745981188751387,0.322265625,,
11.370660000000148,1286,,,,0.236328125,-0.09375,-1.0546875,0.0010603613102852013,-0.15256172007563867,12.142858505249023,0.595703125,1812,1813,7.233538758009672,0.20130777150685147,2.7829777131413596,0.7578531068804081,0.021090883062831123,0.322265625,,
11.395040000000968,1286,,,,0.0859375,-0.09375,-1.107421875,0.0009859336834477923,-0.1739079757352986,12.140889167785645,0.5891926884651184,1811,1812,7.153323129124658,0.18712088150094636,2.615859484091893,0.9293883950328603,0.024311494475516508,0.326171875,,
11.419145000001416,1286,,,,-0.125,0.1640625,-1.04296875,0.0010231307287890776,-0.17775713199459203,12.141715049743652,0.6647600531578064,1811,1812,8.071327141894528,0.19413873163057985,2.4052888480123107,0.9156191065100816,0.022023284259156953,0.32421875,,
11.441045000001788,1286,,,,-0.048828125,-0.083984375,-0.8125,0.0010160297274699386,-0.17941311628039885,12.142000198364258,0.640869140625,1812,1812,7.781433232594281,0.1927674682667505,2.4772745907437805,0.9307229995474549,0.023056564377997447,0.322265625,,
11.46665499999933,1286,,,,0.109375,-0.109375,-0.916015625,0.001007309069606069,-0.17700138077690838,12.138287544250488,0.6752232313156128,1811,1811,8.196053738266869,0.19104320078455395,2.3309168886068306,0.9264992423180713,0.021595927312006248,0.322265625,,
11.489605000000447,1286,,,,-0.07421875,0.033203125,-0.98046875,0.0013611212322475255,-0.1572962791746568,12.142000198364258,0.665283203125,1810,1811,8.077868784312159,0.25810240359921316,3.1951794525366375,0.6094336084483342,0.019472497433993763,0.32421875,,
11.514860000001267,1286,,,,-0.048828125,0,-0.890625,0.0015049702366748176,-0.14412620280766972,12.14050006866455,0.61279296875,1812,1811,7.439613079186529,0.28535706733787375,3.8356439279914216,0.5050731848075055,0.019372808944981983,0.322265625,,
11.542470000000671,1286,,,,0.07421875,0.05859375,-1.08984375,0.0010513648175477833,-0.15911897328789382,12.141000747680664,0.572509765625,1812,1811,6.950841492507607,0.19938622100409983,2.868519174534775,0.7980439796018902,0.02289204457610061,0.318359375,,
11.568334999999031,1286,,,,0.01171875,0,-1.044921875,0.0011775401286410994,-0.15657386992245922,12.143000602722168,0.5511474609375,1810,1811,6.692583950352855,0.2233045747137581,3.33659728992992,0.7011673187759931,0.023395129756154067,0.318359375,,
11.593615000002087,1286,,,,0.07421875,0.001953125,-0.96484375,0.0014020136823840788,-0.1590411753684264,12.14577865600586,0.5523003339767456,1811,1811,6.7081176081196645,0.2658574797008338,3.963220313535255,0.5982196759985596,0.023708763718739697,0.31640625,,
11.776745000001043,1286,,,,-0.1875,0.037109375,-0.892578125,0.001141034626759384,-0.16724329887799305,12.142500877380371,0.616455078125,1811,1811,7.485306326998398,0.21636238782373537,2.890494768976229,0.7729776906244984,0.022342879712854383,0.31640625,,
11.813195000000299,1286,,,,-0.056640625,-0.001953125,-0.94921875,0.0009630488427110947,-0.16148996907730606,12.142190933227539,0.623267412185669,1809,1809,7.567831921217021,0.18244675977906666,2.4108193955465977,0.8851347608083687,0.021339000490293136,0.318359375,,
11.84606500000134,1286,,,,0,0,-1.033203125,0.0009211145519692923,-0.164364775857698,12.145000457763672,0.5887858271598816,1807,1808,7.150804140381524,0.17436645708593057,2.4384174655443354,0.9426398781314712,0.02298549542554363,0.31640625,,
11.86816500000097,1286,,,,-0.025390625,0.013671875,-1.09375,0.001200938895012293,-0.16308295094082986,12.144800186157227,0.58935546875,1809,1808,7.1576044065877795,0.22735390792830257,3.1763966686821723,0.7173087651181217,0.022784571719377242,0.314453125,,
11.893044999999926,1286,,,,-0.1875,0.0859375,-0.80859375,0.001172065211629702,-0.1723890755513391,12.144001007080078,0.5875651240348816,1809,1809,7.135391458004733,0.2219821496587271,3.1110017013810745,0.7765898105607507,0.024159722219297013,0.314453125,,
11.917710000000895,1286,,,,-0.01171875,0.0390625,-1.01171875,0.0010148787386890787,-0.16907710697972542,12.145501136779785,0.5841064453125,1806,1809,7.094265495543368,0.19222738727413563,2.7096164838332206,0.8795682518360634,0.02383292633831367,0.3125,,
11.942925000000745,1286,,,,0,0.041015625,-0.9921875,0.0005971614767267706,-0.17813500760343384,12.141500473022461,0.6414794921875,1805,1807,7.788523557828739,0.1130249406654343,1.4511728676974438,1.5760681364189537,0.02287147317213659,0.310546875,,
11.967300000000746,1286,,,,0.099609375,-0.06640625,-0.900390625,0.0009598020321295163,-0.1732115106999948,12.142000198364258,0.653076171875,1803,1804,7.92965100845322,0.18135882274272402,2.2870971566010994,0.9550762851262713,0.021843522560494363,0.30859375,,
11.99422000000067,1286,,,,-0.0625,-0.041015625,-1.021484375,0.0013502068906552688,-0.16228646000906796,12.14000129699707,0.6402587890625,1809,1804,7.772742529632524,0.25514113747055056,3.2825111149360686,0.6360654405556209,0.02087891878450533,0.306640625,,
12.020385000001639,1286,,,,-0.037109375,-0.03515625,-1.009765625,0.0015334009311412653,-0.15476228979771753,12.142499923706055,0.6536865234375,1806,1805,7.93738856096752,0.2898999970644472,3.6523347047673087,0.5338471588991172,0.019497885054886734,0.30859375,,
12.044450000001117,1286,,,,-0.07421875,0.16015625,-1,0.0011845940396094851,-0.15959687479319382,12.142223358154297,0.6429036259651184,1806,1807,7.806279424235754,0.224158816992305,2.871519257898592,0.7119812503233924,0.020444678715663394,0.306640625,,
12.07122000000067,1286,,,,-0.0234375,0.0546875,-0.984375,0.0006039465395205332,-0.1665764595682722,12.14342975616455,0.6794084906578064,1804,1806,8.250349282044851,0.11423331563571539,1.3845876305421414,1.4582125944717967,0.020190231210064136,0.30859375,,
12.099435000000522,1286,,,,-0.01953125,0.01171875,-1.001953125,0.0011584022432935158,-0.16233091596304935,12.140445709228516,0.6195746660232544,1806,1806,7.521912595668709,0.21903072770948379,2.91190205846857,0.7411330714216524,0.021581069162718434,0.30859375,,
12.124800000000745,1286,,,,-0.166015625,0.060546875,-1.01171875,0.0011773401693178736,-0.1583187661162288,12.138668060302734,0.5479600429534912,1807,1806,6.651505071721658,0.2226550302989531,3.3474383300939383,0.7110495815147689,0.023801946237597918,0.310546875,,
12.147515000000595,1286,,,,-0.07421875,0.134765625,-0.919921875,0.0009089241918897383,-0.17651236528311307,12.147501945495605,0.592041015625,1806,1806,7.191819389117882,0.17192423938140736,2.39055279449245,1.026686905338154,0.024543492506249293,0.3125,,
12.327915000000969,1286,,,,0.15625,-0.068359375,-0.98828125,0.0008170087179097511,-0.16003032034451237,12.142858505249023,0.6605747938156128,1803,1805,8.021266253437034,0.1544685845612156,1.92573815256447,1.0360056111027072,0.01995075531571352,0.310546875,,
12.363145000001415,1286,,,,-0.0078125,-0.033203125,-0.951171875,0.001105250561911092,-0.16256875531684978,12.142229080200195,0.6266809701919556,1804,1805,7.609303900272835,0.20889615767348066,2.7452728976429843,0.7782275994322316,0.021364471369190657,0.30859375,,
12.396570000000297,1286,,,,-0.103515625,0.13671875,-0.95703125,0.0008551695566434358,-0.17879073292465936,12.141334533691406,0.5574544072151184,1805,1806,6.768240445279389,0.16170331195873772,2.3891484539607353,1.1056714346721723,0.026416131987355686,0.310546875,,
12.41725500000082,1286,,,,0.087890625,-0.015625,-0.9765625,0.001351777021984672,-0.1662319259249164,12.141600608825684,0.56396484375,1808,1806,6.8474358902312815,0.2556957424558818,3.7341823502234397,0.6501161275831503,0.0242765216921661,0.310546875,,
12.439839999999851,1286,,,,0.0625,-0.166015625,-0.888671875,0.001162589850547983,-0.15101687567478533,12.14533519744873,0.5672200322151184,1808,1807,6.88907742196028,0.21993775619308215,3.1925574749963994,0.6866346110315341,0.021921204600399688,0.310546875,,
12.465300000000745,1286,,,,0,-0.072265625,-1,0.0011174306233780965,-0.16186412844624473,12.145500183105469,0.5645751953125,1811,1808,6.8570481380447745,0.21154700140138225,3.085103052254537,0.7651449908246589,0.023605511466104248,0.310546875,,
12.491460000000894,1286,,,,0.0859375,0.041015625,-0.982421875,0.0009617035321088709,-0.16692099321162795,12.143500328063965,0.6341552734375,1804,1808,7.700864771031775,0.1821243096556688,2.3649851681692042,0.9165223112017016,0.02167561672288184,0.30859375,,
12.516150000000373,1286,,,,0,0.111328125,-0.962890625,0.001030112956226496,-0.16664314349924428,12.145501136779785,0.631103515625,1811,1809,7.665068466449156,0.19513894784476585,2.545821328262238,0.8539717229171997,0.021740594259354568,0.30859375,,
12.54058999999985,1286,,,,0.25,-0.15234375,-1.1171875,0.0011217433728903541,-0.1663875217638513,12.140501022338867,0.64208984375,1810,1809,7.7952924044802785,0.21252935530410935,2.7263807985183455,0.78289195168247,0.021344615843816386,0.310546875,,
12.565929999999701,1286,,,,-0.0625,-0.00390625,-1.015625,0.0010829448364215425,-0.1739116919752017,12.140572547912598,0.6996372938156128,1810,1810,8.493997322793689,0.20525562398736788,2.4164785575875243,0.8472931878636603,0.02047465820462513,0.310546875,,
12.590134999999776,1286,,,,-0.0625,-0.001953125,-0.966796875,0.0012776873312942037,-0.1639202163178841,12.139501571655273,0.6072998046875,1812,1811,7.372316933469847,0.24230889439514633,3.2867400653257253,0.6764927747578694,0.022234559067000607,0.310546875,,
12.615380000000819,1286,,,,-0.111328125,0.0546875,-0.921875,0.0011197426617862683,-0.15592925858972903,12.142500877380371,0.594482421875,1814,1812,7.218503329204395,0.21248566014604658,2.9436248825484186,0.7338342666632423,0.021601328070165918,0.3125,,
12.641795000001789,1286,,,,-0.0234375,-0.03515625,-0.939453125,0.0007925994276103997,-0.16305332521524696,12.144001007080078,0.5712890625,1810,1812,6.937734950333834,0.15043877661364538,2.1684134330673226,1.0838517095495803,0.023502386064402917,0.310546875,,
12.66584500000067,1286,,,,0.01171875,-0.05859375,-0.9375,0.000972249395199837,-0.17547876435304574,12.143001556396484,0.5633544921875,1809,1810,6.840814475435764,0.18432275211021046,2.6944562342990452,0.9520190119997952,0.02565173562054066,0.3125,,
12.689794999999926,1286,,,,0.0625,-0.08984375,-0.966796875,0.0013146567499845213,-0.1565071859914871,12.144001007080078,0.5926513671875,1810,1810,7.197158799972385,0.2491178154325571,3.461335540262262,0.6282456584637874,0.021745690256561746,0.314453125,,
12.715584999999031,1286,,,,-0.0625,0.140625,-1.0625,0.0013196136731376386,-0.15320633140836884,12.147500991821289,0.5902099609375,1809,1809,7.1695760858710855,0.25002994300125403,3.4873741488563343,0.6127519351056303,0.021368952581490686,0.31640625,,
12.736384999999776,1286,,,,-0.048828125,0.04296875,-1.06640625,0.0010843167446224025,-0.1626198796639284,12.139001846313477,0.611572265625,1809,1810,7.423876861575991,0.20551647824801186,2.7683174449149393,0.7912741647299104,0.021904980739323083,0.314453125,,
12.758480000000446,1286,,,,-0.03125,0.06640625,-1.009765625,0.0009180555279164038,-0.14856068421731347,12.141716003417969,0.6856864094734192,1809,1809,8.32540965122962,0.17391955174656,2.089020949508148,0.8541919682141309,0.017844249165009176,0.3125,,
12.780695000000298,1286,,,,-0.13671875,0.021484375,-1.0234375,0.0008659972150263036,-0.1454265394616254,12.144001007080078,0.5362955927848816,1806,1808,6.5127742188722095,0.16399918522026988,2.518115624905986,0.8867515973710525,0.02232943052750389,0.314453125,,
12.80444000000134,1286,,,,0,-0.14453125,-0.87890625,0.0008655922659566261,-0.17278917913717157,12.138287544250488,0.6396484375,1805,1807,7.764236661605537,0.1638018493909577,2.1096967613180118,1.0548670834891685,0.022254496696580753,0.314453125,,
12.826420000001788,1286,,,,0,0.001953125,-0.95703125,0.0007783842899781436,-0.1619196983887215,12.140000343322754,0.6866455078125,1807,1806,8.335876700584777,0.14724301367585285,1.7663770586424759,1.0996766117893955,0.01942443538990476,0.314453125,,
12.847695000000298,1286,,,,-0.046875,0.0546875,-1.08984375,0.001347844548014839,-0.16284215943383537,12.139430046081543,0.6243024468421936,1808,1807,7.57867588103835,0.2549925423792167,3.364605458549842,0.6386153803339931,0.021486887945856372,0.314453125,,
12.872259999999777,1286,,,,-0.0625,0.15234375,-1.037109375,0.001349857136507097,-0.17121099277083218,12.141334533691406,0.5655924677848816,1808,1807,6.867047361112327,0.2554228843677571,3.719544528179628,0.6703040457577917,0.024932257456150613,0.3125,,
12.895210000000894,1286,,,,-0.037109375,-0.025390625,-0.814453125,0.0010720908599079954,-0.17775713199459203,12.145001411437988,0.56640625,1809,1808,6.879004705697298,0.20299140925744918,2.9508834190697466,0.8756879547013089,0.02584053065807192,0.3125,,
12.920769999999553,1286,,,,0.046875,-0.14453125,-0.876953125,0.0010569631196621911,-0.1679212521762093,12.14228630065918,0.6731305718421936,1810,1809,8.173344121034347,0.2002347391995449,2.449850835036234,0.8386219736269966,0.020544987423698324,0.31640625,,
12.943679999999702,1286,,,,-0.05078125,0.041015625,-0.97265625,0.001295029715365169,-0.16957723646201608,12.144500732421875,0.628662109375,1811,1810,7.634787447750568,0.24546828211917057,3.215129220021609,0.6908315607948454,0.022211127372246425,0.31640625,,
12.969870000001043,1286,,,,-0.125,-0.115234375,-1.009765625,0.0011078085416189585,-0.17038855762217647,12.14571475982666,0.5643135905265808,1813,1812,6.853991905629471,0.21019400362044485,3.0667384279780623,0.8106252066536278,0.02485975471932338,0.314453125,,
12.994349999999628,1286,,,,0.01171875,-0.01171875,-0.9765625,0.0008176699390959876,-0.16954389449653007,12.141778945922852,0.6081814169883728,1811,1812,7.384404324090951,0.1551937888372428,2.1016426244556667,1.0924657215137437,0.02295972526089998,0.318359375,,
13.018235000001267,1286,,,,0,0.029296875,-1.06640625,0.0007604913540319095,-0.16099723734360763,12.144000053405762,0.6501116156578064,1812,1812,7.894955495268107,0.14433131728683884,1.8281460531771807,1.1154698811737962,0.020392418607058947,0.322265625,,
13.040045000001788,1286,,,,-0.0234375,-0.021484375,-1.0390625,0.0009553755391587642,-0.15002773069869935,12.143501281738281,0.6707763671875,1812,1812,8.145573674701154,0.18127954047720582,2.225497524382242,0.82760431929473,0.01841831363758472,0.322265625,,
13.065465000001714,1286,,,,0,0.04296875,-0.9765625,0.0011114602096789577,-0.16110837722856108,12.138285636901855,0.6229073405265808,1812,1812,7.561027224634529,0.21085131225986797,2.788659609277623,0.7640852480443651,0.021307736692661946,0.322265625,,
13.090460000000894,1286,,,,0.01171875,-0.0390625,-0.9375,0.0011854800927671198,-0.1480049847925461,12.138500213623047,0.58349609375,1811,1811,7.082767458632588,0.22485987470278498,3.1747459734644012,0.6582098517495659,0.02089649076536535,0.3203125,,
13.115320000000297,1286,,,,-0.07421875,-0.099609375,-0.9140625,0.0009721816242202673,-0.15248392215617124,12.143499374389648,0.538330078125,1809,1811,6.537210966926068,0.1843625032968581,2.820201217761053,0.8270875011424834,0.023325531779169784,0.3203125,,
13.139324999999255,1286,,,,0.0625,0.06640625,-0.984375,0.0006868360368936402,-0.15465114991276402,12.146000862121582,0.5810546875,1807,1810,7.057490735314786,0.13021311865166163,1.8450342130821615,1.1876771827151884,0.02191305036206556,0.3203125,,
13.160490000000223,1286,,,,-0.046875,0.1484375,-1.09765625,0.0008779835957015707,-0.15181708284645037,12.146000862121582,0.592041015625,1808,1808,7.190930686192587,0.1662771271111288,2.3123172001977434,0.9130364800264184,0.021112299571730903,0.3203125,,
13.181915000000968,1286,,,,0.07421875,0.0859375,-0.9609375,0.0011777576944456154,-0.15220607244378753,12.138667106628418,0.6437174677848816,1807,1808,7.8138720521624805,0.2229656781068406,2.8534595475636833,0.6826435070013489,0.01947895632635355,0.3203125,,
13.203625,1286,,,,0.125,-0.109375,-0.9765625,0.0013267834235741968,-0.1554069011304477,12.142858505249023,0.654296875,1808,1807,7.945034373551607,0.25112394868161697,3.1607660442299506,0.6188454026241742,0.01956025535242302,0.322265625,,
13.225535000002012,1286,,,,-0.125,0.083984375,-1.06640625,0.001271895357885602,-0.15437330020038037,12.144000053405762,0.6396484375,1810,1808,7.767890659160912,0.24085742356043596,3.100679890188534,0.6409322906405872,0.019873258645617415,0.322265625,,
13.249035000000148,1286,,,,0.01171875,-0.08203125,-0.853515625,0.001146602746334437,-0.153339699270313,12.134285926818848,0.8028739094734192,1811,1809,9.74230158073334,0.21720615815846187,2.2295158526812093,0.7059638666342262,0.015739576320811303,0.322265625,,
13.27275,1286,,,,0.0234375,0.072265625,-0.98828125,0.0017649754862033838,-0.1753231685141109,12.142858505249023,0.6096540093421936,1818,1811,7.402942372600023,0.3346897623577187,4.521036981139847,0.5238378589146216,0.023682903322741224,0.322265625,,
13.298125,1286,,,,-0.171875,0.04296875,-1.046875,0.0029074407738432263,-0.17052192548412065,12.144000053405762,0.5817522406578064,1829,1819,7.064799241617322,0.5538218768928135,7.839173597890219,0.3079003062154647,0.024136839512665844,0.32421875,,
13.321540000000969,1286,,,,-0.01171875,-0.11328125,-0.98046875,0.00015850409994919693,-0.13859513541128263,12.141778945922852,0.5544704794883728,1826,1825,6.732257993987673,0.030288295861306557,0.4498980266109216,4.575864421224787,0.02058672373148158,0.322265625,,
13.344685000000522,1286,,,,0,0.0390625,-0.982421875,0.00039370475175325045,-0.16741000870542327,12.142857551574707,0.6794084906578064,1819,1826,8.249960521388118,0.07527023175821457,0.9123708115096505,2.224119745548055,0.02029221937140316,0.326171875,,
13.371464999999851,1286,,,,0,0.1015625,-1.099609375,0.0008432984083577045,-0.16741000870542327,12.142858505249023,0.5503627061843872,1818,1822,6.6829764677629555,0.16090380926435072,2.4076668538414188,1.0404353350664524,0.025050216698048876,0.326171875,,
13.397035000000148,1286,,,,0.0234375,0.03515625,-0.9375,0.0007712410889974993,-0.16546506071873743,12.142223358154297,0.6287977695465088,1814,1817,7.635002964942942,0.1467869354749678,1.9225524357876234,1.127246509938583,0.0216719052341552,0.32421875,,
13.423509999999776,1286,,,,0.07421875,-0.0390625,-1.021484375,0.0006823212320484793,-0.17296700295309714,12.144500732421875,0.653076171875,1813,1815,7.931284047663212,0.12970342716223565,1.635339579099428,1.333557691862271,0.021808196745148507,0.322265625,,
13.450459999999032,1286,,,,-0.11328125,-0.0625,-0.927734375,0.0007440958073992235,-0.16965503438148352,12.142499923706055,0.5450439453125,1811,1813,6.618196064373478,0.14128878752126048,2.1348534577546667,1.2007678553824,0.025634634080237723,0.318359375,,
13.663965000001713,1286,,,,-0.0625,-0.0625,-0.853515625,0.0008584676495951217,-0.15863735554269076,12.140888214111328,0.5935329794883728,1810,1812,7.206017555356766,0.16285734320919415,2.260018685190827,0.9740878269082242,0.022014566898295146,0.3203125,,
13.696419999999925,1286,,,,-0.033203125,0.01953125,-0.96875,0.0010662631468052147,-0.1644837649970263,12.142444610595703,0.6216769814491272,1810,1810,7.5486783129283594,0.2021301843879114,2.677689735986365,0.813751620002299,0.02178974360522433,0.3203125,,
13.728964999999851,1286,,,,-0.03125,0.03125,-1.099609375,0.001064525043989443,-0.1814247481980568,12.145818710327148,0.6001420617103577,1812,1811,7.289216681975972,0.20185230202979584,2.7691905843451674,0.8987995002963916,0.02488947113434909,0.3203125,,
13.749924999998882,1286,,,,0.115234375,0.087890625,-1.0546875,0.000857499293124154,-0.17787938586804086,12.140400886535645,0.6328125,1809,1811,7.6825974360108376,0.16258921905609544,2.1163313633223417,1.09404170153908,0.023153547657496956,0.3203125,,
13.773519999999554,1286,,,,-0.203125,0.20703125,-0.953125,0.0007554181722086845,-0.15433995823489433,12.14571475982666,0.5831473469734192,1809,1810,7.082741339288816,0.1431692612632183,2.021382038463571,1.0780244088229147,0.02179099177019949,0.322265625,,
13.794919999999925,1286,,,,0.173828125,-0.1484375,-1.0625,0.001117932967030785,-0.15433995823489433,12.144571304321289,0.6598772406578064,1809,1809,8.013926201267509,0.2117304802888917,2.6420318202506494,0.7289453933335817,0.019258969244124485,0.3203125,,
13.82275,1286,,,,-0.15625,0.091796875,-0.96875,0.001340511728025378,-0.14559324928905562,12.138859748840332,0.6319754719734192,1809,1808,7.67146161899251,0.25383297065437305,3.308795419453703,0.5735789519924107,0.01897855409047544,0.322265625,,
13.844689999999478,1286,,,,0.03125,-0.001953125,-1.005859375,0.0012518189387914116,-0.14789384490759264,12.142001152038574,0.5767822265625,1809,1809,7.003290459397249,0.23710029539705577,3.3855556437603793,0.623760694434922,0.021117765394000437,0.322265625,,
13.871884999999777,1286,,,,0.0625,-0.05078125,-0.91015625,0.0013819348878122539,-0.15702954345076847,12.145001411437988,0.577392578125,1813,1809,7.012433676281944,0.2618580297027419,3.7341961691334156,0.5996743488409598,0.02239301656169488,0.326171875,,
13.895095000000671,1286,,,,0.01953125,0.083984375,-1.005859375,0.001393933704811607,-0.16622081193642105,12.144001007080078,0.579833984375,1814,1812,7.041504490189254,0.264547525215697,3.756974458857255,0.6283211751873091,0.02360586607137895,0.328125,,
13.921115000000224,1286,,,,-0.046875,0.080078125,-1.076171875,0.0010233132213649915,-0.17541208042207368,12.146500587463379,0.626220703125,1815,1814,7.606390138389543,0.19438735247082034,2.555579571047047,0.9023842250663141,0.023061146908145928,0.328125,,
13.943324999999255,1286,,,,-0.13671875,0.0703125,-1.09375,0.0009998070317686506,-0.1857036337687657,12.144001007080078,0.5987548828125,1813,1814,7.271279899869114,0.18991327513101103,2.611827322648239,0.977833875176228,0.025539332321962798,0.33203125,,
13.968390000000596,1286,,,,-0.0234375,0.109375,-1.01953125,0.0011787151516662602,-0.1843588411608286,12.137144088745117,0.5984932780265808,1812,1813,7.263999151554003,0.2238078046973527,3.081054939956498,0.8237373196619774,0.0253797993797106,0.33203125,,
13.994995000001044,1286,,,,-0.111328125,-0.109375,-0.833984375,0.0007199721333519149,-0.1619641543427029,12.142500877380371,0.5902099609375,1809,1811,7.166624968522228,0.13655823210568876,1.90547479051143,1.1860446041608923,0.022599780936506882,0.33203125,,
14.021035000002012,1286,,,,0.03125,-0.0703125,-0.888671875,0.0006315022198136478,-0.17231127763187162,12.144001007080078,0.63720703125,1808,1810,7.738242829218507,0.11966483152331442,1.5464083276306217,1.43994919341277,0.022267494240585044,0.333984375,,
14.043410000000149,1286,,,,-0.125,-0.052734375,-0.939453125,0.0006632468453140734,-0.18141363420956147,12.145001411437988,0.650634765625,1807,1808,7.90196014684625,0.12557705485233592,1.5891886635552694,1.4446399815864681,0.022958054816559083,0.3359375,,
14.067824999999255,1286,,,,-0.25,0.205078125,-0.8515625,0.001192421937084753,-0.1801688674980825,12.142858505249023,0.5859375,1808,1807,7.11495615541935,0.22567491331423317,3.1718384257693586,0.798355762508758,0.02532255484959675,0.33984375,,
14.091335000000894,1286,,,,0.048828125,-0.080078125,-1.0234375,0.001234591974986683,-0.17009959392129742,12.140501976013184,0.6195068359375,1809,1808,7.521123965852894,0.23368573529116926,3.107058683677332,0.7278989182174753,0.02261624654686943,0.337890625,,
14.115679999999703,1286,,,,-0.037109375,-0.052734375,-1.0703125,0.0014556032002105233,-0.17255578537876928,12.141143798828125,0.5845423936843872,1809,1809,7.097013258233346,0.27568248123790745,3.8844859267817244,0.6259222008012097,0.024313859802725442,0.337890625,,
14.140310000000522,1286,,,,0.0234375,-0.09375,-0.8984375,0.0014385837413638588,-0.1449819799218115,12.143001556396484,0.5584716796875,1810,1809,6.781522475648671,0.27255581346287755,4.0190947451929935,0.5319350120615138,0.02137897211760602,0.337890625,,
14.168195000000297,1286,,,,-0.0234375,0.07421875,-0.99609375,0.0006568058075753645,-0.1658651643045699,12.143501281738281,0.6243896484375,1809,1809,7.582276496104896,0.12445612282152789,1.6414083934483588,1.3327200023933197,0.021875377980449116,0.33984375,,
14.190150000000372,1286,,,,0.0234375,-0.052734375,-1.06640625,0.0009450089547622067,-0.1731670547460134,12.142223358154297,0.5913628339767456,1809,1809,7.180459615856762,0.17899952412975215,2.492870007018265,0.9674162855343071,0.02411643042509492,0.33984375,,
14.21527999999933,1286,,,,0.037109375,-0.0390625,-0.9609375,0.0010505925078486435,-0.15958576080469847,12.142857551574707,0.5838448405265808,1810,1809,7.089544730736122,0.1990213438337341,2.8072514017845727,0.8018524934592905,0.02251001536288048,0.337890625,,
14.240195000000298,1286,,,,-0.25,0.16796875,-0.990234375,0.0010077169530892948,-0.1626643356179098,12.140501022338867,0.5975341796875,1810,1809,7.25436431937851,0.19092599365480875,2.631877656665107,0.851975849406888,0.02242296202072264,0.33984375,,
14.265215000001714,1286,,,,-0.01171875,0.0234375,-0.9453125,0.0011839004001402383,-0.1608527554931681,12.139500617980957,0.6298828125,1810,1810,7.646462791599333,0.22437907128962026,2.934416571491472,0.7168794957955115,0.021036230722248,0.341796875,,
14.289810000000521,1286,,,,0.01171875,-0.021484375,-1.005859375,0.0011407070903137926,-0.1654428327417467,12.141000747680664,0.6622314453125,1811,1810,8.04015247267671,0.21622379296714914,2.689299658208651,0.7651462888123621,0.020577076529827036,0.341796875,,
14.315765000000596,1286,,,,0.0234375,-0.08984375,-0.94140625,0.0012028866147342139,-0.1560403984746825,12.139999389648438,0.6689453125,1808,1810,8.120995685458183,0.22799715607511906,2.807502489914887,0.6843962493254578,0.01921444174069633,0.33984375,,
14.342190000001342,1286,,,,-0.01171875,0.16796875,-0.990234375,0.0011971889617610962,-0.15918565721886593,12.14000129699707,0.6201171875,1810,1810,7.528223460540175,0.2269391263523856,3.0145110269628206,0.7014465058426562,0.021145182266872273,0.33984375,,
14.366480000000447,1286,,,,0.20703125,-0.1796875,-1.12109375,0.0012578931748365718,-0.16649866164880475,12.143000602722168,0.5987548828125,1814,1811,7.2706809028750286,0.23857951003670239,3.2813915673614753,0.697874941662807,0.022900009486452166,0.341796875,,
14.391520000001416,1286,,,,-0.048828125,0.10546875,-0.98046875,0.001029480659973808,-0.16894373911778127,12.146001815795898,0.56640625,1812,1812,6.879571340978146,0.19536317247180668,2.839757926604039,0.8647675863380134,0.02455730607973616,0.341796875,,
14.415655000001193,1286,,,,0.048828125,0.041015625,-1.021484375,0.0008882182712224295,-0.14350381945193025,12.142000198364258,0.6024169921875,1809,1811,7.3145472386386245,0.16847159956143168,2.3032402972461687,0.8517982842538564,0.019618961334186287,0.33984375,,
14.439980000000448,1286,,,,-0.0234375,0.015625,-0.978515625,0.000520911998277749,-0.16036373999937278,12.14228630065918,0.6110491156578064,1806,1810,7.419533306081689,0.09871647811769704,1.330494440085342,1.624488059715576,0.021613723314365993,0.337890625,,
14.466890000000596,1286,,,,0.0625,-0.150390625,-0.98046875,0.0009571563089806996,-0.1709553710354392,12.144500732421875,0.6195068359375,1805,1807,7.523601222783327,0.18112338650221382,2.4074028000544123,0.9438613882881969,0.022722545490282502,0.3359375,,
14.49244500000216,1286,,,,-0.07421875,-0.0078125,-0.904296875,0.0012060003069770092,-0.15241723822519912,12.140445709228516,0.6825087070465088,1808,1806,8.28595990397389,0.2280864516459567,2.7526859203912872,0.6682432784819073,0.018394638640732604,0.333984375,,
14.515490000002087,1286,,,,0.048828125,-0.0546875,-0.99609375,0.0014186684677511875,-0.15722959524368474,12.143501281738281,0.560302734375,1810,1808,6.804036973044276,0.26854313281561676,3.946820598998959,0.5854910293000845,0.02310828054970676,0.333984375,,
14.536090000001714,1286,,,,0.0625,0.01171875,-1.03515625,0.0017060175286571554,-0.1601859161834472,12.14000129699707,0.6396484375,1811,1809,7.7653328608721495,0.323207354255063,4.1621828715628615,0.4956134632290408,0.02062833867567864,0.33203125,,
14.558160000000148,1286,,,,-0.03125,-0.19921875,-0.826171875,0.0009903413123314476,-0.1660207601435048,12.141715049743652,0.5943080186843872,1811,1811,7.215918614643556,0.18776698267881092,2.602121679944779,0.8841850562593072,0.023007571039755377,0.33203125,,
14.580625,1286,,,,-0.0234375,-0.01171875,-1.05078125,0.000835488955767598,-0.1604748798843263,12.139999389648438,0.6047711968421936,1810,1811,7.341921960541185,0.1584220376769484,2.1577733804360792,1.012958059607616,0.02185733936519497,0.330078125,,
14.602169999999926,1286,,,,0.1875,0.00390625,-0.876953125,0.001035940701533592,-0.16686542326915124,12.145143508911133,0.5810546875,1808,1810,7.056992566213012,0.19638813147883885,2.7828870391488376,0.8496716273668059,0.023645401593315848,0.330078125,,
14.624145000001416,1286,,,,0.140625,0.033203125,-1.181640625,0.0009098091271755449,-0.17336710653892967,12.140000343322754,0.5769856572151184,1808,1809,7.004606076683842,0.17237217651257744,2.4608404045211176,1.0057719873733777,0.024750443442639113,0.330078125,,
14.648120000001043,1286,,,,0.0625,-0.017578125,-0.951171875,0.0010498485641471382,-0.1733115365964529,12.146286964416504,0.6012834906578064,1810,1809,7.3033618244957665,0.19889129538458894,2.723284155489868,0.8713882438209607,0.023730377976777642,0.330078125,,
14.671310000000522,1286,,,,0.07421875,-0.0234375,-1.103515625,0.001424507639040205,-0.16440923181167938,12.141500473022461,0.6549072265625,1811,1810,7.951556401094422,0.2699441839193196,3.3948597017077753,0.6090489871818008,0.02067635862949431,0.33203125,,
14.694054999999702,1286,,,,-0.140625,0.134765625,-0.9921875,0.0011701760082404552,-0.151039103651776,12.145000457763672,0.6304931640625,1809,1811,7.657339766155928,0.221862473645575,2.8973831698858055,0.6807780566490067,0.019724748837623977,0.333984375,,
14.720894999999553,1286,,,,0.0234375,0.0078125,-0.91796875,0.0006765957720136414,-0.15449555407382917,12.138285636901855,0.6863839030265808,1809,1810,8.331523871508182,0.12826039188552832,1.5394589736956545,1.2045460941029682,0.018543492937968645,0.33203125,,
14.744035000002011,1286,,,,0.037109375,-0.162109375,-0.87890625,0.0009664684607755369,-0.16160850671085175,12.143112182617188,0.5886501669883728,1808,1809,7.148045014056152,0.18312957342513023,2.5619532762457173,0.8824817515174465,0.022608770145271812,0.333984375,,
14.76884500000067,1286,,,,-0.01171875,-0.0234375,-0.9609375,0.0012189782399636743,-0.15273954389156424,12.142666816711426,0.6022135615348816,1809,1809,7.312478630223211,0.23088126079167093,3.1573598018791524,0.661550198434616,0.020887520034626333,0.33203125,,
14.793769999999553,1286,,,,-0.07421875,0.12109375,-0.986328125,0.0012105936423180842,-0.1631311231347144,12.142500877380371,0.6158447265625,1809,1809,7.477895132615231,0.2292770356297201,3.066063799553919,0.711502234345743,0.021815112440292116,0.330078125,,
14.978175000000745,1286,,,,-0.099609375,0.126953125,-1.09375,0.0012794381980447411,-0.17125544872481357,12.142499923706055,0.582275390625,1810,1809,7.070278886239976,0.24237306165703673,3.428055180803942,0.706577899185611,0.024221880279447994,0.33203125,,
14.999905000001192,1286,,,,-0.01953125,0.033203125,-1.0078125,0.0011001982064548573,-0.16665585512358583,12.141935348510742,0.6081464290618896,1811,1810,7.384074624097138,0.2085913191617291,2.82488097399522,0.7989587284520261,0.022569633110115415,0.333984375,,
15.023920000001787,1286,,,,-0.03125,0.02734375,-0.86328125,0.0009018544909817825,-0.17468967116987605,12.137715339660645,0.6501116156578064,1809,1810,7.890869729861322,0.17098715914568713,2.166898770342419,1.0216537431388881,0.022138202397233867,0.328125,,
15.064465000001714,1286,,,,-0.015625,0.0234375,-1.09765625,0.0009248157180619943,-0.1723001636433763,12.141500473022461,0.521240234375,1808,1809,6.328638552222401,0.1752316858069596,2.768868602006418,0.983270593157377,0.02722547072669688,0.326171875,,
15.259810000000522,1286,,,,0.046875,-0.048828125,-0.931640625,0.0014564536483862667,-0.15488084479687023,12.141846656799316,0.6449068784713745,1810,1809,7.830360426314542,0.2759316871863557,3.5238695559793842,0.5613014089689109,0.01977952946793879,0.326171875,,
15.296165000000968,1286,,,,0.0078125,-0.048828125,-0.986328125,0.0009426323941894648,-0.1632297597826106,12.14217758178711,0.6042110323905945,1814,1814,7.336437652161521,0.1790857376230826,2.4410449064515514,0.9114615264681561,0.022249185166116486,0.322265625,,
15.32333999999985,1286,,,,0.03515625,0.056640625,-0.96875,0.0009964756611699863,-0.15814834004889544,12.142001152038574,0.6538899540901184,1812,1812,7.939532575868668,0.18911275334241975,2.3819129342350336,0.8362648063324521,0.019919099586488232,0.326171875,,
15.34613500000164,1286,,,,0,-0.03515625,-0.89453125,0.0010105426536024126,-0.1585743878516218,12.140501022338867,0.682373046875,1811,1812,8.284350673202425,0.19170753734177312,2.3140924968554724,0.8271682483141909,0.019141438370609533,0.32421875,,
15.371820000000298,1286,,,,-0.099609375,-0.025390625,-1.03125,0.0010453801509828378,-0.17049969750712995,12.145500183105469,0.6475830078125,1815,1812,7.865219539962709,0.1983608990641876,2.5220007916667524,0.859542875191133,0.02167767811703554,0.32421875,,
15.395019999999553,1286,,,,0.01171875,-0.037109375,-0.939453125,0.000927882319954037,-0.1579964604498637,12.142500877380371,0.5712890625,1813,1813,6.93687794264406,0.1761216287284847,2.538917798247351,0.897087209506997,0.02277630682797365,0.326171875,,
15.42297000000067,1286,,,,0.099609375,-0.0234375,-1.037109375,0.0008603384080992074,-0.14618229067930905,12.140572547912598,0.5419921875,1814,1813,6.580095472745597,0.16336012254296442,2.4826406124286993,0.8948468475889056,0.02221583125728012,0.326171875,,
15.446160000000148,1286,,,,-0.125,-0.0078125,-0.91015625,0.0007279172676351398,-0.16413138209929568,12.146223068237305,0.5707465410232544,1812,1813,6.932414802693302,0.13817094178792436,1.9931141704654456,1.1878863961947763,0.023675932091589393,0.32421875,,
15.472080000001936,1286,,,,-0.048828125,-0.0625,-0.876953125,0.0007742492820865312,-0.15235055429422703,12.145143508911133,0.5308314561843872,1813,1812,6.447024214403655,0.14688586857101105,2.2783514329424293,1.037203617859087,0.023631143490023227,0.322265625,,
15.494495000001043,1286,,,,-0.07421875,0.0546875,-0.94140625,0.0004972205214259244,-0.15088350781284116,12.140000343322754,0.631103515625,1808,1811,7.661596896359697,0.0942809234369454,1.2305649163262777,1.6003609459102432,0.01969348033495881,0.32421875,,
15.521330000001937,1286,,,,-0.048828125,0.060546875,-0.939453125,0.001252556175261949,-0.14911638364208085,12.145143508911133,0.6131417155265808,1811,1810,7.446694126370289,0.23744759515879263,3.188630970056114,0.6279970262169199,0.02002450766898412,0.328125,,
15.544450000001117,1286,,,,0.0625,-0.005859375,-1.171875,0.0007843932702553472,-0.17115542282835547,12.140889167785645,0.6385633945465088,1808,1810,7.752727399794139,0.14865696346723256,1.917479563013913,1.1513448064347291,0.022076801363208026,0.330078125,,
15.568275000000373,1286,,,,-0.0625,-0.0390625,-0.947265625,0.0009937995885652105,-0.16312000914621902,12.141715049743652,0.6703404188156128,1806,1809,8.139082351584989,0.18827754774124125,2.3132527674274783,0.8663805700847697,0.020041572513939898,0.330078125,,
15.5935,1286,,,,-0.0625,0.01953125,-0.982421875,0.0012786354263382895,-0.16312000914621902,12.141715049743652,0.6919642686843872,1809,1809,8.401632974970084,0.24218917405519122,2.882644061895046,0.6735231241551963,0.019415274343949764,0.330078125,,
15.621420000001788,1286,,,,-0.048828125,0.095703125,-1.1328125,0.001957764080854755,-0.17666796112204797,12.141501426696777,0.777587890625,1820,1811,9.441084483405575,0.3712260757776274,3.932027898173401,0.47590396432139637,0.018712676645630498,0.3359375,,
15.64459500000067,1286,,,,0.037109375,0.017578125,-0.826171875,0.004103686316190158,-0.18904522806596222,12.141779899597168,0.5815972089767456,1837,1824,7.061625301615663,0.7836928017223078,11.097909733939055,0.241223637183474,0.02677078151154659,0.34375,,
15.671390000000596,1286,,,,-0.099609375,-0.029296875,-0.880859375,0.001229786523466253,-0.1562293362791034,12.140501022338867,0.5975341796875,1840,1833,7.25436431937851,0.23609759123442112,3.2545593361466008,0.66171507918513,0.02153590988830952,0.345703125,,
15.69491000000015,1286,,,,0.0859375,0.037109375,-0.982421875,-0.0004159540232963151,-0.1650205011789235,12.140501022338867,0.6610107421875,1833,1837,8.025001591304317,0.08003409097659674,0.997309347119876,2.061877621964597,0.020563298250025945,0.349609375,,
15.72166000000015,1286,,,,0.125,-0.064453125,-1.091796875,0.0003750445365311026,-0.17381166607874357,12.142500877380371,0.5487060546875,1830,1834,6.662663750466891,0.07203685110397409,1.0812019606861603,2.412815988137422,0.026087413771490958,0.3515625,,
15.746320000000297,1286,,,,-0.17578125,0.162109375,-0.890625,0.0009119594933705982,-0.17834617338484549,12.147000312805176,0.56640625,1828,1830,6.880136895924807,0.1747673728727944,2.540172899412966,1.0204775093498484,0.025921893137109263,0.353515625,,
15.77228500000015,1286,,,,-0.046875,0.0859375,-1.12890625,0.0002653649613330531,-0.17533428250260621,12.142001152038574,0.5572509765625,1822,1826,6.7661419993964955,0.05075111931474775,0.7500747001655373,3.4547865124948265,0.02591347957495499,0.353515625,,
15.794310000000522,1286,,,,0.009765625,0.0078125,-0.94921875,0.00022185920633069353,-0.15860772981710786,12.144500732421875,0.6866455078125,1814,1823,8.338966872543097,0.042343382700858696,0.5077773223956391,3.745750096009486,0.019020069541149046,0.3515625,,
15.819210000000894,1286,,,,0.078125,-0.107421875,-1.005859375,0.0008669024117389915,-0.16724329887799305,12.14000129699707,0.6180245280265808,1815,1818,7.502818571818693,0.1650513462407421,2.19985788888313,1.013280428710068,0.02229072944748723,0.349609375,,
15.844099999999628,1286,,,,0.048828125,-0.09375,-0.841796875,0.0007967071873762056,-0.1555958389348686,12.141501426696777,0.6072998046875,1812,1814,7.3735314450459555,0.1513641583982732,2.05280413498433,1.0279569521700171,0.021101942820005003,0.34765625,,
15.868875,1286,,,,0,0.0078125,-1.076171875,0.0007267236599908388,-0.15598482853220577,12.143001556396484,0.577392578125,1811,1812,7.011278974823654,0.13791065983696518,1.9669829189821089,1.1310570822923147,0.02224769961262725,0.345703125,,
15.891020000001415,1286,,,,0.01171875,0.1328125,-1.0078125,0.0008443174882628655,-0.16640974974084197,12.142858505249023,0.6284877061843872,1809,1811,7.6316372884855355,0.16010054593035683,2.0978531850814424,1.0394077595040156,0.021805248788738654,0.34375,,
15.918165000000968,1286,,,,-0.0625,-0.05859375,-0.947265625,0.0006208767083549394,-0.16337563088161203,12.144000053405762,0.6905692219734192,1808,1809,8.386272668525578,0.11761807988205766,1.4025072225887514,1.3890350109901308,0.01948131635342304,0.33984375,,
15.941,1286,,,,0.162109375,-0.14453125,-1.017578125,0.0009099664676353299,-0.17513423070968998,12.141778945922852,0.6141493320465088,1806,1808,7.456865429494883,0.1722866208274676,2.3104429395494406,1.016528328598853,0.023486306996632136,0.33984375,,
15.965265000000596,1286,,,,-0.09375,0.052734375,-0.994140625,0.0010823710887058436,-0.1776793340751246,12.14342975616455,0.5991908311843872,1813,1808,7.276231769025458,0.2049536090410875,2.816754819624691,0.8669246416612494,0.024419141626507324,0.337890625,,
15.989955000000075,1286,,,,0.048828125,0.10546875,-1.01171875,0.0011464526720415336,-0.15970801467814727,12.143001556396484,0.5975341796875,1808,1809,7.255858473945409,0.21715203823816195,2.9927821637910816,0.7354663395007472,0.022010905429265523,0.3359375,,
16.020640000000597,1286,,,,0.01171875,0.015625,-1.125,0.0011600274088503489,-0.17149995647171126,12.144001960754395,0.6040736436843872,1808,1809,7.33587151334325,0.21976651765380725,2.9957792643188057,0.7803734540757973,0.023378266121451177,0.333984375,,
16.04418500000052,1286,,,,-0.05078125,-0.0390625,-0.953125,0.0009437878517284575,-0.16028222584000223,12.140000343322754,0.6352095007896423,1807,1808,7.711443557668133,0.17869978837911288,2.317332507756174,0.8969357339134747,0.02078498333565837,0.333984375,,
16.071025000000372,1286,,,,0.0625,-0.03125,-1.134765625,0.0012155534998847498,-0.15768526877199399,12.138287544250488,0.6333705186843872,1808,1807,7.688033477842168,0.23007543922401166,2.9926435659667274,0.6853633282362861,0.020510481545958636,0.333984375,,
16.094705000001937,1286,,,,-0.0625,0.181640625,-0.96484375,0.0012246812028279743,-0.16220866208960052,12.140889167785645,0.6548393964767456,1808,1808,7.95033253532381,0.231821457269497,2.915871207141339,0.6997137538525167,0.020402751880993355,0.333984375,,
16.11965499999933,1286,,,,0.0625,-0.0234375,-1.03515625,0.0013982347166696706,-0.1759122099043643,12.141143798828125,0.5712890625,1809,1808,6.936102658510208,0.26477416295611705,3.817333393000665,0.6643858597846629,0.025361823283934517,0.333984375,,
