Time (s),ESC signal (µs),Servo 1 (µs),Servo 2 (µs),Servo 3 (µs),AccX (g),AccY (g),AccZ (g),Torque (N·m),Thrust (N),Voltage (V),Current (A),Motor Electrical Speed (RPM),Motor Optical Speed (RPM),Electrical Power (W),Mechanical Power (W),Motor Efficiency (%),Propeller Mech. Efficiency (N/W),Overall Efficiency (N/W),Vibration (g),App message,
0,1544,,,,0.546875,-0.466796875,-0.611328125,0.04303320906164954,2.248415442551328,12.090858459472656,4.7802734375,4578,4566,57.79760953038931,20.57683322501804,35.60152987676589,0.1092692650012649,0.03890153002554782,2.1015625,,
0,1544,,,,1.140625,-0.16015625,-1.2890625,0.04511523639824452,2.255295001429948,12.09428596496582,4.5263671875,4585,4583,54.743179148063064,21.653876549715527,39.555387331723296,0.10415202082878672,0.04119773525264372,2.087890625,,
0.027325000001117587,1544,,,,0.3359375,0.275390625,-0.84765625,0.04376689670833525,2.267298109004924,12.092573165893555,4.4845147132873535,4574,4579,54.22932228395348,20.988972624634982,38.704102763323014,0.10802330107114304,0.04180944945490901,2.08203125,,
0.05167000000178814,1544,,,,-0.07421875,-0.966796875,-0.76953125,0.0409525245685879,2.2623190421590085,12.089335441589355,4.56651496887207,4566,4570,55.20613125773343,19.59719037019812,35.4982135565837,0.11544098921442161,0.04097948888316814,2.064453125,,
0.07684500000253319,1544,,,,-0.361328125,0.685546875,-1.103515625,0.04145383013754976,2.2456369454274916,12.088571548461914,4.678431987762451,4560,4563,56.555559818679285,19.80598016222346,35.0203945036044,0.113381762832958,0.03970674063924301,2.048828125,,
0.09932500000111759,1544,,,,0.537109375,-0.59765625,-0.86328125,0.042214476101770516,2.2289548486959743,12.092000007629395,4.5635986328125,4557,4558,55.183034702786244,20.150029865312366,36.51489986703281,0.11061794268270782,0.04039203100556251,2.0625,,
0.12431000000238418,1544,,,,-0.6484375,0.791015625,-0.984375,0.04238855571404124,2.231244330326016,12.093501091003418,4.600830078125,4557,4557,55.64014356932603,20.226806207522067,36.3529008193878,0.11031125267301209,0.04010134027684435,2.091796875,,
0.14584500000067055,1544,,,,0.849609375,-0.0234375,-0.83203125,0.042354940609504683,2.2356454697701738,12.086286544799805,4.656807899475098,4554,4555,56.283514657143314,20.202166311749778,35.89357636034868,0.11066365038634002,0.039721141854570256,2.099609375,,
0.17118500000238418,1544,,,,-0.671875,-0.568359375,-0.85546875,0.04236780941025415,2.228243553432272,12.092001914978027,4.5919365882873535,4552,4553,55.52570601902835,20.2009145953159,36.38119358337049,0.11030409256563796,0.04012994544668491,2.0859375,,
0.19605500000156462,1544,,,,0.1484375,-0.5234375,-0.9140625,0.042619026650141216,2.2279323617544025,12.092999458312988,4.639892578125,4553,4552,56.11021843389608,20.314130232858254,36.20397638763517,0.1096740217875883,0.039706356951348325,2.08203125,,
0.22321499999985098,1544,,,,0.8359375,-0.298828125,-0.8984375,0.042619484418654756,2.2351119983223966,12.09000015258789,4.6484375,4550,4552,56.19961008429527,20.31449790391253,36.147044211592004,0.1100254610719135,0.039770952057672525,2.087890625,,
0.246910000000149,1544,,,,-0.78125,0.009765625,-0.921875,0.04248314429902983,2.2438031373257585,12.091501235961914,4.552001953125,4550,4551,55.040537242311984,20.244450931395438,36.78098351814901,0.11083546523092067,0.0407663741988487,2.1015625,,
0.27168500000238416,1544,,,,0.13671875,-0.0859375,-1.060546875,0.04243408607465801,2.2450367900487427,12.0885009765625,4.627685546875,4550,4550,55.941781252622604,20.218751397279824,36.1424876801397,0.1110373606132169,0.0401316643799842,2.095703125,,
0.29742000000178814,1544,,,,-0.173828125,-0.201171875,-1.18359375,0.04267331455839217,2.237934951400215,12.091500282287598,4.5452880859375,4546,4549,54.959352174191736,20.326777121400074,36.98511048124269,0.11009787424904229,0.04071982042850794,2.087890625,,
0.33296500000171364,1544,,,,-0.798828125,-0.17578125,-0.453125,0.04271422796862549,2.2394797958010684,12.092500686645508,4.59228515625,4548,4547,55.5322114052251,20.33748540260137,36.62286245760382,0.11011586493945884,0.0403275817607788,2.08984375,,
0.36639000000059607,1544,,,,0.275390625,0.08203125,-1.12890625,0.04261784561855498,2.234800806644527,12.088667869567871,4.653727054595947,4548,4547,56.257360718632754,20.294063701254743,36.073614975921245,0.11012091218114949,0.03972459386820023,2.087890625,,
0.3957400000002235,1544,,,,-0.3203125,0.4296875,-0.962890625,0.04279914193187904,2.2399243553408823,12.090666770935059,4.575737953186035,4548,4548,55.323722823092794,20.383701042099148,36.844413213621884,0.10988801055876413,0.040487592682499504,2.1015625,,
0.41758500000089405,1544,,,,0.36328125,0.224609375,-1.32421875,0.04276359123227238,2.2395723197552924,12.09280014038086,4.60986328125,4548,4548,55.74615533463657,20.367591991814837,36.536316934416305,0.10995763861802188,0.04017447133908061,2.099609375,,
0.4393500000014901,1544,,,,-0.125,-0.115234375,-0.64453125,0.04268999809675453,2.2358677495400805,12.092667579650879,4.68017578125,4546,4548,56.5958099369891,20.33268443264855,35.92613031827961,0.10996421829819522,0.03950588836928709,2.087890625,,
0.4614500000011176,1544,,,,-0.59375,0.6015625,-0.8984375,0.04258873833216466,2.2358677495400805,12.090858459472656,4.7977118492126465,4552,4550,58.00845489816493,20.291365570480057,34.98001387229151,0.11018813602140351,0.038543825265906384,2.080078125,,
0.4861850000023842,1544,,,,0.048828125,-1.11328125,-1.203125,0.04295027233419171,2.2411691220523613,12.088000297546387,4.661690711975098,4562,4557,56.35051871342421,20.495758091276738,36.37190669975873,0.10934794956456048,0.03977193419372117,2.09375,,
0.5095600000005216,1544,,,,-0.162109375,0.404296875,-0.75390625,0.04443153928103515,2.2449589921292747,12.088889122009277,4.601236820220947,4562,4563,55.623841743757566,21.23079200201714,38.16851072570834,0.10574070867992023,0.040359653733935366,2.08984375,,
0.5315200000014156,1544,,,,-0.099609375,-0.712890625,-0.919921875,0.042089688908019576,2.2489044580451236,12.092667579650879,4.554036617279053,4557,4560,55.07045095831336,20.09660683391764,36.49254088936035,0.11190468503616147,0.040836862943931136,2.06640625,,
0.5549150000009686,1544,,,,0.3125,-0.677734375,-1.095703125,0.041910511101543466,2.2504159604804905,12.089714050292969,4.5724053382873535,4556,4557,55.27907306192719,19.99806556611193,36.176557345143614,0.11253168227900864,0.040710088571120386,2.060546875,,
0.578269999999553,1544,,,,-0.3125,0.314453125,-1.099609375,0.04192815083952066,2.24798199700001,12.088000297546387,4.576590538024902,4551,4554,55.321827785393,19.99407865399408,36.14139202261364,0.11243238740340485,0.04063462989184822,2.080078125,,
0.600375,1544,,,,0.609375,-1.8671875,-0.49609375,0.042328816224353305,2.2450145620717517,12.086286544799805,4.854213237762451,4554,4553,58.66941214115741,20.180114225655455,34.396312301719526,0.11124885305245753,0.03826550292800433,2.103515625,,
0.6264100000020116,1544,,,,1.0859375,0.720703125,-1.0390625,0.04297564257506117,2.215506922616603,12.092000961303711,4.6561102867126465,4568,4562,56.30169006286542,20.529639109381815,36.463628510012406,0.10791748022517071,0.03935062908667234,2.125,,
0.649175000000745,1544,,,,-0.875,-0.322265625,-0.6484375,0.04535276320158857,2.2602851822643593,12.094223022460938,4.582248210906982,4568,4569,55.41873180698167,21.699130121451418,39.1548658981001,0.10416478308639097,0.04078558113052323,2.125,,
0.6792400000020862,1544,,,,0.724609375,0.30859375,-1.29296875,0.04203244744266516,2.257339975313092,12.08799934387207,4.6484375,4562,4564,56.19030945003033,20.091180773894727,35.755597309464335,0.11235476902612633,0.04017311877096049,2.115234375,,
0.705765000000596,1544,,,,-0.6875,0.1484375,-0.8046875,0.0418834297657071,2.241102438121389,12.089778900146484,4.53016471862793,4556,4559,54.76868982945598,19.995127071323104,36.5083173133881,0.11208243039053077,0.04091940933953231,2.134765625,,
0.7290100000016392,1544,,,,-0.01171875,0.431640625,-1.431640625,0.04232249348627411,2.2459147951398752,12.09111213684082,4.58984375,4555,4555,55.496315471827984,20.18762531908654,36.37651463426349,0.11125205464440922,0.040469619938642336,2.134765625,,
0.7507249999996275,1544,,,,-0.046875,0.275390625,-0.890625,0.04219504078216966,2.239846557421415,12.090286254882812,4.6065850257873535,4552,4553,55.69493161922583,20.118745346532165,36.12311706221253,0.11133132403842934,0.04021634450931299,2.123046875,,
0.776480000000447,1544,,,,-0.63671875,0.01953125,-0.7578125,0.042258411678490725,2.227743423949981,12.092573165893555,4.590541362762451,4552,4552,55.51145730026565,20.141738035269494,36.28392950723905,0.11060333621900242,0.04013123654635744,2.12109375,,
0.799535000000149,1544,,,,0.01171875,-0.01171875,-1.353515625,0.04232178257481179,2.2217085281970075,12.091001510620117,4.6026611328125,4551,4551,55.65078270970844,20.169981078700427,36.243840781024126,0.11014926189212638,0.03992232310165557,2.12890625,,
0.828265000000596,1544,,,,0.38671875,-0.12890625,-0.67578125,0.042380156584061884,2.2344007030586943,12.086286544799805,4.6826171875,4551,4552,56.595453107729554,20.199986724831742,35.691889746656905,0.11061396888503679,0.03948021581884871,2.134765625,,
0.8573650000002235,1544,,,,0.25,-0.052734375,-1.130859375,0.042655920001146985,2.232366843164046,12.093334197998047,4.552951335906982,4554,4553,55.0603620923448,20.338621321975086,36.93877146660251,0.1097599885372791,0.04054399132755464,2.16015625,,
0.8822200000025332,1544,,,,-0.30078125,-0.435546875,-0.97265625,0.04290756250393085,2.2474596395407285,12.092889785766602,4.637044429779053,4556,4555,56.07526722102102,20.4675532601629,36.500143957388396,0.10980597489955382,0.04007933891215091,2.15234375,,
0.906105000000447,1544,,,,-0.4375,0.005859375,-0.958984375,0.04317746650849597,2.2474040695982516,12.091500282287598,4.5294189453125,4557,4557,54.76747045584489,20.60391945486371,37.620725009520356,0.10907653150758823,0.04103538196839259,2.140625,,
1.078125,1544,,,,0.3125,-0.40234375,-0.826171875,0.04246313579064919,2.2510494578247253,12.094000816345215,4.588623046875,4553,4555,55.49481087480672,20.256429692038722,36.50148432388774,0.11112765141970912,0.04056324226246974,2.1484375,,
1.1265300000011922,1544,,,,-0.244140625,-0.197265625,-1.0078125,0.042382858707337774,2.2358746957828903,12.089828491210938,4.710628986358643,4553,4555,56.950696530802816,20.217914362736373,35.500732377875565,0.11058879049877814,0.039259830554900704,2.146484375,,
1.1476600000001491,1544,,,,-1.068359375,-0.154296875,-1.2109375,0.04553809356500479,2.2690930181469224,12.091200828552246,4.5126953125,4586,4588,54.56390530150384,21.881107607557304,40.10179895784373,0.10370101271122227,0.041585971634702325,2.171875,,
1.1730600000005216,1544,,,,0.3359375,-0.09375,-0.95703125,0.04049577024425548,2.298194997021991,12.090287208557129,4.5361328125,4574,4580,54.84314851928502,19.423881360775226,35.417152160666014,0.11831801040872232,0.04190486977992983,2.18359375,,
1.1972900000009685,1544,,,,0.474609375,-0.28125,-0.86328125,0.04060844795169612,2.262674689790859,12.09000015258789,4.60205078125,4567,4570,55.63879464752972,19.43276078398842,34.926638700738295,0.11643609031894145,0.040667212582962,2.19140625,,
1.222140000000596,1544,,,,-0.5859375,-0.10546875,-0.951171875,0.04145729861436395,2.2578623327723735,12.092500686645508,4.5904541015625,4566,4565,55.51006937515922,19.819566727590615,35.704453175228565,0.11392087242902371,0.040674824553232646,2.212890625,,
1.247765000000596,1544,,,,-0.0625,-0.1015625,-0.96875,0.04306065840438503,2.253049975753888,12.085999488830566,4.669189453125,4562,4564,56.43182134372182,20.58124596050529,36.47099361749557,0.10947101939685355,0.03992516849723379,2.21875,,
1.2719300000015645,1544,,,,0.287109375,0.240234375,-1.1015625,0.04228075108936664,2.2536612451211324,12.0910005569458,4.5306396484375,4560,4562,54.77996651257854,20.196852664957532,36.86904894386882,0.11158477424709536,0.04114024503106711,2.212890625,,
1.2960400000009686,1544,,,,-0.787109375,-0.484375,-0.927734375,0.042343388941236515,2.2522719965592137,12.091429710388184,4.601004600524902,4557,4558,55.63272372441952,20.210777917241096,36.328938373315246,0.11143915418702813,0.0404846616483492,2.193359375,,
1.316745000001043,1544,,,,0.048828125,0.81640625,-1.455078125,0.04243636122329585,2.2522719965592137,12.092000961303711,4.5724053382873535,4555,4555,55.2895297460409,20.241276971097445,36.60960233170884,0.11127124043484198,0.04073595863275526,2.193359375,,
1.339855000000447,1544,,,,0.70703125,-0.501953125,-1.015625,0.042513527775845744,2.2564730842104557,12.087428092956543,4.603794574737549,4553,4553,55.64803587688357,20.269877275617763,36.42514413350204,0.11132149709286708,0.04054901576764911,2.181640625,,
1.3639000000003725,1544,,,,-0.34375,0.056640625,-0.7890625,0.04294436633785664,2.2398132154559285,12.091429710388184,4.559849262237549,4554,4554,55.13509684431074,20.477800929015977,37.14113532228072,0.10937762424881424,0.04062409143454782,2.1875,,
1.386065000001341,1544,,,,0.75,0.220703125,-1.279296875,0.04317282147158286,2.224442569366863,12.089143753051758,4.601004600524902,4554,4554,55.62220602419802,20.58859189083904,37.015058126033566,0.10804248202892572,0.039991987523816226,2.17578125,,
1.559155000001192,1544,,,,-0.57421875,-0.19921875,-0.7890625,0.04282033664200312,2.229043760603937,12.088500022888184,4.5965576171875,4553,4553,55.56548686057795,20.417177034616873,36.74435011403139,0.10917492446799291,0.04011561648324865,2.169921875,,
1.5866000000014902,1544,,,,-0.08203125,-0.1015625,-1.015625,0.04277140371883649,2.2400307717807255,12.090879440307617,4.6197404861450195,4552,4552,55.85672526348753,20.387516870298516,36.499663691572415,0.1098726630629602,0.040103152506954974,2.154296875,,
1.6102000000011176,1544,,,,-0.287109375,-0.626953125,-0.91015625,0.04241226381923651,2.250360390538014,12.090666770935059,4.637044429779053,4552,4552,56.0649590024791,20.218959033880648,36.06345102827347,0.11129951778264718,0.04013844709024949,2.138671875,,
1.635495000001043,1544,,,,-0.0234375,-0.00390625,-1.244140625,0.04219021660629611,2.236845780527671,12.09314250946045,4.585658550262451,4551,4551,55.455022348049624,20.107940483537952,36.25990871906151,0.11124191372850645,0.04033621637529359,2.15234375,,
1.6570800000019372,1544,,,,0.0859375,-0.255859375,-0.798828125,0.04242548796349329,2.2370458323205873,12.093000411987305,4.6429443359375,4552,4551,56.14712776732631,20.219185005073957,36.01107627243598,0.11063976276784677,0.03984256935797152,2.154296875,,
1.679095000002533,1544,,,,-0.625,-0.33984375,-1.056640625,0.04267458082770529,2.2374348219179243,12.090286254882812,4.578682899475098,4553,4552,55.357586924990756,20.341130986818175,36.74497411597854,0.10999559578903782,0.04041785320139833,2.150390625,,
1.7009350000005214,1544,,,,-0.3125,0.40234375,-1.2578125,0.04314284657692006,2.2378238115152618,12.09000015258789,4.610188961029053,4553,4553,55.73718524230026,20.569189016566074,36.90388907718942,0.1087949461552887,0.040149566250735694,2.15234375,,
1.7281699999999256,1544,,,,-0.296875,0.92578125,-1.001953125,0.0429494894047102,2.2426583965107385,12.089143753051758,4.771903038024902,4554,4554,57.68822180230745,20.482278330895955,35.50513032120656,0.10949262383217688,0.038875498783722866,2.140625,,
1.7507100000008942,1544,,,,0.125,-0.767578125,-1.095703125,0.043168086585721556,2.2412913759258104,12.089334487915039,4.611545085906982,4567,4562,55.750511049630404,20.62320676130915,36.991960025173384,0.10867812178126728,0.04020216736543564,2.15625,,
1.7762200000025332,1544,,,,-0.537109375,0.318359375,-0.947265625,0.044671164888736195,2.2448589662328167,12.090287208557129,4.637276649475098,4565,4565,56.066006557689434,21.354528569152063,38.0881926148587,0.10512332121794785,0.0400395730686286,2.166015625,,
1.7994100000020117,1544,,,,0.13671875,-0.75,-0.70703125,0.04229708048942724,2.2484265565398234,12.086501121520996,4.560546875,4563,4565,55.121054919436574,20.220923160538604,36.684572147780834,0.11119307158674423,0.04079070256957277,2.146484375,,
1.8266950000021607,1544,,,,0,0.21484375,-1.1171875,0.04252018190790166,2.251093913778707,12.089715957641602,4.5626397132873535,4561,4562,55.16101815069942,20.315158098455857,36.828830901842714,0.11080858454898321,0.04080950622827044,2.14453125,,
1.8495800000000746,1544,,,,0.2109375,-0.998046875,-0.98828125,0.042356908902325754,2.2370236043435967,12.091556549072266,4.627278804779053,4556,4558,55.95100333630944,20.21793710955786,36.13507516215963,0.11064549227854027,0.039981831798392056,2.158203125,,
1.8748750000018626,1544,,,,-0.349609375,0.0234375,-1.03125,0.04221612063096341,2.233200392301197,12.09085750579834,4.5828680992126465,4555,4555,55.410805155449,20.137275517023834,36.34178471244172,0.11089883487035143,0.040302615817189365,2.16015625,,
1.8995750000011176,1544,,,,0.625,0.21875,-0.880859375,0.04244632788904597,2.2209527769793236,12.08950138092041,4.6063232421875,4553,4553,55.68815119739156,20.23972626915593,36.34476245658513,0.10973235247573067,0.03988196284532702,2.171875,,
1.923175000000745,1544,,,,0.1484375,-0.48828125,-1.1171875,0.042596132635104665,2.2316666618888386,12.089499473571777,4.698486328125,4555,4554,56.80234799045138,20.313113995356716,35.76104635458274,0.10986334554115953,0.039288281925669466,2.173828125,,
1.9462500000018625,1544,,,,-0.361328125,-0.689453125,-0.765625,0.04251763819055714,2.233811661668441,12.093714714050293,4.58984375,4085,4555,55.508260894566774,20.280385492640296,36.53579695310787,0.11014641030758938,0.04024286882111793,2.169921875,,
1.9712250000014901,1544,,,,0.4375,0.109375,-0.79296875,0.043041584995788466,2.2385239927904688,12.092000961303711,4.585658550262451,4475,4557,55.44978759798414,20.5388770705975,37.04049728649309,0.10898959982554428,0.04037028976594041,2.162109375,,
1.9957850000020116,1544,,,,-0.787109375,-0.2109375,-1.4140625,0.042766413998371944,2.2390796922152356,12.090500831604004,4.5904541015625,4542,4557,55.50088913238142,20.40774715497737,36.77012652229868,0.10971714198591162,0.040343131924869796,2.15625,,
2.017150000002235,1544,,,,0.75,0.1953125,-0.533203125,0.04268977256611324,2.238123889204636,12.090500831604004,4.620361328125,4556,4556,55.86248248000629,20.369570701479475,36.463776397280476,0.10987584971744531,0.040064884155581196,2.1640625,,
2.0382500000018626,1544,,,,-0.01171875,0.3046875,-1.12890625,0.04275218251186421,2.2306886309012484,12.089333534240723,4.6435546875,4557,4557,56.13748140167445,20.40379210286235,36.34611242508245,0.10932715936604333,0.039736172254331174,2.154296875,,
2.0623300000019373,1544,,,,-0.484375,0.197265625,-1.3828125,0.042543648133580136,2.2319000556472415,12.090286254882812,4.566824913024902,4556,4557,55.21422047440137,20.301426435388137,36.7684742462322,0.1099380904465283,0.04042255847263122,2.166015625,,
2.084270000001416,1544,,,,0.078125,0.591796875,-0.775390625,0.042435335156691775,2.233111480393234,12.0910005569458,4.583740234375,4554,4556,55.422005726723,20.24451536365018,36.527937049901496,0.1103069863753258,0.04029286654482243,2.173828125,,
2.105620000001043,1544,,,,0.3359375,-1.158203125,-0.78125,0.04238866372840662,2.2440698730496473,12.090001106262207,4.597981929779053,4555,4555,55.589606617602385,20.21955613535523,36.372907393362865,0.11098512044612803,0.04036851508028238,2.1875,,
2.1283400000017134,1544,,,,0.625,0.26953125,-1.076171875,0.042421497859737374,2.2279768177083836,12.086857795715332,4.6044921875,4555,4555,55.65384229179472,20.232925208763312,36.354947611130775,0.11011639665150341,0.040032758313919024,2.197265625,,
2.15110000000149,1544,,,,-0.8125,0.1328125,-1.0546875,0.042711008777228936,2.2299773356375465,12.089715003967285,4.573800086975098,4557,4556,55.29593953664971,20.376994345497256,36.85079685099038,0.1094360285833965,0.04032804857505921,2.193359375,,
2.177260000001639,1544,,,,0.5234375,-0.958984375,-0.873046875,0.04259920454688788,2.2323446151870554,12.091429710388184,4.589146137237549,4556,4556,55.48933794910727,20.324872597445648,36.628428719201615,0.10983314185534465,0.040230154074544514,2.18359375,,
2.2000750000011178,1544,,,,-0.673828125,0.73828125,-1.017578125,0.04245206234445567,2.230032905580023,12.091500282287598,4.593505859375,4556,4555,55.542377395322546,20.250566344420314,36.459667904178865,0.11012200190610813,0.04015011618440054,2.166015625,,
2.2294350000023844,1544,,,,0.609375,-0.583984375,-1.01953125,0.04246165041845779,2.229399408235788,12.088000297546387,4.6749444007873535,4555,4554,56.510729307730344,20.250392529619667,35.834597743989,0.11009166390107795,0.039450904908615636,2.173828125,,
2.252135000001639,1544,,,,-0.1328125,-0.123046875,-0.86328125,0.042461142849627646,2.245347981726612,12.090001106262207,4.5908203125,4557,4555,55.50302265677601,20.255470712647874,36.4943560603992,0.11085143433988809,0.040454517146058376,2.1796875,,
2.2788800000008194,1544,,,,1.25,0.8671875,-1.205078125,0.042590085507451324,2.2463815826566798,12.091428756713867,4.5556640625,4556,4556,55.08448745124042,20.319089054122053,36.88713464404668,0.11055523092955613,0.04078065688902211,2.185546875,,
2.301530000001192,1544,,,,0.46875,-0.396484375,-1.1640625,0.042240183465709825,2.230710858878239,12.092500686645508,4.6136474609375,4553,4555,55.79053508932702,20.14928201166998,36.115950455410896,0.11070919835189488,0.03998367922635293,2.201171875,,
2.328050000000745,1544,,,,-1.173828125,-0.0546875,-0.853515625,0.04227921150039158,2.2203303936235845,12.09085750579834,4.588448524475098,4555,4555,55.47827728211905,20.16515034596688,36.347830779645015,0.11010730669150008,0.04002161751225121,2.2109375,,
2.3508800000008194,1544,,,,0.8125,0.00390625,-1.115234375,0.04209748816002924,2.2066046178318297,12.092000961303711,4.592556476593018,4555,4555,55.53319732980435,20.079264976476765,36.15722836419566,0.10989469088718679,0.03973487434420704,2.201171875,,
2.376385000001639,1544,,,,-0.234375,0.47265625,-1.19140625,0.042013463743282804,2.2283324653402348,12.089142799377441,4.6512274742126465,4555,4554,56.22935312814434,20.035544127674754,35.63182397281823,0.11121896421381824,0.03962934555305943,2.1953125,,
2.4019650000017134,1544,,,,-0.1875,-0.83984375,-0.81640625,0.04240377386217113,2.2382572570665804,12.090500831604004,4.5782470703125,4553,4554,55.353300010901876,20.221046241424887,36.530877540168945,0.11068948808797444,0.04043584134325784,2.1875,,
2.4272150000017136,1544,,,,-0.322265625,0.66796875,-1.08984375,0.042577391234441,2.240291116961229,12.082500457763672,5.224609375,4560,4556,63.12634516507387,20.313080393638785,32.178451549064924,0.11028810370202617,0.03548900401413897,2.1875,,
2.4528450000006705,1544,,,,-0.037109375,-0.46875,-0.9609375,0.04380442417213542,2.2490267119185723,12.089500427246094,4.4439697265625,4593,4581,53.72537390794605,21.01188168494512,39.1097914384872,0.1070359497374281,0.041861536706512124,2.173828125,,
2.6288100000005215,1544,,,,-0.1484375,-0.015625,-1.041015625,0.04689563061524556,2.270565621622556,12.09000015258789,4.5050048828125,4587,4590,54.46550972061232,22.542573205545384,41.388712455240665,0.10072344452069944,0.04168813682768615,2.181640625,,
2.6504000000003725,1544,,,,-0.095703125,-0.15234375,-0.9921875,0.041556257361189876,2.2475374374601955,12.091190338134766,4.5867815017700195,4564,4566,55.45964817733693,19.86950591646612,35.82695990593321,0.113114913219741,0.040525634606867755,2.171875,,
2.6760950000006707,1544,,,,0.1875,0.5,-0.9765625,0.042277063230206205,2.2268876468358396,12.088667869567871,4.613443851470947,4554,4555,55.77039045533229,20.165003006069803,36.15718455874966,0.11043329109177576,0.03992956887435461,2.146484375,,
2.703085000000894,1544,,,,-0.1484375,0,-1.017578125,0.0422686326600817,2.232989226519785,12.092500686645508,4.620361328125,4552,4553,55.87172253290191,20.15156038014692,36.067548066519706,0.11080974298743138,0.03996635731437876,2.169921875,,
2.725425000000745,1544,,,,0.51953125,-0.138671875,-1.005859375,0.04232083461950168,2.2390908062037314,12.090666770935059,4.595269203186035,4552,4552,55.55986865846262,20.17236213409359,36.30743308285526,0.1109979481490377,0.04030050574755424,2.154296875,,
2.7492550000008196,1544,,,,-0.515625,-0.587890625,-0.8046875,0.042527368426415635,2.2380460912851685,12.091429710388184,4.537528038024902,4550,4551,54.86520133069371,20.266291198727473,36.938333783876466,0.1104319517241367,0.040791722931910926,2.14453125,,
2.7717450000010433,1544,,,,0.5,0.27734375,-1.021484375,0.04256993139626509,2.2375904177568593,12.091501235961914,4.6575927734375,4551,4551,56.31728877662681,20.287974466870885,36.024416138603144,0.1102914646018861,0.039731856173543634,2.14453125,,
2.7977200000006706,1544,,,,0.2734375,-0.189453125,-1.37890625,0.04273165377388163,2.23651236087281,12.090287208557129,4.608677387237549,4553,4553,55.720233263284626,20.372606362795306,36.562313489486584,0.10978037473679143,0.040138244761198816,2.14453125,,
2.822210000000894,1544,,,,-0.548828125,0.01171875,-0.57421875,0.04269036336137432,2.2346896667595733,12.092000961303711,4.59716796875,4551,4552,55.58895949739963,20.34853965817562,36.60536164402843,0.1098206409058805,0.04020024276338738,2.140625,,
2.8464650000017135,1544,,,,0.5234375,0.60546875,-1.34765625,0.04260960648398099,2.243173252027785,12.092501640319824,4.65576171875,4551,4551,56.29980622092262,20.306579452996303,36.0686489280487,0.11046534238915344,0.03984335653351072,2.142578125,,
2.871495000001043,1544,,,,-0.224609375,0.140625,-1.025390625,0.042642873930379056,2.2482820746893837,12.089143753051758,4.5577569007873535,4550,4550,55.099378365081975,20.318099914604268,36.875370498699525,0.110654149951953,0.040804127766969206,2.134765625,,
2.895855000000447,1544,,,,-0.0859375,0.044921875,-0.73046875,0.042498644989264235,2.240135521122294,12.09050178527832,4.635009765625,4549,4550,56.03959384607151,20.2480002667359,36.13159710320657,0.11063490179830078,0.03997415697329027,2.126953125,,
2.917765000000596,1544,,,,-0.0625,0.1875,-1.53515625,0.04263021570873519,2.228243553432272,12.092000007629395,4.6612548828125,4549,4550,56.3638940785313,20.31044779080252,36.03450067254785,0.10970922829388922,0.03953317260740857,2.12890625,,
2.9402700000014157,1544,,,,0.015625,0.310546875,-0.630859375,0.04282095943634527,2.2358121795976036,12.089715957641602,4.575892925262451,4549,4549,55.321245719004764,20.398739064563784,36.87324607290272,0.10960541102668472,0.0404150729170859,2.126953125,,
2.964390000000596,1544,,,,0.125,0.056640625,-1.0390625,0.042488390750986385,2.2441365569806195,12.091429710388184,4.681919574737549,4549,4549,56.61110144762961,20.24130531058016,35.755010577395666,0.11086916197087379,0.039641280589755856,2.150390625,,
2.986370000001043,1544,,,,0.34375,-0.38671875,-1.03125,0.04246465078644403,2.254261400499881,12.091429710388184,4.5968194007873535,4549,4549,55.582118675969014,20.228716945139038,36.39428907535499,0.11143867436642245,0.04055731329065931,2.138671875,,
3.0085150000024585,1544,,,,0.13671875,0.080078125,-0.892578125,0.04263460125965024,2.2547837579591623,12.090286254882812,4.5821709632873535,4548,4549,55.39975861495623,20.30800643832749,36.65721105298274,0.11102930092161523,0.040700245169487795,2.125,,
3.0304550000000745,1544,,,,0.423828125,0.162109375,-0.791015625,0.04280780809349129,2.2631192493306735,12.089142799377441,4.803292274475098,4556,4551,58.06768621327592,20.4033335481947,35.13715609961727,0.1109190929014105,0.03897381481704811,2.12109375,,
3.0514650000017136,1544,,,,-0.078125,-0.68359375,-1.3203125,0.04379345860057331,2.2674092488898774,12.088571548461914,4.612862586975098,4561,4559,55.76291942587159,20.908226352556238,37.494856022290186,0.10844579595880757,0.04066159505698149,2.12890625,,
3.0764350000005214,1544,,,,0.171875,0.19140625,-1.05078125,0.044575733009187386,2.265053083328864,12.094001770019531,4.532877445220947,4558,4560,54.82062784578375,21.286379814013927,38.829142697699076,0.10640856280491913,0.04131753269409279,2.123046875,,
3.0994900000002237,1544,,,,-0.19921875,-0.486328125,-0.884765625,0.042238864152505134,2.253872410902544,12.091500282287598,4.6331787109375,4556,4557,56.02208169118967,20.156322888840727,35.979246540584406,0.11181962222635207,0.04023185756156933,2.09765625,,
3.1280050000008197,1544,,,,0.5625,-0.408203125,-1.091796875,0.04234098132478706,2.25359456119016,12.089142799377441,4.642159461975098,4552,4554,56.11972863329811,20.19403803084674,35.983848323287866,0.11159702471332161,0.040156904106143726,2.083984375,,
3.149980000000447,1544,,,,-0.041015625,-0.1640625,-0.791015625,0.04267074060610806,2.248804432148665,12.090222358703613,4.632161617279053,4551,4552,56.00386395435589,20.34108465603169,36.32085934750863,0.11055479440629697,0.04015445137823846,2.083984375,,
3.176925000002608,1544,,,,0.015625,0.0546875,-1.17578125,0.042511542994415216,2.2455813754850147,12.092572212219238,4.571010112762451,4549,4551,55.275269871364344,20.25878540917828,36.6507218441885,0.11084481769907341,0.04062542581358523,2.080078125,,
3.1994550000000745,1544,,,,-0.375,-0.455078125,-0.99609375,0.04256806259403671,2.232111221428653,12.093000411987305,4.6026611328125,4549,4550,55.65998297533952,20.28164591137988,36.43846948419978,0.11005572383926848,0.04010262134678702,2.0703125,,
3.224520000001416,1544,,,,0.0625,-0.541015625,-0.80078125,0.042705757294849156,2.2244314553783675,12.089715003967285,4.595424175262451,4550,4550,55.55736860126444,20.346535412497552,36.62256857146125,0.1093272839960775,0.040038459548779666,2.0625,,
3.2498800000008194,1544,,,,0.07421875,0.013671875,-1.044921875,0.042494988430514996,2.2361455992524646,12.092500686645508,4.588623046875,4549,4549,55.48792734509334,20.244724922031587,36.48491823478027,0.11045571663060483,0.04029967789831676,2.056640625,,
3.279589999999851,1544,,,,-0.548828125,0.005859375,-0.822265625,0.04262807149083519,2.2498491470672275,12.090001106262207,4.6380615234375,4549,4549,56.07416894927155,20.305346601275495,36.21158722770385,0.11080082459296221,0.04012273724649565,2.044921875,,
3.300905000001192,1544,,,,0.6875,-0.83203125,-1.06640625,0.04263012306248743,2.2530277477768976,12.090801239013672,4.63427734375,4548,4549,56.03212624974549,20.30609128722662,36.24008697567292,0.11095329553620918,0.04020957080469763,2.0546875,,
3.32685500000231,1544,,,,-0.26171875,-0.103515625,-0.962890625,0.04261481674483712,2.2530277477768976,12.089333534240723,4.58251953125,4552,4550,55.3996070404537,20.303180586170054,36.64860036163133,0.11096920200333517,0.0406686593666937,2.087890625,,
3.3494350000005215,1544,,,,0.298828125,-0.140625,-1.076171875,0.042678773880218235,2.259710866908862,12.090500831604004,4.591064453125,4551,4551,55.508268588455394,20.33864990896152,36.640757181159046,0.11110427078609574,0.04070944607663077,2.080078125,,
3.3745250000022353,1544,,,,-0.109375,0.7734375,-1.3671875,0.042371043832654366,2.249826919090238,12.090287208557129,4.559151649475098,4550,4549,55.12145286952091,20.186343829563356,36.621574321248126,0.11145291777876662,0.04081581311755058,2.0703125,,
3.3958600000012664,1544,,,,-0.8359375,-0.3671875,-0.802734375,0.04244111441430833,2.252171970662755,12.093000411987305,4.642333984375,4550,4550,56.13974678562954,20.220832750524576,36.01874591230011,0.11137879425882342,0.04011724490426912,2.064453125,,
3.4168550000023097,1544,,,,0.140625,-0.82421875,-0.451171875,0.04243638148472275,2.2544614522927975,12.092000007629395,4.5919365882873535,4547,4549,55.525697260604375,20.213836461702428,36.4044711889538,0.1115306070950039,0.04060212772676595,2.0703125,,
3.4403250000011174,1544,,,,0.69921875,0.15234375,-1.421875,0.042350344619218015,2.254405882350321,12.090286254882812,4.584263324737549,4549,4548,55.42505586383777,20.170448437304124,36.39229248023977,0.11176776209798699,0.040674850881317996,2.076171875,,
3.4628750000018624,1544,,,,-0.912109375,0.51171875,-0.779296875,0.042450168756912855,2.2303107552924066,12.089715003967285,4.66796875,4548,4548,56.43441183492541,20.216497578784608,35.82299685858209,0.110321322800885,0.03952040400130723,2.095703125,,
3.4855550000015647,1544,,,,-0.51953125,-0.7578125,-1.07421875,0.04262143091297519,2.238957438341787,12.089142799377441,4.652622699737549,4551,4549,56.24622020875222,20.304431439629777,36.09919273556856,0.110269398333008,0.039806362632584386,2.10546875,,
3.5078600000012665,1544,,,,1.123046875,0.0625,-1.0625,0.04299473498747879,2.2366235007577644,12.094857215881348,4.5361328125,4552,4551,54.86387867946178,20.48997788402079,37.34693641281178,0.10915695045732608,0.04076677687746203,2.11328125,,
3.5289700000025332,1544,,,,-0.140625,0.01171875,-0.767578125,0.04273420461765905,2.234289563173741,12.094500541687012,4.63623046875,4548,4550,56.0728919156827,20.360271074682426,36.31036384800403,0.10973771198714703,0.03984616250100783,2.091796875,,
3.6917950000017883,1544,,,,-0.984375,-0.314453125,-0.865234375,0.04261398951968444,2.2403133449382193,12.090858459472656,4.638671875,4548,4549,56.08552508056164,20.2987170147549,36.192434653322195,0.11036723864418435,0.039944590724972584,2.08984375,,
3.7142250000014903,1544,,,,0.109375,-0.083984375,-0.98046875,0.042778596022337176,2.2437945239846746,12.091337203979492,4.607928276062012,4480,4550,55.716014597617686,20.38410730395099,36.58572396314682,0.11007568251712287,0.04027198535626443,2.078125,,
3.7365400000009688,1544,,,,0.1484375,-0.119140625,-0.94921875,0.042730601437289586,2.266564585764231,12.089333534240723,4.5751953125,4537,4548,55.31106211710721,20.351850661944106,36.795262797257806,0.11136896704939353,0.04097850410041581,2.09765625,,
3.7634550000000746,1544,,,,0.265625,0.759765625,-1.376953125,0.042611110301057555,2.2479931109885047,12.092000961303711,4.669363975524902,4545,4548,56.46195368072404,20.292564333558687,35.9402447324215,0.11077915408014265,0.03981429908890956,2.107421875,,
3.7862450000010432,1544,,,,0.037109375,0.09375,-0.9140625,0.04248278811711866,2.2423916607868497,12.088001251220703,4.627278804779053,4549,4549,55.93455198191623,20.23738171382089,36.180466271301654,0.1108044356971057,0.04008956148449746,2.0859375,,
3.809390000000596,1544,,,,-0.26171875,-0.935546875,-0.71875,0.04303398095214674,2.24798199700001,12.088571548461914,4.933035850524902,4555,4551,59.633356830197954,20.510729801554987,34.39472619319073,0.10960029305391088,0.03769672070282728,2.06640625,,
3.8328600000012667,1544,,,,0.26171875,0.9140625,-1.0078125,0.043889989627596944,2.2573955452555694,12.089715003967285,4.632393836975098,4566,4563,56.00432127516342,20.97291290599156,37.44874043370033,0.1076338587479031,0.04030752438127789,2.0703125,,
3.8575150000024587,1544,,,,-0.015625,-0.462890625,-1.048828125,0.04403132803163263,2.2611076174130154,12.094000816345215,4.6173095703125,4566,4566,55.84174571267795,21.053987448030966,37.70295355084324,0.10739569513823762,0.04049134905357495,2.07421875,,
3.878995000001043,1544,,,,0.5625,0.10546875,-1.255859375,0.042206295795201486,2.2646974356970127,12.091429710388184,4.5431084632873535,4561,4564,54.93267665050871,20.170992016751242,36.719477816605625,0.11227496564453883,0.04122678110344802,2.083984375,,
3.902530000001192,1544,,,,-0.5625,-0.21484375,-0.69140625,0.042320846217421895,2.260463006080285,12.089142799377441,4.608677387237549,4558,4560,55.714959050576454,20.210052884378676,36.27401550458391,0.1118484458705947,0.04057192259673566,2.091796875,,
3.927910000000149,1544,,,,0.75,0.228515625,-1.2578125,0.04207266204327204,2.2607630837696595,12.091429710388184,4.554966449737549,4555,4557,55.07605666017798,20.0758459218918,36.45113165192775,0.11261109955543142,0.041048020153633735,2.087890625,,
3.9509000000003724,1544,,,,-0.798828125,0.44140625,-0.91015625,0.04226936025490772,2.264097280318264,12.090500831604004,4.6380615234375,4552,4554,56.07648670615163,20.155885941254727,35.94356052809495,0.11232933580379852,0.040375162805445355,2.083984375,,
3.976260000001639,1544,,,,-0.078125,-0.93359375,-0.9765625,0.04279130355435538,2.267431476866868,12.093144416809082,4.6407647132873535,4555,4553,56.12143788221556,20.404453217124722,36.35768074928588,0.11112434392331054,0.04040223419837572,2.072265625,,
3.9982600000016393,1544,,,,0.361328125,-0.265625,-1.09375,0.04314445617261834,2.260251840298874,12.089499473571777,4.6087646484375,4553,4554,55.717657791101374,20.57647374432732,36.92989719968734,0.10984641335457185,0.040566167529387014,2.08203125,,
4.165130000000819,1544,,,,-0.3984375,-0.265625,-1.138671875,0.04310546340591942,2.255861814843211,12.0914306640625,4.554966449737549,4554,4553,55.0760610041325,20.55365168062672,37.318666778084456,0.10975479442271183,0.04095902600358345,2.078125,,
4.187575000001117,1544,,,,-0.173828125,-0.173828125,-0.970703125,0.04293515822412216,2.270032150174779,12.090932846069336,4.6065850257873535,4548,4548,55.69791019650347,20.450311630759728,36.71647923344084,0.11100232559587883,0.040756145826047245,2.056640625,,
4.2134150000009685,1544,,,,0.611328125,-0.333984375,-1.068359375,0.04258401015353434,2.262519093951924,12.091334342956543,4.624837398529053,4546,4546,55.92045526742413,20.274374919111334,36.255740090374324,0.11159501109053649,0.04045959717480931,2.05859375,,
4.2364800000023095,1544,,,,-0.923828125,0.751953125,-1.029296875,0.042664213320191144,2.2621967882855594,12.088000297546387,4.6441650390625,4547,4546,56.13866837404203,20.31047669843755,36.17912089241667,0.11138078253276971,0.040296587963450474,2.076171875,,
4.259280000001192,1544,,,,-0.359375,-0.103515625,-1.1875,0.043006976522398786,2.26446404193861,12.089715003967285,4.7049384117126465,4548,4546,56.88136450882439,20.47571450372732,35.997228056213004,0.11059267511892666,0.03981029747602677,2.064453125,,
4.281120000001043,1544,,,,0.787109375,-0.05859375,-0.97265625,0.043035133198533415,2.272054896080933,12.092000007629395,4.6038818359375,4548,4548,55.67013919528108,20.49473430134606,36.814591444533896,0.11086042212958613,0.04081281148069278,2.05859375,,
4.302165000000969,1544,,,,-0.109375,-0.046875,-0.541015625,0.04296545443095515,2.265286477087266,12.090858459472656,4.666573524475098,4547,4547,56.42287997515086,20.45882222332306,36.259797855645274,0.11072418794982435,0.040148366727911056,2.0546875,,
4.328550000000745,1544,,,,-0.6875,0.037109375,-0.982421875,0.042844099802385904,2.2637416326864126,12.088667869567871,4.59716796875,4546,4547,55.57363671483472,20.400116619810245,36.70826281261647,0.11096709273162328,0.0407340920354441,2.0546875,,
4.352935000000522,1544,,,,0.224609375,-0.625,-1.177734375,0.042809870706747855,2.268476191785431,12.090666770935059,4.630533695220947,4546,4546,55.986239880503035,20.381101870591515,36.40376977288154,0.11130292200043812,0.04051845947552941,2.04296875,,
4.376970000000671,1544,,,,-0.412109375,0.06640625,-1.13671875,0.0427752790014356,2.262374612101485,12.090285301208496,4.6407647132873535,4546,4546,56.10816939942515,20.364166170685408,36.294476167483104,0.11109586285728776,0.040321661467798024,2.05078125,,
4.401890000000596,1544,,,,0.1484375,-0.1796875,-0.6875,0.04283449532710807,2.2643862440191427,12.09085750579834,4.725864887237549,4546,4546,57.13975894324494,20.3919572598966,35.687860146822224,0.11104310464951535,0.03962890789000849,2.046875,,
4.428230000002309,1544,,,,-0.125,0.591796875,-1.46484375,0.04286842120001279,2.2692430569916096,12.08650016784668,4.586181640625,4548,4547,55.43088516918942,20.412201604270354,36.824599755113105,0.11117091144724293,0.04093824318455843,2.037109375,,
4.450990000002086,1544,,,,-0.361328125,-0.017578125,-0.8984375,0.04322078418418329,2.280975816796436,12.090222358703613,4.661458492279053,4548,4548,56.35806968752104,20.585848438946304,36.52688701562197,0.1108030996906139,0.04047292303379752,2.033203125,,
4.47647500000149,1544,,,,-0.26171875,-0.46875,-0.685546875,0.04332050799026155,2.271877072265007,12.090667724609375,4.608561038970947,4551,4550,55.72058021077828,20.640112830881094,37.0421714074122,0.11007096186343977,0.040772674363242674,2.041015625,,
4.501800000000745,1544,,,,0.423828125,0.333984375,-1.212890625,0.04346167661751336,2.271877072265007,12.091501235961914,4.6002197265625,4554,4553,55.62356250942685,20.722288277771806,37.25451471084737,0.10963446902251539,0.040843789390152395,2.03515625,,
4.529585000000894,1544,,,,0.099609375,-0.578125,-0.765625,0.043109840013859854,2.2740887559755816,12.094001770019531,4.6234130859375,4553,4554,55.91556604485959,20.557055052661372,36.764458462548674,0.11062327508244775,0.04067004801759745,2.029296875,,
4.551170000001788,1544,,,,-0.111328125,-0.341796875,-1.26953125,0.04278806410153194,2.2740184599983486,12.091200828552246,4.56640625,4550,4552,55.213335033506155,20.39755949918656,36.94317593169897,0.11148483033418947,0.04118603700751572,2.01953125,,
4.576640000002459,1544,,,,-0.6875,0.3828125,-0.69921875,0.04283206703002978,2.26205230643512,12.090667724609375,4.627278804779053,4552,4550,55.94689049771114,20.41008607348454,36.48118044079598,0.11083012086724277,0.040432136376331106,2.025390625,,
4.600170000001788,1544,,,,0.05078125,-0.6328125,-0.853515625,0.04310100938535491,2.2631192493306735,12.0885009765625,4.5947265625,4550,4550,55.54335653781891,20.538256681446242,36.97698151796417,0.11019042582008043,0.04074509339005716,2.01953125,,
4.624455000001937,1544,,,,-0.3984375,0.439453125,-1.01953125,0.04315976221342071,2.264186192226226,12.092000007629395,4.593331336975098,4551,4551,55.54256256174722,20.568471472018032,37.031909446295096,0.11008043039593357,0.04076488530231402,2.013671875,,
4.647175000000745,1544,,,,-0.8125,-0.94921875,-1.0390625,0.0427432456855356,2.278389869523281,12.089000701904297,4.5404052734375,4548,4551,54.88896253751591,20.36852817546683,37.108604779230795,0.11185834587044541,0.04150907148164862,2.01953125,,
4.683910000002012,1544,,,,0.0625,-0.197265625,-0.82421875,0.042680407035938624,2.265819948535043,12.089143753051758,4.7314453125,4550,4549,57.1991225425154,20.332644984927786,35.547127440311314,0.11143754047811555,0.03961284453010424,2.0078125,,
4.70797500000149,1544,,,,-0.265625,-0.1796875,-1.228515625,0.04294992923225425,2.2734255287121217,12.091334342956543,4.5556640625,4550,4550,55.08405733387917,20.46580531324801,37.15377244126971,0.11108409827589234,0.04127193309186145,2.005859375,,
4.730700000001118,1544,,,,0.03125,0.392578125,-0.677734375,0.04268556321974508,2.2583291202891784,12.093000411987305,4.693603515625,4552,4549,56.75974924815819,20.33584683178563,35.82793634777291,0.11105163895900966,0.03978751051939257,2,,
4.755040000000968,1544,,,,0.375,-0.3828125,-0.955078125,0.042880825105815805,2.255895156808697,12.092001914978027,4.55078125,4548,4550,55.0280555896461,20.431471779990275,37.12919084830356,0.1104127583710355,0.04099536377645804,2.009765625,,
4.7787249999996275,1544,,,,-0.3125,-0.283203125,-1.03125,0.042906847205694924,2.2495157274123674,12.090286254882812,4.586356163024902,4548,4549,55.45035887781705,20.440241006171238,36.86223393289591,0.1100532878615865,0.040568100422381355,1.998046875,,
4.800700000001117,1544,,,,-0.125,-0.28515625,-0.77734375,0.04293123777164117,2.245825883231912,12.089143753051758,4.599609375,4550,4548,55.60533894225955,20.44580407278428,36.7694981483975,0.10984287412894486,0.04038867356898898,1.982421875,,
4.82735000000149,1544,,,,1.015625,0.353515625,-0.91015625,0.043068374514677495,2.245825883231912,12.086286544799805,4.644252300262451,4547,4548,56.131764087317606,20.511514150863785,36.54172371806528,0.10949098475683891,0.04000989314603304,1.984375,,
4.8518400000017134,1544,,,,0.01171875,0.04296875,-1.19921875,0.042960309286133,2.2495454573315925,12.089778900146484,4.645724773406982,4546,4548,56.16578534142354,20.458653965376648,36.42547476370445,0.10995569215543834,0.040051882897335744,1.970703125,,
4.878540000002832,1544,,,,-0.32421875,-0.251953125,-0.69140625,0.04294371503778288,2.2521164007202787,12.090286254882812,4.5675225257873535,4548,4547,55.22265481239447,20.44795896466841,37.02820705403494,0.11013893389612443,0.04078247249016362,1.966796875,,
4.90223000000231,1544,,,,0.666015625,-0.1875,-1.3984375,0.043062362180784804,2.2645715697773032,12.09155559539795,4.629448890686035,4548,4548,55.97723863778356,20.507100063173787,36.634711826124075,0.11042865947896613,0.040455221173571095,1.966796875,,
4.926070000002161,1544,,,,-0.40625,0.37109375,-0.87890625,0.043025369985455995,2.2660977982474266,12.090286254882812,4.619140625,4547,4548,55.846732407808304,20.49010099419028,36.68988338398366,0.11059475982524201,0.04057708840867811,1.96875,,
4.949730000000447,1544,,,,0.236328125,-0.111328125,-0.814453125,0.04310808257961232,2.268431735831449,12.083429336547852,4.9951171875,4553,4549,60.358145562931895,20.53622534108632,34.02395012231514,0.11046001386111858,0.03758286002120938,1.9765625,,
4.972255000000819,1544,,,,-0.203125,-0.498046875,-1.337890625,0.044068344121471766,2.269476450750012,12.092000007629395,4.60205078125,4566,4562,55.64799808198586,21.05288823987255,37.83224727842942,0.10779881719277824,0.04078271508359395,1.966796875,,
4.996535000000149,1544,,,,0.099609375,0.0859375,-0.97265625,0.04541288346636792,2.282279765496653,12.094286918640137,4.556361675262451,4562,4564,55.10594540571992,21.706679749962483,39.390812715662726,0.10514181771629987,0.041416216502471175,1.96484375,,
5.025325000001118,1544,,,,0.5,-1.515625,-0.6015625,0.0422028519115675,2.287525568066457,12.092000961303711,4.647739887237549,4559,4560,56.20047518436604,20.152860004173238,35.858878306743215,0.11350873114747774,0.04070295776970237,1.986328125,,
5.050345000002533,1544,,,,-0.853515625,0.04296875,-1.0390625,0.0423510507823451,2.2753668646525465,12.090666770935059,4.600152015686035,4554,4555,55.618905117305076,20.200655200046757,36.319764219453496,0.11263827049764603,0.040909954265615285,1.99609375,,
5.205540000000968,1544,,,,0.1484375,0.08203125,-1.125,0.04258617784674272,2.2627747156873177,12.095500946044922,4.5782470703125,4553,4553,55.376191770192236,20.306170548304387,36.66949622063889,0.11143286275000111,0.04086186939466138,1.998046875,,
5.2365750000011175,1544,,,,0.16796875,-0.09375,-0.97265625,0.04298458603613373,2.254564812385804,12.089386940002441,4.640925407409668,4551,4551,56.10594300986395,20.485620844475573,36.51239021305463,0.11005596703669347,0.040184064137188294,2.017578125,,
5.262580000000074,1544,,,,-0.14453125,-0.1015625,-1.193359375,0.04344911299577293,2.2595516590236664,12.089200973510742,4.62646484375,4552,4552,55.930263292975724,20.71148380958337,37.03090704417357,0.10909656110578392,0.04039944613147286,2.052734375,,
5.285770000001415,1544,,,,-0.384765625,-0.37890625,-1.111328125,0.043165816080618494,2.265542098822659,12.093500137329102,4.5916748046875,4553,4552,55.52941988105886,20.577779335469486,37.05743618346099,0.110096529945658,0.04079895132481724,2.06640625,,
5.307710000000894,1544,,,,0.048828125,-0.103515625,-0.732421875,0.043122879709265004,2.2526943281220366,12.091429710388184,4.6365790367126465,4551,4552,56.06286951907032,20.556074019088374,36.66611109175571,0.10958777079855737,0.04018157378397767,2.080078125,,
5.330690000001341,1544,,,,1.015625,0.0078125,-1.01953125,0.04285015685115172,2.2516496132034742,12.089714050292969,4.614955425262451,4549,4551,55.79349144627122,20.420366682001998,36.59990825572672,0.11026489623166377,0.040356850859061204,2.06640625,,
5.352655000001192,1544,,,,-1.359375,-0.326171875,-0.970703125,0.04261661316486466,2.2530833177193745,12.087501525878906,4.8504638671875,4565,4554,58.62998939584941,20.322991615134004,34.663133704357676,0.11086376259888636,0.03842885425933365,2.056640625,,
5.378920000001788,1544,,,,0.1484375,-0.078125,-0.900390625,0.04472273455190351,2.26494194344391,12.093334197998047,4.59228515625,4570,4568,55.53603912703693,21.39191356704169,38.518975971816005,0.1058784169235558,0.040783281974123634,2.0625,,
5.401650000000372,1544,,,,-0.048828125,0.126953125,-1.068359375,0.044085743377271974,2.2651642232138167,12.092000961303711,4.5733642578125,4566,4568,55.30112500186078,21.090894545060763,38.13827393990826,0.10740010189583407,0.04096054507277381,2.046875,,
5.4261800000015645,1544,,,,0.048828125,0.033203125,-1.11328125,0.04198207082820625,2.265386502983724,12.091429710388184,4.6268134117126465,4560,4562,55.94478915080481,20.057938456643964,35.85309509805421,0.11294214048370162,0.040493253033399526,2.048828125,,
5.449060000000522,1544,,,,-0.5234375,-0.685546875,-0.853515625,0.04231025773546749,2.269265284968601,12.08650016784668,4.76806640625,4559,4558,57.62923541944474,20.19406583456677,35.04135650523149,0.11237287743631268,0.039376980597645155,2.05859375,,
5.471400000000372,1544,,,,1.03125,0.044921875,-1.14453125,0.04281174663540915,2.273677538401253,12.089715003967285,4.5479912757873535,4564,4562,54.98391836479868,20.45300534088453,37.198158932919505,0.11116593872179195,0.04135168256500408,2.0546875,,
5.497590000001714,1544,,,,-0.76171875,-0.40234375,-0.84765625,0.044088725719574985,2.2736553104242625,12.090286254882812,4.5975165367126465,4561,4562,55.58529099041334,21.063965106069656,37.89485443136837,0.10794051827255928,0.040903902271850916,2.044921875,,
5.522464999999851,1544,,,,1.375,0.421875,-1.142578125,0.04254193876782123,2.270965725208389,12.093001365661621,4.5428466796875,4558,4559,54.9366511014523,20.30899006285649,36.96801617075564,0.11182071182169724,0.0413378988284991,2.046875,,
5.6924100000020115,1544,,,,-0.236328125,-0.228515625,-0.66796875,0.04274087691513217,2.2542502865113856,12.089500427246094,4.62158203125,4555,4557,55.872617941349745,20.39542780666151,36.5034404295694,0.11052723717690822,0.04034624418132158,2.03515625,,
5.71975500000082,1544,,,,0.203125,-0.23046875,-0.95703125,0.04269525389254756,2.2509986113273595,12.090176582336426,4.5944695472717285,4551,4552,55.54794812868249,20.351049508592975,36.63690594195791,0.11060847797441127,0.04052352403931629,2.033203125,,
5.754610000001267,1544,,,,-0.09375,0.220703125,-0.814453125,0.04274001405781496,2.2356454697701738,12.090222358703613,4.60828971862793,4549,4549,55.71524739153938,20.35958643977058,36.54221670540815,0.10980800009783331,0.04012627735562504,2.0859375,,
5.776644999999553,1544,,,,0.3203125,0.1875,-1.166015625,0.042615447783484015,2.233255962243674,12.086908340454102,4.607599258422852,4549,4549,55.6916299061013,20.298666433296663,36.448325300446704,0.1100198365041548,0.04010038790405396,2.08203125,,
5.800395000001416,1544,,,,-0.9375,-0.630859375,-0.87890625,0.04301497992575105,2.2313332422339784,12.08857250213623,4.627511024475098,4551,4550,55.94000252380192,20.497185675560946,36.64137424169689,0.10886046882496779,0.03988797178342222,2.076171875,,
5.832075000001118,1544,,,,-0.1484375,0.78125,-1.251953125,0.04265753859222012,2.2488711160796373,12.089715003967285,4.590541362762451,4549,4550,55.498336789721634,20.32438628869295,36.621613302936055,0.11064890639924269,0.040521414625458316,2.076171875,,
5.855505000002682,1544,,,,0.84375,-0.291015625,-0.982421875,0.04253835291446509,2.2392983599388816,12.090182304382324,4.580522060394287,4550,4550,55.379346759411874,20.268829922991955,36.599980153336155,0.11047990280873256,0.040435622501421194,2.080078125,,
5.877555000001565,1544,,,,-0.8125,0.42578125,-0.98828125,0.04246246171393693,2.248059794919477,12.090858459472656,4.5926337242126465,4549,4550,55.52888431565589,20.23085217065401,36.433024758161935,0.11112037080575451,0.040484512207021886,2.083984375,,
5.900810000000521,1544,,,,0.4375,-0.5078125,-0.95703125,0.04242772622236081,2.248448784516814,12.092000007629395,4.622628211975098,4550,4549,55.896820374470735,20.211817910018308,36.159154983437084,0.11124426286278458,0.04022498541873642,2.07421875,,
5.924205000001937,1544,,,,0.798828125,-0.91015625,-0.814453125,0.042425623924654356,2.248448784516814,12.091429710388184,4.584263324737549,4549,4549,55.43029776497451,20.211475230201778,36.46286605909787,0.11124614897763536,0.04056353429761966,2.08984375,,
5.94610000000149,1544,,,,-0.861328125,0.4453125,-1.1953125,0.04234433438133501,2.2398910133753964,12.089142799377441,4.6414618492126465,4550,4549,56.11129509299417,20.171420464015803,35.94894830102456,0.11104280025153322,0.03991871885443365,2.091796875,,
5.97222500000149,1544,,,,0.8125,-0.49609375,-0.849609375,0.042176459796113314,2.2326335788879343,12.089715957641602,4.599609375,4549,4550,55.60797085985541,20.094581135817187,36.13615247076727,0.11110625117278115,0.040149524328349846,2.1015625,,
5.995960000000894,1544,,,,-0.21875,-0.375,-1.02734375,0.04217030255808493,2.237946065388711,12.089001655578613,4.627685546875,4550,4550,55.944098237669095,20.095268337729213,35.92026499803043,0.11136681669420301,0.04000325567642852,2.109375,,
6.024935000002384,1544,,,,-0.140625,0.162109375,-1.15625,0.04219048643260859,2.2425361426372894,12.090858459472656,4.5821709632873535,4554,4551,55.40238055421287,20.106991877178753,36.292649658805665,0.11153016604052776,0.04047725242497299,2.10546875,,
6.050044999999925,1544,,,,0.384765625,0.1015625,-1.1640625,0.042410832835876225,2.242980702177103,12.09160041809082,4.57373046875,4553,4553,55.303721248172224,20.220172978023058,36.562047763994414,0.11092786914409478,0.04055750050004516,2.087890625,,
6.07640499999933,1544,,,,-0.5234375,0.0703125,-0.7421875,0.0420642031071499,2.2225976472766353,12.092000007629395,4.6514892578125,4552,4552,56.2458081409568,20.05167078875444,35.65007144799705,0.11084351377457946,0.039515791856108026,2.076171875,,
6.100669999999925,1544,,,,0.3359375,-0.48046875,-1.326171875,0.04225940686388556,2.2261207816296604,12.08899974822998,4.632568359375,4552,4552,56.00311773014255,20.14517976956006,35.971532632579354,0.11050389259833722,0.03974994378628131,2.080078125,,
6.1263800000026825,1544,,,,-0.19921875,0.38671875,-1.111328125,0.0424263786278722,2.2231311187244116,12.09000015258789,4.61669921875,4552,4552,55.815894259139895,20.225784282852683,36.23660348242239,0.10991569412757808,0.0398297142459627,2.0703125,,
6.1498650000020865,1544,,,,0.236328125,-0.162109375,-0.796875,0.042797806773714524,2.221786326116475,12.090001106262207,4.6197509765625,4554,4555,55.852794417296536,20.41377137413283,36.54923909735674,0.10883762169158984,0.03977932257993578,2.07421875,,
6.175485000001267,1544,,,,-0.2109375,-0.47265625,-1.23828125,0.04237800482052706,2.2171073369599332,12.091429710388184,4.595424175262451,4556,4555,55.56524840460452,20.21346366098295,36.37788769303499,0.1096846821576406,0.03990097049176889,2.064453125,,
6.200040000002831,1544,,,,0.0625,-0.421875,-0.51171875,0.04204520697144344,2.2314666100959224,12.092500686645508,4.55322265625,4553,4553,55.05984809715301,20.048236466629316,36.411717720786726,0.11130488279157334,0.040528019731520204,2.076171875,,
6.226665000000969,1544,,,,0.0625,0.490234375,-1.3515625,0.04197688222611678,2.229799511821621,12.089000701904297,4.5904541015625,4553,4553,55.49400285584852,20.012387305445362,36.062252271528564,0.11142096531456261,0.040180909595109914,2.07421875,,
6.2504950000010435,1544,,,,-0.19921875,0.09765625,-0.78515625,0.04227386947039373,2.2339005735764044,12.09155559539795,4.593099117279053,4552,4551,55.53771333175291,20.14826233453623,36.27852341377682,0.11087311334770864,0.040223128385431794,2.060546875,,
6.274445000002161,1544,,,,0.19921875,-1.01953125,-1.029296875,0.042408138872191345,2.2348786045639946,12.090286254882812,4.557059288024902,4550,4551,55.09615127269353,20.210990903258512,36.68312656400626,0.11057738906822608,0.040563243583070986,2.056640625,,
6.296214999999851,1544,,,,-0.375,0.58984375,-1.173828125,0.04232897845550233,2.242691738476224,12.090286254882812,4.610072612762451,4550,4551,55.73709754409356,20.171156295351953,36.18982183167068,0.11118310252709748,0.040236966711480325,2.0546875,,
6.321650000000372,1544,,,,0,-0.16796875,-0.65625,0.04226121655864105,2.2448811942098077,12.08799934387207,4.5654296875,4551,4550,55.18691106699407,20.137859341554243,36.49028175740425,0.11147566164480655,0.040677783025120526,2.048828125,,
6.348310000002384,1544,,,,0.423828125,-0.4453125,-1.056640625,0.04230564078508405,2.247070649943391,12.08950138092041,4.635009765625,4550,4550,56.034956962103024,20.158855030460174,35.97549837344178,0.11146816853179663,0.04010122915706184,2.052734375,,
6.371665000000968,1544,,,,-0.541015625,-0.244140625,-0.955078125,0.04233161258073093,2.2492934476424606,12.092000961303711,4.600830078125,4550,4550,55.63324172748253,20.168666287287937,36.25290502768729,0.11152415413111191,0.04043074568008359,2.064453125,,
6.396000000001862,1544,,,,0.32421875,-0.4453125,-0.8359375,0.04240811268691712,2.237645987699336,12.09085750579834,4.6902899742126465,4551,4550,56.70962773907968,20.206850469657756,35.632133863810985,0.11073699936857281,0.03945795585177738,2.05078125,,
6.421785000000149,1544,,,,-0.2109375,0.21484375,-1.09765625,0.04261505568994036,2.251160597709679,12.093000411987305,4.58984375,4553,4552,55.504982359707355,20.314092961763368,36.59868375439741,0.11081767726213393,0.04055781124513717,2.03515625,,
6.447640000000596,1544,,,,0.3125,-0.44140625,-0.767578125,0.042462719887308924,2.2426842365339894,12.090001106262207,4.6075439453125,4552,4552,55.70521139597986,20.241681970538732,36.33714236653904,0.11079534990215542,0.040259864029451295,2.037109375,,
6.471250000001863,1544,,,,-0.5625,-0.564453125,-1.2109375,0.0422469710463352,2.2300217915915277,12.090667724609375,4.626193523406982,4550,4551,55.93376872125373,20.134765776263286,35.997513195660055,0.11075479180495272,0.03986897079481368,2.05078125,,
6.495915000000968,1544,,,,-0.09375,0.46484375,-0.994140625,0.04258933793066638,2.238824070479843,12.088571548461914,4.6756415367126465,4551,4551,56.52182725151124,20.295314917924607,35.90703964260455,0.11031235925797522,0.03960990256945352,2.03515625,,
6.523995000001043,1544,,,,0.38671875,-0.587890625,-0.79296875,0.04270038857566142,2.243780909348768,12.093001365661621,4.6795654296875,4553,4552,56.58999113191385,20.356282007979928,35.97152358714549,0.1102254777404428,0.039649783724447184,2.0234375,,
6.546025000002235,1544,,,,-0.65625,-0.296875,-1.041015625,0.04323791807991833,2.2509827738937536,12.090667724609375,4.59092903137207,4557,4556,55.50739746558247,20.629452119292566,37.16523033183805,0.10911500513329896,0.04055284298438749,2.021484375,,
6.578985000001267,1544,,,,0.32421875,-0.076171875,-1.025390625,0.04241388040163372,2.252916607891944,12.087333679199219,4.578450679779053,4555,4556,55.3412611002459,20.23416080717425,36.56252207646988,0.1113422310597209,0.04070952781164456,2.029296875,,
6.603605000000447,1544,,,,0.33203125,0.396484375,-0.951171875,0.04219946844803249,2.2392686300196574,12.091635704040527,4.628462314605713,4553,4553,55.9656801780925,20.120789822090423,35.95201516011702,0.11129128875255112,0.04001146100420679,2.0234375,,
6.6267750000003725,1544,,,,-0.287109375,0.3359375,-1.0625,0.04235572423765609,2.2439587331646935,12.090499877929688,4.7845458984375,4555,4553,57.84755160100758,20.195632063841632,34.91181822722099,0.11111109204560571,0.038790902485242064,2.03515625,,
6.6498650000020865,1544,,,,-0.412109375,-0.091796875,-1.064453125,0.04290892602809299,2.2344673869896665,12.089715003967285,4.5284600257873535,4562,4560,54.74779111862745,20.491898663824315,37.42963550697871,0.10904150091930317,0.04081383634543402,2.02734375,,
6.674394999999553,1544,,,,0.51171875,-0.234375,-0.96875,0.04311286078300694,2.242491686683308,12.09085750579834,4.58984375,4561,4562,55.4951467551291,20.59712637942224,37.1151849914129,0.10887400724616086,0.040408789196976894,2.029296875,,
6.696570000000298,1544,,,,-0.78125,-0.150390625,-1.150390625,0.04157277239871426,2.24351417362488,12.091001510620117,4.6142578125,4556,4559,55.79099818132818,19.84662303031862,35.57316355196667,0.11304261537076529,0.04021283444926294,2.046875,,
6.721800000000745,1544,,,,0.173828125,0.16015625,-0.88671875,0.041844175469400675,2.2309998225791183,12.092000007629395,4.613443851470947,4555,4556,55.78576308718448,19.963237409946416,35.78554151665359,0.11175541204892711,0.03999227937587611,2.0390625,,
6.7463050000015645,1544,,,,0.224609375,0.111328125,-1.353515625,0.04201965787108151,2.2133063528945245,12.09050178527832,4.5513916015625,4552,4554,55.02860828419216,20.03838056336394,36.41447819264636,0.11045335454608043,0.04022101270422883,2.048828125,,
6.771230000000447,1544,,,,-0.78125,-0.26171875,-1.046875,0.04206833336408624,2.2306886309012484,12.088500022888184,4.609375,4552,4552,55.72042979300022,20.054131176564194,35.99062543319337,0.11123337188040797,0.04003358623018868,2.05859375,,
6.792030000001192,1544,,,,0,-0.044921875,-0.599609375,0.042219172281319765,2.2306886309012484,12.08750057220459,4.5745849609375,4551,4551,55.29529833293054,20.121637072222427,36.38941768804816,0.11086019606131728,0.040341379794541866,2.06640625,,
6.813335000000894,1544,,,,0.591796875,0.630859375,-1.4296875,0.04258506011464874,2.231155418418053,12.094286918640137,4.599609375,4550,4551,55.628995494917035,20.29521630759161,36.48316157254005,0.10993504009038176,0.04010777830101066,2.0703125,,
6.9772200000006706,1544,,,,-0.484375,-0.1875,-0.908203125,0.042558658217816056,2.2064379080043994,12.089715003967285,4.591238975524902,4550,4551,55.5067707292028,20.28250879107503,36.54060310953048,0.1087852558444498,0.03975078857980771,2.080078125,,
6.999765000000596,1544,,,,-0.0390625,-0.0546875,-0.95703125,0.0421905066573553,2.221602389606877,12.091632843017578,4.59825325012207,4552,4552,55.60039001968835,20.11101958388402,36.17064480440266,0.11046691990629652,0.03995659722567049,2.087890625,,
7.049570000002161,1544,,,,0.51171875,0.390625,-1.087890625,0.0422963273756834,2.206526819912362,12.089715003967285,4.6044921875,4552,4552,55.666998284868896,20.161379266267,36.217830828768,0.10944324744707377,0.039637970213891136,2.09375,,
7.204025000002235,1544,,,,-0.15625,0.0078125,-0.966796875,0.042345420254081896,2.2046874548163826,12.091750144958496,4.5758056640625,4552,4551,55.32949880172964,20.183172560167552,36.47814095062182,0.10923393972102473,0.03984651049735268,2.0859375,,
7.236845000002533,1544,,,,-0.013671875,-0.05859375,-1.009765625,0.04251223616228228,2.2228163150002818,12.090312004089355,4.608530044555664,4552,4552,55.7185661188978,20.26517150699729,36.37059048460339,0.10968652864510785,0.03989363815028936,2.08203125,,
7.26285000000149,1544,,,,0.16015625,-0.08984375,-0.966796875,0.042444924628033676,2.2217529841509887,12.09119987487793,4.61865234375,4553,4554,55.84504864085466,20.24156939832204,36.24595177362578,0.10976189347922621,0.03978424297629883,2.107421875,,
7.284655000001192,1544,,,,-0.375,-0.486328125,-0.99609375,0.04226164693929481,2.228665884995095,12.090500831604004,4.5477294921875,4553,4554,54.98432720720302,20.15300524973816,36.652272153469376,0.11058727258675481,0.04053274811559641,2.099609375,,
7.306425000000745,1544,,,,-0.625,-0.318359375,-1.06640625,0.042161016816012024,2.239913241352387,12.092000007629395,4.6268134117126465,4550,4552,55.947427809729106,20.098430937560494,35.923780099262096,0.11144716959801952,0.04003603613324422,2.087890625,,
7.328690000001341,1544,,,,0.25,0.2421875,-0.935546875,0.04211893662705826,2.246303784737212,12.088000297546387,4.650064945220947,4552,4552,56.20998644144083,20.076369594094363,35.71673089622568,0.11188794738058526,0.03996271707123422,2.091796875,,
7.351290000000969,1544,,,,-0.224609375,-1.15625,-0.966796875,0.04221453423110557,2.2404355988116684,12.0885009765625,4.613037109375,4551,4551,55.76470360159874,20.11798310907105,36.076553464357126,0.11136482154622511,0.0401765893856098,2.099609375,,
7.37772500000149,1544,,,,-0.125,-0.126953125,-0.984375,0.042387640875684036,2.23969096158248,12.091429710388184,4.601004600524902,4553,4551,55.63272372441952,20.20305296904713,36.3150527540667,0.11085903526629788,0.04025851713960548,2.095703125,,
7.400349999999627,1544,,,,0.166015625,-0.1484375,-0.890625,0.042705149731510676,2.2331337083702247,12.090002059936523,4.6710205078125,4555,4555,56.47264756145887,20.36970079002285,36.07002977477657,0.10963016744281395,0.039543634038760406,2.095703125,,
7.426410000000149,1544,,,,-0.3125,-0.2421875,-1.283203125,0.04278888909094097,2.2425805985912706,12.090286254882812,4.5389227867126465,4556,4556,54.8768757801663,20.41423284752689,37.20006388356576,0.10985377777068665,0.040865675509205786,2.107421875,,
7.449405000001192,1544,,,,0.349609375,-0.33203125,-0.611328125,0.041987832619075495,2.234000599472862,12.090500831604004,4.6087646484375,4554,4554,55.72227281460073,20.024209950886735,35.93573797233887,0.11156498083830436,0.04009169918294312,2.115234375,,
7.471200000001118,1544,,,,-0.109375,0.55859375,-1.017578125,0.042304130121042546,2.2475263234717,12.089142799377441,4.6609930992126465,4556,4555,56.34741116329451,20.180176099909055,35.81384784728975,0.11137297872647547,0.039886949144094304,2.12109375,,
7.496835000000894,1544,,,,-0.25,-0.578125,-1.27734375,0.04282940873082291,2.2498046911132463,12.091429710388184,4.603794574737549,4555,4556,55.66645850150553,20.435339856697208,36.71032863738677,0.1100938230971444,0.040415804268424935,2.109375,,
7.531964999999851,1544,,,,-0.13671875,0.36328125,-0.916015625,0.04275143191595199,2.2406356506045846,12.092500686645508,4.57763671875,4555,4555,55.355075164698064,20.39262412727732,36.83966477618015,0.10987480750981404,0.0404775107600887,2.09375,,
7.557085000000894,1544,,,,0.203125,-0.11328125,-0.966796875,0.04247336576761501,2.235808567551343,12.089818954467773,4.584073066711426,4553,4553,55.42061345059301,20.25265137157479,36.543535176906424,0.11039584529111915,0.04034254455780332,2.099609375,,
7.582335000000894,1544,,,,0.19921875,-0.09765625,-1.03515625,0.04231534396757097,2.2274655742375975,12.089000701904297,4.635009765625,4552,4553,56.032636309973896,20.173426428756738,36.0029935360472,0.11041582757911658,0.03975300326608236,2.109375,,
7.606440000001341,1544,,,,-0.287109375,-0.208984375,-0.82421875,0.04228595576086362,2.2300217915915277,12.092889785766602,4.591471195220947,4552,4552,55.52415511832896,20.157799233702793,36.304558242703536,0.11062823702812988,0.04016309274475353,2.095703125,,
7.6280400000009685,1544,,,,0.25,-0.255859375,-0.939453125,0.04216852318560278,2.226776506950886,12.091429710388184,4.599609375,4554,4553,55.615853453055024,20.105712632736843,36.151045761992926,0.11075342354814961,0.040038520829865414,2.091796875,,
7.650670000001788,1544,,,,-0.236328125,-0.40234375,-0.935546875,0.04236857766766792,2.23345601403659,12.088667869567871,4.619954586029053,4553,4554,55.849096562992145,20.20468785138796,36.17728682253456,0.11054147584285312,0.039990906773531724,2.095703125,,
7.674795000001788,1544,,,,-0.548828125,-0.19921875,-0.89453125,0.042665467517361846,2.232778060738374,12.091428756713867,4.594028949737549,4555,4555,55.5483737520326,20.349458767313017,36.63376151775892,0.10972174180498827,0.0401952012259706,2.10546875,,
7.701830000000075,1544,,,,-0.1875,0.296875,-1.07421875,0.04253419345312725,2.227921247765907,12.089500427246094,4.6063232421875,4554,4554,55.68814680445939,20.285571624937795,36.427090483307964,0.10982787613571818,0.04000709981585345,2.099609375,,
7.728075000001118,1544,,,,-0.21875,0.228515625,-1.279296875,0.0421009218430828,2.217796404246645,12.090666770935059,4.57899284362793,4553,4553,55.36307661880164,20.07413539284545,36.259067629251206,0.110480295207986,0.040059124956460024,2.10546875,,
7.750980000000447,1544,,,,0.861328125,-0.87890625,-0.689453125,0.042020157420054625,2.226254149491605,12.09000015258789,4.5465087890625,4552,4552,54.96729195350781,20.031427153278727,36.44244866605693,0.1111380698168185,0.040501434041440604,2.103515625,,
7.77722000000067,1544,,,,-0.82421875,-0.5390625,-1.0546875,0.042149685647961926,2.224598165205798,12.088000297546387,4.6484375,4551,4551,56.19031388312578,20.089362040686087,35.7523577506105,0.11073513238998922,0.0395904206876811,2.107421875,,
7.799669999999925,1544,,,,1.048828125,-0.2890625,-0.763671875,0.04210629349668408,2.2193523626359934,12.090500831604004,4.5574951171875,4551,4551,55.102398504386656,20.069143094307336,36.421541782268605,0.1105853076141312,0.04027687401773106,2.1015625,,
7.825115000002087,1544,,,,0.0625,-0.220703125,-1.03515625,0.042042392589382575,2.2344562730011712,12.089715003967285,4.598911762237549,4552,4551,55.59953253384492,20.037167494953803,36.03837403265332,0.11151557591979509,0.04018840035464323,2.091796875,,
7.846995000001043,1544,,,,-0.6484375,-0.12890625,-0.8984375,0.04204511670329333,2.240135521122294,12.08950138092041,4.8492431640625,4554,4552,58.62493192835245,20.043214157923284,34.188891140067824,0.11176528392462175,0.03821131125337665,2.09375,,
7.874595000000671,1544,,,,1.234375,0.265625,-0.990234375,0.04284982218827322,2.2512717375946325,12.090667724609375,4.641927242279053,4564,4560,56.123999888208346,20.462983198986425,36.460307960491065,0.11001679059708863,0.0401124606599471,2.1171875,,
7.896185000002384,1544,,,,-0.42578125,-0.68359375,-1.07421875,0.04317571275973212,2.2609261815508286,12.090667724609375,4.607204914093018,4565,4565,55.704183755486156,20.64053753987785,37.05383715966401,0.10953814440068155,0.040588085653946164,2.12109375,,
7.921395000001415,1544,,,,0.328125,0.47265625,-0.93359375,0.04229401911009266,2.265831062523538,12.090858459472656,4.544503211975098,4564,4564,54.94694510460977,20.21499957261526,36.790033611749095,0.11208662431004951,0.04123670675794215,2.12109375,,
7.946300000002608,1544,,,,-0.57421875,0.177734375,-1.447265625,0.041826508678051905,2.257195493462653,12.092000961303711,4.6002197265625,4559,4561,55.625861355802044,19.978995561720048,35.916739219420904,0.11297842709307476,0.040578167033223235,2.111328125,,
7.971455000001937,1544,,,,-0.125,-0.18359375,-0.70703125,0.04168913684744349,2.2473373856672794,12.088000297546387,4.6051025390625,4556,4558,55.66648086241912,19.898656453317425,35.74620875082327,0.11293915199448615,0.0403714650333586,2.1015625,,
7.992690000001341,1544,,,,0.486328125,-0.142578125,-0.828125,0.04218128592826256,2.25455036420076,12.092000961303711,4.580078125,4559,4557,55.3823090903461,20.128204115616466,36.3441041845709,0.11200951417476768,0.04070885452830928,2.08984375,,
8.01407000000216,1544,,,,-0.671875,-0.255859375,-1.291015625,0.04227419113801222,2.2550060377290695,12.088571548461914,4.785853862762451,4554,4555,57.85413684048672,20.166185312916642,34.85694613078076,0.11182115024425147,0.03897743810345816,2.107421875,,
8.038019999999554,1544,,,,0.986328125,0.033203125,-0.7890625,0.041990225703191185,2.2356788117356596,12.086858749389648,4.8123602867126465,4566,4560,58.16631903666803,20.049656231556316,34.46952903950656,0.11150708949397879,0.03843596859423558,2.095703125,,
8.059759999999777,1544,,,,0.296875,-0.783203125,-1,0.04369590500029504,2.2440143031071704,12.093500137329102,4.5037841796875,4571,4571,54.466514595551416,20.915388468837495,38.400453240211135,0.10729010873743028,0.0411998880370886,2.0859375,,
8.080620000001042,1544,,,,-0.515625,-0.390625,-1.12890625,0.042833117829548066,2.25471707402819,12.089335441589355,4.634603023529053,4566,4568,56.02927059004696,20.49047599483949,36.571020431023456,0.11003732048957961,0.040241770957994916,2.087890625,,
8.10266000000015,1544,,,,0.38671875,0.033203125,-0.861328125,0.041358591789561173,2.2518607789848857,12.088571548461914,4.596121788024902,4561,4564,55.560547079983735,19.768121585936782,35.57942213470115,0.11391374588604714,0.04052985251824747,2.078125,,
8.12903500000015,1544,,,,-0.546875,-0.234375,-1.12109375,0.042082344070907954,2.2377126716303084,12.08799934387207,4.620535850524902,4563,4563,55.8530343294824,20.108475205373068,36.00247586684592,0.1112820663315328,0.04006429907513756,2.087890625,,
8.150820000000298,1544,,,,0.09375,0.271484375,-1.076171875,0.04207777686582086,2.2395909356860217,12.093500137329102,4.5050048828125,4558,4560,54.48127716896124,20.094709153885074,36.8836969287007,0.11145177163477499,0.041107533671438025,2.087890625,,
8.17688500000164,1544,,,,0.59375,0.341796875,-0.8125,0.04184931488512971,2.2438031373257585,12.090858459472656,4.601004600524902,4558,4558,55.630095396329125,19.9732301085695,35.90364166423392,0.11234052404788832,0.04033433919787635,2.080078125,,
8.202090000001714,1544,,,,-0.599609375,-0.427734375,-1.263671875,0.04208295233291634,2.2459703650823517,12.089000701904297,4.813232421875,4557,4555,58.187170126475394,20.075321694519257,34.50128550827205,0.11187717931790461,0.038599065055071755,2.08984375,,
8.227285000002011,1544,,,,1.236328125,0.115234375,-0.796875,0.04239500820996619,2.2432029819470096,12.086999893188477,4.8150634765625,4575,4566,58.19967172690667,20.270149440707595,34.82863191363392,0.11066534011052183,0.03854322396306473,2.076171875,,
8.250095000002533,1544,,,,-0.2734375,0.234375,-0.9921875,0.04568159134807713,2.2562730324175386,12.090001106262207,4.498291015625,4578,4579,54.3843433551956,21.906717972074276,40.281295351856855,0.10299457158729741,0.04148754757745891,2.072265625,,
8.274125,1544,,,,-0.349609375,-1.048828125,-0.970703125,0.04314439636647554,2.267531502763326,12.092000961303711,4.583565711975098,4574,4577,55.42448099540161,20.678309550482226,37.308981841792686,0.10965748903350016,0.04091209267167438,2.091796875,,
8.296865000000224,1544,,,,-0.5625,0.994140625,-0.947265625,0.041124065633671304,2.260074016482948,12.091428756713867,4.542410850524902,4566,4569,54.9242371828459,19.677276350070837,35.82621691142304,0.1148570552283173,0.0411489377441699,2.099609375,,
8.321670000001788,1544,,,,-0.25,-0.8359375,-1.021484375,0.04135473890457214,2.259151555437834,12.092000961303711,4.55078125,4560,4562,55.0280512496829,19.757353410415334,35.90414881451791,0.11434484713154416,0.041054544075842636,2.08984375,,
8.480585000000895,1544,,,,0.423828125,-0.06640625,-1.103515625,0.04153505386616523,2.259029301564385,12.08899974822998,4.609375,4558,4559,55.722733214497566,19.830390476980774,35.587612690580364,0.11391754005987319,0.0405405329431444,2.08203125,,
8.50210500000231,1544,,,,-0.0078125,-0.158203125,-0.9765625,0.042208914424805205,2.249013097282665,12.090719223022461,4.593897342681885,4552,4553,55.543522909755666,20.12427750272852,36.231546809563085,0.1117562156940907,0.04049100560180076,2.07421875,,
8.529060000000522,1544,,,,-0.611328125,-0.515625,-0.85546875,0.04229191737132212,2.2406023086390987,12.089142799377441,4.667271137237549,4550,4551,56.423307261477476,20.154284265062714,35.71978539234419,0.1111725070050324,0.03971058091748638,2.09765625,,
8.569475000001491,1544,,,,-0.048828125,-0.5234375,-0.97265625,0.04244230438886919,2.2241536056659834,12.092000961303711,4.591064453125,4551,4551,55.515155780594796,20.225748382551142,36.43284090291792,0.10996644295173634,0.040063899207204094,2.103515625,,
8.730170000001788,1544,,,,-0.3046875,0.146484375,-1.259765625,0.042408594681809186,2.2430548880503096,12.089845657348633,4.61989164352417,4550,4551,55.853776923881924,20.20935268045626,36.18260714579385,0.11099093194704289,0.04015941287385394,2.111328125,,
8.753420000001789,1544,,,,0.025390625,-0.296875,-0.955078125,0.04233231104626246,2.237225323234787,12.09004020690918,4.608914375305176,4550,4550,55.72196010764128,20.17017519843606,36.19789246371123,0.11091749581869054,0.040149795859890994,2.091796875,,
8.780410000002012,1544,,,,0.203125,-0.75,-1.009765625,0.04245163065379586,2.236534588849801,12.090001106262207,4.622802734375,4551,4550,55.889690172625706,20.22561045756899,36.188446196603394,0.11057933670490659,0.04001694376801603,2.07421875,,
8.802585000000894,1544,,,,-0.03125,-0.0625,-1.1796875,0.04234561755845953,2.2328780866348317,12.087499618530273,4.659423828125,4549,4550,56.320783745031804,20.17485874692351,35.82133877656343,0.11067626864923287,0.039645721138101164,2.072265625,,
8.827800000000746,1544,,,,-0.234375,0.33984375,-1.087890625,0.042364515740647056,2.2329003146118227,12.093714714050293,4.5926337242126465,4551,4549,55.54200204675408,20.181646099059435,36.33582758156783,0.11064014816491541,0.040202013473194846,2.0625,,
8.850615000002087,1544,,,,-0.19921875,-0.18359375,-0.984375,0.04244557877518726,2.2329003146118227,12.0885009765625,4.652099609375,4549,4549,56.23691067099571,20.221105724976482,35.95699956435472,0.11042424410322002,0.03970524497113682,2.06640625,,
8.876910000002011,1544,,,,-0.173828125,0.044921875,-1.255859375,0.04270136880952055,2.2264430872960257,12.092000961303711,4.615653038024902,4549,4549,55.81248097284151,20.34151514225337,36.44617617366195,0.10945315880975162,0.03989149108744006,2.08203125,,
8.902435000000521,1544,,,,0.7109375,-0.00390625,-0.826171875,0.04254657318495197,2.2335004699905716,12.0910005569458,4.6197509765625,4548,4549,55.857411630568095,20.270071151801226,36.28895532407446,0.11018710557373154,0.039985749514542195,2.08984375,,
8.926950000001117,1544,,,,-0.298828125,0.01171875,-1.005859375,0.04257909794525433,2.253716815063609,12.08950138092041,4.635009765625,4550,4550,56.034956962103024,20.285962388848557,36.202334201074066,0.11109735746638795,0.04021983663854367,2.103515625,,
8.950530000001192,1544,,,,0.162109375,0.005859375,-0.9140625,0.04245278876900962,2.2471262198858675,12.092501640319824,4.5684814453125,4550,4549,55.24436937121209,20.224582682395244,36.609310437588775,0.11110865698316279,0.04067611315800172,2.087890625,,
8.976960000000894,1544,,,,0.44921875,-0.794921875,-1.03515625,0.04259102941047605,2.24640381063367,12.08857250213623,4.669363975524902,4549,4549,56.445944956995845,20.289687054766507,35.94534039641731,0.11071653321069526,0.03979743473769683,2.080078125,,
9.000200000001117,1544,,,,-0.287109375,0.37890625,-0.96875,0.04267076343514679,2.2436697694638146,12.088443756103516,4.63270378112793,4549,4550,56.00217909685307,20.32936413626564,36.301023396084254,0.11036595903466173,0.04006397261048531,2.080078125,,
9.028460000000894,1544,,,,0.63671875,-0.001953125,-0.9921875,0.04244012342093285,2.235489873931239,12.08857250213623,4.808872699737549,4552,4550,58.13240628432095,20.219772776065817,34.78227389585858,0.11055959424911997,0.038455140889878815,2.080078125,,
9.053125,1544,,,,-0.986328125,-0.443359375,-1.40625,0.042671203317711105,2.2377126716303084,12.094667434692383,4.618597984313965,4563,4559,55.86040663481799,20.37134695931901,36.46831125397049,0.10984608313328303,0.04005901149734084,2.091796875,,
9.077820000000298,1544,,,,1.07421875,0.08203125,-0.685546875,0.04421107315806142,2.2513161935486137,12.094500541687012,4.622802734375,4563,4564,55.91049017501064,21.131226915758443,37.79474450968615,0.10653977653657738,0.040266436343189965,2.107421875,,
9.100130000000819,1544,,,,-0.32421875,-0.306640625,-1.2265625,0.042127278046904505,2.257717850921934,12.090285301208496,4.564732074737549,4559,4561,55.18891310715435,20.120133002287588,36.45683864660009,0.11221187507384962,0.04090890223799782,2.10546875,,
9.123075000001117,1544,,,,0.486328125,-0.017578125,-0.78125,0.04167505767097231,2.240068837191322,12.092572212219238,4.6163506507873535,4555,4557,55.82355360157135,19.886947633029525,35.62465366316224,0.11264015365891906,0.04012766462664369,2.109375,,
9.14604000000097,1544,,,,0.078125,0.25390625,-1.015625,0.04202516143355849,2.236679070700241,12.089499473571777,4.6466064453125,4554,4554,56.175146174500696,20.04273600660387,35.67900997416856,0.11159549624179446,0.03981616823483274,2.10546875,,
9.171570000000298,1544,,,,-0.5625,-0.333984375,-1.1640625,0.042339911940649635,2.2319445116012226,12.09314250946045,4.5479912757873535,4555,4554,54.999506629879306,20.193048022424897,36.7149621146869,0.11053034237934715,0.040581173329811024,2.095703125,,
9.19635000000149,1544,,,,0.736328125,-0.3828125,-0.841796875,0.042447935528468546,2.2354676459542477,12.089499473571777,4.60205078125,4554,4554,55.63649049727246,20.24273586504469,36.383919409936674,0.11043307885148422,0.040179882411235844,2.099609375,,
9.224214999999852,1544,,,,-0.037109375,-0.416015625,-0.89453125,0.04236263575970038,2.2388796404223195,12.089500427246094,4.6258544921875,4554,4553,55.92426985967904,20.199204459275542,36.11885235150653,0.11083999099747806,0.04003413269480223,2.095703125,,
9.246430000001565,1544,,,,-0.0625,-0.029296875,-0.998046875,0.042543698298078435,2.244314380796545,12.092000961303711,4.55810546875,4553,4553,55.1166157098487,20.286147264625235,36.805865170347055,0.11063285460370073,0.04071937929954419,2.103515625,,
9.271945000000297,1544,,,,-0.474609375,-0.654296875,-1.19921875,0.04246367963529348,2.2498824890327143,12.092000961303711,4.635184288024902,4551,4552,56.048652866616976,20.240502253306133,36.112379545452974,0.11115744366794124,0.040141597950390025,2.09765625,,
9.296080000000075,1544,,,,0.548828125,-0.298828125,-0.724609375,0.042363641285409634,2.25278324003,12.091501235961914,4.5733642578125,4551,4550,55.298839575843886,20.186282479691045,36.50398929620395,0.11159970848007668,0.04073834563816199,2.08984375,,
9.32151000000164,1544,,,,0.3125,0.212890625,-0.857421875,0.042448422361649626,2.2398910133753964,12.092000007629395,4.620361328125,4548,4549,55.86940921493806,20.222832177269648,36.196610025836065,0.11076050049473395,0.04009154642674307,2.08984375,,
9.342360000001266,1544,,,,-0.19921875,-0.373046875,-1.171875,0.04262067509188552,2.2473929556097563,12.086999893188477,4.6490478515625,4550,4549,56.193040885264054,20.303788216508465,36.132211207371924,0.11068835685463176,0.03999415088068508,2.08984375,,
9.364440000001341,1544,,,,-0.75,-0.548828125,-0.787109375,0.04252368028778724,2.2482042767699166,12.090667724609375,4.63134765625,4548,4549,55.99608562886715,20.256384830860554,36.17464435838702,0.11098743904908356,0.04014931135848754,2.0859375,,
9.399115000000224,1544,,,,0.546875,-0.03515625,-0.998046875,0.04249822690520058,2.2449034221867983,12.093714714050293,4.6902899742126465,4549,4549,56.72302887429805,20.244412927922646,35.68993639741205,0.1108900233451796,0.039576578802969976,2.09375,,
9.423460000000894,1544,,,,-0.365234375,-0.017578125,-1.052734375,0.04285853063426071,2.24160256760368,12.092000007629395,4.595947265625,4550,4550,55.574194371001795,20.42268217793682,36.74849884750327,0.10976043930338122,0.04033531377241757,2.09765625,,
9.44622500000149,1544,,,,0.2109375,-0.001953125,-1.21875,0.04234170570573158,2.2417359354656243,12.091428756713867,4.6065850257873535,4550,4549,55.7001946510527,20.171739574673314,36.214845748823755,0.11113250432204878,0.040246465017034855,2.083984375,,
9.471655000001192,1544,,,,-0.4375,-0.375,-1.01953125,0.04234493425930469,2.243614199521338,12.092000961303711,4.601004600524902,4549,4550,55.635352052509916,20.174274968672698,36.261611051965225,0.11121163972461456,0.04032713224145259,2.08203125,,
9.49638500000164,1544,,,,-0.224609375,-0.58984375,-0.83984375,0.042345463012679316,2.241469199741736,12.094000816345215,4.625244140625,4553,4550,55.93770641251467,20.17469809277133,36.066366296809306,0.11110298599932272,0.040070809897208494,2.087890625,,
9.517115000000224,1544,,,,0.96875,0.259765625,-1.310546875,0.04263574721800787,2.2324890970374947,12.0910005569458,4.586181640625,4550,4550,55.45152477105148,20.314604939393536,36.634889704599786,0.10989576729145797,0.04026019313724927,2.08203125,,
9.54085500000231,1544,,,,-0.2109375,-0.06640625,-0.83203125,0.042422140356570485,2.223075548781935,12.092667579650879,4.6484375,4550,4551,56.21200945228338,20.21658292905826,35.964882106232984,0.10996297230758036,0.039548053350930895,2.078125,,
9.562285000000148,1544,,,,0,-0.802734375,-0.84765625,0.04246098025429693,2.213662000526375,12.092000961303711,4.6063232421875,4551,4551,55.69966507260688,20.23613032319944,36.33079354574356,0.10939156672600354,0.03974282426367866,2.07421875,,
9.584275000002235,1544,,,,0.361328125,-0.03515625,-0.955078125,0.0425456445129309,2.213773140411329,12.09000015258789,4.5556640625,4551,4552,55.07797921076417,20.27883116211832,36.8184008431361,0.10916670308625812,0.04019343432953474,2.0703125,,
9.606180000001565,1544,,,,-0.34375,0.146484375,-1.19921875,0.04232958015001373,2.218541041475833,12.090286254882812,4.6456475257873535,4551,4551,56.167208426057186,20.172657844202668,35.91536487122998,0.10997762707373784,0.03949886604025355,2.06640625,,
9.628960000000895,1544,,,,-0.421875,-0.328125,-0.9765625,0.042004678668054844,2.216862829213036,12.092572212219238,4.571010112762451,4551,4550,55.275269871364344,20.015412388634,36.2104290674899,0.11075778935596195,0.04010587075146048,2.0625,,
9.6515,1544,,,,0.2734375,-0.267578125,-0.78125,0.042384668175025536,2.2330225684852714,12.093144416809082,4.615653038024902,4548,4549,55.817758766718725,20.192365342112588,36.17552153339461,0.11058746861261205,0.04000559352119148,2.07421875,,
9.678595000002533,1544,,,,-0.537109375,0.154296875,-1.19921875,0.04236656424077178,2.228065729616346,12.089714050292969,4.600306987762451,4550,4550,55.61639602561263,20.18460356513568,36.29254142220975,0.11038441862018157,0.040061310851394805,2.083984375,,
9.70363000000082,1544,,,,-0.3125,-0.486328125,-1.001953125,0.04255646802743713,2.225553968216398,12.092446327209473,4.626193523406982,4549,4550,55.941996881083014,20.27872566066012,36.24955631056038,0.10974821620738623,0.039783241433932026,2.068359375,,
9.728390000000596,1544,,,,0.32421875,-0.513671875,-0.908203125,0.04251381506890553,2.2205304454165007,12.093500137329102,4.6392822265625,4552,4551,56.105160244042054,20.261574187147357,36.113566201424376,0.10959318485851226,0.039578007366128216,2.06640625,,
9.750870000001044,1544,,,,-0.32421875,0.50390625,-1.134765625,0.04231795777635244,2.223264486586356,12.090858459472656,4.576590538024902,4552,4551,55.334908422220906,20.169724584650034,36.45027191650769,0.11022780590064919,0.04017833497838694,2.064453125,,
9.77860500000231,1544,,,,0.224609375,-0.373046875,-0.97265625,0.04228403078557588,2.2270876986287558,12.0914306640625,4.6456475257873535,4551,4551,56.17252494773129,20.153725342282794,35.87826141167038,0.11050501387732495,0.03964727775190928,2.068359375,,
9.802025000000372,1544,,,,-0.1875,-0.447265625,-1.138671875,0.04252820152039542,2.2265986831349607,12.092000007629395,4.613715171813965,4552,4551,55.789043892774316,20.26746934812431,36.32876266364785,0.1098607154593292,0.039911038579805186,2.05859375,,
9.827675000000745,1544,,,,0.296875,-0.671875,-0.876953125,0.042601934110423796,2.230221843384444,12.090858459472656,4.801199913024902,4555,4553,58.05062858401652,20.311023718748075,34.98846474909739,0.10980351725579637,0.038418564928313394,2.048828125,,
9.850915000000969,1544,,,,-0.099609375,-0.345703125,-0.8671875,0.042964646628825466,2.2382239151010945,12.091556549072266,4.606119632720947,4564,4562,55.69515601083731,20.525665685696172,36.85359222569057,0.1090451315623277,0.04018704812794806,2.052734375,,
9.878370000001043,1544,,,,-0.078125,1.203125,-0.990234375,0.04462367294252932,2.2705433936455655,12.086857795715332,4.588448524475098,4565,4567,55.45992481829035,21.341182144133636,38.48036616359683,0.10639257836378586,0.040940253725276494,2.056640625,,
9.903480000000448,1544,,,,0.03125,-0.58203125,-1.01171875,0.04200376642962298,2.2619264405154103,12.090001106262207,4.4976806640625,4560,4562,54.37696420412976,20.067968925011897,36.90527637710197,0.1127132720290511,0.04159714455599608,2.078125,,
9.929170000001788,1544,,,,-0.21875,-0.3828125,-0.970703125,0.04196450207509012,2.256450856233464,12.094000816345215,4.5233154296875,4555,4558,54.70498049922753,20.02800007324761,36.61092626389003,0.11266481166272399,0.04124763112319045,2.05859375,,
10.09791000000015,1544,,,,-0.57421875,-0.03515625,-1.33984375,0.041752390367222614,2.2543058564538625,12.093000411987305,4.6319580078125,4551,4552,56.01427009678446,19.903929423736702,35.53367631024314,0.11325933731283529,0.040245206311869314,2.05078125,,
10.119485000001266,1544,,,,0.013671875,-0.212890625,-0.958984375,0.04271480207091617,2.246584690796432,12.090106010437012,4.618626594543457,4551,4551,55.83968515065408,20.35873903845932,36.4592654552617,0.11034989380002613,0.0402327607101509,2.056640625,,
10.152425000000745,1544,,,,-0.453125,0.75390625,-1.03515625,0.042485555408828764,2.246337126702698,12.087428092956543,4.619140625,4549,4551,55.833530155941844,20.247595458204398,36.26422223644699,0.1109434022098893,0.04023276193406949,2.06640625,,
10.173580000000074,1544,,,,0.041015625,0.158203125,-1.07421875,0.042472513058478004,2.2327336047843924,12.09119987487793,4.58203125,4549,4550,55.402255676686764,20.238879754223756,36.530786530304155,0.11031903108759918,0.040300409748910734,2.068359375,,
10.196870000002905,1544,,,,-0.3984375,0.03515625,-0.978515625,0.04264234629487625,2.238490650824982,12.089715003967285,4.583565711975098,4550,4550,55.41400315973533,20.317897743234774,36.66563789781943,0.11017333973788355,0.04039575780822678,2.056640625,,
10.221980000000446,1544,,,,-0.375,0.06640625,-0.892578125,0.042568460835875406,2.229688371936667,12.087428092956543,4.6309990882873535,4550,4550,55.976868478220695,20.283820614787082,36.23607601893459,0.10992447696521261,0.03983231703653067,2.048828125,,
10.24797500000149,1544,,,,0.5,-0.03125,-0.806640625,0.0426000932549911,2.2299995636145367,12.091001510620117,4.5458984375,4551,4551,54.96446487493813,20.30054464435613,36.933943940956055,0.10984924802175253,0.04057165968391586,2.060546875,,
10.272050000002608,1544,,,,-0.34375,-0.123046875,-0.939453125,0.042430914951750054,2.2312554443145114,12.092000961303711,4.656982421875,4551,4551,56.312235922086984,20.221295591262866,35.90923936893722,0.11034186381601498,0.039622924001839546,2.080078125,,
10.296950000001118,1544,,,,-0.484375,-0.271484375,-0.908203125,0.04230561479456405,2.2360344593675103,12.093500137329102,4.6282958984375,4551,4551,55.972297083353624,20.161818040966295,36.02106594078394,0.11090440628043403,0.039948949317510064,2.060546875,,
10.321980000000448,1544,,,,0.509765625,0.23046875,-0.962890625,0.04270093493551733,2.2299995636145367,12.091429710388184,4.6072821617126465,4554,4552,55.70862841427379,20.356334785480975,36.54072154514799,0.10954818670034201,0.04002969785993081,2.060546875,,
10.346205000000074,1544,,,,-0.125,0.1171875,-0.8828125,0.04302958520065126,2.2235423362987397,12.090499877929688,4.6563720703125,4554,4554,56.29786594770849,20.522124994935712,36.452758287494255,0.10834854269952297,0.039496032378279616,2.064453125,,
10.371395000001415,1544,,,,0.21875,-0.349609375,-1.25,0.0424695105944821,2.233845003633927,12.093999862670898,4.5672607421875,4555,4554,55.23645078879781,20.254553297124204,36.668817434649355,0.11028853467487205,0.04044150143127879,2.064453125,,
10.398265000000595,1544,,,,-0.537109375,0.41015625,-0.99609375,0.04239281662224748,2.230677516912753,12.091501235961914,4.6051025390625,4554,4553,55.68260304280557,20.2141745622668,36.302495676661,0.11035214473098955,0.04006058257007017,2.0546875,,
10.42188500000164,1544,,,,0.509765625,-0.099609375,-1.115234375,0.04249235402581843,2.2183298756944216,12.088500022888184,4.666748046875,4552,4553,56.413983871461824,20.25978188528739,35.912694858510456,0.10949426248785869,0.03932234037484117,2.064453125,,
10.446440000001342,1544,,,,-0.32421875,0.16015625,-1.01171875,0.042570897237524455,2.2379794073541963,12.090286254882812,4.559151649475098,4553,4552,55.121448521575076,20.29346939996268,36.81592183126251,0.11028076881512985,0.04060088164189353,2.060546875,,
10.46785000000149,1544,,,,0.26171875,-0.541015625,-0.73046875,0.04261820766929326,2.2325002110259904,12.090002059936523,4.5892333984375,4552,4553,55.48384124063887,20.31840953642754,36.62040890122334,0.10987573643613628,0.040236943966143544,2.068359375,,
10.48988000000082,1544,,,,1.265625,-0.296875,-1.28515625,0.042530334699311126,2.221419564496128,12.092000007629395,4.61181640625,4552,4552,55.76608401956037,20.274513872758618,36.35635212550908,0.10956709386166281,0.03983459845803319,2.080078125,,
10.513565000001341,1544,,,,-0.15625,0.130859375,-1.150390625,0.042548490335136926,2.2242647455509372,12.087430000305176,4.6407647132873535,4553,4552,56.094918619747205,20.281122622387617,36.15500854875652,0.1096716777943865,0.039651804482125144,2.0859375,,
10.538245000002906,1544,,,,-0.38671875,-0.265625,-0.744140625,0.04265921716148354,2.231088734487081,12.0910005569458,4.556884765625,4550,4551,55.09729623910971,20.32971056165837,36.897837007159225,0.10974522867506495,0.04049361559965963,2.08203125,,
10.562825000001117,1544,,,,0.849609375,-0.41015625,-1.05859375,0.042116438183522786,2.2272210664906997,12.08650016784668,4.5855712890625,4549,4549,55.42350815492682,20.06260930986732,36.19873583928641,0.11101352930175905,0.04018549421781257,2.0859375,,
10.58601000000164,1544,,,,-0.287109375,0.212890625,-1.029296875,0.042152190239792456,2.2194190465669656,12.089715003967285,4.560546875,4548,4548,55.135711980983615,20.075831331427498,36.41166606926502,0.11055178786507334,0.04025374783103275,2.080078125,,
10.607815000001342,1544,,,,-0.234375,-0.09765625,-0.765625,0.04223996329997997,2.235689925724155,12.091501235961914,4.5831298828125,4546,4547,55.416920642601326,20.112142526618353,36.29242168890435,0.11116120138693461,0.04034309196179849,2.076171875,,
10.628640000000596,1544,,,,0.486328125,-0.390625,-1.037109375,0.04223479509905137,2.2373125680444756,12.091334342956543,4.610188961029053,4547,4547,55.74333611200973,20.10871546701247,36.07375673857473,0.11126083969484257,0.04013596465681309,2.07421875,,
10.651795000001789,1544,,,,0.5,-0.205078125,-0.806640625,0.042498700882855636,2.2263764033650535,12.086666107177734,4.602864742279053,4548,4548,55.633289276427604,20.2411956693495,36.3832445153048,0.10999233640808943,0.04001878070345181,2.068359375,,
10.677200000001118,1544,,,,-1.0625,0.5,-1.03515625,0.04265948802095411,2.217796404246645,12.091501235961914,4.552001953125,4550,4549,55.040537242311984,20.323217825715545,36.92409057753933,0.1091262428649662,0.04029387275932567,2.083984375,,
10.69997500000149,1544,,,,0.548828125,-0.33984375,-1.041015625,0.04260603488349068,2.219496844486433,12.092500686645508,4.6441650390625,4549,4550,56.15956892375834,20.298683145547546,36.144656261704625,0.10934191290006283,0.03952125856770018,2.0859375,,
10.726730000000448,1544,,,,-0.5,-0.017578125,-1.103515625,0.04274410085748399,2.2412913759258104,12.089714050292969,4.598911762237549,4549,4550,55.59952814798089,20.36535505837333,36.62864728666389,0.11005412719304841,0.040311338073958154,2.078125,,
10.749770000001416,1544,,,,-0.236328125,0.15234375,-0.775390625,0.042638144633876905,2.229343838293311,12.090001106262207,4.6490478515625,4551,4550,56.20699366845656,20.31780705578674,36.148183223663715,0.10972364449431903,0.039663104051487846,2.072265625,,
10.77235000000149,1544,,,,0.828125,-0.0625,-1.119140625,0.042671283525014744,2.224086921735012,12.08750057220459,4.6514892578125,4554,4553,56.2248790654121,20.34661459035312,36.187920594158754,0.1093099253371375,0.03955698898253754,2.078125,,
10.796490000000224,1544,,,,-0.8984375,-0.072265625,-1.126953125,0.042936403317624175,2.2367568686197083,12.086286544799805,4.969307899475098,4554,4554,60.06047920239325,20.476055620715012,34.092394687219034,0.1092376827867594,0.03724174196283434,2.087890625,,
10.821860000001267,1544,,,,2.01171875,-0.7421875,-0.5625,0.04238149593424576,2.237801583538271,12.089715003967285,4.9532647132873535,4579,4567,59.88355872285183,20.26990334180155,33.84886231563667,0.11040020989756627,0.0373692150444011,2.119140625,,
10.84741000000015,1544,,,,-0.361328125,0.140625,-0.7578125,0.04723189903715304,2.2517274111229417,12.092500686645508,4.4921875,4593,4592,54.32178042829037,22.71122920558941,41.80869814377729,0.09914599472972488,0.04145164965819602,2.123046875,,
10.871710000000894,1544,,,,0.9375,0.33203125,-1.193359375,0.042077835693825796,2.268365051900477,12.0885009765625,4.5526123046875,4582,4587,55.0342582911253,20.211439981664075,36.72519737569231,0.11223173875579126,0.0412173275762357,2.119140625,,
10.895070000000299,1544,,,,-0.6484375,-0.19921875,-0.70703125,0.04029738125148003,2.2517496390999323,12.088500022888184,4.6099853515625,4572,4576,55.72780802787747,19.309192605114607,34.649115564450895,0.1166154217397723,0.04040621224458549,2.1171875,,
10.916785000002012,1544,,,,0.1484375,-0.173828125,-1.21875,0.04075107721822513,2.2382461430780847,12.092000961303711,4.568917274475098,4566,4568,55.24735207507001,19.493717166301856,35.28443705286332,0.11481884773352857,0.04051318405335987,2.140625,,
10.939825000001118,1544,,,,-0.140625,-0.1015625,-0.9296875,0.041603953197611454,2.2368680085046617,12.09333324432373,4.6240234375,4561,4564,55.91985635925084,19.88563522295088,35.56095547742085,0.1124866258193751,0.04000131892568096,2.142578125,,
10.96383999999985,1544,,,,-0.048828125,-0.107421875,-0.890625,0.0418182485283609,2.240457826788659,12.091500282287598,4.5721435546875,4557,4560,55.284075082163326,19.969740638053892,36.122048905358035,0.1121926352172693,0.04052627856139196,2.146484375,,
10.986115000002085,1544,,,,-0.28125,-0.63671875,-1.244140625,0.04163423243287942,2.2309998225791183,12.089001655578613,4.64599609375,4557,4557,56.16545446915552,19.868784338194597,35.37545369477242,0.11228667967825157,0.03972192237497731,2.15234375,,
11.007900000000372,1544,,,,0.2109375,0.70703125,-1.138671875,0.04167796916814823,2.2262874914570907,12.0914306640625,4.564732074737549,4556,4555,55.19414138171123,19.881333571597025,36.02073168255639,0.1119787806708108,0.04033557612683108,2.158203125,,
11.030325000001117,1544,,,,0.26171875,-0.591796875,-0.7265625,0.041812557442884764,2.229254926385349,12.09000015258789,4.59228515625,4552,4554,55.520728239789605,19.93906423850781,35.91282908320759,0.11180338754714703,0.040151759479043106,2.173828125,,
11.055425000000746,1544,,,,-0.0625,-0.45703125,-1.146484375,0.04190651526869443,2.218552155464329,12.089714050292969,4.556361675262451,4554,4553,55.085109763636865,19.981294438806312,36.273494823816236,0.11103145305519384,0.04027498837678369,2.169921875,,
11.079545000001788,1544,,,,0.037109375,0.560546875,-1.08203125,0.04189726879186949,2.2174740985802797,12.0885009765625,4.5928955078125,4551,4552,55.521221831440926,19.97285980199717,35.97337944513102,0.11102436609295906,0.03993921649117156,2.171875,,
11.10188000000082,1544,,,,-0.01171875,-0.171875,-0.8203125,0.04193444557578389,2.2055376749362763,12.090285301208496,4.539620399475098,4551,4552,54.885305788840014,19.990020420407667,36.42144310412551,0.11033193706418924,0.04018448368351324,2.16015625,,
11.128145000001416,1544,,,,-0.125,-0.484375,-1.203125,0.042163993010019975,2.204081742443386,12.08950138092041,4.681396484375,4551,4552,56.595749262487516,20.09776786878556,35.511090727986264,0.10966798685472981,0.03894429831153915,2.15625,,
11.152455000001938,1544,,,,-0.38671875,0.6484375,-1.021484375,0.042266386660825085,2.2301440454649764,12.091500282287598,4.6282958984375,4553,4552,55.96304116246756,20.14976604330108,36.00548795195716,0.11067840890422656,0.03985030118342917,2.1640625,,
11.177550000000744,1544,,,,0.111328125,-0.255859375,-1.130859375,0.042509124199247454,2.216507181581185,12.092001914978027,4.578682899475098,4555,4554,55.36544238853003,20.270818714274387,36.61276391873257,0.10934472913125881,0.040034127534405384,2.1796875,,
11.20016000000015,1544,,,,-0.259765625,-0.71875,-0.6640625,0.0421888650992561,2.196446432347082,12.089499473571777,4.6466064453125,4555,4555,56.175146174500696,20.122160952156097,35.820398027357605,0.1091555940522249,0.03909996825863364,2.166015625,,
11.227865000002087,1544,,,,0.53125,-0.146484375,-0.81640625,0.04210908887492386,2.1986470020691606,12.092000961303711,4.6023993492126465,4552,4554,55.652217354982895,20.08138932580332,36.083718277948016,0.1094867972727384,0.039506907479442986,2.16015625,,
11.251070000000299,1544,,,,0.072265625,0.19140625,-1.158203125,0.041995237960999805,2.200569722078856,12.09111213684082,4.6044921875,4554,4554,55.67343137226999,20.025709089555225,35.96995657704278,0.10988723107071416,0.03952638929985054,2.16796875,,
11.277270000001415,1544,,,,0.171875,-1.142578125,-0.95703125,0.04206970113528799,2.2183854456368985,12.09314250946045,4.6121649742126465,4552,4552,55.77556831029551,20.054700162882842,35.95606601677778,0.11061673461180324,0.039773426122623856,2.1875,,
11.432790000000969,1544,,,,0.3984375,-0.732421875,-0.857421875,0.041771166142444985,2.2215195903925866,12.09000015258789,4.586181640625,4551,4551,55.44693673495203,19.908910352235267,35.90624031658237,0.11158418773748538,0.04006568660432794,2.17578125,,
11.455250000001863,1544,,,,-0.111328125,-0.09375,-0.958984375,0.042171784751328316,2.2162899031061007,12.091388702392578,4.609938621520996,4551,4551,55.74055976698219,20.097174210257414,36.05484820079244,0.11027868295906629,0.03976081173872451,2.138671875,,
11.478960000000894,1544,,,,0.09375,-0.009765625,-1.046875,0.04203501938627334,2.2135508606414223,12.090286254882812,4.6121649742126465,4550,4549,55.7623947929751,20.025206079517712,35.911667986756676,0.11053823125972712,0.03969612260842649,2.09375,,
11.51209500000067,1544,,,,-0.13671875,-0.80859375,-0.701171875,0.04237570382110318,2.214139902031676,12.091429710388184,4.622628211975098,4550,4549,55.8941841023543,20.18819773530561,36.11860171057631,0.10967496608969378,0.039613064178146126,2.095703125,,
11.67860500000231,1544,,,,0.392578125,0.087890625,-1.16796875,0.042422604640180786,2.2238721439073394,12.088728904724121,4.647105693817139,4550,4550,56.177600924155286,20.211267340984687,35.97744832192403,0.11003130612189471,0.03958645629794271,2.109375,,
11.700330000001937,1544,,,,0.158203125,-0.130859375,-0.9609375,0.04244246577026097,2.229136006708448,12.090478897094727,4.623402118682861,4554,4554,55.89914574871818,20.239625807605574,36.20739733409913,0.11013721438816283,0.039877818826230704,2.115234375,,
11.728964999999851,1544,,,,-0.6484375,0.0390625,-0.7734375,0.04231188996807029,2.2311109624640717,12.089142799377441,4.600306987762451,4557,4555,55.613768096034164,20.18290110270666,36.29119513688537,0.11054461155561354,0.04011796069295964,2.1015625,,
11.755520000001416,1544,,,,0.375,-0.421875,-1.23046875,0.042379116576373436,2.227510030191579,12.087555885314941,4.849175453186035,4559,4558,58.61467928808361,20.22880186118957,34.5114945724903,0.11011576688905236,0.03800259691337137,2.11328125,,
11.77751500000246,1544,,,,-0.38671875,0.04296875,-1.083984375,0.043286609644950576,2.2159959381103986,12.09111213684082,4.504665851593018,4569,4568,54.466419950608724,20.706357235016394,38.016739954256856,0.1070200766343846,0.0406855442329404,2.134765625,,
11.800410000000149,1544,,,,0.474609375,-0.625,-0.931640625,0.04261314999794165,2.24033557291521,12.088667869567871,4.647623538970947,4566,4567,56.18357734540541,20.377783083639876,36.26999925327171,0.10994010308775166,0.039875274568973676,2.138671875,,
11.82432000000216,1544,,,,0.078125,0.09765625,-1.291015625,0.04122074142509667,2.247103991908877,12.094000816345215,4.5294189453125,4561,4563,54.77879642217886,19.69631149478429,35.95608662699577,0.11408755352513207,0.04102141957611666,2.13671875,,
11.848740000002087,1544,,,,0.125,-0.37890625,-0.677734375,0.04197098629062819,2.2379016094347293,12.088000297546387,4.545200824737549,4555,4559,54.94238892183557,20.03881522934309,36.472413418083335,0.1116783394538087,0.040731785664043584,2.125,,
11.871430000001565,1544,,,,0.384765625,0.404296875,-1.115234375,0.04193496678352368,2.235723267689641,12.086501121520996,4.9945068359375,4564,4559,60.366112474002875,20.020728979658955,33.16550985170866,0.11167042268846124,0.037036065038186315,2.12109375,,
11.896464999999852,1544,,,,0.375,-0.736328125,-0.736328125,0.04339678639364412,2.237223656136513,12.090858459472656,4.536830425262451,4573,4571,54.854174526477436,20.772910442854755,37.86933377846736,0.10769909504452949,0.04078492977880166,2.107421875,,
11.917259999999777,1544,,,,-0.423828125,-0.37890625,-1.203125,0.04361308690698495,2.2473596136442704,12.093000411987305,4.5428466796875,4570,4572,54.9366467690561,20.88196880822736,38.01100000881278,0.10762201755415061,0.04090820510199268,2.109375,,
11.939685000002385,1544,,,,-0.046875,0.216796875,-0.81640625,0.041138618368595614,2.2308886826941645,12.090667724609375,4.571939945220947,4563,4566,55.27780673453526,19.670583673853844,35.58495684953522,0.11341242942676194,0.04035776407352282,2.1015625,,
11.96164000000246,1544,,,,0.486328125,-0.72265625,-0.92578125,0.04150213351896975,2.2251649786190604,12.092573165893555,4.544503211975098,4558,4561,54.954737593447135,19.82056217181227,36.06706726259702,0.11226548265031401,0.04049086714016794,2.119140625,,
11.983340000001714,1544,,,,-0.09375,-0.3515625,-0.865234375,0.041713831055324994,2.2306886309012484,12.086857795715332,4.5724053382873535,4554,4556,55.2660131082489,19.903193148903394,36.01344122638129,0.1120769222412009,0.040362756519671944,2.119140625,,
12.007215000001713,1544,,,,0,0.4375,-1.16015625,0.041646318024679406,2.217551896499747,12.091429710388184,4.6895928382873535,4553,4552,56.703882174491355,19.85301933921353,35.011746247145936,0.11169847057569002,0.039107585079903556,2.111328125,,
12.030440000001342,1544,,,,-0.01171875,-0.884765625,-0.900390625,0.04241457683578252,2.2187299792802544,12.092572212219238,4.598911762237549,4554,4553,55.61267258248199,20.22330861072894,36.36456885026469,0.10971152257960234,0.039896122165133184,2.12109375,,
12.052650000002235,1544,,,,0.474609375,-0.111328125,-0.802734375,0.04279335023793839,2.2187299792802544,12.091429710388184,4.5724053382873535,4552,4554,55.28691775530524,20.408392175888906,36.913600910462314,0.10871654955266537,0.040131193225495895,2.1328125,,
12.077090000001714,1544,,,,0.5625,0.265625,-1.232421875,0.042164714875752886,2.220886093048352,12.090286254882812,4.618443012237549,4552,4552,55.83829806981521,20.098902898776423,35.99483435839422,0.11049787663701557,0.03977352766503655,2.1484375,,
12.100355000000446,1544,,,,-0.63671875,-0.169921875,-1.021484375,0.0419602248180084,2.2214529064616144,12.091501235961914,4.6087646484375,4547,4551,55.72688344283961,19.99547172208945,35.88119501173843,0.11109779940862936,0.03986321805956028,2.138671875,,
12.124960000000893,1544,,,,0.037109375,-0.54296875,-0.798828125,0.04198707380855201,2.230610832981781,12.08857250213623,4.623325824737549,4549,4549,55.88940943333864,19.999697122459285,35.7844130493339,0.11153223067947597,0.03991115410947959,2.130859375,,
12.147025000000372,1544,,,,-0.3359375,1.056640625,-1.341796875,0.04238020171813695,2.2332893042091597,12.093001365661621,4.5355224609375,4548,4549,54.848079314106144,20.187053864570625,36.80539795926601,0.1106297788271474,0.04071773035878742,2.1328125,,
12.174140000000596,1544,,,,0.25,-0.298828125,-0.990234375,0.04248346540771241,2.232177905359625,12.092572212219238,4.672153949737549,4546,4547,56.49835902380664,20.22832136626857,35.80337856847309,0.1103491419254323,0.03950872103062418,2.130859375,,
12.19779000000097,1544,,,,-0.3125,-0.31640625,-1.025390625,0.04226170227395029,2.215017907122808,12.08899974822998,4.622802734375,4547,4547,55.88506109197624,20.12320352295779,36.00819812979859,0.11007282735056469,0.039635241759462474,2.126953125,,
12.228615000000223,1544,,,,-0.796875,-0.029296875,-1.373046875,0.04272018804201022,2.2243647714473957,12.090500831604004,4.647216796875,4550,4549,56.18717854726128,20.350363844290637,36.21887478683973,0.10930343990244915,0.03958847603597667,2.130859375,,
12.25182000000216,1544,,,,0.25,-0.2265625,-0.75390625,0.0427485379702371,2.2259207298367443,12.09160041809082,4.59814453125,4551,4551,55.59892633650452,20.37471137596843,36.645871995177416,0.10924919076214124,0.04003531860246146,2.12890625,,
12.277645000001415,1544,,,,-0.21875,0.822265625,-1.111328125,0.04255465581747003,2.2269987867207934,12.092000961303711,4.6505303382873535,4550,4551,56.23421732114275,20.280854851483777,36.06497221373907,0.1098079347753856,0.03960220116522355,2.12109375,,
12.300610000001267,1544,,,,1.3125,-0.5625,-0.97265625,0.042484784775937354,2.2422249509594194,12.090001106262207,4.5916748046875,4552,4552,55.51335346826818,20.24984572393327,36.477431930874474,0.1107280016612342,0.04039073143439426,2.12890625,,
12.328615000000223,1544,,,,-0.798828125,-0.4375,-0.984375,0.04258369659048659,2.244225468888582,12.090286254882812,4.603096961975098,4553,4552,55.652759929260355,20.299210608417628,36.47475998354752,0.11055727792478551,0.04032550176740909,2.14453125,,
12.350945000000298,1544,,,,0.611328125,0.029296875,-0.8828125,0.04246091765347457,2.232922542588813,12.086222648620605,4.767252445220947,4553,4551,57.618074475121375,20.237834748176127,35.1241080729182,0.11033406342000339,0.03875385567688409,2.1484375,,
12.375645000001416,1544,,,,0.111328125,-0.359375,-1.271484375,0.04306889460454545,2.2301107034994905,12.092000961303711,4.534737586975098,4564,4561,54.83405126096295,20.569190155196683,37.51170975368028,0.10841995657938269,0.04067017942712422,2.1328125,,
12.399820000000298,1544,,,,-0.25,-0.525390625,-0.6796875,0.04363341764191999,2.266531243798745,12.089500427246094,4.581298828125,4560,4562,55.385614139959216,20.8454641422439,37.63696487966623,0.10873018841569268,0.04092274282760917,2.12109375,,
12.42664000000246,1544,,,,0.3359375,-0.45703125,-1.017578125,0.04186968223036712,2.253783498994581,12.089143753051758,4.5675225257873535,4556,4558,55.21743640954537,19.985735923454502,36.19461029523564,0.11276960266194783,0.04081651821497769,2.111328125,,
12.450010000001638,1544,,,,-0.75,0.1796875,-1.029296875,0.04204241500183939,2.2402800029727334,12.092889785766602,4.552951335906982,4555,4555,55.05833870508195,20.052610161051415,36.42065967239316,0.11172011947472424,0.040689204499480346,2.111328125,,
12.475130000000819,1544,,,,0.3359375,-0.763671875,-0.62890625,0.042313371427710286,2.245892567162884,12.093714714050293,4.672153949737549,4551,4552,56.50369696824919,20.171613900368634,35.69963556845415,0.11133926012344708,0.0397477101086838,2.111328125,,
12.502155000001192,1544,,,,-0.599609375,0.701171875,-1.2421875,0.042283388288742764,2.242758422407196,12.09000015258789,4.6282958984375,4552,4551,55.95609811833128,20.153576264666167,36.01676482525116,0.11128339670112371,0.040080679279395036,2.1015625,,
12.527315000001341,1544,,,,0.96875,-0.33203125,-0.8359375,0.04280415013740226,2.233822775656937,12.092500686645508,4.6575927734375,4552,4553,56.321943810908124,20.407528719503514,36.23370810499459,0.10946071944135342,0.03966167757200706,2.099609375,,
12.551310000000521,1544,,,,-0.94921875,0.25390625,-0.8828125,0.04281429552291086,2.2417915054081012,12.088000297546387,4.66064453125,4554,4553,56.33787248050794,20.414974891809077,36.23668057197643,0.10981113213651592,0.039791909184780226,2.115234375,,
12.575175000000746,1544,,,,0.40625,-0.421875,-1.068359375,0.04269998656100529,2.2347896926560313,12.092999458312988,4.5892333984375,4551,4553,55.49759700137656,20.359683330991633,36.68570250075266,0.10976544459580179,0.040268224453044336,2.11328125,,
12.599855000000447,1544,,,,0.88671875,-0.185546875,-1.1640625,0.04255709347672488,2.2307775428092116,12.096571922302246,4.6017022132873535,4551,4551,55.6648217880479,20.279898818759357,36.43216337955431,0.10999944145410098,0.04007517622715526,2.09765625,,
12.624644999999553,1544,,,,-0.599609375,0.21875,-0.7578125,0.04249229463887758,2.2345340709206387,12.090001106262207,4.65087890625,4546,4549,56.22913112165406,20.239985117422986,35.995550195561336,0.11040196215347545,0.03973979370383887,2.083984375,,
12.649875000001863,1544,,,,0.236328125,-0.23046875,-1.01171875,0.04268217276951113,2.250971659905258,12.090500831604004,4.6185302734375,4548,4547,55.84034411178436,20.3247673338657,36.39799800154962,0.11075018094571865,0.04031084864733525,2.07421875,,
12.677375000001863,1544,,,,-0.0625,-0.3125,-1.0234375,0.04277719852709818,2.254150260614927,12.091500282287598,4.619140625,4547,4547,55.85234017111361,20.367767111252967,36.467168696696824,0.11067242905431368,0.04035910140396867,2.07421875,,
12.70038000000082,1544,,,,0.14453125,-0.4765625,-0.900390625,0.04271118023082055,2.240457826788659,12.09000015258789,4.6478271484375,4546,4547,56.192230933811516,20.336018769044994,36.19008968161215,0.11017190002789685,0.039871309424031956,2.068359375,,
12.727625000001863,1544,,,,0.515625,0.478515625,-1.03125,0.042716372465993455,2.2390685782267408,12.09000015258789,4.599609375,4549,4548,55.60927804559469,20.343004144520073,36.5820324583977,0.11006577800997468,0.04026429863719689,2.068359375,,
12.75088500000164,1544,,,,-0.05078125,-0.208984375,-0.947265625,0.043069175749310185,2.2389018683993105,12.089499473571777,4.659423828125,4548,4549,56.33010191726498,20.515487858875264,36.42011493074778,0.10913227527420133,0.03974610008140416,2.0546875,,
12.775075000001118,1544,,,,-0.048828125,-0.498046875,-1.13671875,0.042653496786892175,2.2374125939409337,12.089715003967285,4.603794574737549,4549,4548,55.65856434538773,20.315700500455442,36.50058304484267,0.1101321903170789,0.04019889158578956,2.0625,,
12.797490000002087,1544,,,,-0.4375,-0.48046875,-0.822265625,0.042965717829504604,2.2337005217834878,12.093001365661621,4.6160888671875,4549,4548,55.82236897491384,20.46410224993122,36.65932246466937,0.10915213843749219,0.04001443440688259,2.08203125,,
12.967320000002161,1544,,,,0.125,-0.5,-0.939453125,0.04293490453097085,2.242713966453215,12.093144416809082,4.625418663024902,4547,4548,55.93585588016413,20.448960058885604,36.55787461748159,0.10967374184286197,0.04009438903121392,2.072265625,,
12.989460000000895,1544,,,,-0.1953125,-0.22265625,-1.0234375,0.0427759065345063,2.2381144423144153,12.089688301086426,4.622738361358643,4550,4550,55.887465886301015,20.382455192754588,36.47053032288351,0.10980592971498374,0.04004680489302729,2.06640625,,
13.012260000001639,1544,,,,0.171875,0.166015625,-0.84375,0.04250255572412037,2.242902904257636,12.091429710388184,4.5138115882873535,4547,4550,54.57843554571218,20.25075985645625,37.1039580998895,0.11075648124594022,0.04109503839440564,2.0703125,,
13.052020000001416,1544,,,,0.474609375,-0.619140625,-0.646484375,0.04226045836207373,2.2393353139506287,12.092000961303711,4.652622699737549,4549,4548,56.25951815780991,20.127481828070287,35.77613617594804,0.11125759958841926,0.03980367033484388,2.078125,,
13.215214999999851,1544,,,,0.1171875,-0.376953125,-1.0703125,0.04257766315676315,2.2335413138982916,12.089231491088867,4.597355842590332,4547,4548,55.578499027984435,20.276528208802265,36.482684065636235,0.1101540308527121,0.04018714706155841,2.080078125,,
13.238550000000744,1544,,,,-0.09765625,-0.1484375,-0.9609375,0.04252361914281826,2.2386651404443594,12.091116905212402,4.609646320343018,4548,4548,55.735772550949605,20.254655555959314,36.34049485443837,0.11052595460137067,0.04016567884473,2.09765625,,
13.263650000000373,1544,,,,-0.0859375,-0.029296875,-0.8203125,0.042726848601829154,2.253816840960067,12.092001914978027,4.619140625,4547,4548,55.8546572830528,20.350470872112762,36.4346893563116,0.11075010770628319,0.04035145770456479,2.09765625,,
13.286285000000149,1544,,,,0.63671875,0.0625,-1.31640625,0.04276983286962376,2.259118213472348,12.09000015258789,4.637451171875,4548,4548,56.06678537558764,20.370775142659596,36.333053529281436,0.11089996318998194,0.04029334298976955,2.095703125,,
13.309085000000895,1544,,,,-0.82421875,-0.068359375,-0.734375,0.0428678668753201,2.2626524618138686,12.089142799377441,4.5724053382873535,4549,4548,55.276461071191534,20.418534843841567,36.938932862478616,0.11081365431547147,0.04093338137005114,2.08984375,,
13.332200000001118,1544,,,,0.328125,-0.037109375,-1.095703125,0.04254537063433304,2.25662868004939,12.092000961303711,4.610770225524902,4548,4549,55.75343799939765,20.266195876394473,36.34967923702468,0.11134939649319442,0.04047514845763898,2.091796875,,
13.354055000001564,1544,,,,1.046875,0.185546875,-0.939453125,0.042526675904818206,2.2547615299821717,12.092000961303711,4.5849609375,4549,4548,55.441352063789964,20.255344209121247,36.53472264856701,0.11131687058503913,0.040669309929308325,2.0859375,,
13.37891500000097,1544,,,,-0.3359375,-0.248046875,-0.94921875,0.04251841427307369,2.2599406486210034,12.090667724609375,4.627278804779053,4547,4547,55.94689049771114,20.247440438601465,36.19046609825405,0.11161611540352813,0.04039439240530196,2.083984375,,
13.401425000000746,1544,,,,-0.412109375,-0.298828125,-0.7421875,0.04261884331916142,2.248815546137161,12.088500022888184,4.58251953125,4548,4548,55.39578745840117,20.296301586559725,36.63870939970119,0.11079927722528193,0.040595425199540354,2.064453125,,
13.427725000001491,1544,,,,1.171875,0.103515625,-1.130859375,0.04270744500184141,2.240657878581575,12.089142799377441,4.5919365882873535,4548,4549,55.512577141491874,20.342714338877897,36.645234983466665,0.1101454722932107,0.04036306714549622,2.06640625,,
13.449760000001639,1544,,,,-0.34375,-0.076171875,-0.900390625,0.042597607666981646,2.2287103409490765,12.092499732971191,4.5550537109375,4549,4549,55.08198578318115,20.291260801171827,36.83828843978897,0.10983597139613759,0.04046169195355327,2.06640625,,
13.472320000000298,1544,,,,-0.140625,-0.45703125,-1.025390625,0.04232230378255158,2.2292104704313673,12.091428756713867,4.5919365882873535,4546,4548,55.52307411262427,20.1555063368876,36.30113544506507,0.11060056905400474,0.04014926237530699,2.056640625,,
13.496205000001938,1544,,,,0.3984375,-0.49609375,-0.96875,0.04227966675369351,2.2297105999136577,12.090858459472656,4.5828680992126465,4546,4547,55.4108095260126,20.13281601902762,36.33373378090835,0.11075006088598574,0.040239632284507956,2.046875,,
13.522345000002533,1544,,,,0.125,0.14453125,-1.01171875,0.042577530828685525,2.243314121831964,12.089000701904297,4.5819091796875,4550,4548,55.39070328930393,20.280191472347823,36.612987862647294,0.11061602277723746,0.04049983099357312,2.052734375,,
13.548950000001117,1544,,,,-0.412109375,-0.072265625,-1.080078125,0.04264709892695282,2.2378682674692434,12.089999198913574,4.6270751953125,4547,4548,55.941335404640995,20.31104642378497,36.30776111594206,0.11017986078987141,0.04000384065346402,2.0546875,,
13.571845000000671,1544,,,,0.166015625,-0.119140625,-1.021484375,0.04228364344298749,2.2367346406427178,12.090001106262207,4.5513916015625,4548,4548,55.02632949792314,20.13833184218063,36.59762885500243,0.11106851640798657,0.0406484434097524,2.04296875,,
13.59638500000164,1544,,,,-1.078125,-0.392578125,-1.068359375,0.04250961718072359,2.2403800288691915,12.091429710388184,4.6358819007873535,4011,4549,56.05444014903105,20.248471337619883,36.122867847374074,0.11064440329906595,0.03996793158423719,2.048828125,,
13.621535000000149,1544,,,,0.013671875,-0.92578125,-0.642578125,0.04268262852672874,2.2634971249395153,12.088500022888184,4.5947265625,4457,4549,55.543352155946195,20.330769107994175,36.603424746336024,0.1113335709493398,0.04075189985985023,2.05859375,,
13.646460000000895,1544,,,,0.5859375,0.095703125,-1.52734375,0.04263116785606464,2.2597961667705646,12.0910005569458,4.6148681640625,4533,4549,55.79837354191113,20.307512731900154,36.39445281796041,0.111278825556059,0.04049931966338037,2.060546875,,
13.671800000000745,1544,,,,-0.359375,0.232421875,-0.828125,0.04257395964739713,2.258295778323692,12.09000015258789,4.649658203125,4546,4549,56.21436838526279,20.280476512738993,36.077033497463866,0.11135319117897277,0.040172928082132985,2.052734375,,
13.696260000001638,1544,,,,-0.15625,-0.1796875,-1.03515625,0.042534004113586384,2.253238913558309,12.092000007629395,4.627278804779053,4549,4549,55.95305534269164,20.2617994247423,36.21214123276435,0.1112062589469132,0.040270167549529855,2.0546875,,
13.724250000001863,1544,,,,0.13671875,0.470703125,-1.310546875,0.042816806542504415,2.2471151058973726,12.092572212219238,4.6065850257873535,4551,4551,55.705462076061394,20.407152891244888,36.63402497834151,0.11011409175365339,0.04033922387770727,2.05859375,,
13.747935000002384,1544,,,,0.32421875,-0.2109375,-0.724609375,0.042968664874131306,2.242143540993691,12.087201118469238,4.77880859375,4553,4552,57.76242057932541,20.48243057577051,35.459785740180145,0.10946667353268186,0.03881664789159147,2.06640625,,
13.772575000001117,1544,,,,0.287109375,-0.205078125,-0.923828125,0.043025584337379005,2.253205571592823,12.090286254882812,4.627511024475098,4562,4558,55.947932933529955,20.535651228346477,36.7049328752579,0.10972165170406677,0.040273258607601975,2.076171875,,
13.796460000000893,1544,,,,-0.75,-0.62109375,-1.052734375,0.044355506110784836,2.2680316322456164,12.093714714050293,4.5947265625,4561,4563,55.56731223594397,21.19281955792732,38.139004218776385,0.1070188714647572,0.040815931902830636,2.068359375,,
13.821870000002905,1544,,,,0.5234375,0.40625,-1.091796875,0.04270807352527668,2.270721217461491,12.089500427246094,4.6160888671875,4562,4561,55.80620833206922,20.397838287327346,36.55119904572636,0.11132165994630089,0.04068940150797906,2.099609375,,
13.846830000000075,1544,,,,0.13671875,-0.818359375,-0.64453125,0.04257597628817476,2.2643306740766658,12.089500427246094,4.617919921875,4555,4560,55.82834486849606,20.331486965328686,36.41785729671837,0.11137063796357012,0.04055880000401782,2.1015625,,
13.874305000001565,1544,,,,0.44921875,0.10546875,-1.251953125,0.042041588280602366,2.255917384785688,12.093001365661621,4.5977783203125,4554,4555,55.60093950654846,20.05333546733883,36.06654068314265,0.11249586825393385,0.0405733680906596,2.09765625,,
13.897485000001266,1544,,,,0.162109375,-0.767578125,-0.736328125,0.04217967485051077,2.2459925930593423,12.090667724609375,4.597439289093018,4552,4552,55.58611082848802,20.10829960784455,36.175043204388025,0.1116948044768115,0.040405643776543286,2.095703125,,
13.921945000000298,1544,,,,0.048828125,-0.017578125,-1.130859375,0.04230169190285178,2.2465371784956143,12.091428756713867,4.603096961975098,4550,4550,55.658018975967934,20.157487519451383,36.21668160369668,0.1114492655063173,0.040363225638081486,2.087890625,,
13.94651000000164,1544,,,,-0.69921875,-0.337890625,-0.845703125,0.042387156557714585,2.2458481112089026,12.089715003967285,4.549386024475098,4550,4550,55.00078047893567,20.19617095064018,36.71978974621089,0.1112016786101582,0.040833022579907265,2.09375,,
13.972210000000894,1544,,,,0.099609375,-0.15625,-0.8671875,0.04252848336383004,2.2308664547171735,12.088000297546387,4.630126953125,4550,4551,55.968975987052545,20.26602069967188,36.209382684364414,0.11007915603053206,0.03985898286281397,2.091796875,,
13.997040000000968,1544,,,,-0.287109375,0.841796875,-1.126953125,0.042383326449364045,2.2543058564538625,12.092500686645508,4.5843505859375,4549,4550,55.436262608272955,20.19378880399412,36.42703864560402,0.11163362548428674,0.04066482389664999,2.1015625,,
14.026005000002682,1544,,,,0.111328125,-0.69140625,-1.009765625,0.04265399158491003,2.258506944105104,12.092000961303711,4.6112060546875,4550,4550,55.75870804605074,20.32190185760062,36.44614907651177,0.11113659341192011,0.04050500851346517,2.1171875,,
14.051060000002384,1544,,,,0.1875,-0.150390625,-0.798828125,0.04253748158839546,2.2448923081983025,12.087554931640625,4.64463996887207,4550,4549,56.14234076143475,20.264285524008077,36.094479227570794,0.11078072826888816,0.03998572695316548,2.095703125,,
14.075860000001267,1544,,,,0.5234375,-0.5078125,-1.05078125,0.04253951522169822,2.23376720571446,12.088000297546387,4.608154296875,4549,4550,55.70337051176466,20.2668530244057,36.38353090344022,0.1102177631142101,0.04010111390373916,2.083984375,,
14.101075000001117,1544,,,,-0.57421875,0.64453125,-1.048828125,0.04260689117331089,2.245381323692098,12.090500831604004,4.5635986328125,4549,4550,55.17619306512643,20.301462411446796,36.79388026550555,0.11060194966181648,0.04069474892988348,2.083984375,,
14.126945000000298,1544,,,,0.8984375,-0.5703125,-0.857421875,0.04245232066018166,2.251382877479586,12.092500686645508,4.5782470703125,4550,4550,55.36245584138669,20.225698102737645,36.53323862778816,0.11131298737099465,0.04066623929996517,2.091796875,,
14.150044999999926,1544,,,,0.162109375,-0.138671875,-1.23828125,0.042506338742120155,2.239735417536462,12.089500427246094,4.78759765625,4551,4549,57.87966391071677,20.249486960272638,34.98549506353184,0.11060702041145966,0.038696413665970875,2.1015625,,
14.179910000002012,1544,,,,-0.548828125,-0.435546875,-0.65625,0.04341238112484604,2.2390908062037314,12.090286254882812,4.571010112762451,4558,4556,55.2648207372622,20.712254382236672,37.47818975240333,0.10810464012666963,0.040515662157825996,2.103515625,,
14.201770000001416,1544,,,,0.041015625,0.037109375,-1.146484375,0.04353959782088084,2.259792554724303,12.090800285339355,4.56396484375,4558,4558,55.18198743509129,20.78233864876359,37.66145370028428,0.10873620110404396,0.04095163403424752,2.115234375,,
14.22713000000082,1544,,,,-0.46875,-0.8203125,-1.05859375,0.04239818799638081,2.246759458265521,12.090667724609375,4.601236820220947,4556,4556,55.632025515529676,20.228098712937207,36.36052889587947,0.11107121287818167,0.04038608045357504,2.1171875,,
14.25022500000149,1544,,,,0.384765625,-0.37890625,-0.912109375,0.04249380488371714,2.2454627336578263,12.091501235961914,4.5538330078125,4554,4554,55.062677442329004,20.264281747479213,36.80220920732272,0.11080889821999994,0.04078012254325367,2.11328125,,
14.275535000002012,1544,,,,-0.328125,0.396484375,-0.9453125,0.042548169366188326,2.2512161676521556,12.088000297546387,4.6065850257873535,4552,4552,55.68440116239026,20.283654251081487,36.426097484516454,0.11098671569656267,0.04042812925449304,2.09765625,,
14.300215000001714,1544,,,,0.69921875,-0.064453125,-0.98046875,0.04247289411303736,2.2541724885919185,12.092000961303711,4.5697021484375,4551,4551,55.25684277177788,20.241692800027987,36.632011140466965,0.11136284454375286,0.04079444961960845,2.10546875,,
14.325320000000298,1544,,,,-0.3125,-0.208984375,-1.0078125,0.042258992552639325,2.251983032858335,12.0910005569458,4.605712890625,4549,4549,55.68767712567933,20.130632063326555,36.14916818651732,0.11186847118232998,0.04043952179538613,2.095703125,,
14.485980000002309,1544,,,,-0.923828125,-0.525390625,-0.8359375,0.04255848159406724,2.235167568264873,12.093000411987305,4.6453857421875,4549,4549,56.17665169411339,20.272978366656716,36.08790797473084,0.11025353689229443,0.03978819493257714,2.0859375,,
14.50847500000149,1544,,,,-0.20703125,-0.103515625,-0.994140625,0.04281296811823548,2.2426097728110705,12.090720176696777,4.610204219818115,4549,4550,55.74068917924751,20.39729382511991,36.59318556239507,0.10994643662235361,0.04023290357245895,2.09375,,
14.532670000001788,1544,,,,0.236328125,-0.267578125,-0.9296875,0.04302271168624911,2.2499380589751907,12.088000297546387,4.712611675262451,4550,4550,56.966051332793086,20.50141409521831,35.988827758922554,0.10974550577464605,0.039496121046395764,2.078125,,
14.55660500000231,1544,,,,-0.3359375,-0.060546875,-1.1953125,0.0426523685747498,2.247226245782326,12.091500282287598,4.5721435546875,4550,4551,55.284075082163326,20.32578589494193,36.766077509180896,0.11056036196571115,0.04064870837474432,2.083984375,,
14.591435000000521,1544,,,,-0.15625,-0.875,-0.84375,0.04287399714469064,2.2419693292240264,12.0910005569458,4.5977783203125,4550,4551,55.591740231611766,20.432441111441804,36.75445493577672,0.10972596553666626,0.040329180556019896,2.06640625,,
14.753535000000149,1544,,,,0.2421875,-0.400390625,-0.921875,0.04271231855620962,2.267016647246279,12.092365264892578,4.5676493644714355,4548,4549,55.23368451714305,20.3478305939942,36.839531477714075,0.11141318661830243,0.04104409595457385,2.056640625,,
14.787030000001192,1544,,,,-0.08984375,-0.109375,-0.9375,0.04277933701415839,2.244808397585163,12.09067153930664,4.600604057312012,4547,4547,55.624392539361,20.370553741433206,36.62162014087358,0.11019869298001841,0.04035654674334986,2.052734375,,
14.812105000000447,1544,,,,0.29296875,0.1171875,-1.10546875,0.04268623260052232,2.265119767259836,12.090001106262207,4.615234375,4547,4548,55.798188699409366,20.328490917437712,36.43216991675017,0.11142586906521544,0.04059486194905485,2.04296875,,
14.83359500000067,1544,,,,-0.1875,0.251953125,-1.046875,0.04317988949568307,2.2568287318423064,12.088499069213867,4.566650390625,4549,4550,55.203948996495456,20.572020883196732,37.265487808676,0.10970379354833772,0.04088165381041088,2.056640625,,
14.854825000001117,1544,,,,-0.328125,0.03515625,-1.208984375,0.04326767038097337,2.2597961667705646,12.089143753051758,4.612862586975098,4551,4550,55.76555892701617,20.61662585923068,36.970177033844365,0.10961037864296237,0.04052315103177033,2.0625,,
14.87750500000082,1544,,,,0.51171875,-0.0625,-0.61328125,0.04294874965302805,2.264075052341273,12.090001106262207,4.618326663970947,4550,4550,55.835574476489,20.464426109638914,36.6512323039785,0.11063467112204406,0.040548970321682996,2.068359375,,
14.900785000000148,1544,,,,-0.03125,0.029296875,-0.935546875,0.042804649406907425,2.252683214133542,12.089714050292969,4.591238975524902,4550,4549,55.50676635065611,20.39206669085353,36.7379835496623,0.11046860763474943,0.040583938900395244,2.05078125,,
14.928805000001564,1544,,,,-0.359375,-0.015625,-1.18359375,0.042896599255446116,2.2402688889842386,12.0910005569458,4.53857421875,4548,4549,54.8759034066461,20.435966405684905,37.240327971001335,0.10962382911145506,0.040824273495475905,2.048828125,,
14.952335000000893,1544,,,,0.228515625,0.06640625,-0.962890625,0.04310220150832569,2.239372267962376,12.088443756103516,4.852972984313965,4555,4550,58.66489097076919,20.539337022960094,35.011293267713015,0.10902845916881701,0.03817227358486326,2.05859375,,
14.97825,1544,,,,0.76171875,-0.0859375,-1.087890625,0.0442831209755111,2.2446255724744146,12.092000961303711,4.5431084632873535,4569,4564,54.935271905377704,21.165124758465634,38.52738691258529,0.10605302818149505,0.04085946049999772,2.09375,,
15.000995000001042,1544,,,,-0.71875,-0.37109375,-0.98046875,0.043706558877751385,2.2615632909413246,12.09050178527832,4.5330810546875,4563,4566,54.80722458451055,20.897592367409935,38.12926585104977,0.10822123674248052,0.04126396306483435,2.107421875,,
15.025185000000521,1544,,,,1.041015625,0.35546875,-1.158203125,0.04158866294674866,2.2615632909413246,12.091429710388184,4.588448524475098,4557,4559,55.48090281342502,19.85458977502057,35.786349479187365,0.1139063217406103,0.04076291437698237,2.099609375,,
15.04728500000015,1544,,,,-0.537109375,-0.29296875,-0.931640625,0.04224241437369674,2.266842435476615,12.090500831604004,4.6380615234375,4554,4555,56.07648670615163,20.148904532792066,35.93111073162456,0.11250450027133532,0.04042411657055436,2.099609375,,
15.073019999999554,1544,,,,-0.0234375,-0.234375,-0.80078125,0.04243656802958404,2.2769005950649044,12.089715003967285,4.5751953125,4551,4553,55.31280741561204,20.231230214661398,36.57603213419815,0.11254385279125803,0.041164075761995204,2.08984375,,
15.099550000000745,1544,,,,0.875,-0.02734375,-1.1875,0.042683378339257325,2.261007591516557,12.089500427246094,4.603271484375,4549,4550,55.65125257708132,20.337993917959775,36.54543784039734,0.11117161312158422,0.04062815276951557,2.09765625,,
15.127140000000596,1544,,,,-0.353515625,-0.1953125,-0.865234375,0.04267778814171367,2.25615077854409,12.091500282287598,4.5794677734375,4546,4547,55.37263587524649,20.319253020311862,36.69547728609264,0.11103512399244006,0.04074486870423065,2.083984375,,
15.149740000002087,1544,,,,0,-0.8828125,-0.998046875,0.04269618398024852,2.2451368159452008,12.092000961303711,4.582248210906982,4545,4545,55.40854977121944,20.321607437660667,36.675941748282696,0.11048027685961691,0.04051968198437455,2.0859375,,
15.174020000001416,1544,,,,-0.125,-0.25,-1.18359375,0.042984615452756204,2.2356454697701738,12.088571548461914,4.746791362762451,4545,4545,57.381927014374924,20.4566646312471,35.65001333280849,0.10928690038527956,0.038960794558365305,2.09375,,
15.200040000002831,1544,,,,-0.103515625,-0.80859375,-1.216796875,0.042953744304355355,2.2356454697701738,12.091429710388184,4.639369487762451,4550,4547,56.09661006179931,20.45423471306506,36.46251474114296,0.10929988342913481,0.03985348610740035,2.0859375,,
15.22566500000097,1544,,,,-0.19921875,0.109375,-1.056640625,0.04347027403000819,2.2485599244017678,12.093001365661621,4.674072265625,4550,4550,56.52356229140423,20.714693054126784,36.64789021493953,0.10854903418198657,0.039780930876391625,2.078125,,
15.251865000000224,1544,,,,0.4609375,0.2265625,-0.91796875,0.04288616713581365,2.2566731360033714,12.089778900146484,4.627278804779053,4548,4550,55.942777659112835,20.43591868048691,36.53003932878186,0.11042680151972514,0.04033895402467147,2.076171875,,
15.277575000001118,1544,,,,-0.099609375,-0.140625,-1.203125,0.042827293857058385,2.2576400530024667,12.091501235961914,4.61181640625,4550,4550,55.76378377620131,20.404597698764263,36.591128357886774,0.11064369346224323,0.0404857758946762,2.07421875,,
15.300455000000074,1544,,,,-1.0625,-0.109375,-0.921875,0.042753981447103344,2.2599628765979944,12.089500427246094,4.605712890625,4549,4549,55.68076795898378,20.366865208221125,36.57791721411602,0.11096272565724823,0.04058785392943493,2.080078125,,
15.325660000000148,1544,,,,0.3359375,-0.138671875,-1.068359375,0.04272103664646163,2.2619522805386616,12.090858459472656,4.630301475524902,4546,4548,55.98431976525899,20.346425406529807,36.34307872604672,0.11117197420893059,0.040403318108052,2.087890625,,
15.347385000001639,1544,,,,-0.1484375,0.240234375,-1.076171875,0.042286609296681044,2.243691997440805,12.091500282287598,4.6160888671875,4548,4547,55.81543984066229,20.13380086151193,36.072099259610575,0.11143906770876433,0.040198411117890104,2.080078125,,
15.373185000000522,1544,,,,0.0859375,0.111328125,-0.830078125,0.04266031356929905,2.2432252099240007,12.089714050292969,4.671456336975098,4546,4547,56.47657131245796,20.312301115007873,35.965889293508255,0.11043678395780474,0.03971957145757493,2.0859375,,
15.39635000000149,1544,,,,0.44921875,-0.0859375,-1.265625,0.04285129805855409,2.2599962185634803,12.09050178527832,4.635009765625,4548,4548,56.03959384607151,20.40717000191277,36.41562795399052,0.11074520466834206,0.04032856170890879,2.083984375,,
15.424470000000671,1544,,,,-1,0.158203125,-0.98046875,0.04304063033324739,2.259318265265264,12.090001106262207,4.674072265625,4551,4550,56.50953886215575,20.508140409425,36.29146657779441,0.11016690056534532,0.03998118389846429,2.078125,,
15.44747500000149,1544,,,,0,0.005859375,-0.78125,0.04263350113403755,2.2581957524272345,12.090500831604004,4.5928955078125,4550,4550,55.530406956677325,20.31432684370473,36.582348225096176,0.11116271633322831,0.04066593198549745,2.076171875,,
15.473850000001491,1544,,,,0.4375,0.546875,-1.021484375,0.042574098403237774,2.267776010510224,12.090286254882812,4.647042274475098,4549,4549,56.184071336945635,20.282614677283416,36.100293543422744,0.11180885929121058,0.040363326411679515,2.080078125,,
15.49772500000149,1544,,,,0,-0.05078125,-0.888671875,0.04289849810047988,2.2666534976721935,12.089777946472168,4.64735221862793,4552,4550,56.185456362256446,20.441886343295735,36.382878536211244,0.11088279523751395,0.04034235270882052,2.091796875,,
