Time (s),ESC signal (µs),Servo 1 (µs),Servo 2 (µs),Servo 3 (µs),AccX (g),AccY (g),AccZ (g),Torque (N·m),Thrust (N),Voltage (V),Current (A),Motor Electrical Speed (RPM),Motor Optical Speed (RPM),Electrical Power (W),Mechanical Power (W),Motor Efficiency (%),Propeller Mech. Efficiency (N/W),Overall Efficiency (N/W),Vibration (g),App message,
0,1545,,,,0.125,1.13671875,-1.142578125,0.040880146420013065,1.9892705728053044,12.094000816345215,4.7113037109375,4569,4568,56.978510926128365,19.55575304081305,34.32127783431677,0.10172303611390862,0.03491264584615696,2.4453125,,
0,1545,,,,0.2109375,-1.501953125,-0.830078125,0.040994896102886806,1.9800459623541653,12.091501235961914,4.7296142578125,4570,4568,57.188136643962935,19.61142361974304,34.29281800496173,0.10096390760540355,0.03462336908581876,2.44140625,,
0.02580499999783933,1545,,,,0.302734375,0.595703125,-1.236328125,0.04106433639696403,1.980946195422289,12.091111183166504,4.733072757720947,4569,4569,57.22810895162047,19.64625790287085,34.32973457061007,0.10083071316766228,0.034614916196111636,2.4453125,,
0.050999999998137355,1545,,,,-0.548828125,-1.3125,-0.66796875,0.04104843741249068,1.9861808840035977,12.093501091003418,4.7021484375,4569,4571,56.86543725896627,19.647050908833744,34.5500744491961,0.10109307973089067,0.034927734310007896,2.439453125,,
0.20927999999932945,1545,,,,0.57421875,0.421875,-1.404296875,0.04080700155109824,1.988748215346023,12.090001106262207,4.66796875,4569,4570,56.43574735149741,19.52817976464066,34.6025005091432,0.10183991745851373,0.035239157957093224,2.443359375,,
0.23494999999925495,1545,,,,0.0234375,-0.390625,-0.94921875,0.041087235763811965,1.984558241683277,12.091248512268066,4.689711093902588,4570,4570,56.70446228711671,19.662624981121727,34.67562196703713,0.10093048326907879,0.034998272827889414,2.47265625,,
0.265339999999851,1545,,,,0.21875,0.7890625,-1.244140625,0.04092946399064897,1.97026565247826,12.094000816345215,4.713134765625,4567,4568,57.00065570301376,19.580340561997883,34.351079510411004,0.10062468761662968,0.03456566645029115,2.517578125,,
0.28924999999813733,1545,,,,0.072265625,-1.166015625,-1.02734375,0.04103823236057326,1.9813129570426353,12.092401504516602,4.681640625,4568,4568,56.61227813735604,19.629108196257683,34.672881647038444,0.10093749228099803,0.03499793723607902,2.501953125,,
0.31052999999932945,1545,,,,0.724609375,0.46875,-0.798828125,0.04117765696803948,1.9750891234852408,12.091428756713867,4.78515625,4567,4569,57.85937588661909,19.70090507232513,34.04963287355694,0.10025372520878494,0.034136025375655875,2.494140625,,
0.3340249999985099,1545,,,,0.109375,-1.66015625,-0.865234375,0.04111908481600787,1.9802682421240727,12.090287208557129,4.6923828125,4568,4567,56.732255895622075,19.665136944824887,34.66306184087845,0.10069943818241264,0.034905508530586854,2.48828125,,
0.35726999999955295,1545,,,,-0.0234375,0.759765625,-1.115234375,0.0411177857092098,1.9789123355276403,12.092572212219238,4.74609375,4569,4566,57.3924813978374,19.660091208616947,34.25551697675465,0.10065631509686436,0.03448034110618203,2.486328125,,
0.3787549999989569,1545,,,,0.515625,-0.294921875,-0.802734375,0.041050046309519056,1.9789123355276403,12.092000961303711,4.649832725524902,4569,4568,56.22578178694857,19.637954079994657,34.926956025986506,0.10076978118324323,0.03519581716135419,2.482421875,,
0.40115499999932946,1545,,,,-0.236328125,-0.84765625,-1.138671875,0.04112373041185691,1.9727329579242265,12.09085750579834,4.716796875,4567,4568,57.030118899419904,19.671449544915056,34.49308878280306,0.10028406668354369,0.03459107215616015,2.484375,,
0.42310499999858436,1545,,,,0.484375,0.87890625,-0.82421875,0.041011243860498856,1.9702878804552506,12.089142799377441,4.7433037757873535,4569,4571,57.342476686319515,19.630704268771638,34.234140907720914,0.10036766146946487,0.03436000665324092,2.4765625,,
0.44478499999828636,1545,,,,0.3359375,-1.419921875,-0.99609375,0.041209770351509155,1.979190185240024,12.091429710388184,4.6951727867126465,4572,4572,56.771351728663376,19.72875388980791,34.75124915837969,0.10032008084719915,0.03486248125109812,2.455078125,,
0.46945999999903143,1545,,,,-0.21875,-0.1328125,-1.328125,0.04137251055142503,1.983291246994807,12.093334197998047,4.7314453125,4571,4572,57.218949403613806,19.80636706806397,34.61504846646669,0.10013402458811795,0.034661441142600696,2.455078125,,
0.4952400000002235,1545,,,,0.7109375,0.609375,-0.703125,0.0411957955563199,1.983291246994807,12.093001365661621,4.720458984375,4572,4571,57.084516944596544,19.72130173952061,34.54754948467225,0.10056593997648644,0.03474306787810245,2.447265625,,
0.5231899999994785,1545,,,,-0.375,-0.869140625,-1.046875,0.04118705463702915,1.9675982952393762,12.090500831604004,4.9053955078125,4575,4571,59.308688466553576,19.717037123566858,33.24477008910093,0.09979178326380476,0.033175548913865795,2.439453125,,
0.5450799999982119,1545,,,,-0.541015625,-1.46875,-0.6875,0.04202562213648559,1.9807201646812649,12.089777946472168,4.876302242279053,4587,4582,58.953411309038074,20.165872896830706,34.206456334002,0.09822139486917808,0.03359805854657308,2.458984375,,
0.570754999998957,1545,,,,-0.515625,-1.41015625,-0.63671875,0.043342063074316164,2.001295908357271,12.090286254882812,4.672153949737549,4592,4592,56.48767867920833,20.83996096699505,36.89293214781316,0.09603165339545457,0.035428892727608165,2.46484375,,
0.594519999999553,1545,,,,-0.125,-0.7578125,-1.0859375,0.04161296813523404,1.9976394061423013,12.093499183654785,4.6636962890625,4587,4589,56.400407264591195,19.996536273407486,35.454595530840315,0.09989927149527762,0.03541888264690673,2.462890625,,
0.6201949999984354,1545,,,,0.8984375,0.46484375,-0.75390625,0.04015995008895101,1.9924158315494878,12.091501235961914,4.7271728515625,4582,4586,57.158616377273574,19.284970956618704,33.73939430116517,0.10331443257194432,0.034857663775459714,2.4453125,,
0.6442299999985844,1545,,,,0.0859375,1.078125,-1.05078125,0.04078635697364749,1.9965835772352434,12.093500137329102,4.65087890625,4580,4581,56.2454046914354,19.56585544071453,34.78658487400636,0.10204427725048804,0.03549771911480739,2.453125,,
0.6734900000002235,1545,,,,-0.037109375,-1.43359375,-0.94921875,0.04066873701512148,1.9971170486830199,12.092573165893555,4.741908550262451,4576,4578,57.341876090024925,19.498345014100277,34.00367470273992,0.10242495182225977,0.034828247432079296,2.4609375,,
0.6957999999988824,1545,,,,0.20703125,0.01953125,-1.041015625,0.04048267586046449,1.995583318270662,12.090799331665039,4.6962890625,4574,4575,56.78188865818083,19.394240381339955,34.155680340417376,0.1028956679422567,0.03514471542649452,2.4765625,,
0.7202899999991059,1545,,,,0.484375,0.150390625,-1.1328125,0.040649272770587073,1.9965835772352434,12.090001106262207,4.6923828125,4575,4574,56.730913394130766,19.470661388554404,34.32107862125271,0.10254318214423426,0.03519392616445701,2.478515625,,
0.7444799999985844,1545,,,,-0.1875,-1.009765625,-0.66015625,0.0411864266725298,1.9965835772352434,12.092000961303711,4.6942138671875,4575,4575,56.76243859459646,19.731101377205206,34.76084161592649,0.1011896669661756,0.03517437986579579,2.494140625,,
0.7696449999995529,1545,,,,-0.13671875,-0.361328125,-1.416015625,0.04112064061412442,1.9779676465055356,12.092500686645508,4.6978759765625,4576,4576,56.80906847235747,19.703858614069507,34.68435435384254,0.10038478682003794,0.03481781517801138,2.5234375,,
0.793535000000149,1545,,,,0.474609375,0.763671875,-0.66796875,0.0408518834063208,1.9766006259206081,12.091501235961914,4.7125244140625,4572,4571,56.981494777137414,19.554996098304294,34.31815219096413,0.10107906010229317,0.03468846567910107,2.529296875,,
0.8192449999991804,1545,,,,-0.57421875,-0.82421875,-1.306640625,0.040674128790415674,1.9940718158352948,12.092000961303711,4.647739887237549,4572,4572,56.20047518436604,19.47274014287559,34.64871084985515,0.10240324685711258,0.035481404904384325,2.5390625,,
0.845890000000596,1545,,,,0.8125,0.162109375,-0.8671875,0.04063422356083719,1.9854140187974185,12.091501235961914,4.6954345703125,4571,4571,56.77485291031189,19.451665705592863,34.261058740779056,0.10206910034581564,0.034969954425664605,2.55078125,,
0.8718000000007451,1545,,,,-0.13671875,-0.125,-1.134765625,0.04085272446513736,1.9691320256517342,12.09244441986084,4.723849773406982,4570,4573,57.12289083269616,19.562377418005852,34.246126435199045,0.10065913685109054,0.0344718552746045,2.548828125,,
0.8941299999989569,1545,,,,0.2734375,-1.228515625,-0.65234375,0.04136197642598827,1.9745223100719778,12.092000961303711,4.7052001953125,4569,4570,56.89528528484516,19.794565255171424,34.791222429187776,0.09975072877926047,0.034704497924328344,2.560546875,,
0.9153699999991805,1545,,,,-0.048828125,0.9375,-1.189453125,0.04120289697684097,1.9799125944922216,12.094286918640137,4.632393836975098,4570,4567,56.025500184517114,19.706062008070727,35.1733798773234,0.1004722604486547,0.03533948983893907,2.54296875,,
0.9411049999985844,1545,,,,-0.171875,-1.51953125,-0.712890625,0.04119874324459624,1.9700433727083528,12.088571548461914,4.745396137237549,4569,4567,57.3650607307909,19.705401764540095,34.350877543764454,0.09997478844879222,0.03434221715468219,2.533203125,,
0.9723599999994039,1545,,,,0.75,0.39453125,-1.439453125,0.0410535606190782,1.9770451854604216,12.089500427246094,4.6990966796875,4570,4572,56.80973131675273,19.655063045234478,34.59805668793642,0.10058706913889913,0.03480117120141012,2.52734375,,
0.9987099999990314,1545,,,,-0.177734375,-0.900390625,-0.966796875,0.04100203558345027,1.9760338125073456,12.094799995422363,4.68408203125,4569,4567,56.653035330120474,19.610719342742698,34.61547863846997,0.10076294387633529,0.03487957531300633,2.513671875,,
1.0220099999997765,1545,,,,0.5625,0.662109375,-0.7890625,0.04087627872322231,1.972577362085292,12.091501235961914,4.681396484375,4569,4570,56.60511137684807,19.561506969694644,34.55784556179754,0.10083974435820699,0.03484804312022061,2.505859375,,
1.0454599999990315,1545,,,,-0.57421875,-0.830078125,-1.095703125,0.041012112027707236,1.9807461436293732,12.092000961303711,4.725167274475098,4569,4568,57.13672722527372,19.618196151335855,34.33552655892756,0.10096474356509576,0.034666776341946565,2.50390625,,
1.0708849999997765,1545,,,,-0.125,-0.29296875,-0.810546875,0.04113868110915196,1.9876034745310023,12.090285301208496,4.7509765625,4570,4569,57.44066209997982,19.68506156001211,34.27025532148075,0.1009701426877214,0.03460272569754555,2.509765625,,
1.0936549999993295,1545,,,,0.61328125,0.201171875,-1.107421875,0.041264415646876856,1.9839025163620514,12.09000015258789,4.742431640625,4572,4572,57.33599925879389,19.75625574707756,34.456983400437466,0.10041895295142247,0.034601341949364754,2.5,,
1.118980000000447,1545,,,,-0.078125,-2.064453125,-0.576171875,0.041213789659666565,1.9718882947985805,12.093500137329102,4.6722412109375,4572,4571,56.503749726107344,19.72931753504125,34.916828760349325,0.09994711126202459,0.034898361690276936,2.501953125,,
1.1435400000009686,1545,,,,0.486328125,0.783203125,-1.4296875,0.041196957584085064,1.978590029861275,12.089500427246094,4.7467041015625,4570,4574,57.38528126385063,19.731022229784827,34.383419920979314,0.1002781308955452,0.034479050834724606,2.501953125,,
1.168059999998659,1545,,,,0.13671875,-0.4140625,-0.763671875,0.040675143678301474,1.9796569727568285,12.087430000305176,4.6728515625,4570,4570,56.482766163535416,19.464416801293993,34.46080658468173,0.10170646225707729,0.03504886724253372,2.4765625,,
1.1902399999983608,1545,,,,-0.26171875,-0.66796875,-1.349609375,0.040737878785020394,1.9837913764770978,12.092500686645508,4.66552734375,4570,4570,56.41789260786027,19.49515941442143,34.55492311619119,0.10175815105208115,0.03516245086050434,2.470703125,,
1.2150649999994785,1545,,,,0.8359375,0.1953125,-0.73046875,0.04070790947971674,1.9859586042336907,12.089715003967285,4.706333637237549,4570,4570,56.89823238778672,19.481379402190786,34.23898877809865,0.10194137505531865,0.03490369596543001,2.4609375,,
1.2408749999981374,1545,,,,-0.298828125,-1.015625,-1.208984375,0.04090911760550834,1.9873700807725998,12.0910005569458,4.7119140625,4569,4569,56.97175555396825,19.57353532789913,34.35655990863314,0.10153352715694149,0.0348834270850229,2.45703125,,
1.26525,1545,,,,0.611328125,0.548828125,-0.748046875,0.04101669306645821,1.9789234495161356,12.091501235961914,4.681396484375,4569,4568,56.60511137684807,19.620977953273307,34.66290848302869,0.10085753392256364,0.034960154681817845,2.470703125,,
1.290359999999404,1545,,,,-0.4609375,-0.658203125,-1.24609375,0.0409764175418367,1.9784122060453497,12.091501235961914,4.7369384765625,4569,4568,57.276697444031015,19.60163845560585,34.22271068397398,0.10093096097686394,0.03454131076566682,2.486328125,,
1.4414749999996275,1545,,,,0.69921875,-0.171875,-0.896484375,0.04099399481872553,1.9795458328718751,12.093714714050293,4.708426475524902,4569,4568,56.94236654707947,19.610913591951775,34.4399342372566,0.10094103079849738,0.034764024625411435,2.505859375,,
1.46452499999851,1545,,,,-0.0859375,-0.216796875,-1.005859375,0.04132542009849189,1.9854418037686572,12.090042114257812,4.749636173248291,4579,4578,57.423301361974154,19.812337354004026,34.502261075368615,0.10021239636157336,0.034575542622553246,2.515625,,
1.509914999999106,1545,,,,0.037109375,-2.0625,-0.716796875,0.041130981627202925,1.9814574388930748,12.089715003967285,4.619140625,4577,4578,55.84409371949732,19.717898468239422,35.308834211334236,0.10049029525558743,0.03548195175027564,2.501953125,,
1.666234999999404,1545,,,,0.283203125,0.45703125,-1.01953125,0.04092246071840106,1.9755040920306857,12.089142799377441,4.6630859375,4576,4576,56.37271178420633,19.609887600310866,34.78613495724162,0.10074020475259475,0.03504362358143915,2.490234375,,
1.6986899999994785,1545,,,,0.111328125,-0.271484375,-0.998046875,0.040963133703224325,1.9779274972220964,12.091171264648438,4.692566871643066,4571,4571,56.73862971585186,19.608500797531956,34.55934853508395,0.1008709190797009,0.034860332495296326,2.474609375,,
1.7271199999991804,1545,,,,0.1875,-0.1875,-0.84375,0.04156225509375514,1.9858474643487376,12.090400695800781,4.69775390625,4571,4569,56.79772709682584,19.886184721561595,35.01228964261308,0.09986065663945999,0.034963502341623064,2.4765625,,
1.7484349999986588,1545,,,,0.70703125,-0.041015625,-1.150390625,0.04103737830649669,1.9866921274743838,12.09111213684082,4.69129753112793,4571,4570,56.72300451615229,19.640333197555982,34.62498745454017,0.10115368754139085,0.035024451621011345,2.5,,
1.773464999999851,1545,,,,-0.4375,0.103515625,-0.67578125,0.040899538002878655,1.9778898485860683,12.091429710388184,4.713309288024902,4566,4571,56.99064795947288,19.57770301403123,34.35248363547876,0.1010276765955907,0.034705516069804696,2.517578125,,
1.7952799999993294,1545,,,,0.26171875,-1.123046875,-0.8515625,0.040652677808175025,1.9782899521719008,12.090858459472656,4.715401649475098,4566,4564,57.0132539233673,19.4316647230793,34.0827147827728,0.10180753838461683,0.03469877293499089,2.52734375,,
1.8217999999988823,1545,,,,0.203125,1.13671875,-1.208984375,0.04122982091981732,1.9779676465055356,12.092501640319824,4.6917724609375,4569,4568,56.7352661798941,19.721504276275073,34.76057416165609,0.10029496831461412,0.03486310684141092,2.505859375,,
1.845445000000298,1545,,,,-0.21875,-0.955078125,-1.01171875,0.041463191335971046,1.9695099012605761,12.091501235961914,4.6435546875,4568,4569,56.14754724316299,19.840189637110015,35.33580826102057,0.09926870343903936,0.03507739871042009,2.49609375,,
1.8706299999989568,1545,,,,0.453125,0.89453125,-1.341796875,0.04087708065652489,1.9751002374737359,12.094857215881348,4.6268134117126465,4565,4567,55.9606475791893,19.551417933541604,34.93779786210409,0.10102081824384387,0.03529444927667774,2.48828125,,
1.8937750000003726,1545,,,,-0.4375,-1.203125,-0.744140625,0.04072862518176255,1.9840692261894821,12.089499473571777,4.7259521484375,4565,4564,57.134396010660566,19.46669704925114,34.071764836052346,0.10192120528560886,0.03472635338298281,2.490234375,,
1.9186399999987334,1545,,,,0.8125,1.318359375,-1.4609375,0.04106669421571691,1.9818908844443932,12.089714050292969,4.725864887237549,4566,4566,57.13435512702199,19.63547207430166,34.36718946183565,0.10093421115340716,0.034688251578900695,2.484375,,
1.9406300000008196,1545,,,,-0.5625,-1.38671875,-0.576171875,0.04126968372266658,1.9690653417207624,12.090500831604004,4.6502685546875,4565,4566,56.22407582763117,19.73314270007903,35.097318025423604,0.09978468060806538,0.035021746693665895,2.478515625,,
1.965695000000298,1545,,,,0.798828125,0.3203125,-1.25390625,0.04116830569073066,1.9768117917020194,12.094858169555664,4.6651787757873535,4564,4565,56.424675628769364,19.68149738948204,34.88101113592755,0.10044011147030127,0.035034526466893826,2.466796875,,
1.9925149999987335,1545,,,,-0.5625,-1.015625,-0.615234375,0.04093706174626166,1.9777342527471333,12.093500137329102,4.730224609375,4566,4566,57.20497196307406,19.574281911291962,34.21779827796648,0.10103738475362527,0.03457276850032835,2.453125,,
2.0149399999994784,1545,,,,0.537109375,0.37890625,-1.27734375,0.04104782956968422,1.9719994346835337,12.094000816345215,4.6270751953125,4564,4564,55.95985118940007,19.617929602808026,35.05715112860068,0.10052026256640612,0.0352395403627712,2.47265625,,
2.0407200000006704,1545,,,,-0.421875,-0.771484375,-0.765625,0.04123483471469968,1.9688541759393505,12.093000411987305,4.5819091796875,4564,4565,55.40902959764935,19.71101688934918,35.57365474992075,0.09988597681143574,0.03553309253448605,2.478515625,,
2.065684999998659,1545,,,,0.55078125,-0.130859375,-0.9375,0.04069076957018061,1.9789790194586125,12.094000816345215,4.6923828125,4563,4564,56.749681564979255,19.447549994774793,34.269002853358835,0.10175981138962639,0.03487207266868363,2.478515625,,
2.0899900000002236,1545,,,,-0.412109375,-0.478515625,-0.74609375,0.04075531507032491,1.980623889755924,12.095429420471191,4.6533203125,4560,4559,56.2839074106887,19.457898599507356,34.57098040036249,0.10179022568275026,0.03518987897026833,2.4609375,,
2.1153349999990314,1545,,,,0.671875,0.177734375,-0.8984375,0.04087144937719156,1.9635083474730881,12.092500686645508,4.64599609375,4560,4561,56.18171095382422,19.522580690457975,34.748996353107856,0.10057627004368276,0.03494924440957123,2.451171875,,
2.1401449999976903,1545,,,,-0.11328125,-0.5,-1.052734375,0.04125373094061151,1.9678761449517599,12.08650016784668,4.906005859375,4564,4562,59.29644064279273,19.707296640315864,33.23521011831797,0.09985520494607114,0.03318708717790379,2.44921875,,
2.167370000001043,1545,,,,0.5,0.46484375,-1.1328125,0.04182195497214047,1.9752002633701937,12.092001914978027,4.629603862762451,4570,4569,55.98117877411323,20.00993188501517,35.74403455446377,0.0987109938564739,0.035283291753112636,2.435546875,,
2.1900600000005217,1545,,,,-0.474609375,-0.96484375,-0.689453125,0.04154399474477922,1.9874478786920677,12.095111846923828,4.607204914093018,4568,4569,55.724658737652135,19.878907659627725,35.67344890027278,0.09997772074410284,0.03566550112130495,2.435546875,,
2.214874999998137,1545,,,,0.5625,0.115234375,-1.072265625,0.040270895514260246,1.985969718222186,12.092000961303711,4.6651787757873535,4564,4564,56.41134624147435,19.245195938568557,34.115824600582286,0.10319301110580956,0.035205146668917386,2.435546875,,
2.240159999998286,1545,,,,-0.361328125,-0.1953125,-0.873046875,0.0404036851332256,1.9842248220284167,12.0910005569458,4.6392822265625,4561,4563,56.09356398519594,19.304606759736036,34.41501196969915,0.10278504228156307,0.035373484604260264,2.458984375,,
2.264894999999553,1545,,,,0.537109375,-0.2578125,-1.072265625,0.040666877435335674,1.961352233704991,12.090500831604004,4.7125244140625,4561,4560,56.97678034717683,19.419874145412003,34.08383911319806,0.10099716501861912,0.03442371123383729,2.44921875,,
2.2906849999986587,1545,,,,-0.412109375,0.125,-0.91796875,0.041117196590756466,1.960907674165177,12.092499732971191,4.727783203125,4563,4564,57.17071712133475,19.65059007745237,34.37177468973752,0.09978874254850885,0.0342991617544957,2.4375,,
2.317589999999851,1545,,,,0.51171875,-0.716796875,-0.95703125,0.041329383056302474,1.978178812286947,12.092500686645508,4.7796630859375,4565,4564,57.798079148633406,19.75452824375192,34.178520350046966,0.10013799306559583,0.03422568433805329,2.435546875,,
2.3401399999987333,1545,,,,-0.537109375,-0.154296875,-0.939453125,0.041387551656604175,1.9675982952393762,12.090500831604004,4.7015380859375,4569,4566,56.84395013784524,19.79094385900115,34.816271232045935,0.09941912367885829,0.03461403175655451,2.443359375,,
2.3649199999999255,1545,,,,0.6484375,0.048828125,-1.173828125,0.041522108491195565,1.979290211136482,12.089715957641602,4.693080425262451,4567,4568,56.73800930779089,19.8623359326996,35.00710753694391,0.09965042469541324,0.034884731334144624,2.4375,,
2.389914999999106,1545,,,,-0.474609375,-1.138671875,-0.697265625,0.04121864779089689,1.9907487332751856,12.092000007629395,4.6844482421875,4569,4567,56.644348180270754,19.7115377538506,34.79877231726383,0.1009940857042621,0.03514470193812847,2.439453125,,
2.4152999999988825,1545,,,,0.625,0.763671875,-1.234375,0.04106436526949733,1.9787233977232195,12.092000007629395,4.6832275390625,4567,4568,56.62958743807394,19.64289702230313,34.68663274967913,0.1007348048241824,0.0349415118004702,2.431640625,,
2.440164999999106,1545,,,,-0.57421875,-1.232421875,-0.73046875,0.04101995599459003,1.9625970004164697,12.090499877929688,4.7674560546875,4570,4569,57.64092684723437,19.627922462876025,34.05205907756457,0.09999005264711526,0.0340486717990836,2.4296875,,
2.464944999998435,1545,,,,0.375,0.3515625,-1.38671875,0.04169640552953682,1.9785011179533127,12.088001251220703,4.6527099609375,4576,4574,56.24196382937953,19.97278091675887,35.512239539412285,0.09905987184254253,0.03517837897615852,2.43359375,,
2.4929199999999256,1545,,,,0.51171875,0.34765625,-0.634765625,0.0416194295741336,1.99009300795396,12.090499877929688,4.67529296875,4574,4577,56.5266290679574,19.946196372514976,35.2863715763685,0.09977305802003558,0.03520629198605549,2.4296875,,
2.515375,1545,,,,-0.486328125,-1.140625,-1.0390625,0.0407329678343462,1.9825243817886282,12.093334197998047,4.678277015686035,4573,4573,56.575967421504174,19.504872803614443,34.475544462719625,0.10164251783386391,0.03504181142884148,2.43359375,,
2.5404299999997018,1545,,,,0.5859375,0.544921875,-0.6796875,0.04085909158360145,1.970843579880018,12.09428596496582,4.649135112762451,4570,4571,56.2279695435127,19.55792204751128,34.78326214923365,0.10076957946208835,0.035050946990978514,2.4453125,,
2.5654349999986588,1545,,,,-0.375,-0.267578125,-1.25,0.04084203970647178,1.9836468946266583,12.091429710388184,4.691685199737549,4568,4570,56.72918181589512,19.547794574135356,34.458093609695254,0.10147676184664427,0.0349669575892042,2.4453125,,
2.5906199999991806,1545,,,,0.662109375,-0.32421875,-0.91796875,0.04068782006536255,1.9813203200600136,12.0910005569458,4.710693359375,4566,4567,56.95699603180401,19.458609820190564,34.163686949580594,0.10182229554776129,0.034786250295813906,2.46484375,,
2.6150649999994786,1545,,,,-0.3125,0.248046875,-1.08203125,0.04077093215896341,1.9827688895355255,12.095001220703125,4.6490478515625,4568,4566,56.23023943975568,19.492642295894093,34.66576434691915,0.10171883623766972,0.035261612066579184,2.48046875,,
2.6367099999990313,1545,,,,0.375,-0.587890625,-0.873046875,0.040878210545475004,1.9729996936481151,12.094501495361328,4.6484375,4563,4566,56.220534294843674,19.543870525277814,34.762868710535,0.10095235184331887,0.035093933531490304,2.494140625,,
2.6672649999987335,1545,,,,0.140625,-0.5546875,-1.041015625,0.040777281391478244,1.9703767923632132,12.093334197998047,4.669596195220947,4564,4564,56.470987358507045,19.48790900703714,34.509594959475045,0.10110765560593005,0.034891842422627425,2.470703125,,
2.691714999999851,1545,,,,0.16796875,-0.02734375,-1.078125,0.040966009037246606,1.9669314559296553,12.091200828552246,4.68994140625,4564,4564,56.707023417111486,19.57856839566889,34.52582628373509,0.10046349744166044,0.03468585260527233,2.46484375,,
2.715289999999106,1545,,,,-0.359375,-0.80859375,-0.873046875,0.04126371493337495,1.9702434245012692,12.090500831604004,4.6038818359375,4565,4567,55.66323716600891,19.733656612185023,35.45186664823636,0.09984178113673545,0.03539577510781946,2.466796875,,
2.740359999999404,1545,,,,0.5,-0.29296875,-0.771484375,0.041215108049753674,1.9779009625745634,12.089142799377441,5.0655694007873535,4569,4566,61.238391846275135,19.708353182214857,32.18300250550036,0.10035851013464961,0.03229838183111712,2.466796875,,
2.771519999999553,1545,,,,0.7109375,1.041015625,-1.05078125,0.042178353470989874,1.9857140964867932,12.0910005569458,4.6807861328125,4584,4577,56.59538773878012,20.217411398725332,35.72271912340309,0.09821801898001584,0.035086147048801794,2.453125,,
2.795219999998808,1545,,,,-0.0078125,0.19140625,-0.87890625,0.04240352303967973,1.9869699771867673,12.090799331665039,4.66162109375,4581,4584,56.36272520478815,20.35651165842632,36.11697550901422,0.09760856921496597,0.03525326303806845,2.44140625,,
2.9480449999999254,1545,,,,-0.046875,-1.740234375,-1.013671875,0.04016103652063381,1.9882258578867416,12.089143753051758,4.6756415367126465,4581,4584,56.52450267505901,19.27671793608015,34.1032950734582,0.10314130571809571,0.0351745838316598,2.427734375,,
2.9710299999993293,1545,,,,-0.029296875,-0.283203125,-0.939453125,0.04058764325569942,1.9768413826963882,12.092002868652344,4.656862735748291,4568,4569,56.310797559588536,19.421593899514587,34.48999968249873,0.10178574389539657,0.035105902746351246,2.423828125,,
2.9931349999997763,1545,,,,0.140625,0.951171875,-0.986328125,0.04094936630120596,1.9598073893041374,12.088001251220703,4.6832275390625,4563,4561,56.610860351938754,19.559783152253882,34.55129109618631,0.10019576260375401,0.03461892960326684,2.42578125,,
3.0365149999987335,1545,,,,0.3984375,-1.466796875,-0.92578125,0.04110503666047991,1.9567732704449075,12.089333534240723,4.698893070220947,4564,4562,56.806485567633445,19.63731341277569,34.568787730048236,0.09964567093846276,0.03444630046889955,2.435546875,,
3.1908349999990313,1545,,,,-0.0546875,-0.28125,-0.931640625,0.04095695275583313,1.9694136263352349,12.09085750579834,4.6732001304626465,4563,4562,56.50299687350207,19.567233317108983,34.63043448990107,0.10064854823462654,0.03485502956142882,2.43359375,,
3.2155349999982863,1545,,,,0.095703125,-0.31640625,-1.001953125,0.04106444402706097,1.9689165531997808,12.090157508850098,4.74684476852417,4564,4563,57.3901009215183,19.622475164995222,34.19139337606186,0.1003398672514136,0.034307598724949095,2.44140625,,
3.2490950000006706,1545,,,,0.9375,0.890625,-1.1484375,0.041512338570887174,1.9911266088840276,12.091501235961914,4.6868896484375,4584,4575,56.67153197689913,19.89012940881433,35.09721497721659,0.10010626718203541,0.03513451179854579,2.46484375,,
3.270044999998063,1545,,,,1.14453125,1.271484375,-1.123046875,0.0429144847881115,2.0003956752891474,12.092400550842285,4.6494140625,4586,4587,56.22257717046887,20.614194365433416,36.665331621014886,0.09703972126329996,0.03557993560529742,2.4765625,,
3.293109999999404,1545,,,,0.71875,0.251953125,-0.890625,0.04038085078459787,1.9993509603705846,12.091429710388184,4.6414618492126465,4582,4583,56.12190970320307,19.380713178123354,34.533238944677656,0.10316188790345551,0.03562514124954081,2.470703125,,
3.3148450000006706,1545,,,,-0.361328125,-0.64453125,-1.0703125,0.04029280971463959,1.996094561741448,12.09085750579834,4.705636024475098,4576,4579,56.895174646079795,19.319087441902383,33.95558157977025,0.10332240421522154,0.03508372325347952,2.462890625,,
3.342089999999851,1545,,,,0.111328125,-1.302734375,-0.697265625,0.04036128439452519,1.9870255471292442,12.089715003967285,4.6651787757873535,4574,4576,56.4006818418261,19.339402961094624,34.28930702527916,0.10274492708624842,0.035230523501502936,2.47265625,,
3.3657949999980628,1545,,,,0.1484375,1.208984375,-1.11328125,0.040685177276627287,1.973340476320354,12.092000961303711,4.69482421875,4572,4573,56.769818966276944,19.48505129477599,34.32290546205674,0.10127458462731445,0.03476037993872378,2.466796875,,
3.3901500000003724,1545,,,,0.26171875,-1.70703125,-0.90625,0.04095206009284337,1.984558241683277,12.091501235961914,4.697265625,4574,4574,56.79699311032891,19.61391616343582,34.533370675689696,0.10118113206698016,0.034941255390549396,2.451171875,,
3.414759999997914,1545,,,,0.07421875,0.640625,-1.076171875,0.04096785003241327,1.982613293696591,12.088571548461914,4.691685199737549,4572,4572,56.715772219887185,19.614315688207625,34.58352927323792,0.101079911489778,0.034957000779430356,2.44921875,,
3.4402750000003723,1545,,,,0.57421875,-0.611328125,-1.0546875,0.040984951654839286,1.9794902629293982,12.088500022888184,4.62646484375,4570,4572,55.92702036956325,19.62313194443971,35.08703273439374,0.10087534795842283,0.0353941663591054,2.439453125,,
3.4657999999988824,1545,,,,-0.537109375,-0.658203125,-0.80078125,0.04100022304161499,1.9795347188833798,12.090001106262207,4.7509765625,4570,4571,57.43931189645082,19.62653370584715,34.169165781841265,0.10086012887205016,0.034463064642069566,2.451171875,,
3.492359999999404,1545,,,,0.88671875,0.330078125,-1.171875,0.04103439149270638,1.9871737799508007,12.093000411987305,4.6392822265625,4569,4569,56.10284187714569,19.63385000479289,34.99617728418678,0.10121162071960949,0.035420198219233257,2.458984375,,
3.5163699999991804,1545,,,,-0.51171875,-0.966796875,-0.85546875,0.040923021136368545,1.9828911434089744,12.092000007629395,4.647894859313965,4568,4570,56.20234467428509,19.58487683308231,34.84708146356606,0.10124603592397997,0.03528128861706067,2.474609375,,
3.5402899999991058,1545,,,,0.8359375,0.673828125,-1.302734375,0.040987817127136034,1.9799459364577074,12.092000961303711,4.663783550262451,4566,4569,56.39447517308599,19.60921130418307,34.77151129432175,0.10097019741101683,0.03510886359667068,2.482421875,,
3.5664199999999253,1545,,,,-0.6484375,-1.4140625,-0.65234375,0.04117679732460378,1.9845804696602678,12.092001914978027,4.6993584632873535,4567,4566,56.82465153723888,19.687807275027435,34.646595698216345,0.10080251406044416,0.034924639500159775,2.48046875,,
3.590164999999106,1545,,,,0.625,0.3984375,-1.294921875,0.0410478343206395,1.986258681923065,12.09111213684082,4.69835090637207,4568,4565,56.80828766717241,19.624235933645114,34.544670750541385,0.10121457409293012,0.034964241371965465,2.47265625,,
3.6151199999991803,1545,,,,-0.3359375,-0.765625,-0.54296875,0.04114090818930121,1.9752447193241753,12.093714714050293,4.701450824737549,4569,4568,56.85800501651238,19.680185893829464,34.61286741966071,0.10036717793115434,0.03473995823016541,2.451171875,,
3.640289999999106,1545,,,,0.32421875,0.26953125,-1.326171875,0.04121271426696808,1.978867879573659,12.0910005569458,4.73876953125,4568,4568,57.29646504158154,19.712464321688646,34.404328971050475,0.10038663087883988,0.03453734673051022,2.451171875,,
3.662980000000447,1545,,,,-0.0625,-0.62890625,-0.66015625,0.041208365466089365,1.9891038629778741,12.09000015258789,4.7076416015625,4568,4568,56.91538768121973,19.71125997560069,34.63256735771086,0.10091206069221646,0.03494843739128593,2.4375,,
3.685125,1545,,,,-0.125,-0.103515625,-1.33203125,0.04113521319127368,1.9844026458443422,12.091429710388184,4.5772881507873535,4566,4568,55.345957939437994,19.67900000395257,35.55634546155332,0.10083859166856908,0.03585451801224154,2.4453125,,
3.707254999998957,1545,,,,0.234375,0.248046875,-0.85546875,0.04111684474059863,1.9775230869657214,12.092572212219238,4.742606163024902,4567,4568,57.35030750049464,19.668562728746597,34.29547911068648,0.10054232809169486,0.03448147312808507,2.431640625,,
3.729300000000745,1545,,,,0.111328125,-1.970703125,-0.79296875,0.04126704032259516,1.9735776210498739,12.089715003967285,4.7635321617126465,4571,4568,57.5897462473381,19.73907223814892,34.27532421027345,0.09998330201333468,0.03426960092120732,2.43359375,,
3.752094999998808,1545,,,,0.109375,1.130859375,-1.470703125,0.04182977448557701,1.9896484484141463,12.089715003967285,4.712611675262451,4574,4577,56.97413207829186,20.050520155026334,35.192322241036706,0.09923176222016238,0.034921961525978866,2.4296875,,
3.7744049999993297,1545,,,,0.15625,0.720703125,-0.939453125,0.04136830539707622,1.9903041737353717,12.088571548461914,4.58984375,4573,4575,55.48465456813574,19.821254740213508,35.72384994462352,0.10041262270331595,0.03587125465999355,2.41796875,,
3.7967499999981373,1545,,,,-0.109375,-1.908203125,-1.03125,0.04071661700258664,1.9811573612037008,12.091501235961914,4.7186279296875,4572,4571,57.055295443860814,19.49080384748951,34.16125303683224,0.10164574928287944,0.03472346161370854,2.419921875,,
3.8225849999990316,1545,,,,-0.0625,0.82421875,-0.93359375,0.040997210935974554,1.9821131642143004,12.090001106262207,4.674479007720947,4571,4572,56.514456374545716,19.630385673110347,34.73515792669277,0.10097168732295432,0.03507267505287461,2.43359375,,
3.845519999999553,1545,,,,0.4609375,-0.375,-1.12109375,0.04093267633508058,1.9819242264098795,12.091113090515137,4.689127445220947,4571,4570,56.696770236004795,19.587634324339014,34.54806022072145,0.10118241915243431,0.03495656310156581,2.421875,,
3.871429999999702,1545,,,,-0.59375,-1.07421875,-1.001953125,0.04087606409183135,1.9812462731116633,12.090858459472656,4.677734375,4570,4566,56.55782423913479,19.545175157508687,34.557862542358095,0.1013675373664035,0.0350304542256552,2.41796875,,
3.8939399999994784,1545,,,,0.73828125,0.35546875,-1.009765625,0.040989451787616704,1.9819242264098795,12.093001365661621,4.7137451171875,4569,4570,57.003326139529236,19.61717265682444,34.41408420415106,0.10103006488656283,0.03476857160157019,2.41796875,,
3.9189849999994038,1545,,,,-0.9375,-1.05078125,-1,0.041012613393222076,1.9853806768319329,12.093714714050293,4.6651787757873535,4569,4569,56.41934120441465,19.622173914643554,34.77916171255856,0.10118046478786386,0.03518971747008954,2.427734375,,
3.940375,1545,,,,0.662109375,-0.158203125,-0.580078125,0.04104968104489928,1.98416925208594,12.09050178527832,4.6441650390625,4568,4567,56.150285695912316,19.632903563264954,34.964921941072525,0.10106346448920123,0.03533676146959276,2.455078125,,
3.9651150000002233,1545,,,,-0.078125,-0.83984375,-1.02734375,0.04089989013250445,1.982935599362956,12.09000015258789,4.750162601470947,4566,4565,57.429466576601044,19.552964930728788,34.04692067729463,0.10141355065014415,0.034528191145882584,2.46484375,,
3.993125,1545,,,,-0.662109375,-1.06640625,-0.80078125,0.041027417789041634,1.9776453408391703,12.088001251220703,4.88037109375,4576,4572,58.99393188767135,19.641922391625066,33.29481823490708,0.10068491776967818,0.03352286036138002,2.482421875,,
4.020174999998883,1545,,,,0.73828125,0.947265625,-1.1953125,0.04274495566263068,1.9913377746654393,12.093778610229492,4.58604621887207,4581,4581,55.462627667318884,20.503616356718336,36.96834646873394,0.09712129509353337,0.03590413686509892,2.498046875,,
4.04375,1545,,,,0.736328125,-0.44140625,-1.0703125,0.04026790744286411,1.99886194487679,12.09244441986084,4.632161617279053,4573,4576,56.014156900759644,19.295199972284387,34.447005971132825,0.10359374081367148,0.03568494208380528,2.513671875,,
4.069830000000074,1545,,,,-0.7734375,-0.537109375,-0.88671875,0.03971002749856119,1.993960675950341,12.088000297546387,4.6651787757873535,4567,4569,56.39268242982462,18.999852063999967,33.69205231129676,0.10494611585573367,0.03535850025278789,2.533203125,,
4.094035000000149,1545,,,,0.8125,0.0390625,-1.119140625,0.04069230678367804,1.9895261945406975,12.090667724609375,4.70106315612793,4567,4568,56.83899257314624,19.466119880201816,34.24782706194311,0.1022045588327113,0.03500284055844887,2.537109375,,
4.119259999997914,1545,,,,-0.5625,-1.10546875,-0.681640625,0.04090819033082704,1.9807128016638866,12.093144416809082,4.6463446617126465,4566,4566,56.188917004360974,19.56081613790574,34.812587927949515,0.1012592106433423,0.03525095174036115,2.548828125,,
4.146234999999404,1545,,,,0.82421875,0.841796875,-1.3046875,0.04101159291597713,1.9725995900622826,12.093001365661621,4.7271728515625,4569,4567,57.16570774966385,19.615498384628474,34.31340073760185,0.10056331740253383,0.03450669409535793,2.533203125,,
4.170954999998212,1545,,,,-0.0625,-1.080078125,-0.7421875,0.04116049428186485,1.9783566361028733,12.092499732971191,4.6820068359375,4566,4567,56.61716641334351,19.686516676925546,34.7712856789771,0.10049297539882684,0.03494269956323026,2.513671875,,
4.193884999999776,1545,,,,-0.4609375,1.564453125,-1.1796875,0.04101747389993004,1.9821465061797863,12.092000007629395,4.700927734375,4568,4568,56.84361819992773,19.62288259333177,34.52081907297857,0.10101199437708287,0.03487016782092007,2.5078125,,
4.218859999999404,1545,,,,0.359375,-1.892578125,-0.634765625,0.04091723600992489,1.9800681903311566,12.092001914978027,4.761439800262451,4566,4564,57.575339182826156,19.557963479110658,33.96934131296355,0.10124102095016257,0.03439090795528966,2.513671875,,
4.240489999998361,1545,,,,0.38671875,1.103515625,-1.501953125,0.04072921905117114,1.9800681903311566,12.092000961303711,4.6978759765625,4567,4568,56.80672082467936,19.483116043762475,34.297202445275005,0.10162995415536089,0.0348562311217043,2.505859375,,
4.265379999998957,1545,,,,-0.38671875,-1.234375,-0.69140625,0.041371283267891926,1.9875367906000299,12.093144416809082,4.596121788024902,4566,4566,55.58156453982792,19.78106886023831,35.58926241823194,0.10047671360141483,0.03575892127282287,2.4921875,,
4.290189999999479,1545,,,,0.265625,0.0078125,-1.09375,0.041270586631235374,1.9839692002930236,12.090001106262207,4.7216796875,4565,4563,57.08511264529079,19.721759261486852,34.54799044372874,0.10059798286694274,0.03475458150745526,2.498046875,,
4.317979999998585,1545,,,,-0.375,0.00390625,-1.1875,0.04078631295744427,1.979379123044445,12.092500686645508,4.713134765625,4564,4564,56.99358538957313,19.494414420591156,34.204576334931936,0.10153570557901485,0.03472985792198588,2.49609375,,
4.473460000000894,1545,,,,0.75,-0.220703125,-1.126953125,0.04102138533345605,1.9832245630638348,12.093999862670898,4.6368408203125,4566,4566,56.07795224408619,19.61235208531382,34.97337420587086,0.10112119925426584,0.035365495416658684,2.51171875,,
4.495989999998361,1545,,,,-0.02734375,-0.48828125,-0.9296875,0.041470482295153904,1.9772760785714127,12.09146499633789,4.7119140625,4569,4568,56.97394395247102,19.83957922502993,34.82219739181224,0.09966320636865371,0.034704918448701785,2.509765625,,
4.537580000000075,1545,,,,0.203125,0.685546875,-1.2890625,0.04093572826490489,1.9866476715204027,12.090287208557129,4.662388324737549,4574,4575,56.36961392390049,19.611351008715538,34.79064276578344,0.10130090836870498,0.03524323714904977,2.501953125,,
4.690604999998585,1545,,,,-0.0546875,-0.267578125,-0.7265625,0.04045194689138675,1.9862771589289387,12.092287063598633,4.693778038024902,4574,4575,56.7585114486119,19.379379829912374,34.14356602261866,0.1024943613449946,0.034995229935289564,2.484375,,
4.715919999999925,1545,,,,0.130859375,-0.287109375,-1.029296875,0.04078289459272811,1.9784584680224615,12.09216022491455,4.664234638214111,4565,4566,56.40067257188139,19.499970668964163,34.57400378357526,0.10145956122751221,0.03507863253759892,2.474609375,,
4.748999999998137,1545,,,,-0.3359375,1.3125,-1.18359375,0.04110376829515712,1.9665869222862997,12.092501640319824,4.88037109375,4566,4565,59.01589545654133,19.649400674052224,33.295098756100096,0.1000838119649752,0.03332300403260802,2.474609375,,
4.770660000000149,1545,,,,-0.150390625,-1.32421875,-0.9140625,0.04182536479299717,1.9777564807241246,12.092000007629395,4.68017578125,4573,4570,56.59268558258191,20.01657762709797,35.36954894619574,0.0988059256466842,0.03494721023334574,2.470703125,,
4.793419999999926,1545,,,,1.3125,1.17578125,-1.228515625,0.0417810436579168,1.9932271527096481,12.091428756713867,4.664481163024902,4573,4572,56.40024166974945,20.005785883378202,35.47109957528499,0.09963253452421082,0.035340755530463015,2.46875,,
4.822599999997765,1545,,,,-0.13671875,-0.3046875,-1.03125,0.04091390279560188,1.9932271527096481,12.094000816345215,4.584146976470947,4571,4571,55.440677275686085,19.586499442020077,35.328752108535085,0.10176535927770022,0.035952431511578814,2.455078125,,
4.847744999999181,1545,,,,0.166015625,-0.283203125,-1.068359375,0.04059155783149328,1.9929085980144001,12.09000015258789,4.6865234375,4567,4568,56.660069074481726,19.417289129606218,34.26979431331346,0.1026357791096463,0.035173070392742534,2.455078125,,
4.870429999999702,1545,,,,-0.0234375,-0.5546875,-0.720703125,0.04088292111762404,1.9814574388930748,12.093501091003418,4.6795654296875,4565,4567,56.59232962934766,19.551797939651525,34.54849458876553,0.10134400145751457,0.035012826859587884,2.4453125,,
4.895224999999628,1545,,,,-0.0625,-0.484375,-1.22265625,0.04120076924755044,1.971510419189739,12.09428596496582,4.7265625,4567,4566,57.16439850628376,19.699059422513514,34.4603633332171,0.10008144941867397,0.03448843109882495,2.4453125,,
4.9189749999996275,1545,,,,0.19921875,1.1875,-1.197265625,0.04128134558864355,1.9827281845526616,12.092000961303711,4.7210693359375,4568,4569,57.08717494853772,19.75045356156574,34.59700638430637,0.10038899503609569,0.034731587021779024,2.447265625,,
4.94324499999918,1545,,,,0.048828125,-1.794921875,-0.681640625,0.04123152064393173,1.988336997771695,12.090858459472656,4.669363975524902,4568,4571,56.45661892383214,19.735766306929946,34.95740036001138,0.10074789936449122,0.03521884653514656,2.44921875,,
4.9655,1545,,,,-0.361328125,1.318359375,-1.140625,0.04087488096423543,1.9930048729397414,12.091429710388184,4.599609375,4565,4564,55.615853453055024,19.534008831335477,35.123094618738534,0.10202743789808587,0.03583519355001939,2.443359375,,
4.990910000000149,1545,,,,-0.015625,-1.6484375,-0.77734375,0.040571035855761925,1.9744556261410056,12.094501495361328,4.6343994140625,4562,4562,56.05075064348057,19.381979106100744,34.57933905182253,0.10187069211727293,0.035226212021670054,2.439453125,,
5.017514999998733,1545,,,,0.6484375,-0.0625,-1.125,0.04067420340836019,1.9622635807616096,12.090500831604004,4.737548828125,4559,4560,57.27933804620989,19.42446175357469,33.91181255953775,0.10102022931989317,0.03425779081417737,2.44140625,,
5.040464999999851,1545,,,,-0.11328125,-0.056640625,-0.896484375,0.04084594666851048,1.9689875438012947,12.087501525878906,4.66552734375,4563,4561,56.394568886607885,19.50826907356086,34.59246069029446,0.10093091992819707,0.03491448880051415,2.451171875,,
5.065479999998584,1545,,,,-0.1875,-0.31640625,-0.96484375,0.041644520207312095,1.9819242264098795,12.089142799377441,4.745396137237549,4565,4565,57.36777154267884,19.90634699269136,34.69952981855327,0.09956242735734212,0.03454769416893637,2.42578125,,
5.0900749999992545,1545,,,,0.486328125,-0.12109375,-0.880859375,0.041315763604620526,1.9845026717408,12.092000961303711,4.730224609375,4566,4564,57.19788052374497,19.74865599475728,34.52690172070078,0.10048798623398121,0.03469538824811803,2.423828125,,
5.110964999999851,1545,,,,0,-0.21484375,-1.140625,0.041179289060908286,1.9828578014434888,12.090999603271484,4.610595703125,4564,4568,55.746710817329586,19.69929139514655,35.33713667824644,0.10065630086227463,0.03556905461096894,2.419921875,,
5.133004999998957,1545,,,,-0.26171875,-0.298828125,-0.734375,0.04111469661014723,1.986158656026607,12.092667579650879,4.65576171875,4564,4566,56.30057879490778,19.65858444339127,34.917197769855484,0.10103263852725186,0.035277766206663744,2.42578125,,
5.154819999998435,1545,,,,0.015625,0.498046875,-0.875,0.04076179215943007,1.9831134231788818,12.09085750579834,4.7293524742126465,4564,4564,57.181926860399926,19.481164717273952,34.068744771112634,0.10179645067219491,0.03468077296556166,2.412109375,,
5.177989999998361,1545,,,,0.109375,-1.869140625,-1,0.04092917627838725,1.9791679572630332,12.090286254882812,4.762137413024902,4563,4565,57.57560450855817,19.564162397017974,33.97995134225627,0.10116292827157802,0.03437511380308382,2.41015625,,
5.198849999999627,1545,,,,-0.099609375,1.4921875,-1.244140625,0.04122657559816678,1.980846169525831,12.092001914978027,4.6261162757873535,4565,4563,55.9390068657317,19.701026175548787,35.218762862266075,0.10054532956178122,0.035410821187447636,2.412109375,,
5.220914999999106,1545,,,,0.109375,-1.76171875,-0.560546875,0.04104446603308789,1.9789012215391453,12.094857215881348,4.629603862762451,4563,4563,55.99439768620459,19.613909374043246,35.0283424494725,0.10089274829412608,0.035341057379150796,2.427734375,,
5.245429999999702,1545,,,,0.44921875,0.263671875,-1.275390625,0.040617342159161275,1.9755114550480641,12.09133243560791,4.688313961029053,4559,4561,56.687962665303985,19.39867330753969,34.220092583099124,0.10183745165089415,0.034848870239204785,2.423828125,,
5.269,1545,,,,-0.453125,-0.96484375,-1.0390625,0.04086374100728816,1.9642122797194124,12.0910005569458,4.6868896484375,4558,4559,56.66918534960132,19.508208556543394,34.42472030644894,0.10068645073309826,0.034661029051359586,2.41796875,,
5.295594999998808,1545,,,,0.384765625,-0.125,-0.90625,0.04107643059987044,1.9624414045775351,12.090287208557129,4.697963237762451,4562,4560,56.799724839791,19.612825724482974,34.529790029446104,0.10005908542427883,0.03455019210238759,2.423828125,,
5.320584999999031,1545,,,,-0.162109375,0.33984375,-0.9296875,0.04154790668222089,1.9845137857292956,12.095000267028809,4.6478271484375,4561,4561,56.21547060145531,19.846112375512792,35.303648912260485,0.09999508962661605,0.03530191537128074,2.42578125,,
5.347359999999404,1545,,,,0.361328125,-1.462890625,-0.93359375,0.04076358718211782,1.980979537387775,12.090500831604004,4.7772216796875,4562,4560,57.759002691018395,19.467020459640594,33.70387221500232,0.1017607980376237,0.034297329335567284,2.419921875,,
5.370004999998957,1545,,,,-0.3359375,1.349609375,-1.095703125,0.04119463939738184,1.9673908804290818,12.091556549072266,4.651150226593018,4564,4563,56.239645983079754,19.683875183398634,34.999998380716555,0.09994936779970937,0.03498227711143471,2.4296875,,
5.395414999999106,1545,,,,0.484375,-1.287109375,-0.58203125,0.04147670249381964,1.9808683975028214,12.090858459472656,4.622628211975098,4564,4564,55.89154342175607,19.82412099163319,35.46890956658847,0.09992213013322764,0.03544128997396337,2.4453125,,
5.419854999998584,1545,,,,0.111328125,-0.01953125,-1.365234375,0.04126684930624656,1.9808683975028214,12.092000961303711,4.7015380859375,4564,4564,56.85100305476226,19.724932280949176,34.69583863269563,0.10042459813238462,0.03484315651554523,2.453125,,
5.445474999999627,1545,,,,0.01953125,-0.94140625,-0.697265625,0.04073752198915305,1.9686059172213355,12.090286254882812,4.6533203125,4562,4562,56.259974613785744,19.463528466561414,34.59569365285874,0.10114332150018046,0.03499123365652844,2.427734375,,
5.469194999998435,1545,,,,-0.236328125,1.10546875,-1.171875,0.04087894456806403,1.9830022832939287,12.092000961303711,4.6734619140625,4562,4563,56.51150595746003,19.534875595708723,34.567961452688806,0.10151087339043714,0.03509023958389405,2.431640625,,
5.497814999999479,1545,,,,0.453125,-1.8046875,-0.6015625,0.04102960071325369,1.983269019017817,12.090500831604004,4.66552734375,4564,4562,56.408562229480594,19.59981702840438,34.74617372566359,0.10118813946801802,0.03515900672932431,2.43359375,,
5.521329999998212,1545,,,,-0.205078125,0.2109375,-1.02734375,0.04110296921155437,1.9631231088468684,12.089778900146484,4.66688346862793,4562,4564,56.42158928846038,19.64502646399631,34.81827915828349,0.09992977675264064,0.034793828631983895,2.431640625,,
5.547080000000075,1545,,,,0.21875,-1.169921875,-1.146484375,0.04106472564342788,1.9730441496020967,12.092572212219238,4.6316962242126465,4562,4560,56.009121056354616,19.610064242730314,35.012269203437924,0.1006138544565721,0.03522719357829025,2.423828125,,
5.5714549999982115,1545,,,,-0.1484375,0.80859375,-1.0703125,0.040894713043621495,1.9749631186406746,12.09111213684082,4.602322101593018,4560,4561,55.647192620222086,19.53181615143371,35.09937380800749,0.10111518065337231,0.035490795234169224,2.431640625,,
5.5951299999989565,1545,,,,0.1875,-0.212890625,-0.845703125,0.040617078760611804,1.9788011956426867,12.092572212219238,4.656807899475098,4557,4560,56.312785802835606,19.396057865403442,34.44343516109047,0.1020207925432237,0.035139465530455875,2.4453125,,
5.620230000000447,1545,,,,-0.224609375,-1.033203125,-1.1640625,0.04078524161703115,1.9754558851055872,12.09314250946045,4.6261162757873535,4558,4557,55.944283388430904,19.463561581148273,34.79097488122133,0.10149508746739061,0.03531113038645348,2.43359375,,
5.645365000000224,1545,,,,0.361328125,-0.12890625,-0.724609375,0.0409190130069294,1.9723773102923758,12.094499588012695,4.7161865234375,4558,4556,57.03991596470587,19.521509673086307,34.224295991539464,0.10103610547147542,0.03457889579488174,2.421875,,
5.67213000000082,1545,,,,-0.1484375,-0.798828125,-1.3671875,0.0412899663367128,1.9721550305224689,12.092000007629395,4.7454833984375,4560,4560,57.382385290111415,19.71700090610296,34.360720291459806,0.10002307348436708,0.03436864850688468,2.427734375,,
5.695810000000521,1545,,,,0.4375,-0.02734375,-0.599609375,0.04182593487531595,1.9723254913210162,12.090667724609375,4.66796875,4562,4563,56.43885910511017,19.985272473870296,35.41048276091173,0.09868894676816287,0.034946232482265666,2.431640625,,
5.7214399999976155,1545,,,,0.162109375,-0.076171875,-1.48828125,0.04080785183235738,1.996361297465336,12.091429710388184,4.6414618492126465,4559,4561,56.12190970320307,19.492467113536062,34.732366052083144,0.10241706633836063,0.035571870380444244,2.443359375,,
5.746544999999926,1545,,,,0.09375,-0.81640625,-0.771484375,0.04061133024447052,1.989003837081416,12.094000816345215,4.691162109375,4558,4557,56.73491838038899,19.380933770261446,34.160503484500765,0.10262683215673486,0.03505784257493416,2.4296875,,
5.769674999998882,1545,,,,-0.09375,0.53125,-1.052734375,0.0408352293518279,1.9660423368500277,12.092000007629395,4.6649169921875,4556,4557,56.40817630512174,19.485283318648662,34.54336692831433,0.10089883245209985,0.03485385392031395,2.427734375,,
5.793589999997988,1545,,,,-0.162109375,-0.369140625,-0.841796875,0.04092057663014875,1.9664090984703744,12.090858459472656,4.614955425262451,4558,4557,55.79877284362374,19.52873027629508,34.998494198115104,0.10069313624845837,0.03524108144781684,2.427734375,,
5.816064999999479,1545,,,,0.236328125,-1.359375,-0.7890625,0.041071440978966374,1.9834246148567516,12.09428596496582,4.6337890625,4556,4557,56.042370023205876,19.60049458135542,34.97442126954891,0.10119257994354106,0.035391519202979116,2.4140625,,
5.845009999999776,1545,,,,0.09375,1.17578125,-1.462890625,0.04081872509215996,1.9771674393338705,12.093501091003418,4.58984375,4556,4556,55.50728039816022,19.473555165424532,35.08288466979186,0.10153089266639657,0.03561996597836207,2.431640625,,
5.867719999998808,1545,,,,0.05078125,-0.41015625,-0.693359375,0.040691281468144096,1.9686541241464344,12.092445373535156,4.704861164093018,4553,4557,56.89327661686184,19.417674945015392,34.129999359643925,0.10138464722069092,0.03460257944719906,2.42578125,,
6.028004999998957,1545,,,,0.015625,-1.0859375,-1.1171875,0.04101577124140208,1.9774341750577593,12.091429710388184,4.66796875,4554,4555,56.44241603091359,19.562481474287175,34.659185148227486,0.10108299285327828,0.03503454164638728,2.423828125,,
6.053884999997914,1545,,,,-0.00390625,-0.052734375,-0.970703125,0.041300886150636984,1.9693456920805572,12.09041690826416,4.707675933837891,4560,4559,56.9177647091019,19.718068343064136,34.643082777126274,0.09987518340118126,0.034599842459477906,2.427734375,,
6.079035000000149,1545,,,,-0.63671875,-1.138671875,-1.185546875,0.04173429831035703,1.980601661778933,12.092000961303711,4.8223876953125,4581,4574,58.31231664749794,19.990909249743705,34.282481642069136,0.09907511644595782,0.03396540860744411,2.427734375,,
6.103564999999478,1545,,,,-0.125,-2.078125,-0.7109375,0.043552531231128615,1.9799570504462032,12.092000961303711,4.661865234375,4582,4583,56.37127889553085,20.901708340760372,37.07864847185057,0.09472704422848988,0.03512350773725617,2.443359375,,
6.126289999999106,1545,,,,-0.173828125,0.87109375,-1.064453125,0.04018372442805209,1.9974282403608894,12.090500831604004,4.627685546875,4576,4578,55.95103595289402,19.26328594089325,34.42882801510822,0.10369094070916683,0.035699575644006894,2.4375,,
6.148189999999478,1545,,,,0.5859375,-0.61328125,-1.005859375,0.04007554755205877,1.9909265570911112,12.092000961303711,4.551478862762451,4567,4572,55.03648678387708,19.18666693557378,34.86172184448827,0.10376614988816828,0.03617466654274801,2.43359375,,
6.172319999998435,1545,,,,-0.75,0.5859375,-1.353515625,0.04015584107157939,1.9816352627090006,12.092572212219238,4.644252300262451,4564,4565,56.160956312688995,19.197898418760797,34.18370996368384,0.10322146828178252,0.035284927337700445,2.439453125,,
6.196564999999478,1545,,,,0.349609375,-0.546875,-0.62109375,0.04034765641907055,1.9842359360169117,12.093501091003418,4.644775390625,4560,4560,56.171596253989264,19.268986161737445,34.30378954268898,0.10297562722614967,0.03532454244392232,2.4296875,,
6.220119999999181,1545,,,,0.26171875,0.203125,-1.30859375,0.040703616013493524,1.9914266865734018,12.089143753051758,4.8465399742126465,4564,4562,58.59051845316844,19.444456094553644,33.1870353905396,0.1024161682327127,0.033988889997024936,2.443359375,,
6.243574999999255,1545,,,,-0.140625,0.994140625,-0.955078125,0.04199639495834174,1.9839580863045283,12.0910005569458,4.63623046875,4572,4570,56.05666517978534,20.09949438872807,35.85567269166802,0.09870686535364517,0.03539201056540848,2.447265625,,
6.2690849999990315,1545,,,,0.1484375,-1.994140625,-0.9921875,0.04238480735006813,1.9799459364577074,12.089143753051758,4.690987586975098,4570,4569,56.71002328272334,20.278762841478606,35.75869249846792,0.09763642643957968,0.03491350949702213,2.462890625,,
6.293419999999926,1545,,,,-0.07421875,1.521484375,-1.052734375,0.04099887153457499,1.980846169525831,12.094001770019531,4.6417236328125,4570,4570,56.137013831175864,19.61881021983258,34.948083057701254,0.10096668183901393,0.035285919829703555,2.4765625,,
6.319009999999777,1545,,,,0.798828125,-1.81640625,-0.771484375,0.04128456905677318,1.9857585524407744,12.093141555786133,4.644252300262451,4566,4569,56.163600487859185,19.75450827968699,35.173151486178845,0.10052179099201747,0.035356681822242386,2.48828125,,
6.3406599999982864,1545,,,,-0.3125,1.05859375,-1.201171875,0.04051118429942322,1.9690653417207624,12.0910005569458,4.600830078125,4563,4565,55.62863903702237,19.365773748832336,34.812596684135826,0.10167759714942905,0.03539661181375112,2.486328125,,
6.367379999998957,1545,,,,0.2109375,-1.6015625,-0.78125,0.040740264742703196,1.9856251845788304,12.088000297546387,4.737723350524902,4562,4562,57.269601270837484,19.464839714890754,33.98808317668964,0.10201086747505102,0.03467153848668298,2.466796875,,
6.390394999999553,1545,,,,-0.13671875,1.181640625,-1.107421875,0.040958455577305104,1.9834357288452467,12.091556549072266,4.690212726593018,4562,4559,56.71197241077789,19.55408815068705,34.479647452661816,0.10143330200623837,0.034973844931344734,2.46875,,
6.415039999999106,1545,,,,0.4609375,-1.65234375,-0.728515625,0.041265353454006774,1.9646864302535956,12.093714714050293,4.5968194007873535,4565,4564,55.59262242513387,19.7240847481201,35.47968037428413,0.09960849668529484,0.03534077624957201,2.474609375,,
6.440484999999404,1545,,,,-0.349609375,0.828125,-1.20703125,0.041296722334839026,1.9610854979811025,12.089000701904297,4.6441650390625,4561,4564,56.14331441698596,19.737426527204654,35.15543521462133,0.09935872314853625,0.034929991546558625,2.474609375,,
6.461204999998212,1545,,,,0.412109375,-0.861328125,-0.734375,0.040905123728935,1.9775119729772266,12.089714050292969,4.668666362762451,4562,4560,56.442841322019376,19.534251661757377,34.608909126863374,0.10123305500607654,0.03503565601340065,2.478515625,,
6.482579999998212,1545,,,,0.296875,-0.140625,-0.970703125,0.04105509042667476,1.9685985542039575,12.09314250946045,4.668666362762451,4560,4561,56.4588476540107,19.611091044383176,34.735195384367806,0.10038189867910409,0.03486784863672494,2.48828125,,
6.5046999999992545,1545,,,,-0.390625,-0.609375,-1.11328125,0.04145668671927213,1.9705990721331201,12.092000961303711,4.659598350524902,4562,4560,56.343867733836305,19.796665077643564,35.1354386446478,0.09954197155956959,0.034974508342985336,2.49609375,,
6.529469999998808,1545,,,,0.037109375,0.037109375,-0.62890625,0.04098578684482875,1.9680539687676855,12.093144416809082,4.672153949737549,4560,4560,56.50103245174114,19.573629495411367,34.642958979784424,0.10054619503393865,0.034832177101341406,2.484375,,
6.551509999997914,1545,,,,0.1484375,0.111328125,-1.384765625,0.04100974437517563,1.973255315383508,12.090285301208496,4.6142578125,4562,4561,55.78769340645522,19.587587745772463,35.11094750425006,0.10074008811061437,0.03537079945225306,2.484375,,
6.5743849999997765,1545,,,,-0.03125,-1.09375,-0.681640625,0.04087147201409607,1.978301066160396,12.090286254882812,4.6602959632873535,4559,4560,56.344312228618946,19.516287250124975,34.637546325771055,0.10136667086347213,0.035110927579227035,2.484375,,
6.596424999998883,1545,,,,0.162109375,-0.087890625,-0.80078125,0.040639359762684714,1.9756003669560263,12.090287208557129,4.725167274475098,4558,4558,57.128629456879025,19.398642405535742,33.95607874713314,0.10184219728656135,0.034581616708435466,2.494140625,,
6.621144999999553,1545,,,,0.265625,-1.310546875,-1.103515625,0.04089685441182166,1.9807794855948588,12.092572212219238,4.6212334632873535,4560,4559,55.882599364326325,19.523853850703787,34.93726861812229,0.10145432867617253,0.03544537133430707,2.5,,
6.6441349999997765,1545,,,,-0.298828125,0.83984375,-1.1484375,0.04149186628543191,1.9902708317698858,12.089499473571777,4.6685791015625,4560,4561,56.440784590668045,19.815774589832845,35.10896372817113,0.10043870971317274,0.03526299016224091,2.50390625,,
6.669379999998957,1545,,,,0.486328125,-1.470703125,-0.908203125,0.04147699928878997,1.9805460918364564,12.092572212219238,4.635184288024902,4563,4563,56.05130071988515,19.81895886945313,35.358606517443434,0.09993189374286773,0.03533452509397028,2.48828125,,
6.69339999999851,1545,,,,-0.4609375,1.435546875,-1.1640625,0.041253236561795595,1.9765672839551218,12.0910005569458,4.6490478515625,4564,4564,56.211640162509866,19.71624546186983,35.075022548478316,0.10025069366161514,0.03516295340681743,2.484375,,
6.715819999998436,1545,,,,0.5,-1.701171875,-0.744140625,0.041113090982020595,1.993449432479555,12.092000961303711,4.6527099609375,4560,4563,56.2605733203236,19.643299543157163,34.914858459256415,0.1014824127738755,0.03543244078103698,2.48828125,,
6.74064999999851,1545,,,,0.25,0.58984375,-1.333984375,0.040601186675503644,1.978845651596668,12.091428756713867,4.595424175262451,4559,4559,55.56524402206651,19.383407551919333,34.88405008033734,0.10208966851139256,0.03561301109036456,2.482421875,,
6.7658100000005215,1545,,,,-0.3359375,-0.359375,-0.79296875,0.04097538085545026,1.9660756788155136,12.089000701904297,4.71923828125,4558,4558,57.05087489448488,19.55618817908485,34.27850706102905,0.10053470854397956,0.03446179716703301,2.482421875,,
6.796765000000596,1545,,,,0.548828125,-0.6328125,-0.853515625,0.0412378585579943,1.9719772067065433,12.08899974822998,4.6905517578125,4559,4559,56.704079019255005,19.688977355393202,34.72232984986391,0.10015640584635949,0.03477663760374133,2.4921875,,
6.823275000000373,1545,,,,0.009765625,0.515625,-0.986328125,0.04134056716918694,1.9863364798425325,12.09160041809082,4.6025390625,4559,4560,55.65206325240433,19.74286334174869,35.47552810792822,0.100610354509327,0.03569205459344253,2.4921875,,
6.847384999999776,1545,,,,-0.103515625,-0.384765625,-0.990234375,0.040854600952734584,1.9625747724394793,12.094000816345215,4.62158203125,4556,4560,55.893416858743876,19.50947516429401,34.904781744868366,0.10059597994882807,0.035112807245249976,2.48046875,,
6.870769999999553,1545,,,,0.537109375,-1.232421875,-1.08203125,0.04073285590742942,1.9752002633701937,12.088000297546387,4.70703125,4557,4555,56.89859515056014,19.430627014891495,34.14957252191526,0.10165396422135088,0.034714394233172005,2.46875,,
6.8939000000003725,1545,,,,-0.203125,1.271484375,-1.361328125,0.04115786756253711,1.9806461177329147,12.09050178527832,4.6527099609375,4559,4559,56.25359808909707,19.650832450099845,34.93257874629804,0.10079197014998982,0.035209234342590406,2.466796875,,
6.919119999999181,1545,,,,-0.224609375,-0.76953125,-0.673828125,0.04145960869649643,1.9754781130825778,12.092000961303711,4.585658550262451,4559,4557,55.44978759798414,19.78353580674248,35.678289608924864,0.09985465350482545,0.03562643246544006,2.482421875,,
6.943870000001043,1545,,,,0.26171875,0.279296875,-1.20703125,0.040954882858942956,1.9648642540695207,12.094500541687012,4.661865234375,4558,4559,56.382931602420285,19.55429965190636,34.68123968755639,0.10048246621187301,0.03484856495090754,2.46875,,
6.969214999999851,1545,,,,-0.44921875,0.0546875,-0.818359375,0.04086543927904253,1.958929384213005,12.092000961303711,4.6771240234375,4558,4555,56.55578818754293,19.492899163515858,34.46667403675119,0.10049451175941346,0.03463711579294164,2.45703125,,
6.9940149999987336,1545,,,,0.32421875,-1.095703125,-0.884765625,0.04144537916626438,1.9873367388071137,12.091501235961914,4.666748046875,4559,4559,56.42798977671191,19.785701982679967,35.063630763691705,0.10044307452658446,0.035218988779701255,2.458984375,,
7.021299999998883,1545,,,,-0.349609375,1.248046875,-1.07421875,0.04134287618846784,1.9653754975403068,12.089500427246094,4.722900390625,4559,4561,57.09750629030168,19.74667924391757,34.584136027796454,0.09952941825120735,0.03442138939567202,2.4609375,,
7.044739999998361,1545,,,,-0.01953125,-1.072265625,-1.154296875,0.04117255374341088,1.9852806509354746,12.095000267028809,4.5989990234375,4560,4559,55.62489441654179,19.655401496924906,35.33562032448508,0.10100432958574122,0.03569050641370907,2.47265625,,
7.070509999997914,1545,,,,0.15625,0.400390625,-0.755859375,0.04116175733729647,1.9796903147223146,12.093501091003418,4.652099609375,4559,4560,56.26017170143314,19.654237693686998,34.9345497877077,0.10072587630087516,0.03518813140543411,2.482421875,,
7.0947049999982115,1545,,,,0.361328125,-1.060546875,-0.85546875,0.041192885456483766,1.9674982693429182,12.092500686645508,4.66796875,4559,4561,56.44741531461477,19.674472604452244,34.85451458635403,0.10000259264371245,0.03485541823973496,2.486328125,,
7.120334999999032,1545,,,,0.13671875,-0.212890625,-1.19921875,0.040868497077693924,1.969009771778285,12.092000961303711,4.6453857421875,4559,4560,56.1720088601578,19.51461976423802,34.74082583163503,0.10089921277311488,0.035053219774998694,2.48046875,,
7.143929999999702,1545,,,,0.173828125,0.013671875,-0.802734375,0.04084399933578618,1.9780454444250029,12.092000007629395,4.610595703125,4557,4557,55.751323277363554,19.492891381652697,34.963997687867085,0.10147522015573325,0.03547979362900861,2.474609375,,
7.290389999998734,1545,,,,0.26171875,-0.630859375,-1.310546875,0.04111393603810229,1.9773119211843104,12.092570304870605,4.718192100524902,4556,4556,57.0550696874825,19.614245813374154,34.37774403012847,0.10080998984095844,0.034656200264323214,2.474609375,,
7.312084999999032,1545,,,,-0.009765625,-0.251953125,-0.919921875,0.04112011128871383,1.9791030793551914,12.09143352508545,4.658900737762451,4557,4557,56.332788570626235,19.622611079027184,34.83337426910028,0.10085829410696898,0.035132347067710415,2.48828125,,
7.334484999999404,1545,,,,0.26171875,0.169921875,-1.298828125,0.040864935118848124,1.9823576719611982,12.090667724609375,4.6533203125,4557,4558,56.26174971461296,19.504856995513418,34.66805972877056,0.10163405311903531,0.035234554240077556,2.486328125,,
7.376369999999181,1545,,,,-0.453125,-1.013671875,-0.921875,0.04102283325694121,1.9673760154694693,12.093000411987305,4.5947265625,4557,4560,55.56403021328151,19.589547523289106,35.255807485697105,0.10042988553617929,0.03540736710274133,2.474609375,,
7.536429999999702,1545,,,,0.2421875,-0.48046875,-0.875,0.040957416041218817,1.9698099789499501,12.092000007629395,4.655573844909668,4557,4557,56.295198968166915,19.543629971570958,34.716335193383436,0.10079038447900027,0.03499072771842965,2.474609375,,
7.565614999998361,1545,,,,0.033203125,-0.251953125,-1.00390625,0.04107473143381862,1.9741499914573837,12.091095924377441,4.672482967376709,4557,4557,56.49543976357154,19.602481396221737,34.697457844839164,0.10070918837029937,0.034943528180664284,2.4765625,,
7.598809999998659,1545,,,,0.21875,-0.72265625,-0.779296875,0.0413325121192829,1.9696061761859174,12.093201637268066,4.67919921875,4559,4559,56.58649965329096,19.73251703532736,34.87142190492384,0.09981525279616929,0.03480699792801849,2.458984375,,
7.620014999998733,1545,,,,0,0.66796875,-1,0.04119903240921801,1.9697099530534923,12.09160041809082,4.68359375,4559,4559,56.63214414566755,19.67070207942415,34.734164450541975,0.1001341967917779,0.03478077658488546,2.45703125,,
7.643609999999404,1545,,,,0.0234375,-0.2734375,-1.267578125,0.04098771405586015,1.9730552635905922,12.090287208557129,4.623325824737549,4560,4558,55.897337079816225,19.565961907935247,35.00338822938357,0.10084120948791138,0.03529784005225959,2.458984375,,
7.66515499999933,1545,,,,0.01171875,-0.640625,-0.62109375,0.0413133024700573,1.972421766246357,12.088000297546387,4.735630512237549,4559,4560,57.24430304099724,19.726357717908176,34.4599491477441,0.09998915128948178,0.03445621068761633,2.462890625,,
7.692,1545,,,,0.28125,-0.21875,-1.12890625,0.041473656572556424,1.9702767664667549,12.089715003967285,4.671456336975098,4562,4561,56.47657576750589,19.809990345694263,35.07647210632067,0.0994587444054458,0.03488661873867297,2.47265625,,
7.715349999999628,1545,,,,-0.26171875,0.138671875,-0.978515625,0.0414072055201474,1.9632638397261908,12.092446327209473,4.62890625,4561,4562,55.97480038180947,19.780293950855878,35.33785527761171,0.09925352194481629,0.035074065942791756,2.484375,,
7.739310000000522,1545,,,,0.111328125,0.22265625,-0.888671875,0.04072409221150018,2.003652073918284,12.089714050292969,4.783761024475098,4557,4559,57.834302870840474,19.44222578928712,33.617117911331675,0.10305672280703161,0.03464470002159405,2.482421875,,
7.763264999998733,1545,,,,-0.236328125,-0.921875,-1.294921875,0.040657359455390514,1.9808128275603447,12.090500831604004,4.6551513671875,4561,4559,56.283111476222984,19.41023751955051,34.48678832859203,0.10204990153083995,0.035193733530477375,2.470703125,,
7.785035000000149,1545,,,,-0.015625,1.001953125,-0.9453125,0.04168015348970005,1.9779343045400497,12.092000961303711,4.644252300262451,4562,4562,56.15830327931053,19.913639921779733,35.45983186624548,0.09932560357168879,0.03522069202665436,2.46484375,,
7.806,1545,,,,0.412109375,-1.96875,-0.859375,0.041126074309612175,1.9802460141470817,12.090286254882812,4.8507256507873535,4560,4561,58.646661661921826,19.64138333840849,33.491050951262025,0.10082008889235078,0.033765707340044866,2.47265625,,
7.827054999999702,1545,,,,0.796875,1.4375,-1.38671875,0.04091574546757629,1.9811462472152055,12.089333534240723,5.013834476470947,4577,4568,60.6139172715325,19.573862594454,32.292687019004,0.10121386301018266,0.032684676001721744,2.4765625,,
7.849969999998808,1545,,,,0.703125,1.25,-0.640625,0.04417323766817239,1.9819686823638605,12.091334342956543,4.569498538970947,4586,4585,55.25133461434916,21.209935519916534,38.38809626583783,0.0934452950365056,0.03587186981450995,2.466796875,,
7.872064999999479,1545,,,,0.69921875,0.103515625,-1.076171875,0.043024674669179,1.9972948724989457,12.091501235961914,4.6588134765625,4581,4584,56.33204890997149,20.65220040004479,36.66154666777812,0.09671099610744693,0.03545574697080473,2.45703125,,
7.894384999997913,1545,,,,-0.65625,-0.681640625,-0.921875,0.039466308942896065,1.9927270232273575,12.09085750579834,4.6463446617126465,4572,4577,56.1782912275944,18.917624578398176,33.674261293846484,0.10533706359216105,0.035471478033289545,2.453125,,
7.916559999998659,1545,,,,0.349609375,-0.21484375,-0.921875,0.040392749971270556,1.9881591739557698,12.092573165893555,4.6435546875,4573,4572,56.15252480842173,19.339244919934387,34.440561641555774,0.10280438466893954,0.03540640747212824,2.451171875,,
7.940434999998659,1545,,,,0.07421875,0.5546875,-1.1171875,0.04086377532682661,1.9688430619508552,12.090667724609375,4.705403804779053,4570,4571,56.891473913696245,19.560399424460623,34.38195230120692,0.10065454284582667,0.034606996910250015,2.443359375,,
7.965239999998361,1545,,,,0.140625,-2.08984375,-0.56640625,0.04074360131064169,1.988614847484079,12.093002319335938,4.6282958984375,4566,4568,55.969993034377694,19.490182436367824,34.82255648021366,0.10203161791720385,0.03553001777689411,2.455078125,,
7.990400000000372,1545,,,,0.19921875,0.662109375,-1.34375,0.04059101529947504,1.9891149769663699,12.092501640319824,4.60693359375,4562,4565,55.70935203926638,19.403178405937204,34.82930189577685,0.10251490427762691,0.03570522549902133,2.451171875,,
8.017689999999478,1545,,,,-0.5859375,-0.087890625,-0.931640625,0.04053368677985203,1.965864513034102,12.092000961303711,4.651925086975098,4560,4560,56.25108262361573,19.357825604711802,34.413249846652484,0.10155399439881303,0.034948029821719004,2.458984375,,
8.041099999999627,1545,,,,0.228515625,-0.990234375,-1.013671875,0.040496299332118325,1.96158937843451,12.092888832092285,4.694010257720947,4556,4557,56.76414422332027,19.32405823270801,34.042719214939126,0.10151021875489451,0.034556838745199214,2.462890625,,
8.065679999999702,1545,,,,0.26171875,0.5078125,-0.81640625,0.04098247962102575,1.9530389703104707,12.092000961303711,4.6512274742126465,4556,4557,56.24264708942155,19.555900452639264,34.77059040543889,0.09986954960424174,0.03472523203264751,2.462890625,,
8.090344999998807,1545,,,,-0.13671875,0.068359375,-1.265625,0.04118087560050012,1.969376533398632,12.093000411987305,4.681396484375,4557,4556,56.612129614222795,19.648292064101735,34.70685910951043,0.10023143624767095,0.03478718336191792,2.466796875,,
8.115254999998957,1545,,,,0.015625,-0.3125,-0.798828125,0.04094575585466961,1.9578179853634703,12.092000961303711,4.639892578125,4557,4557,56.105585515033454,19.539717769053773,34.82668898236187,0.10019684053288551,0.03489524202254113,2.4609375,,
8.140214999997989,1545,,,,0.3125,-0.029296875,-0.74609375,0.041278009160439035,1.9560730891697007,12.094001770019531,4.661865234375,4559,4558,56.38060639612377,19.70230738592349,34.94518531336344,0.09928142175709007,0.03469407681475705,2.4765625,,
8.161159999998286,1545,,,,-0.298828125,-0.98046875,-1.24609375,0.0413322002330429,1.954328192975931,12.091428756713867,4.6240234375,4557,4558,55.91104996390641,19.729473589037873,35.287252880735224,0.09905627659836796,0.03495423881750665,2.4921875,,
8.184650000000373,1545,,,,0.125,1.130859375,-1.017578125,0.04113676326029711,1.9788234236196773,12.090286254882812,4.7000555992126465,4558,4557,56.82501760834566,19.632435534350716,34.548929961910616,0.1007935780640841,0.03482310269146412,2.484375,,
8.20627999999933,1545,,,,0.1484375,-1.138671875,-0.875,0.04104074393910272,1.9751335794392222,12.090858459472656,4.644949913024902,4557,4557,56.16143194972392,19.583473590402168,34.86996842946138,0.10085716256217346,0.035168860744280425,2.490234375,,
8.228224999999627,1545,,,,0.01171875,0.220703125,-1.2421875,0.04137067039466224,1.9701433986048111,12.093714714050293,4.6407647132873535,4557,4557,56.124084497528656,19.744245950981828,35.1796312184856,0.09978316738436098,0.03510335030394239,2.4765625,,
8.252335000000894,1545,,,,0,0.2734375,-0.962890625,0.041162007321383996,1.9692987354791645,12.092000961303711,4.7042412757873535,4559,4558,56.883690029025274,19.64712819801483,34.53912393515567,0.10023341404562855,0.03461974310165738,2.474609375,,
8.275394999999554,1545,,,,0.599609375,-1.287109375,-0.8359375,0.041221104873174735,1.9686985801004158,12.091500282287598,4.6600341796875,4560,4560,56.34680459916126,19.685468964435834,34.936264983389776,0.10000770536160994,0.03493895694893975,2.482421875,,
8.298319999998435,1545,,,,-0.38671875,0.845703125,-1.107421875,0.04119497811254571,1.9639529070129023,12.09000015258789,4.71435546875,4562,4561,56.99655833654106,19.67375647676203,34.51744640544197,0.09982602505691561,0.034457394697703925,2.48046875,,
8.321809999998658,1545,,,,0.046875,-1.408203125,-0.587890625,0.040976791889165094,1.959951871154577,12.091001510620117,4.6392822265625,4562,4561,56.09356840956025,19.572151218436876,34.891970279967275,0.10013982874341944,0.03494075928356404,2.45703125,,
8.34668499999866,1545,,,,0.5234375,0.3359375,-1.296875,0.041326942043432145,1.9714103932932803,12.093144416809082,4.716796875,4560,4562,57.040905794128776,19.74175267773422,34.60981624132315,0.09985994787163655,0.0345613444570545,2.458984375,,
8.371259999999776,1545,,,,-0.19921875,-1.435546875,-0.525390625,0.04113963171940765,1.9783566361028733,12.090500831604004,4.6319580078125,4562,4561,56.00269214541186,19.64972688046893,35.08711122216787,0.10068112641653473,0.035326098805500986,2.4609375,,
8.393970000000671,1545,,,,0.3984375,0.453125,-1.23046875,0.04112863521423605,1.970932491787981,12.092000961303711,4.6954345703125,4563,4563,56.77719933795743,19.650996301366646,34.610717912303414,0.10029682269345859,0.03471345037743607,2.4609375,,
8.417105000000447,1545,,,,-0.609375,-0.853515625,-1.0703125,0.0412131604375614,1.9785011179533127,12.088000297546387,4.7872490882873535,4563,4563,57.8682684036462,19.691548739280076,34.0282321944151,0.10047463224701374,0.0341897411574985,2.4609375,,
8.44027999999933,1545,,,,0.537109375,0.58203125,-0.7109375,0.04107658584432057,1.977812050666601,12.092001914978027,4.5828680992126465,4566,4563,55.41604983177103,19.629846809286143,35.42267424126646,0.1007553482144839,0.035690238778670315,2.470703125,,
8.465314999999478,1545,,,,0.203125,-1.59375,-1.01171875,0.04078729333103737,1.9598185032926327,12.092573165893555,4.661690711975098,4563,4564,56.371836011325286,19.49185976404977,34.5773016158881,0.10054548550094056,0.034765915782819255,2.48828125,,
8.48730999999866,1545,,,,-0.1875,0.705078125,-0.974609375,0.041031585215216264,1.9742518233769726,12.092000007629395,4.66796875,4563,4563,56.445078160613775,19.607683555874534,34.737632039557305,0.1006876624539098,0.03497650969247068,2.48046875,,
8.511695000000298,1545,,,,-0.03125,-1.427734375,-0.9453125,0.04123890712176892,1.9814685528815703,12.089333534240723,4.672037601470947,4561,4562,56.481820848696316,19.70297788517712,34.8837512479591,0.10056695817398557,0.03508152752705219,2.458984375,,
8.53449499999918,1545,,,,-0.0234375,0.65234375,-1.0859375,0.04075813797615845,1.971643787051683,12.093001365661621,4.530029296875,4557,4559,54.78165047359653,19.458435620386535,35.51998790135949,0.10132591465811357,0.035990952627503785,2.458984375,,
8.556365000000223,1545,,,,0.1484375,-0.369140625,-0.98828125,0.04053942299940321,1.9597073634076794,12.093145370483398,4.6268134117126465,4555,4556,55.95272718994329,19.340958477000715,34.56660550493592,0.1013242112968736,0.03502434039997802,2.46484375,,
8.577334999999032,1545,,,,0.40625,-1.365234375,-1.048828125,0.04067581915235352,1.9671315077225717,12.090858459472656,4.6505303382873535,4552,4554,56.22890408171588,19.398203567958532,34.49863354933554,0.10140792165785034,0.034984347282739046,2.466796875,,
8.604694999998435,1545,,,,-0.1875,0.9765625,-1.33984375,0.040857020586306185,1.964775342161558,12.092000007629395,4.673665523529053,4555,4554,56.513963546170544,19.48436155113691,34.47707491834059,0.10083857954518985,0.034766192616385576,2.478515625,,
8.628140000000595,1545,,,,0.26953125,-0.634765625,-0.703125,0.04114583065318188,1.9620264360320898,12.088399887084961,4.751953125,4557,4555,57.44350961968303,19.627803258129585,34.16887893528726,0.09996159072052262,0.034155754915082714,2.462890625,,
8.654329999998211,1545,,,,-0.32421875,-0.021484375,-1.09375,0.04185367821834218,1.9566621305599543,12.090666770935059,4.59228515625,4561,4561,55.52378954133019,19.98957964287685,36.001828780071335,0.09788410589500302,0.0352400682072227,2.462890625,,
8.681834999999031,1545,,,,0.2109375,-0.10546875,-0.84375,0.041113572954205896,1.9711547715578877,12.092000007629395,4.626736164093018,4559,4559,55.946493731511964,19.628472003346918,35.08436488896738,0.10042324085246061,0.03523285625400383,2.46484375,,
8.843945000000298,1545,,,,-0.224609375,-0.861328125,-1.259765625,0.04038488588269485,1.9659756529190555,12.091111183166504,4.694552898406982,4556,4557,56.76236104989539,19.269910180948045,33.94839436648761,0.10202308336978107,0.03463519868722372,2.46484375,,
8.865695000000297,1545,,,,0.08203125,-0.1640625,-0.9375,0.04092829653159874,1.967085384670316,12.091251373291016,4.669442653656006,4557,4557,56.459404898521825,19.530178927263798,34.59154229904949,0.10072029508773718,0.03484070347900207,2.48046875,,
8.907865000000223,1545,,,,0.1875,-1.1328125,-0.93359375,0.0412895068913915,1.9710880876269155,12.09314250946045,4.6826171875,4555,4556,56.62755696568638,19.700141733310723,34.788966342390644,0.1000545130238341,0.03480793085990451,2.478515625,,
9.064099999999627,1545,,,,-0.255859375,-0.2890625,-0.935546875,0.04130421934225323,1.9733664552684618,12.089428901672363,4.6875,4556,4556,56.6691979765892,19.7083114210032,34.777819564598325,0.10012864182597805,0.034822558386721575,2.47265625,,
9.098884999997914,1545,,,,0.1875,-0.259765625,-0.923828125,0.04132033285855708,1.978043638401873,12.09223747253418,4.676011085510254,4562,4563,56.54343647019232,19.74265664159982,34.915912215571545,0.1001913609860352,0.034982727649470455,2.470703125,,
9.130989999998361,1545,,,,0.41015625,-0.373046875,-1.08984375,0.0406065260505559,1.9683614094744382,12.092333793640137,4.587809085845947,4559,4561,55.47731884754421,19.395813476360896,34.96169944633055,0.10148382855266291,0.03548047112521139,2.466796875,,
9.154114999998361,1545,,,,-0.0078125,-0.1796875,-1.033203125,0.04060812767879739,1.9663386635682851,12.092000961303711,4.642578125,4555,4555,56.13805915042758,19.369106522066588,34.502629437482184,0.1015193272507485,0.035026837288750626,2.486328125,,
9.175634999997914,1545,,,,0.203125,0.880859375,-1.310546875,0.040725640603715876,1.968131766687153,12.08857250213623,4.828403949737549,4556,4555,58.3685112160033,19.425974193705663,33.28159959711206,0.10131444359299417,0.03371906745066228,2.48046875,,
9.197570000000297,1545,,,,-0.25,-1.052734375,-0.79296875,0.0413804632313431,1.9812018171576824,12.091428756713867,4.647739887237549,4565,4564,56.197815726270164,19.776768829804112,35.19134787396957,0.10017823610153945,0.03525407156049932,2.478515625,,
9.223179999999703,1545,,,,0.13671875,0.115234375,-0.9453125,0.04249179103761908,1.9684651863420137,12.093334197998047,4.612630367279053,4564,4566,55.78208056334006,20.31549400842877,36.41939096438095,0.0968947732959538,0.03528848631070401,2.48046875,,
9.246025000000373,1545,,,,-0.236328125,-0.69140625,-1.318359375,0.04098477908337584,1.970943605776476,12.088500022888184,4.6588134765625,4563,4562,56.31806681805756,19.58127455864494,34.76908151322852,0.10065451050561589,0.03499664880443876,2.470703125,,
9.272379999998957,1545,,,,-0.078125,1.166015625,-0.96875,0.041102057252590446,1.9732219734180223,12.091500282287598,4.656982421875,4559,4558,56.30990426870994,19.617664006545986,34.83874508635429,0.10058394173534634,0.035042183058984426,2.466796875,,
9.294159999998286,1545,,,,-0.08203125,-0.98046875,-1.1328125,0.040788879311693296,1.9617967932448048,12.089000701904297,4.605712890625,4557,4558,55.67846636753529,19.470928194380747,34.970302640616104,0.10075517580158165,0.035234389903897906,2.482421875,,
9.315749999998138,1545,,,,-0.171875,0.197265625,-0.771484375,0.04066416925109846,1.969554357214557,12.089143753051758,4.965122699737549,4558,4558,60.02408206866767,19.407721821739965,32.3332255202795,0.10148302697786608,0.03281273597755952,2.48046875,,
9.341189999999479,1545,,,,0.375,-1.51171875,-1.03125,0.04073617389074878,1.969554357214557,12.089335441589355,4.6533203125,4569,4565,56.255550174973905,19.475763288732306,34.62016321617343,0.10112848097481458,0.0350108451715177,2.48046875,,
9.36724499999918,1545,,,,0.224609375,1.259765625,-1.12890625,0.04237450196915415,1.984091454166472,12.093000411987305,4.6923828125,4571,4572,56.74498728476465,20.28733211021563,35.75176078268774,0.09779952550623393,0.03496505240559243,2.47265625,,
9.392794999998063,1545,,,,0.349609375,-1.62890625,-0.853515625,0.0409980843283604,1.9916563293606866,12.092000007629395,4.620768070220947,4568,4571,55.87432754036536,19.623156443354073,35.120165749069095,0.10149520721143801,0.03564528500001816,2.45703125,,
9.415269999999554,1545,,,,-0.361328125,1.052734375,-1.01953125,0.04061300649327654,1.9822909880302257,12.091500282287598,4.6917724609375,4564,4564,56.73056803585496,19.40979703798454,34.21400086407935,0.10212837280837747,0.03494220235512845,2.451171875,,
9.440174999998883,1545,,,,0.3359375,-1.71875,-0.849609375,0.0408699656818079,1.973133061510059,12.092000007629395,4.591471195220947,4561,4562,55.52006972764184,19.523896035304926,35.16547463121168,0.10106246509108921,0.03553909552328414,2.453125,,
9.47436999999918,1545,,,,-0.162109375,1.291015625,-1.22265625,0.04106066176013132,1.9661090207809993,12.090499877929688,4.6612548828125,4560,4563,56.35690159164369,19.618274006366352,34.810774638603,0.10021824652581438,0.034886747944860824,2.451171875,,
9.505224999999628,1545,,,,-0.150390625,-0.287109375,-0.921875,0.040912394367304025,1.9732071084584097,12.09163761138916,4.6315693855285645,4559,4561,56.00325858181577,19.538757644585896,34.88860851916592,0.10098938450189421,0.035233791004781086,2.462890625,,
9.52802999999933,1545,,,,0.416015625,-0.416015625,-1.197265625,0.040533844679247734,1.97186606682159,12.09160041809082,4.61767578125,4556,4555,55.835090407170355,19.334211144093477,34.62734814809322,0.10198844173810459,0.035315892791468684,2.474609375,,
9.551259999999777,1545,,,,-0.09375,-0.521484375,-0.763671875,0.04026271325141552,1.9748223877613524,12.090858459472656,4.6658759117126465,4549,4552,56.414445237980544,19.193644040437352,34.0225698568341,0.10288939315539966,0.03500561566156854,2.4765625,,
9.573769999999554,1545,,,,0.298828125,-0.0625,-0.724609375,0.04128739299576484,1.97186606682159,12.092572212219238,4.6756415367126465,4554,4553,56.540532921149406,19.68744891868712,34.82006253132235,0.10015853628196161,0.034875264963836215,2.474609375,,
9.595734999999404,1545,,,,0.1875,-1.728515625,-1.056640625,0.04167272215725575,1.9720772326030012,12.08514404296875,5.034877300262451,4560,4558,60.847217412345344,19.88952798760187,32.68765414992743,0.09915153511095359,0.03241031088141238,2.484375,,
9.62075,1545,,,,0.3359375,0.67578125,-1.056640625,0.04182418289069358,1.9741222064861452,12.09314250946045,4.696568012237549,4582,4574,56.796266277362065,20.03507490371769,35.275338005278876,0.09853330800973592,0.034757957448216865,2.494140625,,
9.64414999999851,1545,,,,1.474609375,1.216796875,-1.50390625,0.04549094808919759,1.9858141223832508,12.091001510620117,4.6649169921875,4582,4582,56.403518399456516,21.8255946594166,38.695448934311344,0.09098556778733524,0.035207273920741536,2.494140625,,
9.66886499999836,1545,,,,-0.2109375,-0.611328125,-0.513671875,0.040252829028712724,1.9941718417317529,12.091428756713867,4.610072612762451,4572,4576,55.742364560494934,19.29015478453186,34.60591407742855,0.1033777003868737,0.03577479817110304,2.48828125,,
9.694074999999255,1545,,,,0.1484375,-0.103515625,-1.349609375,0.03985709793012868,1.9871144590372067,12.090500831604004,4.5574951171875,4568,4569,55.102398504386656,19.07057395639815,34.60933548088648,0.10419793675745836,0.036062213496550685,2.5,,
9.72177499999851,1545,,,,0.0625,-0.708984375,-0.48828125,0.04003755360383813,1.979101273332061,12.0910005569458,4.661865234375,4560,4564,56.36661514523439,19.1348683802836,33.94716594384928,0.10342905077786213,0.035111231501708993,2.5078125,,
9.744125,1545,,,,0.26171875,0.4609375,-1.46875,0.040375704102701956,1.9810795632842335,12.092000961303711,4.60828971862793,4560,4560,55.72344370761493,19.281730743235112,34.60254690002253,0.1027438661842783,0.03555199448331129,2.517578125,,
9.76636499999836,1545,,,,-0.099609375,-0.623046875,-0.748046875,0.04067005708201631,1.9762005223347756,12.094857215881348,4.605887413024902,4554,4558,55.70755061296131,19.411941155138585,34.84615809086043,0.10180334395932632,0.035474554177849255,2.49609375,,
9.79053500000015,1545,,,,0.5,-0.0859375,-0.947265625,0.04068008537045094,1.972288398384413,12.088570594787598,4.6609930992126465,4554,4555,56.34474412164991,19.40409320223392,34.4381601242876,0.10164290481543094,0.03500394631531534,2.48046875,,
9.81190499999933,1545,,,,0,-0.22265625,-1.3046875,0.04082715496361457,1.9695210152490714,12.092572212219238,4.6023993492126465,4554,4554,55.654846479824755,19.469999965365098,34.983476187330965,0.1011567035825693,0.03538813130969709,2.482421875,,
9.834080000000075,1545,,,,0.015625,-0.630859375,-0.998046875,0.04113579658063389,1.9667536321137296,12.089715003967285,4.679129600524902,4555,4554,56.56934333697336,19.615721652054287,34.67553359282779,0.10026414867626134,0.0347671285557998,2.484375,,
9.856234999999405,1545,,,,0.173828125,-0.1484375,-0.6640625,0.04112758581205755,1.9697544090074735,12.094857215881348,4.639369487762451,4552,4552,56.112511526203434,19.606292407978,34.94103520713424,0.10046542038748542,0.035103657908586695,2.4609375,,
9.880064999997616,1545,,,,0.140625,-0.49609375,-1.12890625,0.04094109153446747,1.9753447452206339,12.09085750579834,4.775390625,4554,4553,57.738567581400275,19.522342392182534,33.81161537244544,0.10118379780141724,0.0342118765318481,2.44921875,,
9.901234999999405,1545,,,,0.07421875,-0.421875,-1.138671875,0.04117009149097582,1.9786455998037515,12.089143753051758,4.5947265625,4556,4555,55.54630992002785,19.639827140066966,35.35757311033474,0.10074658935093891,0.03562154898592694,2.44921875,,
9.924839999997989,1545,,,,-0.40625,0.396484375,-0.935546875,0.0412657326920244,1.9786455998037515,12.092000007629395,4.58984375,4553,4555,55.50039066001773,19.683589270362987,35.46567697323069,0.10052260147405846,0.03565102112387761,2.451171875,,
9.947014999998734,1545,,,,0.375,-0.919921875,-0.8046875,0.04057210971138665,1.966664720205767,12.092572212219238,4.6658759117126465,4550,4552,56.42244139563945,19.339302536827255,34.275905222211584,0.10169263945588039,0.0348560727178629,2.453125,,
9.971160000000149,1545,,,,-0.1484375,-0.375,-1.171875,0.040635299652205574,1.963274953714686,12.092572212219238,4.62890625,4550,4550,55.97538309171796,19.36193545658529,34.590090120258694,0.1013986932306887,0.03507389936925987,2.44140625,,
9.994160000000148,1545,,,,-0.1875,0.3203125,-0.873046875,0.04111365615094336,1.9644196945297072,12.093500137329102,4.620361328125,4551,4549,55.87634035618976,19.584351571295645,35.04945285688555,0.10030557751061382,0.03515655610240939,2.427734375,,
10.019609999999403,1545,,,,0.375,-0.533203125,-0.802734375,0.04130555491961968,1.9690208857667808,12.09314250946045,4.700753211975098,4552,4551,56.8468784942188,19.686104461433104,34.63005354539412,0.10002084920479186,0.03463727363617733,2.43359375,,
10.046474999999628,1545,,,,-0.1484375,-0.890625,-1.15625,0.04102937965409971,1.9604520006368678,12.092500686645508,4.6197509765625,4551,4551,55.86434185621329,19.554397845604445,35.00336206579615,0.10025632167842745,0.03509308327094924,2.4296875,,
10.07277999999933,1545,,,,0.134765625,-0.515625,-0.716796875,0.04089766291262123,1.946592856983169,12.093000411987305,4.7052001953125,4549,4550,56.89998790039681,19.488568276980864,34.25056664527859,0.09988383083442864,0.03421077804780331,2.4296875,,
10.096049999998883,1545,,,,-0.349609375,0.28125,-1.005859375,0.04098644499186746,1.9652976996208393,12.091001510620117,4.5733642578125,4549,4550,55.29655414982699,19.52726803957834,35.31371590835274,0.10064376110562555,0.03554105187632182,2.4296875,,
10.121519999999553,1545,,,,-0.203125,0.013671875,-0.93359375,0.04079494949545307,1.9756892788639895,12.092500686645508,4.6221923828125,4547,4549,55.89386456296779,19.431839620745965,34.76560401160816,0.10167278638686836,0.035347158302826906,2.427734375,,
10.144664999999106,1545,,,,0.349609375,-0.93359375,-0.845703125,0.040746799821409434,1.9682540205606018,12.090500831604004,4.7137451171875,4550,4549,56.99153925932478,19.41019382984542,34.05802700208625,0.10140311002635036,0.03453589859372963,2.416015625,,
10.17073999999836,1545,,,,-0.048828125,-0.31640625,-1.158203125,0.041256893819214734,1.971732698959646,12.092573165893555,4.639369487762451,4549,4552,56.10191497438154,19.66724463291671,35.05628041733974,0.10025464856727274,0.03514555073316162,2.421875,,
10.196910000000148,1545,,,,0.0859375,-0.169921875,-0.546875,0.04137642100681321,1.9788234236196773,12.093001365661621,4.727783203125,4552,4550,57.1730887319427,19.713741320918082,34.480805144788306,0.10037787304837792,0.034611098814294174,2.419921875,,
10.348609999999404,1545,,,,-0.072265625,0.248046875,-1.2109375,0.0411221670681055,1.9711992275118688,12.090500831604004,4.6160888671875,4552,4550,55.81082628748845,19.594247934773733,35.10832796819983,0.10060091278183735,0.03531929839845012,2.416015625,,
10.370479999998585,1545,,,,0.0703125,-0.37890625,-0.982421875,0.04116862274712786,1.9696359061051423,12.091612815856934,4.667298793792725,4554,4553,56.43516991045772,19.63019736341293,34.783624102769565,0.10033704040980151,0.034900858971989364,2.41015625,,
10.412869999999181,1545,,,,-0.537109375,0.3828125,-0.94921875,0.041491973181925455,1.9731775174640407,12.091429710388184,4.658203125,4556,4555,56.32433566264808,19.790948584564767,35.13747361904401,0.09970100771233113,0.035032415282841387,2.41796875,,
10.571144999999554,1545,,,,0.265625,-0.513671875,-0.89453125,0.041596986410778664,1.969784000001843,12.09228515625,4.642508506774902,4556,4556,56.138536704238504,19.846532404613967,35.35277826918409,0.09925078899646485,0.035087911364335984,2.435546875,,
10.599004999998957,1545,,,,0.07421875,-0.3828125,-0.97265625,0.041108994919735464,1.9750582821671663,12.091541290283203,4.634352684020996,4555,4555,56.03646683257466,19.60834880938502,34.99212194796417,0.10072537475577018,0.03524594596708302,2.4375,,
10.62477999999933,1545,,,,-0.125,0.244140625,-0.875,0.040956448074256316,1.9516608357370477,12.09244441986084,4.689127445220947,4554,4555,56.70301300897836,19.537026466488513,34.45500588019021,0.09989549019062312,0.03441899701922403,2.451171875,,
10.647140000000595,1545,,,,-0.3125,-1.26953125,-1.287109375,0.041358468404458164,1.96964326912252,12.091556549072266,4.833441734313965,4565,4559,58.44383405710323,19.745832860625402,33.78599843626362,0.0997498197733725,0.03370147254880741,2.46484375,,
10.671819999998435,1545,,,,0.8125,0.859375,-1.037109375,0.04305632441530803,1.9711547715578877,12.09133529663086,4.556478023529053,4569,4569,55.09390355421965,20.601804392630477,37.39398202626102,0.09567874415228378,0.03577809239125727,2.45703125,,
10.695434999998659,1545,,,,0.412109375,-0.931640625,-0.91015625,0.041863090699133576,1.9834357288452467,12.0910005569458,4.677734375,4565,4568,56.55848893336952,20.023816794664913,35.403733678696035,0.09905382920671287,0.035068753890895046,2.4375,,
10.722349999999627,1545,,,,-0.5,0.74609375,-0.98046875,0.03995838689912007,1.9828022315010123,12.0910005569458,4.6343994140625,4562,4564,56.03452589653898,19.095948702166385,34.078897602211825,0.10383365929738116,0.03538536642858402,2.427734375,,
10.745640000000597,1545,,,,0.5859375,-1.5546875,-0.939453125,0.04092711212805693,1.9844915577523046,12.092499732971191,4.6343994140625,4560,4561,56.04147367703263,19.547193300473083,34.8798702423917,0.10152309476083586,0.035411123718639914,2.431640625,,
10.771070000000298,1545,,,,-0.32421875,1.03515625,-1.08203125,0.040992726034200795,1.9847249515107075,12.091428756713867,4.7140069007873535,4558,4559,56.99907859952782,19.569085637742333,34.33228416766801,0.10142144544979789,0.03482029885878101,2.4296875,,
10.79523999999836,1545,,,,0.287109375,-0.73828125,-0.806640625,0.040743440476832433,1.9743889422100338,12.092501640319824,4.59716796875,4555,4557,55.59126120293513,19.442833823833393,34.97462263512532,0.10154841419206036,0.03551617465562716,2.44140625,,
10.821009999997914,1545,,,,-0.3359375,-0.3828125,-1.19140625,0.04057584396222795,1.9677650050668065,12.092500686645508,4.61181640625,4556,4556,55.76839305926114,19.358879213179726,34.71299449601929,0.101646638909092,0.035284592169901714,2.435546875,,
10.843929999999702,1545,,,,0.287109375,0.125,-0.7421875,0.041005347366074335,1.9660201088730371,12.091500282287598,4.68505859375,4553,4554,56.64938730886206,19.556969056012132,34.52282537388132,0.1005278529225187,0.03470505511655338,2.435546875,,
10.869744999999181,1545,,,,0.0859375,-0.037109375,-1.2265625,0.04061057623992256,1.9737332168888084,12.09428596496582,4.6407647132873535,4554,4553,56.12673553861987,19.364556433791652,34.50148355852127,0.10192504143521681,0.035165651412787324,2.439453125,,
10.896239999998361,1545,,,,-0.298828125,-0.41015625,-0.787109375,0.041137360762789156,1.9737332168888084,12.089778900146484,4.675564289093018,4555,4551,56.52653848855516,19.606930802329885,34.686239997341545,0.10066507791491111,0.034916930519076926,2.44921875,,
10.920980000000448,1545,,,,0.6484375,-0.4296875,-1.087890625,0.04118599573294012,1.9724884501773292,12.08950138092041,4.7137451171875,4553,4551,56.98682810354512,19.627369019652743,34.44193978297896,0.10049683420137924,0.03461305911943925,2.44140625,,
10.944199999999254,1545,,,,-0.4609375,0.666015625,-1,0.04103442069710788,1.9846693815682301,12.095001220703125,4.5831298828125,4552,4553,55.43296152725816,19.563246172007013,35.29172108617566,0.10144887837725455,0.03580305520195426,2.431640625,,
10.97011499999836,1545,,,,0.349609375,-0.869140625,-0.814453125,0.04067986822384836,1.9648642540695207,12.0914306640625,4.6268134117126465,4550,4551,55.944793563277926,19.387082987259653,34.653953929298794,0.10134914341475425,0.035121485466687904,2.431640625,,
10.994034999998286,1545,,,,-0.01171875,-0.609375,-1.30078125,0.04041895763787312,1.9648568910521425,12.091500282287598,4.6502685546875,4548,4549,56.228723541717045,19.256381662168494,34.24652108255998,0.1020366611715192,0.03494400668004462,2.4296875,,
11.020044999998063,1545,,,,0.125,-0.05078125,-0.716796875,0.040987962922075835,1.9635972593810511,12.093500137329102,4.6405029296875,4552,4550,56.11992281745188,19.530691913775588,34.80170843660183,0.10053905248467242,0.034989307910637785,2.4296875,,
11.04691000000015,1545,,,,0.048828125,0.189453125,-1.34375,0.04119647661973109,1.9661534767349809,12.093499183654785,4.7265625,4552,4551,57.16067973524332,19.634881427884253,34.35032879040109,0.10013574484553651,0.034396957591158905,2.4375,,
11.073309999998658,1545,,,,0.20703125,-0.34375,-0.716796875,0.04101841277253154,1.9588182443280515,12.093501091003418,4.58740234375,4554,4552,55.47775524901226,19.554121712898997,35.24677886682724,0.10017418696110013,0.03530817415982106,2.44921875,,
11.095569999998435,1545,,,,-0.1484375,-0.6875,-1.34375,0.04105519796943796,1.9677983470322926,12.092000961303711,4.5941162109375,4552,4552,55.55205763899721,19.571842247126828,35.23153431023861,0.10054231595501277,0.03542260054199882,2.4609375,,
11.120909999998286,1545,,,,0.109375,0.451171875,-0.78125,0.04090880893314983,1.9743111442905665,12.092572212219238,4.677036762237549,4550,4551,56.55740478656162,19.497190017127114,34.47327558735468,0.1012613172747587,0.034908092967513155,2.45703125,,
11.144319999998435,1545,,,,0,-0.53515625,-0.8125,0.04102796317075971,1.9555951876644009,12.093001365661621,4.6148681640625,4552,4552,55.80760701035615,19.558047272773848,35.045486306453675,0.09998928627126923,0.035041731628118425,2.46484375,,
11.169509999999777,1545,,,,-0.048828125,-1.03515625,-1.234375,0.04126020076354978,1.9653754975403068,12.087000846862793,4.8712158203125,4560,4557,58.87838974536862,19.6892823394825,33.440592422164976,0.09981955988305277,0.033380252178090576,2.470703125,,
11.194419999998063,1545,,,,0.673828125,0.421875,-0.638671875,0.04228049928873739,1.97219948647645,12.0910005569458,4.62158203125,4568,4567,55.879550913814455,20.219773445669297,36.18456683171124,0.09753815945444526,0.035293760494214815,2.482421875,,
11.222964999999851,1545,,,,-0.2109375,-1.111328125,-1.05859375,0.04173859904274715,1.9841470241089487,12.094000816345215,4.5428466796875,4562,4564,54.941191452671774,19.9504911539563,36.312447230312316,0.09945354271217932,0.036114015216036244,2.494140625,,
11.244909999998287,1545,,,,0.36328125,-0.638671875,-0.779296875,0.040001885335555314,1.968709694088911,12.093777656555176,4.626193523406982,4555,4557,55.94815586827963,19.090971989307285,34.12261171619975,0.10312254898239707,0.03518810698111125,2.482421875,,
11.270550000000744,1545,,,,-0.28125,0.9609375,-1.361328125,0.040588076414439345,1.9594183997068004,12.09000015258789,4.627278804779053,4553,4555,55.94380145584546,19.360893382737586,34.60775435151378,0.10120495790002347,0.03502476322159306,2.474609375,,
11.294189999999478,1545,,,,-0.3984375,-1.140625,-0.677734375,0.040965655370547034,1.97315528948705,12.09111213684082,4.62510871887207,4555,4553,55.92270816496239,19.531540606780304,34.92595628445893,0.10102404767814764,0.03528361472886079,2.474609375,,
11.320669999999925,1545,,,,0.63671875,-0.48828125,-1.05078125,0.04094621627812875,1.9545060167918566,12.089142799377441,4.732840538024902,4553,4554,57.215985110865404,19.525848807140257,34.1265623047575,0.10009838937588865,0.03416013921642141,2.474609375,,
11.344324999999255,1545,,,,-0.1875,0.6640625,-1.099609375,0.04081297951043221,1.9691764816057158,12.090001106262207,4.669189453125,4556,4553,56.45050565362908,19.45926282753943,34.47137027777613,0.10119481395867001,0.03488323902159983,2.470703125,,
11.373939999999479,1545,,,,-0.328125,-0.828125,-0.908203125,0.04108721401072487,1.9705101602251573,12.092999458312988,4.55810546875,4554,4553,55.12116696452722,19.591332556231794,35.54230368315612,0.10058071111647579,0.0357487017916958,2.462890625,,
11.396549999998882,1545,,,,-0.20703125,-0.119140625,-0.689453125,0.040906326504001625,1.9637528552199859,12.09160041809082,4.673828125,4551,4552,56.514062110334635,19.500814766071723,34.50612827653322,0.10070106704652153,0.03474803937091044,2.45703125,,
11.421099999999628,1545,,,,0.736328125,-0.71484375,-0.8828125,0.04069300699064428,1.9658422850571113,12.090666770935059,4.603678226470947,4552,4551,55.661539356869525,19.39363129032934,34.84206781632218,0.10136535317330599,0.03531778509489776,2.455078125,,
11.444004999998956,1545,,,,-0.5625,0.73828125,-1.234375,0.040894640047464466,1.967531611308404,12.090999603271484,4.6435546875,4549,4549,56.14521788433194,19.4821524811341,34.69957587709504,0.10099149019666585,0.035043618770201075,2.451171875,,
11.470455000000074,1545,,,,0.328125,-0.517578125,-0.837890625,0.04076847242173997,1.9683873884225458,12.09428596496582,4.6651787757873535,4547,4548,56.42200619206142,19.418298070529758,34.41617797926143,0.10136765751937217,0.0348868734252753,2.462890625,,
11.494150000000372,1545,,,,0.4609375,-1.673828125,-0.70703125,0.04093128025290144,1.9692431655366875,12.093334197998047,4.602864742279053,4549,4549,55.663981596562735,19.49855809329372,35.02903948663593,0.10099429691747226,0.03537733214647169,2.455078125,,
11.52052999999933,1545,,,,-0.19921875,0.513671875,-0.669921875,0.04129443488961106,1.9664757824013461,12.091428756713867,4.711216449737549,4550,4550,56.96533805946001,19.677275836201108,34.542542020310854,0.09993638340849693,0.034520567232459026,2.458984375,,
11.547785000000149,1545,,,,0.513671875,0.0078125,-0.861328125,0.04107563719034057,1.970721326006569,12.092445373535156,4.597439289093018,4548,4550,55.59428346150162,19.570925687859717,35.20312605775799,0.10069637775126047,0.03544827279537239,2.44921875,,
11.572869999999181,1545,,,,-0.63671875,0.5703125,-1.134765625,0.04102166177966575,1.97346648116492,12.091556549072266,4.651150226593018,4548,4549,56.239645983079754,19.541525968448987,34.746886519037204,0.10098835087654899,0.03509030767652159,2.4453125,,
11.595234999999404,1545,,,,0.486328125,-0.6796875,-0.857421875,0.04092742820631628,1.9511051363122802,12.090500831604004,4.658203125,4548,4548,56.32000875659287,19.491990619028243,34.60935296240786,0.10009778757063403,0.03464319660788196,2.447265625,,
11.620704999998212,1545,,,,0.40625,-1.578125,-1.03515625,0.04110534714938013,1.9651532177703996,12.092667579650879,4.696451663970947,4551,4549,56.7926287762989,19.583024958555978,34.48163147314728,0.10034982960647297,0.03460225842883524,2.435546875,,
11.644319999998435,1545,,,,-0.25,0.693359375,-0.693359375,0.0412661739719285,1.9625525444624885,12.090666770935059,4.738498210906982,4556,4554,57.29160286274828,19.68014424787715,34.35083548809808,0.09972246746485024,0.034255500743522835,2.419921875,,
11.665984999999404,1545,,,,0.154296875,-0.810546875,-1.1953125,0.04214722884515203,1.9672537615960206,12.0910005569458,4.6246337890625,4559,4558,55.91644971922506,20.11773891235647,35.97821216006072,0.09778702120384504,0.035182021953722935,2.41796875,,
11.830064999999479,1545,,,,-0.173828125,-0.12109375,-0.962890625,0.041349221228963326,1.9792679831594915,12.096571922302246,4.607979774475098,4556,4558,55.7407587584521,19.734725260005387,35.40447905548642,0.10029366799297165,0.03550845067855073,2.41796875,,
11.852169999999926,1545,,,,0.08984375,-0.25390625,-0.962890625,0.04107398301338978,1.9654438485695533,12.091706275939941,4.673574924468994,4555,4556,56.511495245277274,19.594918001416744,34.6742161331403,0.10030375469943015,0.034779540694135275,2.41796875,,
11.874434999998659,1545,,,,0.140625,-1.369140625,-0.990234375,0.04114456055603109,1.9657533731491483,12.089715957641602,4.651925086975098,4556,4555,56.24045295775613,19.624675906294986,34.89423515318353,0.10016743117365805,0.034952658980639505,2.404296875,,
11.912835000000895,1545,,,,-0.3125,0.810546875,-1.072265625,0.04115182909839044,1.9671092797455811,12.090667724609375,4.671224117279053,4556,4554,56.47821866920276,19.62441821666341,34.74687884829571,0.10023783930956368,0.03482952058504342,2.408203125,,
12.067425000000744,1545,,,,-0.03515625,-0.158203125,-1.0234375,0.04100546418368036,1.9684651863420137,12.092000961303711,4.662710189819336,4556,4554,56.38149609757602,19.55626405633102,34.68560682122763,0.10065650477370985,0.034913319485799225,2.40625,,
12.099234999999403,1545,,,,0.115234375,-0.41015625,-0.916015625,0.04110724938034286,1.9717420069250102,12.092239379882812,4.638958930969238,4555,4555,56.0954018667253,19.606580125916512,34.952205481117616,0.10056532012529344,0.03514979733293629,2.4296875,,
12.129044999998063,1545,,,,-0.03125,0.037109375,-1.119140625,0.04101422000210657,1.9708953988513775,12.088726997375488,4.661310195922852,4554,4553,56.3493064085942,19.55706987149728,34.70685110068099,0.10077662000501339,0.034976391449439086,2.451171875,,
12.150679999999703,1545,,,,0.041015625,-0.251953125,-1.126953125,0.04110919095166055,1.9777120247701427,12.093334197998047,4.61046028137207,4553,4554,55.755836989228555,19.603356839774783,35.15929075472752,0.1008863961889123,0.035470941368026025,2.451171875,,
12.172884999999777,1545,,,,-0.21875,-0.80078125,-1.060546875,0.041031372120899065,1.9729774656711245,12.092000961303711,4.681919574737549,4553,4554,56.6137759984731,19.566425431198997,34.56124430161081,0.10083484449465042,0.0348497769469455,2.453125,,
12.195729999998584,1545,,,,0.349609375,-0.3671875,-0.375,0.040897253631798226,1.978201040263938,12.090666770935059,4.595540523529053,4553,4554,55.56314910231822,19.503899588638802,35.10222135308212,0.10142592414781801,0.03560275240377625,2.443359375,,
12.221754999998957,1545,,,,0,0.130859375,-1.306640625,0.04120084861645023,1.9840247702355003,12.090858459472656,4.652622699737549,4553,4554,56.25420252785625,19.650346811290238,34.93134011020719,0.10096639969201794,0.03526891647344997,2.462890625,,
12.244524999998509,1545,,,,-0.259765625,-0.375,-1.05859375,0.041012310310222726,1.9802904701010633,12.089500427246094,4.5947265625,4552,4551,55.547948740422726,19.546843960374787,35.18913731939552,0.1013099850858529,0.0356501097701199,2.453125,,
12.270130000000819,1545,,,,0.296875,-0.92578125,-0.560546875,0.041014317449089815,1.9733553412799665,12.08899974822998,4.6575927734375,4552,4551,56.305637865443714,19.54529220078512,34.71285104254292,0.10096320489906506,0.035047206924389854,2.44921875,,
12.29406499999948,1545,,,,0.1484375,0.029296875,-1.2578125,0.040959240323328316,1.9695988131685387,12.09000015258789,4.6502685546875,4553,4553,56.221747535746545,19.5270650405774,34.73222711222527,0.10086507158529437,0.035032685739913035,2.453125,,
12.320549999998882,1545,,,,-0.26171875,-0.046875,-0.859375,0.04088120211022059,1.9703656783747179,12.092573165893555,4.585658550262451,4552,4552,55.45241153285406,19.487565486335054,35.14286384964376,0.10110886758822517,0.035532551676446554,2.46484375,,
12.344204999998212,1545,,,,0.25,-1.06640625,-0.88671875,0.041314094063045474,1.9679539428712272,12.091500282287598,4.669189453125,4552,4553,56.45750559051521,19.69599427564554,34.886405393996796,0.09991645587065581,0.034857259850350895,2.451171875,,
12.365900000000373,1545,,,,-0.287109375,0.69921875,-1.1875,0.04079596158865931,1.962541430473993,12.092000007629395,4.5697021484375,4552,4553,55.25683841377031,19.452238555743953,35.203314402614005,0.10089026128535135,0.035516715881900994,2.4453125,,
12.39225,1545,,,,0.236328125,-0.044921875,-0.841796875,0.04108971203505841,1.9551395141360914,12.090286254882812,4.663783550262451,4551,4553,56.38647815348668,19.591173310963956,34.744452841399045,0.09979695871721588,0.034673907258653554,2.44140625,,
12.416,1545,,,,0.0625,-0.71875,-1.12890625,0.04094028582834747,1.9488378826592294,12.090999603271484,4.580078125,4551,4549,55.377722792327404,19.503191442319345,35.21847858471623,0.09992405029827627,0.035191730255279496,2.447265625,,
12.440379999998957,1545,,,,0.07421875,-0.470703125,-0.677734375,0.04084320341104467,1.9612966637625142,12.094000816345215,4.5697021484375,4550,4550,55.26598151365761,19.45865582831146,35.20910204680385,0.10079301885328157,0.035488316864106154,2.4375,,
12.465914999999105,1545,,,,0.349609375,-0.2265625,-1.07421875,0.04070020636468427,1.958040265133377,12.091428756713867,4.6902899742126465,4548,4550,56.712307071521536,19.393260640850183,34.1958591393448,0.10096498476429172,0.03452584397005813,2.4296875,,
12.490380000000819,1545,,,,-0.224609375,0.4296875,-1.18359375,0.0407183995889503,1.9576623895245355,12.09000015258789,4.6490478515625,4547,4546,56.20698923477903,19.386265301876666,34.490844583223264,0.10098192504025136,0.03482951882278011,2.43359375,,
12.515284999998286,1545,,,,0.625,-0.689453125,-0.86328125,0.04129819596937623,1.9593183738103421,12.092500686645508,4.6624755859375,4550,4551,56.380989224417135,19.681199771954606,34.90751056817427,0.09955279131927412,0.03475140115068809,2.427734375,,
12.542864999998361,1545,,,,-0.03125,-1.310546875,-0.953125,0.04139009034352546,1.9596851354306888,12.091501235961914,4.6600341796875,4552,4551,56.34680904331617,19.72669174572406,35.00942126209724,0.09934180351631784,0.03477899048239264,2.42578125,,
12.566544999998063,1545,,,,-0.009765625,0.2890625,-0.9140625,0.04130506207787753,1.9599740991315677,12.093501091003418,4.603271484375,4556,4555,55.669668718473986,19.701309412467005,35.38966526296055,0.09948445852493919,0.0352072168606448,2.42578125,,
12.59052999999933,1545,,,,-0.1875,0.19921875,-1.447265625,0.04132156549914161,1.9650976478279232,12.09000015258789,4.68017578125,4556,4556,56.58332590945065,19.71550627905981,34.84331463761993,0.09967269518790337,0.03472927079211703,2.43359375,,
12.615269999999553,1545,,,,-0.162109375,-0.74609375,-0.666015625,0.04129284583480763,1.9679428288827323,12.090858459472656,4.600306987762451,4556,4555,55.621660659158806,19.69722606941558,35.41286943969047,0.09990964321308221,0.03538087150870936,2.42578125,,
12.636289999999105,1545,,,,0.349609375,-0.32421875,-1.158203125,0.04083611582418749,1.9720216626605247,12.093000411987305,4.6575927734375,4553,4554,56.32427132804878,19.473743845520243,34.57433782338621,0.10126566716210401,0.03501193386373171,2.419921875,,
12.657049999998883,1545,,,,-0.203125,0.357421875,-1.208984375,0.04083963167082037,1.974711247876399,12.094000816345215,4.651692867279053,4552,4554,56.25757733426008,19.47579118992532,34.61896532480939,0.1013931207527991,0.03510124931515363,2.421875,,
12.679159999998287,1545,,,,0.046875,-0.703125,-0.93359375,0.04113810079393927,1.97346648116492,12.090287208557129,4.661690711975098,4554,4553,56.3611795852421,19.612583618751053,34.79803610051928,0.1006224635941459,0.03501464120672277,2.43359375,,
12.702439999999479,1545,,,,-0.078125,0.3828125,-0.935546875,0.04102901858149929,1.9687430360543974,12.092000961303711,4.6414618492126465,4551,4553,56.12456114253382,19.561746399209625,34.854163669147724,0.10064249867455304,0.03507810120874855,2.41796875,,
12.723129999998957,1545,,,,0.26171875,-0.93359375,-0.79296875,0.04094341922308123,1.9656200052872046,12.088000297546387,4.702846050262451,4553,4551,56.84800445488736,19.514111249735386,34.32681839381208,0.10072813361222682,0.03457676349654549,2.404296875,,
12.745379999998956,1545,,,,-0.0625,-0.412109375,-1.197265625,0.04110374188543519,1.9672204196305345,12.093334197998047,4.5458984375,4549,4550,54.97506903484464,19.58565624422698,35.6264331961331,0.10044189457324862,0.035783864471068856,2.40625,,
12.769959999999031,1545,,,,-0.421875,0.564453125,-0.8671875,0.04111267563761626,1.9632527257376953,12.094286918640137,4.6630859375,4552,4550,56.39669925440103,19.58888289272915,34.73409463976829,0.10022280170281687,0.03481148279408371,2.404296875,,
12.79477999999933,1545,,,,0.203125,-1.19921875,-0.81640625,0.0410549680197096,1.957262285938703,12.091501235961914,4.7027587890625,4552,4553,56.86341371037997,19.573506500777988,34.421968755641196,0.09999548552329689,0.03442041478388097,2.416015625,,
12.82033999999985,1545,,,,0.103515625,-0.4296875,-1.06640625,0.041578780959789535,1.9698433209154367,12.088571548461914,4.656807899475098,4552,4554,56.294155480247355,19.82770617892228,35.221606949729406,0.09934801853224284,0.034991968599770905,2.412109375,,
12.844355000000448,1545,,,,-0.0859375,0.14453125,-0.681640625,0.04106773271864508,1.9631526998412372,12.091501235961914,4.66064453125,4552,4550,56.35418910998851,19.566623698742042,34.72079717188931,0.1003317041338844,0.034835967491426076,2.40625,,
12.87249499999918,1545,,,,0.4375,-0.189453125,-1.2890625,0.04103381201589757,1.9666202642517858,12.091500282287598,4.6258544921875,4552,4551,55.93352089810651,19.554844209868293,34.96086764409332,0.10056946724532517,0.03515995833400792,2.416015625,,
12.894709999999032,1545,,,,-0.724609375,-0.548828125,-0.8125,0.04084354877841926,1.9610521560156164,12.092000961303711,4.666341304779053,4549,4552,56.42540354315952,19.468594958362726,34.503244524376846,0.1007290027970533,0.03475477414203369,2.412109375,,
12.919234999999404,1545,,,,0.59375,-0.91015625,-0.771484375,0.041164286662041194,1.967620523216367,12.091429710388184,4.654715538024902,4552,4552,56.28216574987982,19.6234745342504,34.866239194593,0.100268712341544,0.03495992908234112,2.41015625,,
12.941544999998063,1545,,,,-0.17578125,0.38671875,-1.248046875,0.041352148655812784,1.97265516000476,12.089142799377441,4.681919574737549,4553,4552,56.60039431420273,19.713682393160276,34.82958490310998,0.10006528058345807,0.03485232185935075,2.419921875,,
12.965504999998958,1545,,,,-0.140625,-0.3984375,-0.826171875,0.041347826963325895,1.9643307826217442,12.093501091003418,4.638671875,4551,4552,56.09778338111937,19.709657495290713,35.13446754462017,0.0996633646774982,0.035016192516492045,2.431640625,,
12.991490000000223,1545,,,,0.26171875,-1.20703125,-1.015625,0.041318980420539456,1.960840990234205,12.092000007629395,4.755859375,4555,4551,57.50785159878433,19.692392474960478,34.242963225871506,0.09957352783454212,0.03409692651908519,2.41796875,,
13.015639999998733,1545,,,,-0.298828125,1.017578125,-1.14453125,0.041581400971886305,1.9620968709341795,12.091500282287598,4.6240234375,4556,4559,55.91138069983572,19.85147137256968,35.50524262518884,0.09883886358395383,0.03509297832346223,2.419921875,,
13.044574999999256,1545,,,,0.3359375,-0.73046875,-0.849609375,0.04156971404112695,1.9668869999756737,12.094000816345215,4.671630859375,4554,4557,56.49870742694475,19.835828196288812,35.10846371474496,0.09915829984571398,0.0348129557214905,2.427734375,,
13.06839999999851,1545,,,,-0.26171875,-0.0390625,-0.83203125,0.040611881914217614,1.9729996936481151,12.092000961303711,4.665256023406982,4551,4552,56.41228031976516,19.35912626387197,34.31721985733861,0.10191574075996032,0.034974648825830845,2.439453125,,
13.092084999999031,1545,,,,0.546875,-0.3828125,-0.81640625,0.040834595518501465,1.9703656783747179,12.092501640319824,4.5562744140625,4550,4550,55.09675582579803,19.45565396893772,35.31179590764212,0.10127470819128162,0.03576191826256549,2.427734375,,
13.113365000000224,1545,,,,-0.109375,0.7421875,-1.2109375,0.04081339368194447,1.9590516380864538,12.09085750579834,4.6805243492126465,4548,4547,56.59155295874962,19.435254711051265,34.34303123863361,0.10079886614362192,0.034617386087892554,2.41796875,,
13.135299999998882,1545,,,,-0.5,-0.333984375,-0.6796875,0.0405910734288101,1.953750265574173,12.092573165893555,4.644949913024902,4548,4548,56.169396675164535,19.332728297980154,34.41861483715772,0.1010592108604918,0.03478318054354373,2.41796875,,
13.157160000000149,1545,,,,0.421875,-1.544921875,-0.615234375,0.04109150035051518,1.953750265574173,12.08799934387207,4.663783550262451,4550,4549,56.375812495533864,19.575391390862556,34.72303196058298,0.09980644711329495,0.03465582452987175,2.43359375,,
13.317699999999254,1545,,,,0.5625,0.056640625,-1.3046875,0.041310768394357315,1.9656088912987089,12.089333534240723,4.651692867279053,4551,4549,56.23586657138503,19.679983409757092,34.99543015803908,0.09987858477178312,0.03495294037664721,2.4296875,,
13.33933999999985,1545,,,,0.033203125,-0.1015625,-1.05078125,0.04117506730004946,1.967085384670316,12.090818405151367,4.643826007843018,4551,4551,56.147656965948954,19.621179241336844,34.945677703410155,0.10025316829715139,0.0350341490805799,2.431640625,,
13.383284999998287,1545,,,,0.015625,-0.86328125,-0.859375,0.0411971887040855,1.9515719238290847,12.091429710388184,4.628208637237549,4552,4552,55.961659422169305,19.63894568840194,35.093572798203944,0.09937254039974323,0.03487337480660851,2.4375,,
13.538229999998585,1545,,,,0.109375,0.033203125,-0.921875,0.04099890276511918,1.9631304718642464,12.090287208557129,4.661690711975098,4552,4553,56.3611795852421,19.545751366002985,34.679457580268505,0.100437708180348,0.034831252402997656,2.4296875,,
13.565759999997914,1545,,,,0.0625,-0.3515625,-0.947265625,0.041031408594087465,1.965296866071702,12.091849327087402,4.639798641204834,4551,4551,56.103746077473716,19.553486648149246,34.85237264040768,0.10050876866288802,0.03502969059067503,2.416015625,,
13.597579999998212,1545,,,,-0.21875,0.376953125,-1.2578125,0.04111546305101926,1.9641085028518368,12.092000007629395,4.68017578125,4554,4553,56.59268558258191,19.604266050963634,34.64098911219974,0.10018781104816175,0.034706048716944965,2.427734375,,
13.619914999999105,1545,,,,0.384765625,-0.248046875,-0.94921875,0.04146368431744718,1.9687763780198833,12.09163761138916,4.682173252105713,4555,4556,56.61514219820174,19.78162215804657,34.940514833988864,0.09952552739559047,0.03477473166326194,2.435546875,,
13.64433999999985,1545,,,,-0.4609375,0.0546875,-0.841796875,0.04107498742734057,1.9707435539835598,12.094666481018066,4.610188961029053,4555,4555,55.75869789811759,19.59125715964899,35.1357866990477,0.10059301135828022,0.03534414590499417,2.427734375,,
13.665829999998213,1545,,,,0.359375,-1.279296875,-0.701171875,0.04101452243883627,1.9727107299472366,12.09050178527832,4.681396484375,4555,4555,56.60043255193159,19.56280058226098,34.56298777277342,0.10083989363649894,0.034853280107660846,2.423828125,,
13.692134999997913,1545,,,,0.474609375,-0.041015625,-1.197265625,0.0411093473139825,1.9736554189693405,12.091429710388184,4.662388324737549,4553,4555,56.37494071109859,19.60721829150909,34.78002467796653,0.10065963410138769,0.035009445581213446,2.427734375,,
13.715804999999701,1545,,,,-0.537109375,-0.06640625,-0.966796875,0.041252485631395164,1.975655936898503,12.091001510620117,4.7064208984375,4554,4554,56.9053421926219,19.671594381945066,34.5689765213214,0.10043191713589798,0.034718285854621535,2.44140625,,
13.74047000000067,1545,,,,0.662109375,-1.470703125,-0.927734375,0.041123521369825076,1.9786455998037515,12.096572875976562,4.6512274742126465,4553,4550,56.263912104557676,19.594517571064337,34.82608449737905,0.1009795516846846,0.03516722399478281,2.439453125,,
13.765204999998211,1545,,,,-0.2109375,1.091796875,-1.009765625,0.04100622824907477,1.9759671285763731,12.094500541687012,4.7149658203125,4556,4554,57.02515666780528,19.556674460491774,34.29481934511352,0.10103799255687387,0.03465079701730914,2.443359375,,
13.791409999998287,1545,,,,0.4609375,-0.955078125,-0.76171875,0.04157696190285748,1.9745000820949872,12.092501640319824,4.6575927734375,4557,4558,56.32194825273473,19.843228271701328,35.23178598627016,0.09950498250886153,0.035057382483197654,2.453125,,
13.816064999999478,1545,,,,-0.412109375,-0.265625,-1.24609375,0.04128456673631581,1.9802349001585868,12.092000961303711,4.5928955078125,4555,4557,55.537296895636246,19.699630921720974,35.47099340959974,0.10052142134171477,0.03565594673935563,2.45703125,,
13.84265499999933,1545,,,,0.2109375,-0.21875,-0.67578125,0.04070730009983653,1.9716882430056644,12.092000961303711,4.697265625,4552,4554,56.79934045299888,19.414636917710546,34.18109570088414,0.10155679198960647,0.03471322426071522,2.44921875,,
13.865434999998659,1545,,,,0.298828125,0.025390625,-1.2890625,0.04084138519251651,1.9666758341942623,12.090499877929688,4.6319580078125,4551,4553,56.00268772803247,19.472358387035175,34.770399737954314,0.10099833800838875,0.03511752585420702,2.43359375,,
13.89074499999918,1545,,,,-0.2109375,-0.669921875,-0.80078125,0.040815234118175225,1.9694876732835855,12.093501091003418,4.644775390625,4549,4548,56.171596253989264,19.4383598162566,34.60531854633933,0.10131964280424897,0.03506198514242354,2.435546875,,
13.915484999999403,1545,,,,0.361328125,-0.572265625,-1.013671875,0.04096373849983003,1.9660756788155136,12.088571548461914,4.6749444007873535,4551,4551,56.51339987399933,19.52406730778374,34.54767780971246,0.10070010760676339,0.03478954873001837,2.43359375,,
13.94036999999918,1545,,,,-0.26171875,0.7109375,-1.029296875,0.041228280911640325,1.9555285037334287,12.092499732971191,4.5880126953125,4552,4553,55.48054229293484,19.655830527293432,35.428331654567295,0.0994884698979291,0.03524710507349268,2.43359375,,
13.965384999997914,1545,,,,-0.07421875,-0.6328125,-0.826171875,0.041233438353052584,1.9618857051527676,12.094500541687012,4.6746826171875,4551,4552,56.537951445789076,19.656794292007103,34.767432829353304,0.09980700189504016,0.034700332342849464,2.4375,,
13.986570000000299,1545,,,,0.3125,-0.31640625,-1.38671875,0.04094980324935671,1.9640862748748462,12.089500427246094,4.6160888671875,4548,4548,55.80620833206922,19.50340829691723,34.948456237815265,0.1007047714416816,0.035194762976687985,2.43359375,,
14.00983499999903,1545,,,,-0.265625,0.1015625,-0.732421875,0.04074546312617115,1.9628637361403583,12.090286254882812,4.610072612762451,4547,4549,55.73709754409356,19.411303530137815,34.82654172076605,0.10111962512423926,0.03521646843177542,2.45703125,,
14.030679999999702,1545,,,,0.048828125,-0.42578125,-0.818359375,0.04122760767333193,1.9647975701385485,12.089715003967285,4.773995399475098,4550,4548,57.71624380990488,19.635798378698325,34.02126868021955,0.1000620159285215,0.03404236728588639,2.44921875,,
14.051830000000075,1545,,,,0.453125,-1.50390625,-0.9453125,0.041540368368569315,1.970843579880018,12.089333534240723,4.795735836029053,4559,4550,57.977250063865995,19.79330653572035,34.139781576250414,0.09957121496215394,0.03399339530089813,2.451171875,,
14.072825000001117,1545,,,,0.0625,1.021484375,-1.263671875,0.04225598799263373,1.9543948769069033,12.093714714050293,4.5870537757873535,4564,4561,55.47451974237947,20.182018983319143,36.380700683923536,0.09683842228680149,0.03523049655919515,2.447265625,,
14.095344999998808,1545,,,,-0.287109375,-1.07421875,-0.642578125,0.042128846980015046,1.9621968968306374,12.090667724609375,4.71435546875,4562,4563,56.999705508351326,20.12936320769897,35.314854749117444,0.0974793328822318,0.03442468481776885,2.439453125,,
14.12055499999784,1545,,,,0.625,0.689453125,-1.060546875,0.0407749768987049,1.9699989167543712,12.092000961303711,4.6561102867126465,4561,4562,56.30169006286542,19.477704651191253,34.59523973337711,0.10114122541815451,0.03499004940268591,2.439453125,,
14.145375,1545,,,,0.19921875,-1.02734375,-1.162109375,0.0408092106605845,1.9895150805522024,12.092890739440918,4.632161617279053,4559,4560,56.01622432518752,19.4880229399763,34.78996161334203,0.10208911836156849,0.03551676508938899,2.44921875,,
14.171959999999032,1545,,,,0.099609375,-0.0625,-0.62890625,0.04070321567564513,1.9712659114428412,12.092572212219238,4.697265625,4557,4558,56.80202377028763,19.42933971563445,34.205365277491524,0.10145820394794983,0.034704149264378564,2.443359375,,
14.194455000000074,1545,,,,0.009765625,0.083984375,-1.25,0.04084172879836962,1.9724773361888337,12.093334197998047,4.62782096862793,4554,4557,55.96578558212059,19.489164059025814,34.8233547627571,0.10120892462164588,0.035244342872567155,2.439453125,,
14.216865000000224,1545,,,,-0.234375,-0.96484375,-0.869140625,0.04095542181289801,1.9691320256517342,12.092001914978027,4.6484375,4555,4555,56.208915151655674,19.537447862986614,34.75862825367325,0.10078757673269206,0.03503237912240211,2.44140625,,
14.240615000000224,1545,,,,0.474609375,-0.72265625,-0.85546875,0.041028074399006596,1.9687430360543974,12.09085750579834,4.720982074737549,4554,4553,57.08072155307991,19.561216040609875,34.26939167617164,0.10064522737069143,0.034490507171035745,2.443359375,,
14.265769999999552,1545,,,,-0.171875,0.6875,-1.140625,0.04121244080757216,1.9818908844443932,12.089500427246094,4.6759033203125,4556,4555,56.5293351886794,19.656767670069083,34.772685021785925,0.10082486183433778,0.03505951162930514,2.4453125,,
14.29055499999784,1545,,,,-0.32421875,-1.09375,-0.51171875,0.04151422246438523,1.9818908844443932,12.094000816345215,4.68505859375,4554,4556,56.661102457437664,19.807989537836658,34.95870831796098,0.10005512576925799,0.03497797957484392,2.44140625,,
14.315699999999255,1545,,,,0.375,0.349609375,-1.29296875,0.04132399868690913,1.9734887091419104,12.092000961303711,4.6268134117126465,4561,4558,55.947432222202224,19.723434918512357,35.25351233310989,0.10005806378530951,0.03527398185682505,2.4375,,
14.343314999999478,1545,,,,-0.423828125,0.11328125,-0.94921875,0.041542051324606304,1.9775897708966939,12.0910005569458,4.6148681640625,4556,4558,55.79837354191113,19.826397028235874,35.53221316270791,0.09974529250475003,0.03544170995255429,2.4296875,,
14.366589999997988,1545,,,,0.416015625,-0.88671875,-1.4296875,0.04078364878941028,1.968287362526088,12.092000007629395,4.69618034362793,4554,4555,56.78621275097794,19.45538036123752,34.26074643603076,0.10116930771745081,0.034661359988163526,2.447265625,,
14.39064999999851,1545,,,,0.0625,0.046875,-0.615234375,0.041023600117015196,1.966987025872132,12.094858169555664,4.664481163024902,4557,4556,56.416238101350245,19.574124588309537,34.695905375940086,0.1004891440737481,0.03486561834091974,2.4453125,,
14.416129999998956,1545,,,,0.26171875,0.28515625,-1.3984375,0.04120534693268593,1.9747334758533897,12.092000961303711,4.6051025390625,4553,4556,55.68490432924591,19.65787313875762,35.30197883169072,0.1004550930771849,0.03546263569346302,2.443359375,,
14.441124999998138,1545,,,,-0.25,-1.12890625,-0.931640625,0.040927606506872855,1.9717660409251316,12.091501235961914,4.5623779296875,4555,4554,55.165998375741765,19.519472031658776,35.38315739109709,0.10101533677381794,0.035742415599826785,2.447265625,,
14.468279999999329,1545,,,,0.125,-0.3515625,-0.611328125,0.04081674659875845,1.9778898485860683,12.093501091003418,4.659423828125,4551,4550,56.34874714887701,19.449919389230104,34.51703963859599,0.10169141624727115,0.03510086645512022,2.447265625,,
14.490449999999255,1545,,,,-0.0625,0.78125,-1.3203125,0.04067477436139631,1.9778565066205824,12.092499732971191,4.598388671875,4547,4546,55.60601378674619,19.362164466909075,34.820270593689074,0.10215058910385973,0.035569111539011426,2.439453125,,
14.518429999999702,1545,,,,-0.01171875,-0.54296875,-0.822265625,0.04076139182158168,1.9666313782402807,12.092572212219238,4.7244696617126465,4547,4547,57.130990548699174,19.40742439913402,33.97004710182801,0.1013339708450975,0.03442319762623229,2.44921875,,
14.540564999997615,1545,,,,0.01171875,-0.302734375,-1.35546875,0.04100957669440143,1.953653990648832,12.089334487915039,4.631618976593018,4549,4548,55.993191028607725,19.533033398791375,34.88465836642828,0.10001795168024011,0.034890920748751074,2.458984375,,
14.565705000000074,1545,,,,-0.125,-0.845703125,-0.62890625,0.041330919431396024,1.953750265574173,12.092573165893555,4.566127300262451,4550,4550,55.2162284632077,19.69263277956829,35.664574216056984,0.09921224284450421,0.035383623980692884,2.458984375,,
14.590574999999255,1545,,,,0.2734375,-0.447265625,-1.0390625,0.041128788083208516,1.9623969486235535,12.093001365661621,4.654541015625,4547,4549,56.287370858481154,19.592210348665034,34.80747110737178,0.10016210084010589,0.03486389431045646,2.451171875,,
14.615659999998286,1545,,,,-0.078125,0.26171875,-1.208984375,0.040636418222703426,1.9600741250280258,12.092000961303711,4.5731024742126465,4547,4548,55.2979595143197,19.353057814427643,34.99777927504914,0.10127981551146903,0.03544568628288091,2.458984375,,
14.64075,1545,,,,0.248046875,-0.47265625,-0.8828125,0.040807199693879734,1.9629971040023022,12.091111183166504,4.684787273406982,4547,4548,56.64428379224728,19.43569247135334,34.31183372824893,0.10099959684459935,0.03465481373552068,2.4609375,,
14.66861999999918,1545,,,,0.40625,-1.0078125,-0.962890625,0.04102170350772509,1.970976947741962,12.09000015258789,4.6258544921875,4546,4549,55.926581516396254,19.539832026708158,34.938362933875325,0.1008696976027183,0.03524222103874025,2.44921875,,
14.691294999999926,1545,,,,-0.30078125,-0.369140625,-0.7109375,0.0411870062890726,1.970250787518647,12.091556549072266,4.59364128112793,4547,4547,55.54427331691113,19.61277723757115,35.31016982735429,0.10045751112414322,0.0354717177822683,2.4453125,,
14.717319999998436,1545,,,,0.265625,-0.37890625,-0.916015625,0.04090387199195565,1.96068539439527,12.092573165893555,4.6554131507873535,4545,4542,56.295924143359116,19.45723907182409,34.562429461635084,0.10076894194277165,0.03482819447820647,2.43359375,,
14.741659999998287,1545,,,,-0.11328125,0.171875,-1.095703125,0.04079837437526597,1.9609299021421676,12.092000007629395,4.571533203125,4545,4544,55.27897952706553,19.41532448945517,35.12243651304941,0.10099907952644241,0.03547333758543902,2.431640625,,
14.895199999999255,1545,,,,-0.5,0.1953125,-0.99609375,0.04082326043789996,1.9622413527846183,12.088000297546387,4.698486328125,4545,4544,56.79530413239263,19.427388592750308,34.20597686643973,0.10100386592961162,0.03454935901409275,2.431640625,,
14.932449999999255,1545,,,,-0.037109375,-0.25,-1.033203125,0.041013837171179006,1.9603571149600887,12.09200382232666,4.623929500579834,4547,4547,55.91257319518036,19.528045820060125,34.92603667495567,0.10038675313565261,0.03506111421695524,2.447265625,,
14.956564999999479,1545,,,,0.21875,-0.671875,-0.884765625,0.04152927773771646,1.95908498005194,12.092333793640137,4.62158203125,4547,4548,55.8857125765644,19.78058213493019,35.39470326665415,0.09904081521404902,0.03505520265788791,2.46484375,,
14.977945000000298,1545,,,,-0.078125,0.453125,-1.001953125,0.04100154799919907,1.96293042007133,12.09085750579834,4.651925086975098,4549,4545,56.245763354264454,19.51649510990566,34.698604741091046,0.10057801920976264,0.03489916934201417,2.447265625,,
15.001560000000522,1545,,,,0.109375,-0.576171875,-1.099609375,0.04132161342789623,1.9630193319792935,12.091334342956543,4.6533203125,4550,4547,56.26485170330852,19.67359612167228,34.96604989810258,0.09977938551950076,0.03488890972876878,2.453125,,
15.024019999999553,1545,,,,-0.3125,-0.74609375,-0.830078125,0.04129985489116891,1.9669647978951417,12.092000007629395,4.71923828125,4551,4550,57.06502933287993,19.677631708554784,34.48282063217456,0.09995942738576667,0.03446883005038269,2.453125,,
15.048049999998883,1545,,,,0.546875,0.078125,-0.91015625,0.04141578169307751,1.963975134989893,12.093000411987305,4.556884765625,4551,4551,55.1064093480818,19.73904584221535,35.81987299795364,0.09949696407257912,0.0356396861676174,2.4609375,,
15.072384999997913,1545,,,,0.1484375,-0.185546875,-1.296875,0.04133184083725021,1.976556169966627,12.086287498474121,4.7244696617126465,4551,4552,57.10129860927782,19.70202324526821,34.503634286991556,0.10032249710401352,0.03461490750834651,2.46484375,,
15.094614999998361,1545,,,,-0.38671875,0.04296875,-0.888671875,0.041274253949500975,1.9781343563329659,12.090500831604004,4.6173095703125,4554,4552,55.82558519963641,19.676007448623178,35.24550146363952,0.10053535309427752,0.03543418934631874,2.470703125,,
15.119425000000746,1545,,,,0.625,-0.431640625,-0.830078125,0.041171918373010666,1.9797125426993054,12.092667579650879,4.595540523529053,4552,4553,55.5723438998516,19.632057116002848,35.327027327446004,0.10084081005884836,0.035624060526707274,2.462890625,,
15.144004999998957,1545,,,,0.224609375,-0.01953125,-1.27734375,0.04104880105532297,1.9685614612673543,12.093999862670898,4.620361328125,4549,4551,55.87864926783368,19.562238128558402,35.008430563154874,0.10063068695567623,0.035229224168103666,2.45703125,,
15.169544999999925,1545,,,,-0.423828125,0.09765625,-0.92578125,0.04100441939272315,1.9765672839551218,12.094000816345215,4.58984375,4550,4549,55.50957405939698,19.533568597985614,35.18954870214656,0.10118823265908279,0.03560768241240931,2.4453125,,
15.19477999999933,1545,,,,0.5859375,-1.107421875,-0.890625,0.04085678806896596,1.9635194614615836,12.092000007629395,4.6405029296875,4548,4549,56.11296146118548,19.461124884757012,34.682049170081115,0.10089444844986924,0.03499226222126579,2.45703125,,
15.220375,1545,,,,-0.01171875,0.0859375,-1.1796875,0.041072428758460344,1.9617745652678142,12.09085750579834,4.6261162757873535,4550,4550,55.933712695799386,19.569615514558155,34.98715635235819,0.10024594319742348,0.035073204883378735,2.455078125,,
15.245660000000148,1545,,,,0.173828125,-0.185546875,-0.62890625,0.04103939313073261,1.9710547456614298,12.093334197998047,4.624566078186035,4548,4549,55.92642310422889,19.550580990937007,34.95768172854717,0.10081821847520259,0.03524371193895266,2.439453125,,
15.271674999998883,1545,,,,0.125,-0.04296875,-1.40234375,0.04090292948627071,1.9702989944437457,12.091500282287598,4.63134765625,4547,4547,55.99994149291888,19.476138345095535,34.77885480926488,0.10116476683068462,0.035183947374175156,2.443359375,,
15.295394999999553,1545,,,,0.03125,-0.54296875,-0.65234375,0.04093348246040252,1.9557063275493543,12.094000816345215,4.6588134765625,4548,4547,56.34369398874696,19.48946891580842,34.590328635003736,0.10034682504678358,0.03471029655847468,2.4296875,,
15.32127999999933,1545,,,,-0.1484375,-0.33203125,-1.353515625,0.04131850504554462,1.949626975842399,12.09085750579834,4.6407647132873535,4548,4548,56.11082486629448,19.67727847859824,35.06859598925321,0.09908011303305422,0.034746004545257204,2.431640625,,
15.345484999999403,1545,,,,-0.037109375,-0.6328125,-0.828125,0.04122166604483238,1.961352233704991,12.092000961303711,4.634331703186035,4547,4545,56.0383434099258,19.619748651787553,35.01129308599869,0.09996826506369602,0.03500018227443865,2.443359375,,
15.372924999998883,1545,,,,0.546875,-0.404296875,-0.873046875,0.04074732745691222,1.9628748501288535,12.093714714050293,4.6365790367126465,4545,4546,56.073464119148866,19.39608654468943,34.590490973547226,0.10119953041075085,0.03500541443200296,2.4296875,,
15.395749999998138,1545,,,,-0.42578125,0.029296875,-1.20703125,0.04073203706631545,1.9622746947501046,12.092000961303711,4.620768070220947,4546,4546,55.87433194707319,19.39090636384535,34.704497911873624,0.10119561499243773,0.03511943009195822,2.44140625,,
15.422425000000745,1545,,,,0.474609375,-0.306640625,-0.83984375,0.04096030188236296,1.960151922947493,12.091334342956543,4.576009273529053,4546,4547,55.330058082709456,19.503778546240554,35.24987903877775,0.10050113716684514,0.03542652928390901,2.443359375,,
15.445654999999329,1545,,,,0.0859375,0.09375,-1.365234375,0.04075798454825007,1.9637750831969767,12.093778610229492,4.660373210906982,4546,4550,56.3615218537534,19.421932506426707,34.459560117667934,0.10111120932724715,0.0348424779638238,2.4375,,
15.470999999998137,1545,,,,-0.298828125,-0.45703125,-0.77734375,0.04105121644185498,1.9524388149317218,12.093144416809082,4.644252300262451,4549,4545,56.1636137751716,19.53909742518962,34.78960150856126,0.09992471875464709,0.03476341146329231,2.439453125,,
15.494275000000373,1545,,,,0.537109375,-0.908203125,-0.91015625,0.04107714491996853,1.9548394364467172,12.094500541687012,4.656982421875,4548,4546,56.32387642399408,19.553992196994706,34.717056847785905,0.0999713724314138,0.03470711819852569,2.443359375,,
15.518789999999106,1545,,,,-0.0234375,0.330078125,-1.23046875,0.041025036163112184,1.9600630110395305,12.089715003967285,4.745396137237549,4545,4547,57.37048688012919,19.533000424438267,34.04712333233432,0.10034623296210256,0.034165005695958574,2.44140625,,
15.54391000000015,1545,,,,-0.109375,0.505859375,-0.978515625,0.04113392280300253,1.960151922947493,12.09000015258789,4.6038818359375,4549,4549,55.66093209898099,19.5956082540836,35.20531819200768,0.10003016479669673,0.03521593780466674,2.43359375,,
15.570489999998362,1545,,,,0.375,-0.5546875,-1.123046875,0.04135289413658805,1.963341637645658,12.094000816345215,4.620361328125,4550,4553,55.87865367415361,19.71683420492552,35.28509172733602,0.09957692077946215,0.03513580783628994,2.4296875,,
15.594599999999627,1545,,,,-0.32421875,-0.63671875,-0.61328125,0.04104013833203991,1.9798236825842592,12.092000961303711,4.6527099609375,4548,4545,56.2605733203236,19.533343876616666,34.71941845562464,0.10135610651662683,0.03519025075183631,2.42578125,,
15.616480000000447,1545,,,,0.484375,-0.28515625,-0.923828125,0.04112859832446573,1.9719883206950388,12.090500831604004,4.6124267578125,4549,4548,55.76654955104459,19.587343114978317,35.12382113053186,0.10067666191986353,0.03536149065292315,2.423828125,,
15.640579999998211,1545,,,,0.375,-0.16015625,-1.3828125,0.0412730217752786,1.96531992759783,12.090667724609375,4.869791507720947,4550,4549,58.87903100797848,19.660001606401007,33.39049789005011,0.09996540015327113,0.033378944828958146,2.431640625,,
15.665519999999553,1545,,,,-0.361328125,-0.220703125,-0.91796875,0.04130326859226354,1.9672315336190296,12.090001106262207,4.5819091796875,4557,4556,55.39528705121484,19.705417884694345,35.57237254944814,0.09983201295857948,0.03551261557323923,2.44140625,,
15.690674999998883,1545,,,,0.875,-0.84375,-0.916015625,0.042550788120679285,1.9679761708482182,12.093000411987305,4.500732421875,4556,4559,54.427359031978995,20.313103426856028,37.32149380042671,0.09688210262575388,0.03615784792519377,2.421875,,
15.71852499999851,1545,,,,-0.21875,0.859375,-1.30859375,0.04028354311612175,1.9608632182111954,12.091001510620117,4.6417236328125,4552,4552,56.123087456217036,19.201711423898214,34.21356930670988,0.10211919005150391,0.03493861986372207,2.40625,,
15.741144999999554,1545,,,,0.05078125,-0.427734375,-0.775390625,0.04053759852515949,1.9591738919599027,12.092000007629395,4.605034828186035,4547,4549,55.684081177559165,19.312867110157264,34.68292320129079,0.10144396897597403,0.035183733852278326,2.40625,,
15.766484999999404,1545,,,,-0.037109375,-0.38671875,-1.236328125,0.04081603549254189,1.9640529329093603,12.092000007629395,4.639485836029053,4547,4548,56.10066276465977,19.438300287660066,34.64896728440273,0.10104036380980243,0.035009442600499936,2.40625,,
15.921339999999851,1545,,,,0.111328125,-0.5859375,-0.720703125,0.04071022193732685,1.9625747724394793,12.090500831604004,4.654541015625,4547,4548,56.27573202014901,19.387109297320887,34.45021255410683,0.10123091288863205,0.03487426466059646,2.404296875,,
15.949080000000075,1545,,,,0.001953125,-0.20703125,-1.01953125,0.041102738991091424,1.9646880973518697,12.091544151306152,4.627873420715332,4548,4548,55.95813579323567,19.57687949250506,34.98486719579309,0.1003575722118555,0.035109963359239806,2.3984375,,
15.976650000000372,1545,,,,0.228515625,-0.76953125,-0.794921875,0.041002922702079496,1.973255315383508,12.090222358703613,4.593099117279053,4548,4544,55.53158964346903,19.51266518075495,35.13795536204283,0.10112689871446676,0.0355339245293076,2.392578125,,
16.00133999999985,1545,,,,-0.4609375,0.57421875,-1.060546875,0.040937198126624684,1.9724662222003386,12.092000007629395,4.58387565612793,4545,4546,55.42822446887112,19.488316845974463,35.15955460005622,0.10121275417418998,0.03558595356609501,2.3984375,,
16.023544999999924,1545,,,,0.224609375,-0.361328125,-0.939453125,0.04086794107619349,1.9596184514997166,12.089143753051758,4.706333637237549,4547,4546,56.89554389038767,19.453793117291887,34.19212083598439,0.10073194670492672,0.03444238893778794,2.392578125,,
16.045330000000074,1545,,,,0.01171875,-0.318359375,-1.322265625,0.04096594797349799,1.9551728561015775,12.091428756713867,4.5675225257873535,4547,4546,55.22787321524356,19.503695033538097,35.314948590406416,0.1002462791147784,0.035401921933179314,2.390625,,
16.07341000000015,1545,,,,0.140625,-0.5546875,-1.056640625,0.041047150602282714,1.9613744616819817,12.091429710388184,4.6658759117126465,4547,4547,56.41711062386685,19.544800330068185,34.64339118742444,0.10035275001835434,0.03476559575619664,2.39453125,,
16.095639999998735,1545,,,,0.20703125,-0.63671875,-0.744140625,0.04133661638569923,1.960270425849825,12.090221405029297,4.5947265625,4547,4547,55.55126143619418,19.683712758705973,35.43342176183444,0.09958844908376396,0.035287595189919835,2.3828125,,
16.120034999998285,1545,,,,-0.03125,0.724609375,-1.3203125,0.04117354795066786,1.9588849282590237,12.095429420471191,4.619140625,4547,4548,55.87048941291869,19.60805426026072,35.09554769664651,0.09990205566847393,0.03506117359705962,2.396484375,,
16.144144999999554,1545,,,,-0.4609375,0.201171875,-0.97265625,0.04111014254005411,1.9617967932448048,12.093714714050293,4.594028949737549,4547,4547,55.55887550621401,19.575538601588317,35.23386393844289,0.10021674668433535,0.035310232170292694,2.38671875,,
16.166009999999776,1545,,,,0.51171875,-0.48828125,-0.76953125,0.04092437990957542,1.9677761190553018,12.088571548461914,4.6902899742126465,4546,4546,56.69890593630316,19.483995031037967,34.36397000839263,0.10099448885716908,0.03470571586100702,2.392578125,,
16.19084500000067,1545,,,,0.078125,-1.236328125,-1.046875,0.041282404772200534,1.972877439774666,12.091001510620117,4.6209716796875,4547,4550,55.87217555963434,19.67189270878366,35.2087465929927,0.1002891520902694,0.035310553419724,2.390625,,
16.216365000000224,1545,,,,-0.0625,-0.041015625,-0.919921875,0.04140871967753837,1.9734331391994338,12.092572212219238,4.6609930992126465,4550,4549,56.363395632884476,19.72535060791271,34.99673926033692,0.10004552914804984,0.03501267297756738,2.3984375,,
16.374069999998436,1545,,,,0.3359375,0.1875,-1.2109375,0.04124848225291129,1.972110574568488,12.090500831604004,4.5916748046875,4550,4550,55.51564804452937,19.652264434003232,35.399504691434124,0.10035029709636174,0.03552350812849466,2.404296875,,
16.3956799999997,1545,,,,-0.037109375,-0.25390625,-0.95703125,0.041037713867166,1.962954315146595,12.091776847839355,4.660966873168945,4549,4549,56.35937132553045,19.549122793819866,34.686552269904816,0.1004113757864957,0.034829244347113375,2.390625,,
16.422004999998958,1545,,,,0.048828125,-1.19140625,-1.126953125,0.04221826806274493,1.9679539428712272,12.094000816345215,4.578450679779053,4560,4560,55.37178625884417,20.160093605962107,36.408602589991524,0.09761630979179721,0.03554073429511043,2.38671875,,
16.4480549999997,1545,,,,0.236328125,0.3203125,-0.736328125,0.04226238585257309,1.9804238379630072,12.091111183166504,4.625650882720947,4559,4563,55.929259117491256,20.195701862744325,36.10936776458808,0.0980616495243654,0.03540944166277453,2.38671875,,
16.47068999999948,1545,,,,0.037109375,-0.107421875,-1.375,0.03993399717157771,1.9790568173780798,12.093000411987305,4.6466064453125,4555,4553,56.19141365750693,19.04217225556711,33.88804626207008,0.10393020243788043,0.035219915082412,2.390625,,
16.494359999999403,1545,,,,-0.19921875,-0.64453125,-0.671875,0.04052718593597054,1.965353269563316,12.092573165893555,4.6044921875,4553,4554,55.680158669129014,19.327600625330877,34.71182749349233,0.10168635557315435,0.03529719233097256,2.40234375,,
16.52118499999866,1545,,,,0.6875,-0.07421875,-1.1796875,0.04093235145358058,1.967620523216367,12.092000961303711,4.6337890625,4552,4553,56.03178179822862,19.516016994087828,34.83026305385991,0.10082080394849201,0.035116151228276146,2.400390625,,
16.546094999998807,1545,,,,-0.3359375,0.3671875,-0.984375,0.04066607158948169,1.961292912791397,12.094223976135254,4.64463996887207,4549,4551,56.17331607204869,19.381672699151725,34.50334438916249,0.10119317064296708,0.03491502816525581,2.38671875,,
16.5721950000003,1545,,,,0.32421875,-0.734375,-0.90625,0.04091445963550618,1.958451482707705,12.091999053955078,4.6160888671875,4548,4552,55.81774221500382,19.502132623074935,34.93894924655831,0.10042242664222599,0.035086540676689586,2.396484375,,
16.59466000000015,1545,,,,-0.125,-0.568359375,-1.16015625,0.04103756652816573,1.9591516639829119,12.093000411987305,4.6783447265625,4546,4544,56.57522470573895,19.5281765751287,34.51718782682586,0.10032435217111407,0.03462914507494969,2.388671875,,
16.619819999998434,1545,,,,0.140625,-0.119140625,-0.873046875,0.04105676052718573,1.9582403169262934,12.093714714050293,4.5675225257873535,4547,4546,55.238314376870676,19.54481180262471,35.382708583896424,0.10019233424715389,0.03545076165007391,2.384765625,,
16.644604999998585,1545,,,,0.1875,-0.521484375,-0.904296875,0.04120732891943689,1.9587515603970793,12.090500831604004,4.637451171875,4547,4548,56.06910725007765,19.627278558403546,35.00551287692629,0.09979740974117002,0.03493459511778416,2.380859375,,
16.67145999999903,1545,,,,-0.26171875,0.296875,-1.1171875,0.04067358438683546,1.9541059132060241,12.092000961303711,4.637974262237549,4545,4545,56.08238923747831,19.358205174151504,34.51744021136488,0.10094458115441868,0.03484348544658916,2.380859375,,
16.694499999998136,1545,,,,0.2109375,-0.525390625,-0.82421875,0.04082721700550103,1.9572549229213247,12.091556549072266,4.69618034362793,4547,4544,56.784130189618736,19.428135564601277,34.214023354280634,0.10074332230250183,0.03446834382045619,2.37890625,,
16.718504999998956,1545,,,,0.109375,-1.220703125,-0.96875,0.04138252165258031,1.9635528034270697,12.092573165893555,4.6268134117126465,4547,4549,55.950079706072756,19.714245855295356,35.23542050138598,0.09960070589764146,0.03509472754538271,2.375,,
16.740574999999254,1545,,,,-0.4375,0.046875,-1.09765625,0.04146740459489062,1.9663201865624111,12.091429710388184,4.8311944007873535,4550,4549,58.416047514341244,19.753270325661003,33.814801182520156,0.09954403266622701,0.033660616735147586,2.388671875,,
16.765890000000596,1545,,,,0.361328125,0.1953125,-0.8671875,0.041425677234232565,1.969087569697753,12.092000961303711,4.5947265625,4557,4553,55.559438010677695,19.75088438220539,35.54910756730398,0.09969617216086829,0.03544109948195163,2.38671875,,
16.79124499999918,1545,,,,-0.111328125,-0.78515625,-1.267578125,0.04201202554615588,1.968576326226967,12.090499877929688,4.671630859375,4555,4557,56.482352335006,20.04923668602084,35.49646191629124,0.09818709595061742,0.03485294512082325,2.380859375,,
16.81605499999784,1545,,,,0.1875,-0.400390625,-0.671875,0.040507923467301074,1.964097388863342,12.091001510620117,4.5794677734375,4552,4554,55.37035176646896,19.316627052224153,34.88622780237034,0.10167910699695329,0.03547200489437301,2.376953125,,
16.841689999999478,1545,,,,0.32421875,-0.140625,-1.1640625,0.040596394498711164,1.9675538392853946,12.092500686645508,4.57275390625,4549,4551,55.29602975118905,19.345323992699747,34.98501443909498,0.10170694685846984,0.03558219004399833,2.375,,
16.86593999999948,1545,,,,-0.4375,0.486328125,-1.10546875,0.04067455553798599,1.9762672062657474,12.093001365661621,4.5904541015625,4548,4549,55.5123677192023,19.37629076251058,34.9044574364428,0.10199409321878299,0.0356004848552359,2.375,,
16.893634999999776,1545,,,,0.44921875,-0.732421875,-0.74609375,0.04102495092538531,1.9738999267162385,12.091501235961914,4.671630859375,4548,4546,56.48703031009063,19.530820213921157,34.57576032357333,0.10106590020777952,0.034944303424703636,2.3828125,,
16.916499999998138,1545,,,,-0.298828125,-0.578125,-1.265625,0.04113268730747817,1.954895006389194,12.089777946472168,4.654947757720947,4549,4549,56.27728474327478,19.59575798761177,34.82001322026023,0.0997611323647219,0.034736839478077465,2.376953125,,
16.94089999999851,1545,,,,0.349609375,-0.30078125,-0.6015625,0.04135710306375429,1.958451482707705,12.090858459472656,4.788643836975098,4551,4550,57.89881484569196,19.70718595648485,34.03728730718776,0.09937753096926843,0.033825415734799386,2.3828125,,
16.96183499999903,1545,,,,0.2109375,0.10546875,-1.37109375,0.04140059666190051,1.9667091761597486,12.094858169555664,4.552176475524902,4555,4552,55.057928834261475,19.734381056297064,35.84294119690304,0.09965902505628314,0.035720725748330434,2.3828125,,
16.982994999999182,1545,,,,-0.28125,-0.99609375,-0.87890625,0.04180780187639465,1.9677427770898162,12.093714714050293,4.6512274742126465,4554,4554,56.25061814328046,19.937018209125846,35.443198434446835,0.09869794752903992,0.034981709393443826,2.388671875,,
17.00555999999866,1545,,,,0.423828125,-0.208984375,-0.6640625,0.040448893407021944,1.969443217329604,12.092000007629395,4.6142578125,4549,4551,55.79560550395399,19.27667253951057,34.54872900007245,0.10216717710449873,0.03529746114485733,2.384765625,,
17.026890000000595,1545,,,,-0.15625,0.47265625,-1.2109375,0.04036913199449141,1.9652421296783626,12.089142799377441,4.5919365882873535,4547,4550,55.512577141491874,19.234469066682518,34.64884906650472,0.10217293354265274,0.03540174553001391,2.40234375,,
17.05046499999985,1545,,,,0.125,-1.33203125,-1.017578125,0.04084857254943435,1.9575290216625911,12.089142799377441,4.598214149475098,4549,4550,55.58846747512234,19.4634217749018,35.01341673722579,0.10057476245964296,0.03521466071246971,2.388671875,,
17.074384999999776,1545,,,,-0.099609375,0.32421875,-1.234375,0.04102782623146079,1.9612410938200373,12.092572212219238,4.552176475524902,4548,4549,55.04752275305054,19.542388517368966,35.50094089617502,0.10035831045303993,0.03562814447833353,2.390625,,
17.09575999999978,1545,,,,0.13671875,-0.38671875,-0.642578125,0.041153393001077766,1.957551249639582,12.093999862670898,4.6417236328125,4548,4545,56.13700497779064,19.587660725124714,34.892600224885776,0.09993798019631149,0.03487095990272448,2.376953125,,
17.124069999998436,1545,,,,0.0625,-0.0625,-1.26171875,0.041065542668000145,1.963086015910265,12.084571838378906,4.820033550262451,4548,4545,58.248041701543116,19.54408409396374,33.55320371817062,0.10044400169750453,0.03370218051224645,2.384765625,,
17.145794999999925,1545,,,,-0.08203125,-0.783203125,-0.97265625,0.041438511520689336,1.9677094351243298,12.08950138092041,4.5452880859375,4558,4555,54.950266591622494,19.766377117402246,35.97139439613884,0.09954830991218748,0.03580891517320353,2.388671875,,
17.171849999999626,1545,,,,0.3125,0.67578125,-1.025390625,0.04194581796535765,1.9711547715578877,12.092000961303711,4.594028949737549,4555,4558,55.55100247648352,20.020078253022877,36.03909445468244,0.09845889444814027,0.035483693969201355,2.38671875,,
17.195914999999108,1545,,,,0.224609375,-0.33984375,-1.236328125,0.04006997146764694,1.9726773879817499,12.091556549072266,4.619140625,4554,4555,55.85260007530451,19.113288987757358,34.22094756911485,0.10320972958894252,0.03531934744885724,2.396484375,,
17.223974999999626,1545,,,,-0.32421875,-0.68359375,-0.63671875,0.040751698056291565,1.9753780871861195,12.089143753051758,4.5926337242126465,4552,4552,55.521009297120145,19.426691395565534,34.989802313577876,0.10168371170177916,0.03557892970956098,2.416015625,,
17.246259999999776,1545,,,,0.1875,-0.060546875,-1.21484375,0.04056757422591268,1.9651754457473904,12.091556549072266,4.641927242279053,4550,4552,56.12812574669624,19.336905087742753,34.45136432135531,0.10162823041382527,0.03501231191321336,2.4140625,,
17.271664999999107,1545,,,,-0.125,0.650390625,-0.890625,0.04065836484136578,1.9650420778854465,12.09428596496582,4.544503211975098,4550,4552,54.962521414332514,19.37983516482543,35.26009117873507,0.1013962224741733,0.03575240049618657,2.408203125,,
17.422029999999328,1545,,,,0.287109375,-0.609375,-0.888671875,0.041024193846689816,1.9679539428712272,12.092500686645508,4.6563720703125,4550,4551,56.30718245753087,19.552361326275516,34.72445338749225,0.10065044881441428,0.034950318182863024,2.423828125,,
17.44895999999903,1545,,,,-0.095703125,-0.19921875,-1.00390625,0.04094734490947304,1.965864513034102,12.091522216796875,4.608496189117432,4547,4547,55.72373405673716,19.49753702352535,34.98964553178224,0.10082629978658986,0.03527876489813991,2.40625,,
17.47577500000037,1545,,,,0.412109375,-0.8984375,-0.810546875,0.040795861818598664,1.9645604254090294,12.089778900146484,4.714626789093018,4546,4547,56.99879547684213,19.424800273514084,34.07931713470354,0.1011367117162964,0.034466700725407515,2.404296875,,
17.498085000000895,1545,,,,-0.416015625,0.083984375,-1.08984375,0.04129575998692914,1.9620413009917026,12.093501091003418,4.58740234375,4547,4546,55.47775524901226,19.659165853557642,35.436123479252814,0.09980287646012405,0.035366270538255695,2.400390625,,
17.524160000000148,1545,,,,0.390625,-1.169921875,-0.6796875,0.04140486274026395,1.95605086119271,12.093714714050293,4.5975165367126465,4547,4546,55.60105338813128,19.71015090027646,35.44924007587927,0.0992407856788795,0.03518010436849481,2.419921875,,
17.547160000000147,1545,,,,0.4375,-0.03125,-1.27734375,0.04104048403390271,1.957162260042245,12.089500427246094,4.700927734375,4547,4547,56.831867853179574,19.542825892329105,34.3870906070101,0.10014735181212787,0.034437760608157585,2.423828125,,
17.573074999999253,1545,,,,-0.32421875,0.6328125,-0.958984375,0.04127247192207323,1.9567954984218983,12.090286254882812,4.7635321617126465,4555,4550,57.59246741944662,19.6635434702228,34.14256126068185,0.09951387965170892,0.03397658732296593,2.42578125,,
17.59499499999918,1545,,,,0.44921875,-1.482421875,-0.93359375,0.04195248383506776,1.9634750055076025,12.08950138092041,4.6478271484375,4558,4559,56.18991272931453,20.028380468859982,35.644085381202395,0.098034636827496,0.03494354965394436,2.4296875,,
17.620019999999553,1545,,,,0.234375,0.978515625,-1.21875,0.04155102126788782,1.9751558074162128,12.092000007629395,4.52392578125,4556,4558,54.703310581389815,19.83165748579197,36.25312120056358,0.09959610329248966,0.03610669603766477,2.443359375,,
17.6441950000003,1545,,,,-0.5625,-0.59765625,-0.7265625,0.04039101126137614,1.9842915059593882,12.095429420471191,4.547293663024902,4551,4554,55.001469555273616,19.26188597401123,35.02067513787797,0.10301647038284101,0.03607706343128302,2.4375,,
17.66636999999918,1545,,,,0.26953125,-0.19140625,-1.173828125,0.04045127810709892,1.965186559735886,12.090999603271484,4.6295166015625,4548,4551,55.97548339283094,19.276718282788124,34.43778796425185,0.10194611608193548,0.03510798729408699,2.435546875,,
17.691264999998733,1545,,,,0.078125,-0.515625,-0.85546875,0.04070140095046642,1.9587737883740701,12.092000961303711,4.599609375,4546,4546,55.61848098412156,19.375992183489753,34.83732716292877,0.10109282507056014,0.03521803820807831,2.447265625,,
17.71716000000015,1545,,,,0.037109375,-0.296875,-0.724609375,0.04076344367532189,1.9555173897449332,12.092000961303711,4.683837890625,4545,4546,56.636972276028246,19.40524862457103,34.26251059113263,0.10077260165936995,0.03452722331650153,2.421875,,
17.882390000000598,1545,,,,0.361328125,-0.2421875,-1.2890625,0.04078176769059179,1.9593961717298096,12.095000267028809,4.5721435546875,4546,4547,55.30007751483936,19.418069964210893,35.11400134837099,0.10090581480760644,0.03543206917212766,2.41796875,,
17.91627499999851,1545,,,,0.0546875,-0.21875,-0.9609375,0.04096766991618832,1.9649822012724272,12.092438697814941,4.655096054077148,4548,4548,56.291463666368145,19.51138410738435,34.66135509111234,0.1007095237558648,0.03490728563958844,2.43359375,,
17.94906000000052,1545,,,,-0.052734375,-0.42578125,-0.86328125,0.04106015131190788,1.967939077911615,12.094001770019531,4.58251953125,4549,4549,55.42099932208657,19.55836256718306,35.29052670724505,0.10061880544200649,0.03550890640702224,2.423828125,,
17.973539999999105,1545,,,,-0.0625,-0.521484375,-1.103515625,0.04114252393329453,1.9676945701647173,12.090667724609375,4.636501789093018,4547,4549,56.05840253648057,19.59895858562493,34.96167871153787,0.10039791459164285,0.03510079633261436,2.435546875,,
17.99593999999948,1545,,,,-0.125,0.484375,-0.798828125,0.04080508747506083,1.9701100566393248,12.09000015258789,4.647216796875,4545,4543,56.18485178332776,19.41332871467934,34.55260287869984,0.10148234162179673,0.03506479049258493,2.421875,,
18.021730000000446,1545,,,,0.0234375,-0.58203125,-0.80078125,0.04083920142990059,1.9555285037334287,12.094858169555664,4.574497699737549,4545,4544,55.327900875284286,19.433150621208533,35.1236000530965,0.10062848489422224,0.03534434657373725,2.4375,,
18.04918499999866,1545,,,,0.298828125,0.0078125,-1.19140625,0.040855549746448554,1.955283995986531,12.091500282287598,4.683837890625,4543,4544,56.63462717668153,19.44276565142324,34.33017328915782,0.10056614532322983,0.03452453195969109,2.42578125,,
18.07267999999784,1545,,,,-0.84375,-0.578125,-0.966796875,0.040631119370504926,1.9551839700900728,12.094666481018066,4.56651496887207,4545,4545,55.23047552908429,19.336376404668744,35.01033843984602,0.10111428993583287,0.03540045511758225,2.44140625,,
18.095974999999626,1545,,,,0.625,-1.087890625,-0.951171875,0.040949090186864455,1.9557174415378495,12.089715003967285,4.674246788024902,4546,4546,56.51031152543055,19.493118928118694,34.494799978843645,0.10032860563512698,0.0346081518353999,2.447265625,,
18.12302999999933,1545,,,,-0.234375,-0.529296875,-0.810546875,0.04102631640582315,1.9676872071473388,12.089000701904297,4.649658203125,4546,4546,56.2097212811932,19.53178138925995,34.74804881445827,0.10074284408227721,0.035006172638783264,2.443359375,,
18.14646499999985,1545,,,,0.572265625,-0.544921875,-0.802734375,0.04114086487176787,1.9630304459677883,12.093000411987305,4.564208984375,4549,4547,55.19498112844303,19.590945285195037,35.49407008511404,0.10020090492781167,0.03556537942099596,2.435546875,,
18.171514999998735,1545,,,,-0.484375,0.685546875,-1.361328125,0.041480014748045885,1.9577846433979842,12.092500686645508,4.6197509765625,4550,4549,55.86434185621329,19.75856904215164,35.368838843581706,0.09908534566553755,0.03504533622604984,2.4375,,
18.194445000000297,1545,,,,-0.1875,-0.240234375,-0.86328125,0.040647353384658476,1.957551249639582,12.092001914978027,4.554443359375,4547,4548,55.07233782322146,19.35898289541677,35.15191775144505,0.10111849678337344,0.035545090820789035,2.421875,,
18.223109999999405,1545,,,,0.3359375,-0.9140625,-0.80078125,0.040670289599356535,1.9626970263129282,12.088571548461914,4.676339149475098,4544,4546,56.53026039330325,19.36263064507664,34.25179808188253,0.10136520508446438,0.03471940537081685,2.412109375,,
18.245819999998435,1545,,,,-0.32421875,0.025390625,-0.955078125,0.04083348910485973,1.9665646943093091,12.092889785766602,4.562174320220947,4543,4545,55.16987123788658,19.433253576956506,35.22439538269429,0.10119585413330967,0.03564562777081158,2.419921875,,
18.272484999999403,1545,,,,0.197265625,-0.46875,-0.962890625,0.04110729084902099,1.9684874143190036,12.090286254882812,4.640067100524902,4544,4543,56.09973948721017,19.557846435171623,34.86263325631039,0.1006494974200737,0.035089065159879876,2.41015625,,
18.29627500000037,1545,,,,-0.19921875,0.1171875,-1.26953125,0.04112556777394013,1.972321740349899,12.09000015258789,4.6527099609375,4545,4545,56.251264137681574,19.57506592120894,34.7993351283567,0.10075683771838302,0.035062709622354624,2.423828125,,
18.322129999998957,1545,,,,-0.0625,0.478515625,-0.921875,0.04124644884405623,1.9686096681924528,12.091500282287598,4.610595703125,4544,4545,55.74901924584992,19.62976410473581,35.21095863259889,0.10028697531405957,0.03531200539171817,2.40234375,,
18.345300000000744,1545,,,,0.28125,-0.494140625,-1.095703125,0.041238091075334514,1.955250654021045,12.088000297546387,4.7039794921875,4547,4546,56.8617055012146,19.631139641507072,34.52435952890604,0.09959944708899954,0.03438607120180874,2.3984375,,
18.375449999999255,1545,,,,0.296875,-0.07421875,-1.0625,0.04093670724115821,1.9547505245387542,12.094858169555664,4.580078125,4545,4545,55.39539532735944,19.482326684242125,35.16957784868434,0.10033455224420466,0.035287238460654416,2.39453125,,
18.39753500000015,1545,,,,0.1875,-0.4140625,-0.775390625,0.040866248283757754,1.9652792226149658,12.092890739440918,4.648980140686035,4546,4544,56.21960889114689,19.447893450398215,34.59272277765836,0.10105357825141338,0.03495718418141549,2.416015625,,
18.424099999999626,1545,,,,-0.361328125,-0.2421875,-1.3515625,0.041362476114695367,1.9666202642517858,12.089142799377441,4.586356163024902,4545,4547,55.44511458361285,19.694071489352318,35.51994010158115,0.09985849118680448,0.035469676255895644,2.416015625,,
18.445964999999852,1545,,,,0.162109375,-0.4140625,-0.68359375,0.04116780390601389,1.9577401874440028,12.093000411987305,4.625244140625,4544,4544,55.93307929811999,19.589474009767482,35.02305658044813,0.09993837437737514,0.03500147340376816,2.421875,,
18.473544999999927,1545,,,,0,-0.119140625,-0.8828125,0.040950170609986174,1.9528611464945451,12.092000007629395,4.698486328125,4544,4544,56.814096715534106,19.487303718002316,34.30012064712471,0.10021197261325061,0.03437282750920854,2.4140625,,
18.496515000000596,1545,,,,-0.197265625,-0.16796875,-1.205078125,0.04098375483331348,1.9568621823528705,12.093501091003418,4.52392578125,4545,4546,54.710101371165365,19.50926704331271,35.659350932211865,0.10030423890392304,0.035767840550634096,2.412109375,,
18.522694999998436,1545,,,,0.423828125,-0.52734375,-0.8125,0.040934238281492195,1.9552284260440542,12.09085750579834,4.6121649742126465,4545,4542,55.76502949643918,19.47087607681934,34.91592536154335,0.10041810231496527,0.03506190965377152,2.4140625,,
18.547889999998734,1545,,,,-0.111328125,0.046875,-1.29296875,0.04095865693396811,1.9670870517685906,12.093999862670898,4.5574951171875,4544,4542,55.118345321388915,19.48351443252598,35.34851113348883,0.10096161339787421,0.035688427152497516,2.416015625,,
18.573835000000894,1545,,,,-0.5234375,-0.00390625,-0.91796875,0.04103699319965197,1.9685207562844902,12.091001510620117,4.676513671875,4543,4544,56.543733871076256,19.527350582827122,34.53495064077458,0.10080838913271012,0.034814127428741404,2.419921875,,
18.597179999999703,1545,,,,0.57421875,-0.888671875,-0.8671875,0.040966331543268966,1.9608854461881862,12.091501235961914,4.59228515625,4543,4545,55.52762164268643,19.498247443041983,35.11450133504882,0.10056726646414241,0.035313694125173385,2.431640625,,
18.624574999999254,1545,,,,-0.125,-0.36328125,-1.251953125,0.04089566988688596,1.9551284001475961,12.092500686645508,4.6002197265625,4544,4541,55.62816020217724,19.445313873709797,34.95588170278679,0.10054496486122261,0.035146378974997526,2.435546875,,
18.646925000000746,1545,,,,0.224609375,-0.5625,-0.501953125,0.041073892806373295,1.942880784825723,12.09000015258789,4.625244140625,4544,4547,55.9192023659125,19.556023030997487,34.971927716405595,0.09934948336612914,0.03474442950942508,2.43359375,,
18.672509999999775,1545,,,,0.3125,-0.486328125,-1.080078125,0.041362312346472564,1.9588960422475188,12.093714714050293,4.560546875,4544,4544,55.15395284630358,19.683968263367543,35.68913422800441,0.09951733390533266,0.03551687487760552,2.4296875,,
18.698335000000895,1545,,,,-0.474609375,0.578125,-1.115234375,0.04093033802668446,1.9608187622572142,12.093001365661621,4.637451171875,4544,4542,56.08070335467346,19.468317125803505,34.71482339063981,0.10071845191274005,0.03496423270329419,2.416015625,,
18.723205000000075,1545,,,,0.298828125,-0.421875,-0.66796875,0.04103009648940939,1.965130989793409,12.092500686645508,4.5751953125,4543,4542,55.32555245794356,19.516460378854315,35.275671930596644,0.10069095274687147,0.03551941015477847,2.43359375,,
18.74690499999933,1545,,,,0.25,-0.228515625,-1.46875,0.04113800703243969,1.968676352123425,12.089499473571777,4.6197509765625,4545,4548,55.85047699918505,19.59401084529183,35.08297851346505,0.10047337258652536,0.035249051716284376,2.447265625,,
18.77345999999903,1545,,,,-0.361328125,-0.33984375,-0.69140625,0.04121027367329969,1.9550394882396334,12.091500282287598,4.5947265625,4544,4544,55.55713752750307,19.60774484434804,35.29293573600943,0.09970751372783067,0.035189708743936066,2.453125,,
18.925669999999926,1545,,,,0.5,-0.9453125,-0.95703125,0.04094187577657503,1.954772752515745,12.095000267028809,4.5697021484375,4544,4543,55.27054870559368,19.479793194242514,35.244436052199084,0.1003487425674263,0.03536734840336245,2.44921875,,
18.94911999999918,1545,,,,-0.025390625,-0.11328125,-0.91796875,0.04109029039137539,1.9595555185398617,12.0921630859375,4.64208984375,4544,4544,56.13290745019913,19.55172925834123,34.83113586390913,0.10022415371284199,0.03490921114817312,2.443359375,,
18.97301999999769,1545,,,,0.1875,-0.6953125,-0.853515625,0.041533702219391254,1.9646642022766045,12.08950138092041,4.544677734375,4548,4547,54.9428877455648,19.777431953556203,35.99634596045183,0.09933869103381422,0.03575829889711612,2.447265625,,
18.996664999999105,1545,,,,0.4375,-1.103515625,-0.98046875,0.04137388818871902,1.9640307049323695,12.089999198913574,4.6246337890625,4547,4547,55.91181880503427,19.70120114266665,35.236201511106565,0.09969091177283056,0.03512729056053403,2.43359375,,
