Time (s),ESC signal (µs),Servo 1 (µs),Servo 2 (µs),Servo 3 (µs),AccX (g),AccY (g),AccZ (g),Torque (N·m),Thrust (N),Voltage (V),Current (A),Motor Electrical Speed (RPM),Motor Optical Speed (RPM),Electrical Power (W),Mechanical Power (W),Motor Efficiency (%),Propeller Mech. Efficiency (N/W),Overall Efficiency (N/W),Vibration (g),App message,
0,1540,,,,0.048828125,-0.513671875,-0.5703125,0.03914533971482599,1.6766340764311718,12.099333763122559,4.43359375,4553,4552,53.643530551344156,18.65903120126513,34.783376503166394,0.08985643779391353,0.03125510307019045,2.36328125,,
0,1540,,,,0.4375,0.58984375,-1.00390625,0.03890697366920709,1.6876480390300617,12.096571922302246,4.718192100524902,4556,4554,57.07395008723779,18.554682222777334,32.50989671192623,0.09095537281464948,0.029569497755989976,2.36328125,,
0.026659999998286367,1540,,,,-0.4609375,-0.3125,-1.119140625,0.03934057519117477,1.6885705000751754,12.097715377807617,4.3631415367126465,4568,4562,52.78404446423974,18.795485970494294,35.60827170647733,0.08983915088580008,0.03199016894620783,2.380859375,,
0.05190000000037253,1540,,,,0.349609375,-0.1484375,-0.78125,0.039883913022955804,1.697528374802426,12.096000671386719,4.454752445220947,4564,4565,53.884688568254205,19.067351681196506,35.38547254855975,0.08902800992947876,0.031502982014124756,2.40625,,
0.0757649999987334,1540,,,,-0.0625,-0.34765625,-1.236328125,0.038599709549747785,1.6927604737379216,12.096000671386719,4.4671630859375,4562,4563,54.034807686693966,18.444447621627305,34.134381912807726,0.09177615445382332,0.031327223066156346,2.3984375,,
0.09936499999836088,1540,,,,0.673828125,0.25390625,-0.845703125,0.03881565276330561,1.6829023659425482,12.096571922302246,4.453822612762451,4560,4561,53.875985564457096,18.537621371552532,34.40794850866193,0.09078308010568696,0.03123659545734208,2.392578125,,
0.1252599999997765,1540,,,,0.34375,-1.37109375,-0.87109375,0.038996247332589676,1.6733665638135398,12.100500106811523,4.468994140625,4561,4561,54.077064075972885,18.624186134391177,34.4400837076252,0.08984911081421823,0.03094410897497369,2.396484375,,
0.14945999999903142,1540,,,,0.453125,1.04296875,-1.16015625,0.038940836801555474,1.6726663825383328,12.095001220703125,4.48974609375,4559,4560,54.30348448455334,18.594266361516873,34.24138715593108,0.0899560299942848,0.03080219250044855,2.390625,,
0.17711999999918043,1540,,,,0.2109375,-1.208984375,-0.8359375,0.03868830620200456,1.683858168953148,12.097000122070312,4.4580078125,4557,4558,53.92852105200291,18.466142703833935,34.24188600690006,0.09118624262572962,0.031223889253877646,2.390625,,
0.34425,1540,,,,-0.3125,-1.08984375,-0.478515625,0.03876712184256838,1.681361272512812,12.098223686218262,4.45692253112793,4557,4557,53.92084573373177,18.498171694504812,34.3061601552973,0.09089337585791185,0.031182027092371573,2.3984375,,
0.36945499999821185,1540,,,,0.115234375,-0.1796875,-1.041015625,0.0388608436349816,1.6837042402124873,12.097073554992676,4.4674248695373535,4554,4554,54.042767248196924,18.533488514593188,34.29411456574059,0.09084659042396395,0.03115503379906332,2.404296875,,
0.40284999999962745,1540,,,,0.548828125,-0.357421875,-0.845703125,0.03889295807169614,1.6854141273424965,12.098502159118652,4.4268798828125,4553,4553,53.55861582036596,18.542707483708273,34.62133440098597,0.09089363723303681,0.03146859009566877,2.427734375,,
0.4240949999988079,1540,,,,0.1875,-0.546875,-0.939453125,0.03907974666135841,1.6885705000751754,12.098400115966797,4.4873046875,4554,4554,54.28920755162835,18.63484824511493,34.32514322002845,0.09061359007942708,0.031103244571572836,2.423828125,,
0.454714999999851,1540,,,,-0.109375,-1.17578125,-0.880859375,0.0390535230327688,1.690571018004338,12.097334861755371,4.449056148529053,4553,4553,53.82172204750759,18.621144963734007,34.597824549904615,0.09078770512215249,0.031410570931047085,2.416015625,,
0.4807449999991804,1540,,,,0.23828125,-0.2890625,-0.81640625,0.038619397700515985,1.687851841794095,12.097455024719238,4.438032627105713,4551,4553,53.68890010464793,18.412209029463764,34.29425634269939,0.09167025201012786,0.031437631214351794,2.41796875,,
0.5062049999982119,1540,,,,0.173828125,0.33984375,-1.50390625,0.03882256316747808,1.6880703705928848,12.095500946044922,4.4580078125,4080,4552,53.9218377135694,18.504314038945488,34.31692023784436,0.09122577400275701,0.03130587610088228,2.43359375,,
0.529589999999851,1540,,,,-0.423828125,-0.20703125,-0.716796875,0.03907186088170256,1.678712392279802,12.098999977111816,4.4317626953125,4471,4551,53.61989674915094,18.622316264744022,34.73023521821478,0.09014519828867686,0.031307639403583595,2.419921875,,
0.5529999999981373,1540,,,,0.38671875,-1.37890625,-0.90234375,0.03911659978906513,1.6773675996718649,12.099428176879883,4.5040459632873535,4540,4551,54.4963806381611,18.64299604563031,34.209604064192746,0.08997307061409904,0.030779431221479837,2.421875,,
0.5752899999991059,1540,,,,0.048828125,0.615234375,-1.263671875,0.03948455149325648,1.6832468995859038,12.096000671386719,4.432198524475098,4552,4554,53.611876327770005,18.828018390857174,35.11911852468516,0.08940117141606804,0.03139690335206589,2.423828125,,
0.5993200000002981,1540,,,,0.171875,-0.228515625,-0.818359375,0.03898427674185397,1.6891928834309151,12.097334861755371,4.473470211029053,4552,4553,54.117067136905916,18.587463416918663,34.34676785032697,0.09087807440650453,0.031213681243249518,2.44140625,,
0.625289999999106,1540,,,,0.3359375,-1.05078125,-0.876953125,0.038976320568586444,1.688170396489343,12.097500801086426,4.43603515625,4551,4552,53.66493885638192,18.579866661051856,34.621984217247096,0.09086019976818129,0.03145760402349891,2.427734375,,
0.6498700000010431,1540,,,,0.048828125,0.568359375,-1.171875,0.038939771382369696,1.687147909547771,12.098001480102539,4.5330810546875,4552,4552,54.841221309034154,18.562082102261712,33.846952455094076,0.09089216932954947,0.030764229338376206,2.421875,,
0.6788749999981374,1540,,,,0.44921875,-0.33984375,-0.86328125,0.03932553897668489,1.6787679622222786,12.099000930786133,4.4134521484375,4553,4553,53.39836165192537,18.750609225947837,35.11457776209085,0.0895313822603232,0.03143856684527601,2.4140625,,
0.7029749999996274,1540,,,,-0.17578125,-0.361328125,-0.921875,0.03909940692035115,1.685740183979979,12.097600936889648,4.4697265625,4552,4553,54.07296825014055,18.640337888444716,34.47256270862524,0.09043506582705145,0.031175284777816822,2.41796875,,
0.7274049999993294,1540,,,,0.349609375,-1.330078125,-0.900390625,0.03888237923138625,1.6839693088381016,12.094286918640137,4.4168524742126465,4552,4551,53.41868110043333,18.532534447492232,34.69298392569616,0.0908655701468814,0.03152397764504974,2.400390625,,
0.749324999999255,1540,,,,-0.32421875,0.72265625,-1.2578125,0.0388215962083469,1.685969826767264,12.09714412689209,4.432896137237549,4552,4551,53.625383471705845,18.50241125752797,34.50308428524399,0.09112162751659209,0.03143977194413586,2.40234375,,
0.788359999999404,1540,,,,-0.0625,-0.01953125,-0.771484375,0.0389118962178015,1.6858364589053199,12.098856925964355,4.4461493492126465,4550,4551,53.79332484759334,18.54278317688855,34.47041659801427,0.090916042258776,0.03133913852102679,2.3984375,,
0.8123100000005216,1540,,,,0.328125,-0.44140625,-0.8671875,0.03898136026927508,1.685228940509193,12.095386505126953,4.476412296295166,4550,4550,54.14393687999291,18.574002373629735,34.30486116072055,0.09073052251257277,0.031124979778334394,2.404296875,,
0.841875,1540,,,,0.2734375,-0.34765625,-1.294921875,0.03896245169175289,1.6849695678026828,12.095429420471191,4.4991631507873535,4550,4550,54.41931034153322,18.566219238165893,34.116968998036015,0.09075458746813422,0.030962714470798826,2.396484375,,
0.8640099999997765,1540,,,,0.05078125,-0.408203125,-0.84375,0.038960208434775635,1.69094889361318,12.0968017578125,4.4677734375,4553,4552,54.045769572257996,18.572631945663627,34.36463592369136,0.09104519480923574,0.03128734972220941,2.40625,,
0.8850500000007451,1540,,,,0.59375,-0.615234375,-1.041015625,0.039127646598469006,1.6814353194611622,12.099333763122559,4.444173336029053,4552,4553,53.771536493785334,18.6552072999497,34.693461478650114,0.09013222380357551,0.031269988345144176,2.388671875,,
0.9094499999992549,1540,,,,-0.412109375,0.375,-1.021484375,0.039061412692662556,1.6862143345141618,12.09714412689209,4.4503350257873535,4553,4553,53.83634421990564,18.622120920842537,34.590240460564424,0.09054899501951419,0.03132111511187446,2.375,,
0.9310600000005216,1540,,,,0.21875,-1.330078125,-1.001953125,0.03892200373540194,1.6815131173806297,12.09749984741211,4.554443359375,4552,4551,55.09737784508616,18.551304822026392,33.6700321278191,0.09064123162830737,0.03051893181030202,2.376953125,,
0.954449999999255,1540,,,,0.474609375,-0.1640625,-0.994140625,0.03891214997470646,1.683091303746969,12.097715377807617,4.4091796875,4552,4553,53.341000908985734,18.55311108521241,34.782082767567616,0.09071747029469691,0.031553425602545045,2.373046875,,
0.97775,1540,,,,-0.171875,0.287109375,-1.373046875,0.03932714535850167,1.6811796977257691,12.096571922302246,4.5166015625,4554,4554,54.63539564516395,18.754174247983972,34.32605186898468,0.08964296030823601,0.030770889052298436,2.373046875,,
1.002984999999404,1540,,,,-0.25,-0.611328125,-0.865234375,0.03879742544394883,1.6835914332292599,12.09714412689209,4.402901649475098,4552,4553,53.26253583023117,18.49792728319473,34.72971572768327,0.09101513955884094,0.031609299237939655,2.353515625,,
1.025934999998659,1540,,,,0.166015625,-0.498046875,-1.099609375,0.038722049582333364,1.6867255779849477,12.097000122070312,4.4744873046875,4552,4552,54.12787347100675,18.45799977537589,34.100729608863716,0.09138181810117604,0.031161866702345723,2.34375,,
1.0497249999996274,1540,,,,0.046875,0.369140625,-0.908203125,0.03888893652779506,1.684080448723055,12.093714714050293,4.4698662757873535,4551,4552,54.0572875493267,18.535795282535165,34.289170106105395,0.09085558094773698,0.031153624702059818,2.341796875,,
1.083094999998808,1540,,,,0.44921875,-0.58984375,-0.83984375,0.03890597009977354,1.6849917957796736,12.096000671386719,4.501255512237549,4551,4551,54.44718969810856,18.542973359387908,34.05680524964188,0.09086955814055563,0.030947268447139128,2.34765625,,
1.107054999999702,1540,,,,0.05078125,-1.15625,-0.912109375,0.038867145797232446,1.6888150078220732,12.099273681640625,4.6315693855285645,4557,4553,56.0386255710182,18.53335072462975,33.07245767678989,0.09112302642488365,0.03013662434817971,2.35546875,,
1.130394999999553,1540,,,,0.537109375,0.884765625,-1.533203125,0.040319035267191425,1.683947080861111,12.100000381469727,4.444580078125,4565,4564,53.77942064078525,19.26807825976707,35.82797663155661,0.08739569448279104,0.031312108996280986,2.36328125,,
1.1560600000005214,1540,,,,-0.3984375,-1.11328125,-0.796875,0.03987921460504288,1.693860758598961,12.094858169555664,4.5068359375,4563,4564,54.509541457518935,19.058199651035324,34.96305259857671,0.08887831954824459,0.03107457361238384,2.365234375,,
1.180574999999255,1540,,,,0.537109375,0.248046875,-1.185546875,0.0382552854144515,1.6913045412450312,12.096500396728516,4.4854736328125,4561,4561,54.2585335788317,18.271839310292364,33.67551259700999,0.0925634531107295,0.031171217312531144,2.365234375,,
1.2035099999997765,1540,,,,-0.2109375,-0.734375,-0.978515625,0.03887337896583141,1.6930494374388005,12.099499702453613,4.5050048828125,4565,4563,54.50830523914192,18.576496937981677,34.08012202265658,0.09113932745722236,0.031060394008049934,2.3828125,,
1.2257299999985845,1540,,,,0.9375,0.19921875,-0.7578125,0.03945814987589175,1.6941052663458587,12.094856262207031,4.448939800262451,4566,4567,53.809287403386406,18.869279270179298,35.06695624627764,0.0897811327125353,0.03148351052571721,2.388671875,,
1.2497449999991805,1540,,,,0.0625,-1.25390625,-1.28515625,0.03863687878802735,1.6954167169883096,12.097334861755371,4.488932132720947,4562,4564,54.304115181219004,18.465255870390635,34.0034190940594,0.09181658401533122,0.03122077786058223,2.396484375,,
1.4139449999984355,1540,,,,0.423828125,0.072265625,-0.662109375,0.03792038079617412,1.7027964053492206,12.096500396728516,4.425048828125,4559,4561,53.527604904957116,18.10981667603961,33.832667664086884,0.09402615364970116,0.03181155608162709,2.390625,,
1.4354550000000745,1540,,,,-0.0703125,-0.13671875,-1.056640625,0.03911811195524692,1.6977078657166258,12.096522331237793,4.513979434967041,4563,4562,54.60345303782697,18.689240046605416,34.22721276190775,0.09083878539111523,0.03109158434614978,2.3984375,,
1.4649549999982119,1540,,,,0.46875,0.013671875,-0.869140625,0.03827742123292074,1.7032409648890345,12.09850025177002,4.444580078125,4559,4562,53.772753194207326,18.284750261920333,34.003745718361436,0.09315090118765196,0.031674795574211295,2.408203125,,
1.486214999999851,1540,,,,0.228515625,0.103515625,-1.291015625,0.03850349133470175,1.6985508617439977,12.096002578735352,4.490560054779053,4556,4557,54.31782600257338,18.375818751564456,33.830180815215016,0.09243402346898903,0.03127059727433728,2.40625,,
1.513144999999553,1540,,,,0.375,-1.205078125,-0.8671875,0.038556389501202847,1.6890595155689707,12.096000671386719,4.495442867279053,4557,4556,54.37687994078806,18.393745189142802,33.82640785784707,0.09182792836371163,0.031062089575720736,2.392578125,,
1.536519999999553,1540,,,,-0.0625,0.537109375,-1.05859375,0.038884923230818734,1.6938051886564842,12.099111557006836,4.429253578186035,4554,4555,53.59003315674454,18.55002749086939,34.61469679746744,0.09131011743730306,0.0316067202963339,2.400390625,,
1.5585299999993294,1540,,,,0.171875,0.072265625,-0.98828125,0.03892698078024796,1.6965503438148353,12.100000381469727,4.4412665367126465,4552,4553,53.739326788431754,18.56071049763628,34.53841275442209,0.09140546338626919,0.03156999622444181,2.40234375,,
1.583469999998808,1540,,,,0.3359375,-1.0625,-0.958984375,0.0389592146144071,1.688492702155708,12.093714714050293,4.4559149742126465,4553,4552,53.888564488192515,18.573273257309467,34.466075379274656,0.09090980780628992,0.0313330428856696,2.38671875,,
1.60752499999851,1540,,,,0.01171875,0.140625,-1.115234375,0.03887206784191119,1.68552526722745,12.095429420471191,4.432198524475098,4551,4552,53.6093444303051,18.5289120904988,34.56284027980857,0.09096730876562088,0.03144088563550184,2.380859375,,
1.6302949999999254,1540,,,,0.2734375,-0.18359375,-0.697265625,0.038948968061498064,1.6831135317239598,12.096000671386719,4.4903564453125,4551,4551,54.31535457726568,18.562175568174496,34.17482167361918,0.09067436764307506,0.030987803445702743,2.388671875,,
1.6534749999996274,1540,,,,0.15625,-0.88671875,-1.119140625,0.03896636312527892,1.6844694383203922,12.098999977111816,4.3975830078125,4552,4551,53.20635671087075,18.570459146129554,34.90270767277581,0.09070693541098947,0.03165917650543122,2.400390625,,
1.677074999999255,1540,,,,-0.32421875,-0.03515625,-1.17578125,0.038909372202947955,1.6873813033061733,12.100571632385254,4.4601006507873535,4550,4551,53.96976741250046,18.544293062936728,34.36052062481467,0.09099194547775093,0.031265306192802725,2.404296875,,
1.7010849999990314,1540,,,,0.3984375,-0.1640625,-0.587890625,0.039016299577705575,1.6867478059619385,12.096571922302246,4.417550086975098,4550,4550,53.43721234746681,18.59209131549073,34.79240495293555,0.09072394155877227,0.031565041136392635,2.3984375,,
1.871629999998957,1540,,,,0.0234375,0.1953125,-1.533203125,0.03902664059078407,1.6828134540345854,12.095429420471191,4.5186944007873535,4551,4551,54.6555491974018,18.59746290516233,34.02666916399115,0.0904861841970641,0.030789434535854643,2.40625,,
1.9034599999990314,1540,,,,0.138671875,-0.3515625,-0.94140625,0.039074592279246936,1.685390371192088,12.09691333770752,4.465460300445557,4552,4552,54.01828626746328,18.624301161383777,34.47777122948403,0.09049415366449455,0.03120036727650217,2.39453125,,
1.9374900000002235,1540,,,,-0.3125,-0.29296875,-1.16015625,0.0389978486813632,1.6800942778243424,12.095999717712402,4.593838691711426,4553,4552,55.56707151815772,18.590370752446283,33.455732405065625,0.0903744363249593,0.030235429579464807,2.40625,,
1.9595949999988078,1540,,,,0.1328125,-0.34765625,-0.822265625,0.039957390261365196,1.6874591012256408,12.095200538635254,4.59326171875,4570,4564,55.55642161471769,19.09651357154988,34.37318858292151,0.08836477375323781,0.030373790323072365,2.404296875,,
1.9823449999988079,1540,,,,-0.0625,-0.98046875,-1.14453125,0.04197611201242732,1.7082311457234458,12.098287582397461,4.371512413024902,4571,4573,52.88781434279554,20.101398022792935,38.007617203661546,0.08498071347010222,0.0322991442726569,2.40625,,
2.005684999998659,1540,,,,0.421875,1.072265625,-0.95703125,0.0384526156428719,1.7028853172571834,12.096571922302246,4.459403038024902,4566,4568,53.94348958000137,18.39529762707633,34.10105236109174,0.09257177305740785,0.031567948801897665,2.404296875,,
2.0340649999994787,1540,,,,0.5234375,-1.31640625,-1.015625,0.03772227378656726,1.6951610952529166,12.097500801086426,4.5208740234375,4560,4561,54.69127712014597,18.01841578562956,32.94568482291362,0.09407936388086229,0.030995090707590926,2.40625,,
2.0575349999982864,1540,,,,0.13671875,1.71484375,-1.12890625,0.038302935679256,1.6780566669585764,12.098000526428223,4.5135498046875,4567,4564,54.60492791316938,18.305891610364355,33.52424828666319,0.0916675736246849,0.03073086498029915,2.40234375,,
2.08027499999851,1540,,,,0.0625,-1.8125,-0.876953125,0.04026317409407659,1.707086404908425,12.098000526428223,4.5355224609375,4565,4568,54.8707531200489,19.26034071701321,35.1012873376724,0.08863220178657101,0.03111104382280991,2.412109375,,
2.1031549999993295,1540,,,,-0.111328125,1.025390625,-1.21484375,0.03856728260323038,1.7069530370464807,12.097715377807617,4.4063897132873535,4564,4565,53.307248595049714,18.43756925615533,34.587358646507795,0.09258015594851904,0.0320210305734105,2.408203125,,
2.125245000001043,1540,,,,0.26171875,-1.220703125,-1.0390625,0.03853128894691188,1.7071086328854157,12.098858833312988,4.423828125,4558,4561,53.523271987214684,18.404392385324293,34.385775947555345,0.09275550081439625,0.03189469868907117,2.41796875,,
2.1608449999988077,1540,,,,0.125,0.15625,-1.1015625,0.038519011779827375,1.697028245320135,12.095428466796875,4.428013324737549,4555,4558,53.55871841938642,18.383855543610924,34.32467408883443,0.0923107909162132,0.03168537813081556,2.408203125,,
2.1865449999999256,1540,,,,0,-0.255859375,-0.970703125,0.03864720146364119,1.6830357338044923,12.09533405303955,4.454345703125,4553,4554,53.876799267018214,18.430458182392027,34.208524695479845,0.0913181711028986,0.031238599113195598,2.3984375,,
2.20952499999851,1540,,,,-0.423828125,0.74609375,-1.1015625,0.03880095135142819,1.698050732261707,12.098999977111816,4.4390869140625,4550,4552,53.70851247163955,18.496616927130624,34.438892599934974,0.09180331403041742,0.03161604472211649,2.392578125,,
2.231820000000298,1540,,,,0.171875,-1.404296875,-0.73046875,0.03884668628258948,1.6884149042362406,12.098287582397461,4.446846961975098,4552,4551,53.7992333808852,18.514298701799824,34.4136849882659,0.09119518548504921,0.031383623857289614,2.40234375,,
2.2546549999993295,1540,,,,0.625,-0.666015625,-1.134765625,0.038834551783897005,1.6850918216761317,12.096000671386719,4.559151649475098,4550,4551,55.14750141300465,18.506465442133834,33.558121343589505,0.09105422247944052,0.030556086468112597,2.380859375,,
2.279684999998659,1540,,,,-0.4609375,0.708984375,-1.115234375,0.038989979006048385,1.6873479613406872,12.09428596496582,4.447544574737549,4557,4553,53.789875928808215,18.590856285082776,34.56199882239565,0.0907622508326638,0.031369248063965044,2.369140625,,
2.3029799999985845,1540,,,,0.1484375,-1.490234375,-0.720703125,0.039739272003718386,1.6888928057415407,12.095000267028809,4.4970703125,4554,4554,54.39206663053483,18.951627521323893,34.842631830953,0.08911597718144476,0.031050351831886886,2.37109375,,
2.327559999998659,1540,,,,-0.01171875,-0.1953125,-1.220703125,0.03894647185370624,1.6904376501423939,12.100571632385254,4.390346050262451,4553,4553,53.12569687216046,18.56984178270967,34.95453777744392,0.09103134371970556,0.0318195854298193,2.37109375,,
2.3517249999996275,1540,,,,-0.0625,0.310546875,-0.923828125,0.038898726430062376,1.6881926244663334,12.093000411987305,4.481201171875,4551,4552,54.19116761768237,18.54275965164489,34.21730969604438,0.09104322421159018,0.03115254198574387,2.36328125,,
2.3759249999988823,1540,,,,0.07421875,-1.25,-0.736328125,0.038947662806404944,1.6882259664318198,12.0977144241333,4.407784461975098,4552,4551,53.32411766410678,18.559998337761225,34.806011146161396,0.09096045892402055,0.03165970747169416,2.36328125,,
2.399179999999702,1540,,,,-0.0625,-0.111328125,-1.3046875,0.03896156102737398,1.6828356820115762,12.098501205444336,4.482421875,4550,4551,54.23058645799756,18.56790141494695,34.238798854458416,0.09063144210023179,0.0310311171595933,2.357421875,,
2.424515000000596,1540,,,,0.3125,-0.35546875,-0.673828125,0.03880668840938324,1.6818131950700042,12.096000671386719,4.4705634117126465,4552,4551,54.07593802955307,18.494314766532856,34.200636069272655,0.09093676712550594,0.03110095277775626,2.353515625,,
2.4455299999993296,1540,,,,0,0.109375,-1.296875,0.03875856053384024,1.689126199499943,12.097001075744629,4.44580078125,4550,4550,53.78085683332756,18.468543067989938,34.34036598789391,0.09145963454083021,0.03140757323251133,2.357421875,,
2.467039999999106,1540,,,,-0.28125,-0.5703125,-0.994140625,0.03879303234739895,1.6884482462017265,12.10400104522705,4.407552242279053,4550,4550,53.349016947438486,18.48272683723625,34.64492486421286,0.09135276742823965,0.03164909763689275,2.361328125,,
2.489864999998361,1540,,,,0.236328125,-0.798828125,-0.4140625,0.03888512975501893,1.6871256815707805,12.095429420471191,4.4656805992126465,4550,4550,54.01432450214406,18.528527199523403,34.3029879023812,0.09105557411029287,0.03123478257149751,2.357421875,,
2.515160000000149,1540,,,,0.078125,0.548828125,-1.47265625,0.03889009212779721,1.6774787395568185,12.096000671386719,4.439697265625,4550,4549,53.70258110575378,18.527908667510005,34.50096491828564,0.09053794303824457,0.031236463965362195,2.373046875,,
2.538594999998808,1540,,,,0.19921875,-0.734375,-1.14453125,0.03901931349988773,1.6859142568247876,12.096001625061035,4.639892578125,4552,4551,56.124148165108636,18.594621949156192,33.131232378714536,0.09066676705956331,0.030039017284771725,2.357421875,,
2.560820000000298,1540,,,,0.162109375,-0.32421875,-0.529296875,0.03948676208479627,1.6853696713885153,12.094286918640137,4.502650737762451,4559,4556,54.456349916925774,18.841271171056793,34.59885063872169,0.08945095349922635,0.03094900179610972,2.35546875,,
2.5827449999991803,1540,,,,-0.015625,-0.29296875,-1.021484375,0.039471809990161436,1.6867589199504338,12.0994291305542,4.4091796875,4558,4558,53.34855715278536,18.840473682174967,35.31580737641617,0.08952847727742015,0.031617704582332214,2.361328125,,
2.6058849999997764,1540,,,,-0.111328125,-0.5078125,-1.37109375,0.038543528106354245,1.6855808371699268,12.094666481018066,4.435221195220947,4556,4557,53.64252112573968,18.39397287221378,34.28991122378039,0.09163767114804172,0.03142247608420333,2.361328125,,
2.6312449999991805,1540,,,,0.224609375,0.091796875,-0.677734375,0.03847502743594866,1.6904376501423939,12.097999572753906,4.45068359375,4554,4555,53.84436821565032,18.35125060517969,34.08202419922859,0.09211566484004438,0.03139488318206423,2.35546875,,
2.6539700000006707,1540,,,,0.25,-0.84765625,-0.990234375,0.03854628715375963,1.6830690757699784,12.096500396728516,4.52880859375,4552,4553,54.782734951004386,18.378035324134395,33.547130022937,0.09158046799266618,0.03072261867311393,2.337890625,,
2.688109999999404,1540,,,,-0.19921875,-0.44140625,-1.220703125,0.038849093200369035,1.6849251118487014,12.098286628723145,4.4140625,4552,4553,53.402593322098255,18.521353334398526,34.68249795040253,0.09097203003623917,0.03155137245275823,2.3359375,,
2.712339999999851,1540,,,,0.23046875,-0.28515625,-0.97265625,0.03892573798624322,1.6798793610718135,12.097091674804688,4.490855693817139,4551,4551,54.32629302642454,18.549819138204303,34.14519582475762,0.09056041725021544,0.030922031809803643,2.337890625,,
2.737234999999404,1540,,,,0.1484375,-0.294921875,-0.7265625,0.03884077665317098,1.6719217453091446,12.097999572753906,4.45556640625,4551,4551,53.90344047918916,18.511711236151115,34.34235564851941,0.09031697415655908,0.03101697647582688,2.330078125,,
2.9085299999993293,1540,,,,0.2109375,0.08984375,-1.353515625,0.039168107829547924,1.6782011488090158,12.098999977111816,4.4744873046875,4552,4552,54.136821797001176,18.671185307771257,34.48888332932303,0.08988187526104842,0.03099925509299065,2.322265625,,
2.9363499999996274,1540,,,,0.119140625,-0.4140625,-0.96484375,0.03893447789770266,1.6798269864010293,12.096358299255371,4.4655938148498535,4551,4551,54.01742280336248,18.556461057487777,34.35273305251555,0.09052518048548902,0.031097873597487943,2.333984375,,
2.9612099999990313,1540,,,,-0.134765625,0.09765625,-1.09375,0.03886885465907571,1.6801349828072065,12.09688949584961,4.45203971862793,4552,4551,53.85583250737545,18.523674262298762,34.39492697427337,0.09070203670266355,0.03119689928805975,2.33984375,,
2.9827799999993294,1540,,,,0.2734375,-1.5546875,-0.76953125,0.03884931817207442,1.6760228070639278,12.098000526428223,4.46044921875,4551,4550,53.962516996543854,18.51263851441743,34.30647705999909,0.0905339779501804,0.03105901837698327,2.34765625,,
3.006484999999404,1540,,,,0.40625,-0.1953125,-1.099609375,0.03873936583615035,1.6659201915216568,12.098000526428223,4.449056148529053,4551,4551,53.8246836270132,18.461925634562252,34.30010989474111,0.09023545130107752,0.030950858960285186,2.337890625,,
3.029339999999851,1540,,,,-0.3125,0.333984375,-1.033203125,0.038827835330486685,1.660718844905834,12.098000526428223,4.4610595703125,4551,4551,53.969901030068286,18.505537581083363,34.28862611916475,0.08974172393691744,0.030771204193622604,2.326171875,,
3.0514999999981374,1540,,,,-0.0625,-1.84765625,-0.654296875,0.03912629620930083,1.6762339728453395,12.096000671386719,4.535435199737549,4554,4553,54.86062722105635,18.655537394138065,34.0053301231266,0.08985181919080203,0.030554407737467048,2.330078125,,
3.0860800000000745,1540,,,,0.373046875,0.177734375,-1.162109375,0.039235103704739094,1.67976822118686,12.095500946044922,4.4610595703125,4553,4554,53.958750253077596,18.7104171010421,34.67540855428714,0.08977716595603329,0.031130599083714926,2.345703125,,
3.1115149999987333,1540,,,,0.087890625,-0.193359375,-1.080078125,0.03918257543416584,1.6775825164243938,12.098180770874023,4.4091796875,4554,4554,53.343052910640836,18.685142342524422,35.02825826977954,0.08978162893661676,0.03144894086273324,2.349609375,,
3.1330649999994784,1540,,,,-0.7734375,0.51953125,-0.90625,0.038599368459106276,1.6775454234877905,12.096501350402832,4.3609619140625,4550,4552,52.75238168251235,18.397877737869372,34.87591868097275,0.09118146382910272,0.03180037317715845,2.333984375,,
3.1565349999982866,1540,,,,0.015625,-0.84375,-0.94921875,0.038258668374070846,1.6828801379655576,12.096667289733887,4.444986820220947,4546,4548,53.76952667146497,18.221388024168203,33.8879457420222,0.09235740634760893,0.03129802775181667,2.3359375,,
3.1795899999979884,1540,,,,0.5234375,-1.232421875,-0.822265625,0.03824699904979279,1.674811382317935,12.095429420471191,4.454520225524902,4547,4546,53.87933498989787,18.208739183812575,33.795404466715546,0.09197843768374851,0.03108448503738872,2.322265625,,
3.2031549999993296,1540,,,,-0.32421875,0.70703125,-1.232421875,0.03903383311785912,1.6768896981665649,12.095001220703125,4.5526123046875,4549,4548,55.06385138258338,18.589076681765732,33.75912911105494,0.09020833723341665,0.030453549035564968,2.32421875,,
3.2275549999978392,1540,,,,0.5234375,-0.65625,-0.712890625,0.03910638830938471,1.6824578064027342,12.098856925964355,4.400111675262451,4547,4548,53.23632161726573,18.62650189268435,34.98833376692833,0.09032602128387444,0.03160356980518871,2.330078125,,
3.4024000000003727,1540,,,,0.203125,-1.525390625,-0.98828125,0.038869594271023884,1.6771675478789487,12.096001625061035,4.490966796875,4548,4549,54.32274167309515,18.517847644100787,34.088573355774244,0.09057032869655575,0.03087413293629126,2.333984375,,
3.426089999999851,1540,,,,0.13671875,-0.267578125,-0.978515625,0.03896652798779343,1.6829198704744281,12.09634780883789,4.470551490783691,4551,4550,54.07734572983827,18.568455424823313,34.33684692586122,0.09063327196426958,0.031120607858270734,2.328125,,
3.4529949999991802,1540,,,,-0.28125,-1.296875,-0.962890625,0.038839620773700866,1.6766563044081626,12.10050106048584,4.41162109375,4549,4551,53.382825723383576,18.50969601751899,34.67350363473001,0.09058259535009365,0.0314081594911475,2.3359375,,
3.485309999998659,1540,,,,0.30078125,-0.3828125,-0.908203125,0.03873708090613401,1.6786901643028114,12.095500946044922,4.5391845703125,4551,4550,54.903711264487356,18.457118628409418,33.61725137212681,0.0909508248876372,0.03057516742749987,2.341796875,,
3.507179999999702,1540,,,,-0.134765625,-0.26953125,-0.79296875,0.03883360754900407,1.6824578064027342,12.09520149230957,4.46923828125,4550,4552,54.05633752886206,18.510177141383963,34.24238116668727,0.09089366317522668,0.03112415460082598,2.34375,,
3.5287750000003726,1540,,,,0.1875,0.275390625,-1.162109375,0.03906868472837138,1.6846361481478225,12.100001335144043,4.403482913970947,4554,4553,53.28214913833244,18.625564746793557,34.95648176359666,0.09044752044030434,0.03161727098834036,2.365234375,,
3.5546549999993293,1540,,,,0.099609375,-0.658203125,-1.326171875,0.038957182043955915,1.6900931164990383,12.098999977111816,4.521484375,4552,4552,54.705439349636436,18.569833985120233,33.94513270688803,0.09101282853973212,0.030894425428104534,2.349609375,,
3.5798699999991803,1540,,,,0.173828125,-0.8359375,-0.568359375,0.03874860253159681,1.6866922360194616,12.097500801086426,4.4091796875,4551,4551,53.34005480166525,18.46761174807547,34.62240865095422,0.09133245051002514,0.03162149424651142,2.34765625,,
3.6030299999993294,1540,,,,0.26171875,0.056640625,-1.181640625,0.03892093588833828,1.6821577287133598,12.097500801086426,4.447021484375,4550,4550,53.79784596967511,18.54664405407981,34.474696374524406,0.09069876597665799,0.03126812418589328,2.35546875,,
3.626320000000298,1540,,,,-0.3125,0.140625,-0.9375,0.038797209554952056,1.6799127030372996,12.097143173217773,4.4873046875,4550,4550,54.28356726653874,18.48569914214634,34.05395052867357,0.09087634122569885,0.030946984283268072,2.361328125,,
3.64975,1540,,,,0.423828125,-1.19140625,-0.814453125,0.03880778574031636,1.6772786877639023,12.0977144241333,4.4063897132873535,4549,4550,53.307244392789016,18.489522908024195,34.68482214497156,0.09071508746372177,0.03146436674544729,2.35546875,,
3.6861650000009685,1540,,,,0.125,-0.03515625,-1.177734375,0.039076896894287505,1.6788457601417464,12.097000122070312,4.517822265625,4550,4550,54.6520964987576,18.61969890889144,34.06950529210662,0.09016503265474661,0.03071878057193856,2.35546875,,
3.713414999999106,1540,,,,-0.15625,-0.421875,-0.96875,0.039009808879384246,1.6810723088119328,12.095636367797852,4.447354316711426,4550,4550,53.793580613697486,18.58590279324008,34.550410255657056,0.09044878408722548,0.03125042597338985,2.3515625,,
3.7353650000002236,1540,,,,0.3984375,-0.09765625,-0.8515625,0.03881951612834303,1.686569982146013,12.096000671386719,4.4873046875,4547,4549,54.27844051271677,18.493183871194574,34.07095652805619,0.09119954648658714,0.031072557837229505,2.357421875,,
3.757199999999255,1540,,,,0.1875,-0.373046875,-1.203125,0.03905132278154342,1.6823466665177806,12.099333763122559,4.458821773529053,4551,4550,53.948772828206074,18.60500083512219,34.48642083920568,0.0904244338082413,0.031184150784579073,2.365234375,,
3.780644999999553,1540,,,,-0.546875,-0.572265625,-1.169921875,0.0390727384110875,1.6816020292885925,12.097715377807617,4.432198524475098,4548,4549,53.61947624703862,18.613116469709187,34.71335002220799,0.09034500117297477,0.03136177648474264,2.369140625,,
3.804234999999404,1540,,,,0.078125,0.025390625,-0.744140625,0.03919175179684706,1.683947080861111,12.096501350402832,4.3890380859375,4550,4549,53.09200513351243,18.671457750653207,35.168115620608795,0.09018830256047894,0.03171752652073371,2.37109375,,
3.833054999999702,1540,,,,0.375,-0.2421875,-0.818359375,0.03892388092166904,1.6717328075047235,12.095427513122559,4.5166015625,4550,4550,54.63022680487484,18.544450980309534,33.945403606954734,0.0901473335220205,0.030600876204957456,2.36328125,,
3.858480000000447,1540,,,,-0.44921875,0.599609375,-1.04296875,0.03902038852840454,1.6724996727109025,12.0946683883667,4.4287109375,4550,4549,53.5637901769951,18.58950108837564,34.70535043720557,0.08997012156268937,0.03122444597711119,2.36328125,,
3.883390000000596,1540,,,,0.474609375,-0.853515625,-0.80078125,0.038928876411400214,1.6728442063542583,12.098000526428223,4.515380859375,4551,4550,54.62708001374267,18.548815784601405,33.95534921495902,0.09018603806195523,0.030622984167072754,2.37890625,,
3.906559999998659,1540,,,,-0.048828125,-0.837890625,-1.0234375,0.038897851835090966,1.6774787395568185,12.094499588012695,4.4891357421875,4552,4551,54.293850384419784,18.53715924269498,34.14228151336716,0.09049276200277936,0.030896293552210276,2.375,,
3.9294949999991804,1540,,,,0.19921875,0.123046875,-0.87890625,0.03913115587760492,1.6846806041018039,12.09657096862793,4.395926475524902,4551,4552,53.17563658405743,18.651221733090015,35.074750263886514,0.09032548259897272,0.03168143744623995,2.3671875,,
3.9530399999991057,1540,,,,0.390625,-0.744140625,-1.04296875,0.03886785542139549,1.6856252931239082,12.097001075744629,4.501953125,4552,4551,54.460131796076894,18.525220666317832,34.01611427545668,0.09099083479144067,0.030951546342848447,2.37109375,,
3.9760999999996276,1540,,,,-0.51171875,-0.767578125,-0.947265625,0.038970407585552466,1.682102158770883,12.098286628723145,4.483817100524902,4552,4552,54.246504472920606,18.576466414139148,34.24454090569534,0.09055016822201346,0.031008489396963344,2.375,,
3.9997400000002234,1540,,,,0.779296875,-0.080078125,-1.0390625,0.03901157181827719,1.68488065589472,12.101144790649414,4.3924384117126465,4552,4553,53.15353320414488,18.599042110957658,34.99116801798477,0.09058964681315872,0.03169837552329135,2.388671875,,
4.039544999998063,1540,,,,0.099609375,-0.01953125,-1.296875,0.03875257614674324,1.6904598781193847,12.094858169555664,4.434988975524902,4552,4552,53.64056264251667,18.47297071131021,34.438435768136664,0.09150990950710426,0.03151458140708408,2.388671875,,
4.061525000000373,1540,,,,-0.080078125,-0.1953125,-0.93359375,0.03867430029853834,1.6878758757942163,12.096572875976562,4.43359375,4550,4551,53.63128989934921,18.43095610962462,34.36605038628443,0.09157831345020728,0.031471849343207715,2.392578125,,
4.083289999999106,1540,,,,-0.486328125,-0.322265625,-0.94921875,0.03884085755914453,1.68727016342122,12.099333763122559,4.508463382720947,4549,4549,54.5494032263573,18.503982580674787,33.921512402053175,0.09118416298031826,0.03093104715407704,2.388671875,,
4.108339999999851,1540,,,,0.765625,-1.076171875,-0.775390625,0.03903139028844708,1.688170396489343,12.09714412689209,4.415457725524902,4549,4550,53.41442849187388,18.595624679671367,34.813860607907436,0.09078320441339309,0.031605138239870344,2.392578125,,
4.13227499999851,1540,,,,0.2109375,0.080078125,-1.23046875,0.03902277568867289,1.6902709403149636,12.098000526428223,4.466552734375,4551,4550,54.03635733178817,18.591669836589283,34.40585330805097,0.09091549899344871,0.03128025321796852,2.396484375,,
4.154925000000745,1540,,,,-0.423828125,0.15625,-0.919921875,0.03902068470941869,1.6843249564699527,12.0994291305542,4.464285850524902,4548,4549,54.01531026696193,18.58870204758605,34.413765200485564,0.09061014330953143,0.03118236196636563,2.404296875,,
4.180104999998584,1540,,,,0.375,-1.365234375,-0.8828125,0.038966559172050746,1.6844249823664108,12.094858169555664,4.6261162757873535,4551,4550,55.952220231521096,18.56457285097932,33.179331890963695,0.09073330132007609,0.030104703180616192,2.40234375,,
4.207855000000447,1540,,,,0.13671875,0.19921875,-1.228515625,0.039126164999095034,1.6870701116283036,12.095500946044922,4.3878173828125,4556,4555,53.07284930488095,18.664350456728382,35.167417429408445,0.09038997180960699,0.03178781870060911,2.396484375,,
4.230849999999627,1540,,,,0.287109375,0.0625,-0.75390625,0.039231747070127956,1.6978395664802954,12.100444793701172,4.43250846862793,4556,4555,53.635324022245186,18.715271447056708,34.89355529817359,0.09071947320044398,0.03165524954740869,2.3984375,,
4.253684999998659,1540,,,,-0.037109375,-0.623046875,-1.2734375,0.038670933914862184,1.6877036089725383,12.0977144241333,4.4580078125,4553,4553,53.93170541618019,18.43858256320455,34.18876228911675,0.09153109265245073,0.03129334768757759,2.4140625,,
4.279785000000149,1540,,,,0.173828125,-0.5234375,-0.673828125,0.03865585074975553,1.6901931423954963,12.096571922302246,4.400111675262451,4552,4552,53.226267345974065,18.427977037512537,34.62196008923477,0.09171886523164692,0.03175486891479982,2.40234375,,
4.304504999998957,1540,,,,0.287109375,0.115234375,-1.173828125,0.03874458531944906,1.6853918993655062,12.096000671386719,4.4952392578125,4550,4550,54.374417080543935,18.46019836309283,33.95015405084351,0.09129868846561706,0.030996045380476678,2.3984375,,
4.4810749999992545,1540,,,,-0.423828125,0.224609375,-0.89453125,0.03889514910047892,1.6889594896725126,12.097500801086426,4.4482421875,4552,4550,53.812613426707685,18.53340152103229,34.44062709623762,0.09113057242923422,0.031385940621019286,2.40234375,,
4.505150000000373,1540,,,,0.09375,-0.294921875,-0.986328125,0.03897246635525129,1.6862032205256665,12.09701919555664,4.4549455642700195,4551,4551,53.891562006134336,18.57181565221494,34.46145363183379,0.09079366563304024,0.031288816982772374,2.4140625,,
4.528714999999851,1540,,,,0.224609375,-0.62109375,-0.9453125,0.039270155693776516,1.672899776296735,12.097715377807617,4.522181987762451,4550,4551,54.70807057459842,18.716729520146124,34.21200807040801,0.08937991941893887,0.03057866524493155,2.421875,,
4.552134999999777,1540,,,,-0.099609375,-0.7265625,-1.19921875,0.03903810366770988,1.680757366162946,12.09950065612793,4.42138671875,4552,4552,53.49657150451094,18.60723645236899,34.78211019709925,0.090328156492522,0.031418038930237265,2.41015625,,
4.574329999998212,1540,,,,0.0859375,-0.13671875,-0.5234375,0.03920381754642211,1.6903376242459358,12.0994291305542,4.501953125,4553,4553,54.47106278501451,18.691090873771095,34.31379877337952,0.09043547194016156,0.03103184586130314,2.404296875,,
4.595484999999404,1540,,,,0.640625,-0.1328125,-1.08203125,0.039010422087102134,1.6823466665177806,12.09428596496582,4.4747490882873535,4554,4552,54.11889509521734,18.597415658622364,34.36399731720664,0.09046131448580008,0.031086123683010208,2.421875,,
4.617809999998659,1540,,,,0.125,-1.001953125,-1.171875,0.03946442421099412,1.6777454752807066,12.094666481018066,4.435221195220947,4556,4555,53.64252112573968,18.823680085595363,35.09096830380528,0.08912951493287356,0.031276409834430065,2.423828125,,
4.642754999998957,1540,,,,-0.423828125,0.70703125,-1.056640625,0.039145477911730724,1.6793236616470462,12.098859786987305,4.423130512237549,4553,4554,53.51483588710744,18.66757369971814,34.88298784863779,0.08995939636613846,0.03138052530310798,2.419921875,,
4.664509999999776,1540,,,,0.037109375,-1.037109375,-0.8046875,0.038905404456628614,1.6942386342078029,12.095999717712402,4.4940185546875,4551,4553,54.3596471688943,18.548074131446242,34.12103480697319,0.09134310237284449,0.03116721175440743,2.42578125,,
4.685504999998957,1540,,,,0.546875,-1.494140625,-0.91015625,0.03895438456970646,1.6926715618299588,12.098286628723145,4.412667274475098,4552,4551,53.385713483786276,18.56495450291209,34.775136064352566,0.09117563749291425,0.03170645199570178,2.41796875,,
4.708369999999181,1540,,,,0.03125,0.75390625,-1.279296875,0.03884821371470839,1.6827467701036132,12.095429420471191,4.5040459632873535,4550,4552,54.47837005550036,18.516503843764152,33.98872584642361,0.0908782124477735,0.030888346483004148,2.435546875,,
4.731015000000596,1540,,,,-0.736328125,-0.40625,-0.73046875,0.03879728570997034,1.6788346461532508,12.097999572753906,4.47265625,4550,4550,54.11019340157509,18.486644969200434,34.16481037501209,0.09081337630220429,0.031026217808794262,2.431640625,,
4.754734999999404,1540,,,,0.53125,-1.01953125,-0.7265625,0.03892434735368924,1.680435060496581,12.095429420471191,4.506138324737549,4550,4551,54.503678065743316,18.548543529977064,34.03172811127256,0.09059660440620369,0.03083159008956441,2.4296875,,
4.779419999999925,1540,,,,0.349609375,0.04296875,-1.1875,0.03897420695242774,1.6844249823664108,12.10050106048584,4.4134521484375,4551,4550,53.40498240257148,18.569534527025958,34.77116495806921,0.09070905788806453,0.03154059615016941,2.435546875,,
4.8080549999978395,1540,,,,-0.4375,0.169921875,-1.01953125,0.038950770769554624,1.6794348015319998,12.097000122070312,4.5501708984375,4549,4551,55.04341791383922,18.56134562815221,33.72128100258369,0.09048022892180733,0.030511092246503644,2.43359375,,
4.832404999999329,1540,,,,0.125,-1.15234375,-0.919921875,0.03909924935544367,1.6801349828072065,12.093501091003418,4.63134765625,4560,4554,56.0092079336755,18.644178311795688,33.28770214689269,0.09011579672268144,0.029997478000345485,2.423828125,,
4.857894999999553,1540,,,,0.486328125,0.61328125,-0.728515625,0.041163275546972806,1.6923937121175752,12.09749984741211,4.37255859375,4565,4564,52.89702692069113,19.67560845492756,37.19605732176088,0.08601480945275326,0.031994117829249505,2.421875,,
5.031230000000447,1540,,,,-0.19921875,-0.611328125,-1.279296875,0.0394153287326703,1.7112874925596664,12.09950065612793,4.4207763671875,4560,4561,53.48918655538,18.827827096883315,35.199314682772254,0.0908913962165579,0.03199314857383157,2.421875,,
5.071299999998883,1540,,,,0.22265625,-0.314453125,-0.935546875,0.038909468863927585,1.6872464072708109,12.09655475616455,4.482421875,4559,4559,54.22186165116727,18.57610440814909,34.259436770462095,0.09082886111097861,0.03111745624164655,2.435546875,,
5.10252499999851,1540,,,,0.0546875,-0.671875,-0.841796875,0.03827329161963403,1.693668069823423,12.097846031188965,4.4384765625,4556,4558,53.696006066165864,18.268353963578768,34.02181149389015,0.09271049122433545,0.03154178855940297,2.439453125,,
5.123890000000596,1540,,,,-0.14453125,-0.0234375,-1.15625,0.038708746488378735,1.6943349091331439,12.097200393676758,4.498046875,4554,4554,54.41377442702651,18.460086096245576,33.925391668982854,0.09178369484840804,0.031137977965586466,2.427734375,,
5.1456749999988824,1540,,,,0.109375,-1.638671875,-0.791015625,0.0388994930106684,1.6710326262295165,12.09714412689209,4.540318012237549,4559,4556,54.92488137596183,18.55934465197272,33.790413719664976,0.09003726465373325,0.030423964228366147,2.41796875,,
5.167754999998957,1540,,,,0.8125,0.115234375,-1.10546875,0.03967998119983538,1.6762562008223303,12.096000671386719,4.393717288970947,4563,4562,53.14640727727601,18.955933801334467,35.667385195837156,0.08842910185222976,0.03154034838285396,2.419921875,,
5.191070000000298,1540,,,,-0.1875,-0.7734375,-0.970703125,0.03983644720438289,1.6927493597494263,12.100000381469727,4.374302387237549,4557,4561,52.929060554238276,19.025086182290224,35.944500021485446,0.08897459614796102,0.03198147373152044,2.4296875,,
5.214679999999702,1540,,,,0.099609375,-0.189453125,-0.7265625,0.03810174795462528,1.6881259405353617,12.098287582397461,4.462890625,4555,4555,53.99333423003554,18.173441525016347,33.658676175820936,0.09288972252237421,0.03126545090442455,2.41796875,,
5.237034999998286,1540,,,,0.236328125,0.1328125,-1.484375,0.03837035341132825,1.6900820025105427,12.09749984741211,4.5013427734375,4555,4554,54.45499351480976,18.299942590819477,33.60562807861241,0.09235449751401982,0.031036308948432848,2.41015625,,
5.259944999998435,1540,,,,-0.3125,-1.173828125,-0.900390625,0.03906686106021805,1.6900820025105427,12.095429420471191,4.488699913024902,4558,4555,54.29275298766788,18.636317181352013,34.32560729713796,0.0906875530215639,0.031129053317565786,2.40234375,,
5.282844999998808,1540,,,,-0.048828125,0.08984375,-0.58984375,0.0390450858951473,1.6825911742646782,12.097715377807617,4.4119696617126465,4554,4555,53.374753222921754,18.62309732621996,34.89121017279436,0.09034969558451016,0.03152410217687134,2.40625,,
5.305759999999776,1540,,,,0.21875,-0.779296875,-1.169921875,0.03864495611065424,1.6890706295574662,12.0977144241333,4.510323524475098,4552,4553,54.564605959550136,18.426808819916353,33.77062565718247,0.09166376262241666,0.030955426138504674,2.412109375,,
5.3313549999985845,1540,,,,-0.1484375,-0.44921875,-1.048828125,0.03858311250671811,1.6970727012741167,12.098858833312988,4.432198524475098,4553,4552,53.62454426884233,18.39241177047417,34.29849525296718,0.09227026463155164,0.03164731233455299,2.3984375,,
5.358629999998957,1540,,,,0.298828125,0.25,-0.84765625,0.03884882398801274,1.6906265879468148,12.097500801086426,4.4805908203125,4551,4551,54.203951038070954,18.51523495504388,34.15846003926804,0.09131002615153193,0.03119009879481623,2.390625,,
5.384039999999106,1540,,,,0.009765625,-0.279296875,-1.08203125,0.03897786230597142,1.6801238688187112,12.09644603729248,4.440646648406982,4551,4551,53.71604255313878,18.574783062819325,34.579582150796305,0.09045187031991629,0.031277878804207196,2.38671875,,
5.408559999998659,1540,,,,0.611328125,-0.763671875,-0.9296875,0.038997752127804076,1.6814686614266483,12.096000671386719,4.4454522132873535,4549,4550,53.7721929565414,18.582882219543016,34.558535179254584,0.09048481508741965,0.03127022665386938,2.388671875,,
5.4313699999991805,1540,,,,-0.298828125,-0.43359375,-1.267578125,0.039041882074488374,1.6829134799310435,12.099000930786133,4.478759765625,4550,4549,54.18851857306436,18.599010669261958,34.32278858884882,0.09048403218093452,0.03105664307212809,2.388671875,,
5.453875,1540,,,,-0.375,0.109375,-0.681640625,0.0389252891607043,1.673177626009119,12.10057258605957,4.444754600524902,4551,4549,53.78407567087379,18.543285900920647,34.477279138149385,0.09023091349338729,0.03110916391401723,2.375,,
5.48027499999851,1540,,,,0.3125,-0.54296875,-0.890625,0.038942572577036344,1.6713438179073865,12.097143173217773,4.507533550262451,4550,4550,54.528278715607485,18.555144848989695,34.02848079207515,0.0900744150212543,0.030650955014081566,2.392578125,,
5.506254999998957,1540,,,,0.125,-0.39453125,-1.3203125,0.03895859889147759,1.6799793869682715,12.09688949584961,4.461263179779053,4549,4550,53.96740769768985,18.56140833444092,34.39373712077607,0.09050926291250483,0.03112951795607899,2.380859375,,
5.536480000000447,1540,,,,-0.3125,-1.01953125,-0.52734375,0.038989786173158056,1.6769674960860326,12.098999977111816,4.3756103515625,4550,4549,52.940509543404914,18.57457544556496,35.085751168178724,0.09028295160772791,0.031676451748374634,2.384765625,,
5.565504999998957,1540,,,,-0.03125,-0.08984375,-1.181640625,0.03896834128681222,1.6858586868823107,12.097201347351074,4.4345703125,4548,4549,53.645889959298074,18.564812404393304,34.60621572030719,0.09080935751784691,0.0314256821568511,2.396484375,,
5.587019999999553,1540,,,,0.625,-0.64453125,-0.873046875,0.038971776699073764,1.6825022623567156,12.095556259155273,4.47374153137207,4550,4549,54.11239238163034,18.56620264923232,34.310445042409604,0.09062177625354552,0.031092734737928136,2.39453125,,
5.608919999999926,1540,,,,-0.673828125,0.982421875,-1.14453125,0.03918319099465459,1.6705658387127122,12.09533405303955,4.53369140625,4551,4550,54.83651205198839,18.668913750307315,34.04467762757783,0.08948382648589893,0.030464480255945395,2.388671875,,
5.630714999999851,1540,,,,0.1875,-0.681640625,-0.822265625,0.03924026352162899,1.6805239724045435,12.095428466796875,4.481026649475098,4551,4551,54.19993729653652,18.700129843940715,34.50212449809548,0.08986696811354351,0.031006013221198548,2.390625,,
5.654195000000298,1540,,,,0.46875,-0.80859375,-0.658203125,0.03913760907219975,1.686736691973443,12.096000671386719,4.4168524742126465,4552,4552,53.42625049349226,18.65425942299086,34.91590603997766,0.09042099467613207,0.03157130954153148,2.384765625,,
5.6778149999994785,1540,,,,0.38671875,-0.013671875,-1.47265625,0.039086600860158034,1.6931272353582683,12.101143836975098,4.388253211975098,4551,4553,53.10288331117863,18.6342787199449,35.090898192381616,0.09086089463425577,0.03188390403279382,2.390625,,
5.703689999999479,1540,,,,-0.111328125,-0.369140625,-0.759765625,0.03866744950837444,1.6854808112734687,12.095500946044922,4.4415283203125,4549,4551,53.72251000022516,18.426476906595845,34.29935962880107,0.09147059526447744,0.0313738284243682,2.396484375,,
5.725669999998063,1540,,,,0.224609375,-1.640625,-0.78125,0.038474422387821776,1.6742556828931674,12.096000671386719,4.432373046875,4550,4548,53.613987350836396,18.325962721063142,34.18130906985647,0.09135976692612409,0.031227964298518984,2.392578125,,
5.762384999999776,1540,,,,0.453125,0.419921875,-1.1640625,0.03905260637786988,1.6814130914841716,12.092573165893555,4.491489887237549,4550,4549,54.31367008529105,18.603920742536655,34.2527410011552,0.09037950197453432,0.030957456729471193,2.400390625,,
5.808844999998808,1540,,,,-0.140625,-0.330078125,-0.98046875,0.03917795617293172,1.6912434143083066,12.101000785827637,4.413248538970947,4551,4550,53.4047240381401,18.665783817913596,34.95155935003621,0.09060661104867272,0.03166842343573332,2.384765625,,
5.831109999999404,1540,,,,0.103515625,-0.392578125,-0.8671875,0.03877019408621982,1.6833246975053713,12.095999717712402,4.450846195220947,4550,4550,53.8374343209739,18.472051627525506,34.310794822421904,0.09112819363264565,0.03126680754267639,2.396484375,,
5.855719999998808,1540,,,,0,-0.619140625,-1.111328125,0.03884430353878818,1.6838137129991666,12.096000671386719,4.505208492279053,4549,4550,54.49500494734457,18.506788355361188,33.96052238777342,0.09098357211781624,0.030898496378266967,2.39453125,,
5.880974999999627,1540,,,,0.1484375,-0.09765625,-0.720703125,0.03897591701685656,1.6780566669585764,12.097999572753906,4.464111328125,4548,4549,54.00681694038212,18.565906616465575,34.37696881295633,0.090383771804085,0.031071201045063914,2.37890625,,
5.903309999998659,1540,,,,0.40625,-0.029296875,-1.041015625,0.03897383693685268,1.6763562267187884,12.09999942779541,4.4952392578125,4549,4548,54.392392447334714,18.56313119883438,34.12817558412802,0.09030568220215189,0.030819681784395047,2.392578125,,
5.925609999999404,1540,,,,-0.224609375,-0.8203125,-1.2421875,0.03896499848324493,1.6838359409761574,12.094858169555664,4.420340538024902,4547,4549,53.46339186854857,18.562866755560464,34.720705340209854,0.09070990828891061,0.031495119971367246,2.38671875,,
5.951134999999777,1540,,,,0,0.138671875,-0.888671875,0.03908299544404493,1.6855697231814315,12.095429420471191,4.488002300262451,4549,4549,54.284315061736834,18.617826130124424,34.29687951105327,0.09053525966998419,0.031050768924033682,2.390625,,
5.976684999998659,1540,,,,0.666015625,-0.8984375,-0.9296875,0.03888858914912452,1.6855697231814315,12.096000671386719,4.45556640625,4549,4549,53.89453424140811,18.524229756706067,34.37125863957013,0.09099270227801123,0.03127533704310926,2.400390625,,
5.999605000000447,1540,,,,-0.361328125,0.25390625,-1.072265625,0.0390641804035746,1.679412573555009,12.09900188446045,4.464111328125,4551,4550,54.011291371425614,18.613724169689068,34.46265345089778,0.09022442571109951,0.03109373116087895,2.3984375,,
6.039959999999032,1540,,,,0.078125,-1.23828125,-0.73046875,0.039227935351642325,1.6723996468144444,12.096571922302246,4.4454522132873535,4550,4551,53.774732425188176,18.69400114259861,34.763540978294685,0.08946183505913535,0.031100101690716912,2.3828125,,
6.062240000000224,1540,,,,0.46484375,-0.224609375,-1.125,0.039010294035757585,1.6841693606310177,12.096617698669434,4.426081657409668,4550,4550,53.54061771277793,18.586539121243828,34.71483878081592,0.09061231623837196,0.031455919497713904,2.3828125,,
6.085074999999255,1540,,,,-0.359375,-0.951171875,-0.9453125,0.039063859714093964,1.6898263807751497,12.098284721374512,4.466378211975098,4550,4549,54.035515281818334,18.610409958020036,34.44107058285423,0.09080006214731073,0.0312725134934308,2.392578125,,
6.107109999999404,1540,,,,0.38671875,-0.275390625,-0.5625,0.039077234072377606,1.6893929352238313,12.0994291305542,4.3826727867126465,4547,4549,53.027838785238146,18.614501422043848,35.10326245320362,0.09075681894026998,0.031858604346781776,2.390625,,
6.129754999998957,1540,,,,0.09375,-0.099609375,-1.095703125,0.03889067621582731,1.6916046189344054,12.0994291305542,4.5096259117126465,4548,4548,54.563899124078034,18.522585615525102,33.94659456686707,0.09132659198057914,0.031002267911384135,2.396484375,,
6.155144999999553,1540,,,,0.13671875,-0.47265625,-1.541015625,0.03891716977814991,1.682135500736369,12.096572875976562,4.4698662757873535,4549,4549,54.070063150931674,18.540656356936434,34.290058632226625,0.0907268582272735,0.03111029288130921,2.39453125,,
6.177174999998883,1540,,,,0.0625,-0.376953125,-0.669921875,0.03894533768802305,1.6808018221169274,12.098999977111816,4.4586181640625,4551,4550,53.944821064942516,18.556126457273205,34.39834647877329,0.09057934725693385,0.031157797707651338,2.408203125,,
6.202339999997989,1540,,,,-0.13671875,-0.19140625,-0.779296875,0.03909930128146342,1.6813464075531994,12.098286628723145,4.4140625,4549,4551,53.402593322098255,18.633054810786394,34.89166658705308,0.09023460858280165,0.03148435877284353,2.404296875,,
6.369724999999628,1540,,,,0.125,-0.47265625,-1.3515625,0.03908245928476944,1.6813464075531994,12.096500396728516,4.4281005859375,4551,4551,53.56452049454674,18.62563255641058,34.772331357482805,0.09027056678268426,0.03138918059995278,2.40625,,
6.392864999998361,1540,,,,0.08203125,-0.296875,-1.009765625,0.03917276858566029,1.686784343199117,12.096572875976562,4.471261024475098,4555,4555,54.08693483007664,18.684878730414063,34.5460115074293,0.09027537012875958,0.031186539753055676,2.400390625,,
6.415834999999031,1540,,,,-0.1875,0.7890625,-1.107421875,0.038710138099070576,1.677400941637351,12.096000671386719,4.4503350257873535,4552,4553,53.83125545981966,18.45737709822244,34.287472845583665,0.09087970260947288,0.03116035335437021,2.396484375,,
6.465125,1540,,,,-0.25,-0.94140625,-0.767578125,0.03885293183249226,1.679256977716074,12.09866714477539,4.430338382720947,4552,4553,53.601189431263265,18.524826216000154,34.56047601286142,0.09064900032722985,0.03132872601399095,2.400390625,,
6.633910000000149,1540,,,,0.3125,-0.064453125,-1.06640625,0.038878473806421295,1.6831691016664365,12.097647666931152,4.431583404541016,4551,4551,53.61173463475643,18.530290122695227,34.56386973661184,0.09083339173437723,0.03139553519641649,2.3984375,,
6.655849999999628,1540,,,,0.15625,-0.412109375,-0.984375,0.039013327098001434,1.6846472621363178,12.09764289855957,4.470127582550049,4551,4551,54.07800720469186,18.59166626498896,34.379347956771475,0.09061303264187645,0.031152169786133617,2.4140625,,
6.680769999999553,1540,,,,-0.375,0.693359375,-1.25,0.038848509950742814,1.6871034535937897,12.09657096862793,4.419642925262451,4550,4551,53.462524301431586,18.51253922255053,34.627132677412334,0.09113301170153319,0.031556748874811615,2.423828125,,
6.702754999998957,1540,,,,-0.01171875,-1.14453125,-0.6328125,0.03895912834614213,1.6766896463736487,12.096501350402832,4.5318603515625,4552,4551,54.819654862512834,18.56727900400408,33.86974808683243,0.09030346589891099,0.030585556413639782,2.427734375,,
6.725705000000074,1540,,,,0.6484375,-0.271484375,-1.0703125,0.03924233326131845,1.677656563372744,12.09533405303955,4.43115234375,4552,4552,53.59626783756539,18.706044781524163,34.90176748540908,0.08968526393295895,0.031301742286556786,2.419921875,,
6.749330000000074,1540,,,,-0.015625,0.123046875,-1.291015625,0.039135677110213096,1.6795459414169531,12.09850025177002,4.451904296875,4552,4552,53.86136525659822,18.65519228620353,34.63557263602448,0.09003101740522201,0.03118275842833751,2.4140625,,
6.776494999999181,1540,,,,-0.298828125,-0.83984375,-0.8125,0.03859727594277832,1.682869023977062,12.102286338806152,4.4454522132873535,4553,4552,53.80013559068311,18.398132529722186,34.197186173836144,0.09146955655735096,0.03128001454829966,2.39453125,,
6.814389999998733,1540,,,,0.76171875,-0.62890625,-1.01953125,0.0390178179271159,1.6828245680230807,12.0977783203125,4.480251789093018,4552,4553,54.2010929636308,18.603891947748334,34.32383173570252,0.09045551182244725,0.0310477976736053,2.38671875,,
6.837694999998435,1540,,,,-0.0625,-0.37109375,-1.12109375,0.03869332578100028,1.6782418537918804,12.096667289733887,4.430745601654053,4552,4552,53.59725538866087,18.444014799589908,34.41223746597285,0.0909911357167852,0.031312085695845766,2.39453125,,
6.861689999999478,1540,,,,0.2109375,-0.306640625,-0.623046875,0.03885373362606087,1.6763228847533025,12.092573165893555,4.492885112762451,4550,4551,54.330541952033855,18.516833202370933,34.081812065704526,0.09052967461729161,0.030854153566759142,2.38671875,,
6.883554999999702,1540,,,,0.037109375,-0.0859375,-1.3515625,0.03895651104139118,1.681713169173546,12.102286338806152,4.4119696617126465,4550,4550,53.39492016417216,18.5617934445316,34.76321977345423,0.0906007910388092,0.03149575210530927,2.388671875,,
6.906070000000298,1540,,,,-0.171875,-0.63671875,-1.083984375,0.038958868633076335,1.681713169173546,12.096000671386719,4.4705634117126465,4550,4550,54.07593802955307,18.562869605175628,34.32741119540233,0.0905955385639652,0.031099103047541626,2.38671875,,
6.929454999998212,1540,,,,0.109375,0.09375,-0.779296875,0.038997591713196764,1.6846806041018039,12.099428176879883,4.464285850524902,4550,4550,54.015306009487176,18.581645938176766,34.40070474637895,0.09066369091881991,0.03118894862515282,2.400390625,,
6.9527949999999255,1540,,,,0.1875,-0.4921875,-0.8828125,0.03895001369085913,1.6864921842265455,12.096571922302246,4.5291571617126465,4554,4553,54.78727535406733,18.570348410428583,33.89536765684396,0.09081639972244457,0.03078255257863161,2.3984375,,
6.977150000000372,1540,,,,-0.162109375,-0.484375,-1.1953125,0.03899697235718382,1.6849917957796736,12.097715377807617,4.454520225524902,4551,4550,53.889517833087666,18.581071502224468,34.47993645030511,0.09068324157613578,0.03126752406652828,2.39453125,,
7.004509999999777,1540,,,,0.2734375,-0.833984375,-0.46484375,0.0388010773914768,1.6802238947151693,12.098501205444336,4.5086669921875,4550,4551,54.54811303992756,18.493275017775673,33.90268514740218,0.09085594050270403,0.0308026034463428,2.396484375,,
7.028914999999106,1540,,,,0.19921875,0.296875,-1.443359375,0.03880201402833464,1.6725885846188655,12.09866714477539,4.45421028137207,4552,4550,53.890007587157015,18.48891863591541,34.30862132652893,0.09046438126293661,0.03103708200288831,2.40625,,
7.0537999999988825,1540,,,,-0.4375,-0.02734375,-0.7890625,0.03878958189626797,1.6675539478304728,12.0994291305542,4.413364887237549,4551,4551,53.39919568040705,18.485654848962245,34.61785259762799,0.09020799974116614,0.031228072381665535,2.390625,,
7.08049499999918,1540,,,,0.3359375,-1.505859375,-0.8515625,0.03901925355401096,1.6809092110307637,12.097001075744629,4.5062255859375,4552,4551,54.51181576063391,18.593818740457962,34.10970352208598,0.0904015057097068,0.030835685577082616,2.392578125,,
7.104160000000149,1540,,,,0.009765625,-0.158203125,-1.0078125,0.039007597085258916,1.6820799307938925,12.097999572753906,4.415283203125,4549,4549,53.41609430499375,18.58395488985401,34.790927962167835,0.0905124846010163,0.03149013331430783,2.400390625,,
7.1277349999994035,1540,,,,0.1875,-0.1875,-0.828125,0.038935776056056345,1.6818576510239855,12.10050106048584,4.447021484375,4551,4550,53.811188187683,18.55280373397514,34.47759538270471,0.09065247900747501,0.03125479491658857,2.392578125,,
7.150914999999106,1540,,,,0.111328125,-0.24609375,-1.318359375,0.038892672036242144,1.684113790688541,12.096000671386719,4.520089149475098,4549,4551,54.675001386778604,18.534228579638324,33.898908293617765,0.09086505993234086,0.03080226333740505,2.39453125,,
7.1767849999982865,1540,,,,-0.234375,-0.63671875,-0.943359375,0.03891082082510302,1.6665536888658916,12.096000671386719,4.398193359375,4551,4550,53.20054982788861,18.53913522970857,34.84763839788372,0.08989382019260934,0.031325873402764284,2.392578125,,
7.199554999999702,1540,,,,0.3125,-0.943359375,-0.81640625,0.03893383389348925,1.6679651654048007,12.095000267028809,4.7149658203125,4553,4550,57.02751285571139,18.551784178757323,32.53128753080336,0.08990861198755752,0.029248429080626675,2.400390625,,
7.236809999998659,1540,,,,-0.486328125,1.111328125,-1.087890625,0.03943504053079433,1.6752781698347394,12.098286628723145,4.439871788024902,4562,4559,53.714841486306796,18.827060046232134,35.05001508946388,0.088982462780747,0.031188366631628398,2.40234375,,
7.259874999998138,1540,,,,0.1328125,-0.447265625,-1.076171875,0.03966543958860912,1.6842064535676209,12.0996675491333,4.3701171875,4560,4561,52.87696511950344,18.944864922498887,35.82820019961992,0.0889004202699519,0.031851420552621856,2.390625,,
7.283394999999553,1540,,,,0.2734375,-1.1015625,-0.796875,0.0384015469260175,1.6857808889628432,12.096000671386719,4.4510321617126465,4554,4556,53.83968801644005,18.32238792915893,34.031378345959496,0.09200661482993867,0.031311119196086104,2.37890625,,
7.306234999999404,1540,,,,-0.09375,0.8515625,-1.18359375,0.03849015252124887,1.6901264584645241,12.098001480102539,4.3804931640625,4554,4554,52.99521278240718,18.356692386904275,34.63839736293718,0.09207140495911267,0.0318920591073765,2.390625,,
7.329844999998808,1540,,,,-0.07421875,-0.728515625,-0.755859375,0.03850874636283124,1.6934050850706517,12.098858833312988,4.4308037757873535,4552,4552,53.60766940136136,18.356944550080684,34.24313116961304,0.09224874436215523,0.031588858534253826,2.39453125,,
7.353674999998883,1540,,,,0.484375,-0.53125,-0.873046875,0.03880118526610819,1.6971060432396026,12.098286628723145,4.395228862762451,4551,4551,53.174738580536996,18.49385793268091,34.779405458986176,0.09176592841889461,0.031915644318010375,2.392578125,,
7.3788099999986585,1540,,,,-0.14453125,0.0546875,-1.236328125,0.03878577009306862,1.6902375983494777,12.098284721374512,4.4580078125,4551,4550,53.93424780573696,18.482141223997335,34.267913201584314,0.09145247717049483,0.03133885549748388,2.400390625,,
7.404749999998137,1540,,,,0.5,-0.39453125,-0.91015625,0.038782708521599804,1.6826912001611365,12.093501091003418,4.393310546875,4550,4551,53.130505891749635,18.481962210747227,34.785970697141806,0.09104505143845898,0.03167090491458002,2.412109375,,
7.427240000000223,1540,,,,0.173828125,-0.744140625,-1.21875,0.0387775079023882,1.6734777036984934,12.096500396728516,4.461669921875,4549,4550,53.97059198003262,18.47825696415399,34.23763995583066,0.0905646948705647,0.031007214156880583,2.40625,,
7.455240000000224,1540,,,,-0.171875,-0.439453125,-0.947265625,0.03877204234755336,1.6782011488090158,12.096571922302246,4.4845147132873535,4550,4549,54.24725476590311,18.471170697459797,34.04996396070125,0.09085515890120632,0.030936148862298604,2.400390625,,
7.480515000000596,1540,,,,0.478515625,-0.65234375,-0.86328125,0.03892991463486043,1.6883704482822592,12.098668098449707,4.465060710906982,4552,4550,54.02128758069148,18.549082083959682,34.33661601688586,0.09102177890205561,0.031253798713337666,2.40625,,
7.503239999998361,1540,,,,-0.5234375,0.13671875,-1.0703125,0.03943599505360144,1.6850695936991409,12.096000671386719,4.4415283203125,4554,4554,53.724729544483125,18.80535277867895,35.00315950982769,0.08960584858634672,0.03136487811081362,2.4140625,,
7.53899499999918,1540,,,,0.548828125,-1.234375,-0.876953125,0.03906171954847933,1.6854474693079828,12.097143173217773,4.4754462242126465,4552,4553,54.14011373833728,18.626045784165246,34.403410887140254,0.0904887429591121,0.031131214046831543,2.40234375,,
7.56075,1540,,,,-0.28125,-0.650390625,-0.88671875,0.03872711879920495,1.6800349569107484,12.097667694091797,4.545491695404053,4552,4551,54.98984803725216,18.45457122284702,33.5599603954992,0.09103624986045959,0.030551729398717933,2.3984375,,
7.581804999999702,1540,,,,0.673828125,0.30859375,-1.24609375,0.0389541769250144,1.6822466406213226,12.097332954406738,4.43603515625,4562,4557,53.66419428260997,18.590184086625914,34.64169048868048,0.09049112331445705,0.03134765485832439,2.40234375,,
7.607484999999404,1540,,,,-0.359375,-0.306640625,-1.376953125,0.03974465036455064,1.6857808889628432,12.099431037902832,4.432896137237549,4557,4559,53.63552111069157,18.974439374044145,35.37662910906598,0.08884483255241189,0.03143030689463748,2.423828125,,
7.630549999998882,1540,,,,0.59375,-0.623046875,-0.748046875,0.03831441943681062,1.6868478318583966,12.096500396728516,4.47509765625,4555,4557,54.133020574226975,18.282075326942383,33.77250176142319,0.0922678526202373,0.031161162151397,2.416015625,,
7.653984999999404,1540,,,,-0.046875,0.94921875,-1.173828125,0.038440270145871897,1.6868811738238825,12.098856925964355,4.43359375,4551,4554,53.64141644909978,18.332036863954883,34.17515434431175,0.09201820759703411,0.03144736447115561,2.408203125,,
7.678949999999255,1540,,,,-0.2734375,-0.44140625,-0.904296875,0.03855665457656005,1.6784456565559138,12.098858833312988,4.469168663024902,4552,4552,54.07184075620444,18.38049159292551,33.99272400545463,0.09131669020223229,0.031041030471360854,2.408203125,,
7.703349999999627,1540,,,,0.4609375,-0.83203125,-0.962890625,0.03873919983218389,1.676033921052423,12.100000381469727,4.417724609375,4552,4551,53.4544694586657,18.463979298699897,34.54150697908879,0.09077316942022555,0.031354420650427296,2.408203125,,
7.727269999999553,1540,,,,-0.1484375,0.400390625,-0.931640625,0.038603387068593814,1.6810685578408158,12.096500396728516,4.48486328125,4550,4551,54.25115046091378,18.396332861970773,33.90957188129079,0.09138063387165335,0.030986781728287442,2.400390625,,
7.75165499999933,1540,,,,0.048828125,-0.4140625,-0.890625,0.03870033701808498,1.6784345425674183,12.0977144241333,4.413364887237549,4548,4550,53.39162805529713,18.438842349974003,34.535081662760106,0.09102711063472946,0.03143628699295481,2.400390625,,
7.778835000000894,1540,,,,0.13671875,-0.3828125,-1.2578125,0.03885355616390818,1.6756560454435814,12.100001335144043,4.4439697265625,4550,4551,53.77203962474596,18.51586003468857,34.433992394381015,0.09049841823735548,0.03116221845288611,2.39453125,,
7.9466699999999255,1540,,,,-0.1484375,-0.52734375,-0.74609375,0.03887631597930513,1.6756560454435814,12.098000526428223,4.454345703125,4549,4550,53.88867666129954,18.521978860926968,34.37081778300307,0.09046852164260163,0.031094770724755305,2.40625,,
7.968974999999627,1540,,,,0.181640625,-0.279296875,-0.990234375,0.03885407922399651,1.672964932054289,12.097267150878906,4.450726509094238,4549,4549,53.841627596011676,18.509962148910965,34.37853381364365,0.09038186672643833,0.031071960613950945,2.40234375,,
7.990910000000149,1540,,,,-0.046875,-0.5,-0.91015625,0.03879817791142303,1.6786012523948484,12.101714134216309,4.448939800262451,4550,4549,53.839797663113586,18.483794515454484,34.33109951696196,0.09081475402636364,0.03117770358087512,2.3984375,,
8.027799999998882,1540,,,,0.048828125,0.1640625,-0.728515625,0.03881730637520711,1.6769674960860326,12.097334861755371,4.446614742279053,4548,4549,53.79218753856776,18.492981329959,34.378563460911415,0.0906812950364748,0.031174926561290808,2.38671875,,
8.194740000000223,1540,,,,0.142578125,-0.48828125,-0.931640625,0.038779367065592076,1.6836136612062504,12.096667289733887,4.442138671875,4549,4550,53.73507356853224,18.47663640869177,34.384686168014966,0.09112122054933362,0.03133174571835312,2.392578125,,
8.221289999999106,1540,,,,0.05859375,-0.4921875,-1.05078125,0.03890980022646417,1.6780423576983887,12.097359657287598,4.477626323699951,4548,4548,54.16745604873677,18.530257146763816,34.2092069638481,0.09055688458114287,0.030978792066376215,2.392578125,,
8.253224999999627,1540,,,,0.6875,0.169921875,-0.87890625,0.0408318122971178,1.6898597227406358,12.097500801086426,4.46533203125,4558,4559,54.01935782516375,19.494908565709565,36.08874549898534,0.08668210558899479,0.031282484479174075,2.404296875,,
8.275214999997988,1540,,,,-0.072265625,0.21484375,-1.18359375,0.03847349032987175,1.689870836729131,12.096799850463867,4.431640625,4556,4557,53.6086696498096,18.359094046255354,34.246501855359064,0.09204543712622947,0.03152234233320754,2.40234375,,
8.299334999999031,1540,,,,0.51171875,-1.57421875,-0.736328125,0.038463014785285445,1.6816353712540784,12.095429420471191,4.3966240882873535,4553,4554,53.179056348223185,18.342843257969907,34.49260764963306,0.09167801019743291,0.03162213635839112,2.400390625,,
8.325014999998734,1540,,,,0.234375,0.09765625,-1.23828125,0.038469567749940925,1.6833802674478482,12.097501754760742,4.4598388671875,4551,4552,53.95290852175094,18.336955157044756,33.9869631859648,0.09180260588689508,0.031200917866535383,2.4140625,,
8.360209999999032,1540,,,,-0.412109375,0.65234375,-1.1015625,0.03869573725498089,1.6934828829901194,12.100000381469727,4.4879150390625,4551,4551,54.30377368465997,18.442104096447718,33.9609991076133,0.09182698861982427,0.031185362785726686,2.412109375,,
8.383569999998436,1540,,,,0.3203125,-0.666015625,-0.724609375,0.0388874467391366,1.6813464075531994,12.095999717712402,4.456676006317139,4551,4552,53.907951714347746,18.535276628810532,34.38319587252528,0.09071061852617718,0.031189209645034698,2.4140625,,
8.406124999998138,1540,,,,-0.048828125,0.0078125,-1.5625,0.03916390309440105,1.685036251733655,12.0977144241333,4.444754600524902,4552,4552,53.77137184250296,18.6667772540332,34.71508465268179,0.09026926441571916,0.03133705155727006,2.41796875,,
8.428320000000298,1540,,,,-0.03125,-0.62890625,-0.853515625,0.03883922560600968,1.6837692570451852,12.097715377807617,4.503348350524902,4552,4552,54.48022659176968,18.513552342854545,33.98215004056423,0.09094792970377992,0.030906061930725377,2.41015625,,
8.453105000000447,1540,,,,0.0859375,-0.044921875,-0.77734375,0.039193842217165334,1.6825022623567156,12.098856925964355,4.451729774475098,4553,4553,53.86084161442977,18.6865485201647,34.69412649348282,0.09003815019885152,0.031237949722381593,2.40625,,
8.477445000000298,1540,,,,0.21875,-0.90625,-1.02734375,0.03890203127838775,1.6825022623567156,12.099499702453613,4.4183349609375,4552,4553,53.45964254520368,18.54693085354953,34.69333121310504,0.09071593977688856,0.03147238144987685,2.412109375,,
8.49975,1540,,,,-0.287109375,-0.17578125,-1.171875,0.03888586210080022,1.6866811220309663,12.098000526428223,4.5086669921875,4553,4552,54.545855644973926,18.538310843433177,33.98665329240531,0.0909835386986425,0.030922259850669036,2.419921875,,
8.528734999999404,1540,,,,0.1875,-0.150390625,-0.7734375,0.03875466558892368,1.6861031946292084,12.097143173217773,4.429408550262451,4550,4552,53.583189405199846,18.472958548197536,34.47528740498018,0.09127412862590582,0.03146701817017232,2.400390625,,
8.55402499999851,1540,,,,0.19921875,-0.0625,-1.318359375,0.03879946201166514,1.6926382198644727,12.098221778869629,4.451497554779053,4551,4551,53.855204665812835,18.490728571622647,34.33415337730676,0.09153983377713579,0.03142942693037346,2.388671875,,
8.576955000000074,1540,,,,0.03125,-0.619140625,-0.6875,0.03906553241715028,1.6873146193752013,12.09850025177002,4.4940185546875,4550,4551,54.37088461534586,18.616518028755365,34.23986598794635,0.09063534957337073,0.03103342223162885,2.392578125,,
8.599454999998212,1540,,,,0.109375,-1.013671875,-1.1875,0.03902432268354881,1.6828912519540526,12.097143173217773,4.4091796875,4550,4550,53.3384779561311,18.593210228765063,34.85890663032657,0.09051106459015325,0.0315511674955961,2.392578125,,
8.625054999999701,1540,,,,-0.25,0.69921875,-1.119140625,0.03877001229231379,1.6762450868338348,12.096571922302246,4.5626397132873535,4550,4549,55.19229944733297,18.4687558234466,33.46255910404736,0.09076112667566892,0.030370995657345003,2.39453125,,
8.64999499999918,1540,,,,0.1875,-0.609375,-0.83984375,0.03907446384625396,1.6835914332292599,12.097000122070312,4.437255859375,4553,4551,53.677484672516584,18.620277413334207,34.6891765270588,0.0904170972245354,0.03136494646686147,2.40234375,,
8.688625,1540,,,,0.125,-0.62109375,-1.302734375,0.03942853806512535,1.6921714323476682,12.097501754760742,4.4647216796875,4554,4553,54.01197835453786,18.79801162997775,34.8034125071044,0.09001863950595242,0.03132955844053987,2.396484375,,
8.711554999999702,1540,,,,-0.0390625,-0.4765625,-0.716796875,0.039109570052075035,1.690185779378118,12.097332954406738,4.457601070404053,4553,4554,53.9250843265977,18.650038526664964,34.585089220650744,0.09062639613111623,0.03134321995940692,2.40625,,
8.73325,1540,,,,0.861328125,-0.75,-1.15625,0.03903969439932106,1.6761672889143675,12.097715377807617,4.512416362762451,4554,4553,54.58992882286202,18.61470856037385,34.09916254109145,0.09004531462192843,0.030704698193568553,2.41015625,,
8.755704999998212,1540,,,,0.03125,0.37890625,-1.255859375,0.03915817595755846,1.6832357855974087,12.096000671386719,4.442661762237549,4555,4556,53.738439658769494,18.680875871063314,34.762594503457656,0.0901047572509564,0.031322751391474835,2.412109375,,
8.77753500000015,1540,,,,-0.515625,-0.748046875,-0.98828125,0.03920243851178835,1.6829023659425482,12.097715377807617,4.453125,4552,4554,53.872638791799545,18.69632853995042,34.70468304366105,0.09001245150065226,0.031238535993130492,2.4140625,,
8.79946499999985,1540,,,,-0.25,0.6328125,-0.841796875,0.038924944576713326,1.6879370027309406,12.096571922302246,4.408482074737549,4555,4553,53.327520485242985,18.560784842602764,34.80526503710028,0.0909410360092425,0.03165226861050165,2.412109375,,
8.833080000000075,1540,,,,0.4609375,-0.5390625,-0.888671875,0.03895408749526817,1.6896485569592243,12.098286628723145,4.444754600524902,4551,4553,53.77391515148611,18.574030375168263,34.54096716380702,0.0909683317422656,0.031421341596558995,2.41015625,,
8.860415000000968,1540,,,,0.0078125,-0.046875,-1.046875,0.038502973760045404,1.6872034794902477,12.094000816345215,4.4736328125,4549,4549,54.10411888640374,18.342210740212213,33.90169014437379,0.09198473964707742,0.031184381415261135,2.416015625,,
8.88122000000067,1540,,,,-0.13671875,-0.40234375,-1.30859375,0.03872831190031358,1.6870589976398083,12.09866714477539,4.474283695220947,4548,4548,54.1328691397739,18.445018848376066,34.073602861784515,0.0914642056756879,0.03116515020261966,2.419921875,,
8.905205000000075,1540,,,,0.0625,0.033203125,-0.73828125,0.03897656733879247,1.6864143863070782,12.098286628723145,4.413364887237549,4548,4549,53.394153402942266,18.56524660758147,34.77018629264087,0.09083716591291595,0.031584251810876145,2.421875,,
8.929669999998064,1540,,,,0.478515625,-0.70703125,-0.9375,0.03899480891101504,1.6874146452716594,12.097143173217773,4.483119487762451,4548,4548,54.2329383061051,18.57265616763994,34.24608134416568,0.09085478296915471,0.031114202880681906,2.41796875,,
8.953699999999255,1540,,,,0.1875,0.0390625,-1.208984375,0.03892982520511419,1.6874479872371453,12.095500946044922,4.482421875,4549,4547,54.21713802963495,18.536789309139532,34.189907440351,0.09103237670210514,0.0311238853352014,2.416015625,,
8.977355000000447,1540,,,,-0.3984375,-0.859375,-0.6484375,0.03923265263102232,1.6846361481478225,12.096571922302246,4.4747490882873535,4549,4549,54.129124180724375,18.689849155210254,34.52826817003219,0.09013642294048098,0.03112254583176369,2.416015625,,
8.999784999998287,1540,,,,0.673828125,-0.46875,-1.0234375,0.039473882803998425,1.6939496705069237,12.095499992370605,4.4415283203125,4550,4551,53.72250576445367,18.811342828894016,35.01575840742118,0.0900493753112104,0.03153147170636541,2.412109375,,
9.029219999998809,1540,,,,0.109375,0.048828125,-1.111328125,0.03887387781613463,1.6827578840921087,12.099428176879883,4.375697612762451,4547,4549,52.94343898936404,18.51758828086319,34.976171994764535,0.09087349057388522,0.031784068360768226,2.4140625,,
9.053605000000447,1540,,,,-0.11328125,-0.052734375,-0.80078125,0.03863778426420799,1.6730109161816886,12.093334197998047,4.481879234313965,4549,4548,54.20086341562637,18.402425824791653,33.9522743091324,0.0909125205617086,0.030866868362457698,2.41796875,,
9.075824999999256,1540,,,,0.111328125,-0.302734375,-1.236328125,0.03897556460776279,1.6799682729797762,12.095001220703125,4.45068359375,4547,4549,53.83102349936962,18.56518620190108,34.48789377396565,0.09049024635194593,0.031208180037658937,2.404296875,,
9.099599999997764,1540,,,,-0.048828125,-1.349609375,-0.56640625,0.03909206934940643,1.6818687650124808,12.100001335144043,4.423014163970947,4549,4548,53.518477289409475,18.61834264253248,34.788625509374825,0.09033396781356647,0.03142594577042083,2.408203125,,
9.120609999999404,1540,,,,0.40625,0.171875,-1.052734375,0.03899472688716967,1.6839137388956247,12.097500801086426,4.4000244140625,4548,4549,53.229298873920925,18.57603349537176,34.898136718597414,0.09064980095536401,0.03163509147253936,2.41015625,,
9.142525000000372,1540,,,,0.234375,-0.294921875,-1.0859375,0.038937715144475915,1.6852807594805526,12.096000671386719,4.4356865882873535,4548,4548,53.65406794998489,18.544588667936765,34.56324818692892,0.09087722513869345,0.03141012087008078,2.4140625,,
9.163554999999702,1540,,,,-0.1875,-0.7265625,-1.23046875,0.0391095409874075,1.6852807594805526,12.096000671386719,4.427896976470947,4550,4548,53.5598448002238,18.62688419059057,34.77770381909833,0.09047572005262573,0.031465377948098734,2.408203125,,
9.188139999998734,1540,,,,0.015625,0.111328125,-0.8515625,0.03895149920278451,1.680668454254983,12.094856262207031,4.452427387237549,4548,4548,53.85146926655216,18.55086941007877,34.44821406497994,0.09059782682432492,0.031209333322663266,2.40625,,
9.210855000000446,1540,,,,0.51171875,-0.3984375,-0.919921875,0.03888197204657291,1.6766340764311718,12.096500396728516,4.3865966796875,4549,4549,53.06246847612783,18.52140371700141,34.90490406667372,0.09052413640182866,0.03159736296824316,2.419921875,,
9.233625,1540,,,,-0.099609375,-0.23046875,-1.380859375,0.03889311764789957,1.6819132209664622,12.098858833312988,4.471261024475098,4548,4548,54.09715594201862,18.52306522130161,34.2403679061329,0.09080102028859965,0.031090603409338904,2.41796875,,
9.256204999998213,1540,,,,-0.15625,-0.92578125,-0.87109375,0.038724024442651425,1.6897263548786916,12.094857215881348,4.7802734375,4551,4548,57.81672467943281,18.441578678743326,31.896616041454116,0.09162590601998481,0.029225563437698148,2.416015625,,
9.280625,1540,,,,0.5625,-0.072265625,-0.765625,0.03945722637402788,1.6878814327884641,12.095429420471191,4.4803290367126465,4563,4557,54.1915036440455,18.830463820415474,34.74800024760808,0.08963568018746884,0.031146606373486863,2.41015625,,
9.303784999998287,1540,,,,-0.2109375,-0.423828125,-1.21484375,0.040767153193249,1.6922381162786402,12.094500541687012,4.619140625,4566,4565,55.86619879119098,19.4902069987251,34.88729754385639,0.08682504584940187,0.030290912088070564,2.3984375,,
9.466239999998361,1540,,,,0.125,-1.150390625,-0.642578125,0.039768024785005254,1.6936495928175492,12.102287292480469,4.288504600524902,4569,4569,51.900714730676555,19.028459180524504,36.66319294303957,0.08900613427234234,0.03263249073940974,2.408203125,,
9.488589999999851,1540,,,,0.18359375,-0.123046875,-1.0234375,0.038919322275288125,1.692043204705403,12.096667289733887,4.471932888031006,4560,4560,54.09548428852986,18.58569048653026,34.35719400791293,0.09104010453266127,0.031278825339293166,2.41796875,,
9.512775000000373,1540,,,,0.173828125,-0.4375,-0.740234375,0.038418159898720716,1.697917364399763,12.094000816345215,4.383951663970947,4556,4558,53.0195150028826,18.336975387144314,34.58533218598351,0.0925952796768293,0.0320243850647719,2.421875,,
9.534445000000298,1540,,,,0.21875,-0.169921875,-0.931640625,0.03842036769558093,1.6923714841405846,12.097000122070312,4.39697265625,4551,4554,53.190178759396076,18.323452878692393,34.44894021051874,0.09236094830732341,0.03181736786025796,2.421875,,
9.568,1540,,,,-0.015625,-1.4921875,-0.8984375,0.03840888016520889,1.6869700857318455,12.095429420471191,4.6798272132873535,4552,4551,56.604519758317565,18.303920480980395,32.336499910487774,0.09216441294556411,0.02980274530964392,2.416015625,,
9.736,1540,,,,0.47265625,-0.09375,-1.162109375,0.03947163395766201,1.6823022105637992,12.097820281982422,4.443803310394287,4559,4557,53.760333817628634,18.835662492519496,35.03635702191839,0.08931473534482359,0.03129262954859393,2.421875,,
9.770099999999628,1540,,,,0.11328125,-0.24609375,-0.958984375,0.03889514910135228,1.6881688683159248,12.097716331481934,4.435860633850098,4553,4554,53.66378363430613,18.547800861907486,34.562976379567594,0.09101719825895903,0.031458252735588214,2.4140625,,
9.797179999997839,1540,,,,0.03515625,-0.455078125,-1.044921875,0.038879443333164336,1.6876369250415661,12.099638938903809,4.441583633422852,4549,4550,53.741558281360994,18.525298728358617,34.471085917104276,0.09109903973953865,0.03140282825827333,2.416015625,,
9.821029999999329,1540,,,,0.423828125,-0.041015625,-1.302734375,0.03898719522572881,1.6833580394708574,12.093999862670898,4.51171875,4548,4548,54.56472594290972,18.568106128859434,34.02950497412371,0.09065857485888139,0.03085066424107271,2.412109375,,
9.843804999999701,1540,,,,-0.3125,0.40625,-0.95703125,0.038962895906070535,1.6793681176010276,12.097000122070312,4.43603515625,4549,4549,53.66271782666445,18.559698360232954,34.585833725720896,0.09048466656114064,0.03129487632410908,2.40625,,
9.865929999999702,1540,,,,0.537109375,-1.08203125,-0.884765625,0.03887133731267162,1.6806351122894971,12.098287582397461,4.412667274475098,4547,4548,53.38571769203372,18.512000261901324,34.675941548058844,0.09078625154021487,0.03148098751775858,2.416015625,,
9.89149499999918,1540,,,,-0.037109375,-0.4296875,-1.04296875,0.03896293028062925,1.6778343871886696,12.100666999816895,4.4873046875,4549,4549,54.29937975015491,18.559884539648536,34.180656620843976,0.09040112203308148,0.030899697103517705,2.400390625,,
9.91270999999903,1540,,,,0.298828125,-0.314453125,-0.62890625,0.039040617761450944,1.6806017703240113,12.097500801086426,4.4757080078125,4548,4548,54.14488120994065,18.594963489355912,34.34297587108197,0.09037940683701894,0.03103897788246442,2.384765625,,
9.933764999998733,1540,,,,0.328125,0.21484375,-1.220703125,0.038990707998214184,1.6871701375247619,12.096667289733887,4.429524898529053,4547,4548,53.582488949098206,18.56855083586305,34.6541401865498,0.09086170226414136,0.03148734167850105,2.390625,,
9.956259999999777,1540,,,,0.21875,-1.046875,-1.025390625,0.03905829383026257,1.6871701375247619,12.096571922302246,4.521484375,4547,4548,54.69446093775332,18.602255422082983,34.01122362875802,0.09069707405059603,0.030847184680088475,2.392578125,,
9.979924999998882,1540,,,,-0.125,-0.005859375,-1.1015625,0.039032714547361284,1.6951277532874307,12.0994291305542,4.420340538024902,4547,4548,53.483597072748125,18.590671876354875,34.75957656899541,0.0911816293978827,0.031694348287414666,2.38671875,,
10.005324999999255,1540,,,,-0.09375,0.921875,-1.0078125,0.038962633625392894,1.6870256556743222,12.09850025177002,4.54345703125,4549,4548,54.96901603648439,18.556231430539075,33.75761978024641,0.0909142388091736,0.03069048306330604,2.373046875,,
10.027019999999553,1540,,,,0.5234375,-1.365234375,-0.75390625,0.039299730250590914,1.6827912260575946,12.096000671386719,4.4134521484375,4553,4551,53.385120150633156,18.7288760003654,35.08257721911912,0.08985009169929703,0.03152172780185522,2.37890625,,
10.052095000000671,1540,,,,-0.111328125,-0.197265625,-1.177734375,0.03943709112692874,1.679634853324916,12.094000816345215,4.769693851470947,4553,4552,57.68468133340639,18.801001097430234,32.592710339793776,0.08933752222132961,0.029117519842346857,2.37890625,,
10.078284999998287,1540,,,,0.548828125,-1.587890625,-0.8671875,0.039541037277255185,1.6869478577548547,12.092500686645508,4.6649169921875,4578,4564,56.41051193117164,18.896884110296952,33.4988700924283,0.08927121783191935,0.029904849291443346,2.38671875,,
10.103740000000224,1540,,,,0.298828125,0.9375,-1.0859375,0.04296530178905039,1.7054971045535903,12.09555435180664,4.386935710906982,4581,4583,53.06241932915691,20.6196217466642,38.859181332755526,0.08271233708879756,0.032141337053895845,2.376953125,,
10.126294999999926,1540,,,,0.5859375,-0.3359375,-0.880859375,0.03752559960917589,1.7150995906135704,12.098999977111816,4.3890380859375,4571,4575,53.1029717013007,17.979661983431324,33.85810889184368,0.0953910920124124,0.03229761980668138,2.37890625,,
10.149810000000521,1540,,,,-0.5,-0.34375,-0.767578125,0.03731798719568194,1.7004624677651974,12.09533405303955,4.529622554779053,4565,4567,54.787297934235085,17.84643626470436,32.57403985523551,0.09528302696086574,0.031037531177507204,2.390625,,
10.177015000000596,1540,,,,0.515625,-0.369140625,-0.9765625,0.03820444250770635,1.6871034535937897,12.096000671386719,4.447021484375,4562,4563,53.79117486067116,18.253915040725254,33.93477663948814,0.09242419775866112,0.031363945070240457,2.376953125,,
10.202699999999256,1540,,,,0.1875,-0.14453125,-1.259765625,0.038648408657794876,1.6853696713885153,12.09749984741211,4.4329833984375,4560,4561,53.62801598617807,18.459751604440164,34.421843256699866,0.09129969392346154,0.031427037536180674,2.376953125,,
10.225304999999702,1540,,,,0.57421875,-1.607421875,-0.79296875,0.03883498663603808,1.69766174266437,12.097333908081055,4.395073890686035,4556,4559,53.1686764063179,18.5408019862533,34.87166361743424,0.0915635550135893,0.03192973490050321,2.376953125,,
10.249519999999553,1540,,,,-0.662109375,1.083984375,-1.078125,0.03888940771077054,1.6901264584645241,12.098666191101074,4.456380367279053,4556,4556,53.91625848428566,18.55576996066707,34.41590808100177,0.09108360698839817,0.031347250457988016,2.3828125,,
10.275144999999553,1540,,,,0.109375,-0.62890625,-0.765625,0.038544790463115965,1.6863810443415919,12.095500946044922,4.488525390625,4555,4554,54.29096310865134,18.38310187402145,33.860334798687845,0.09173539133375225,0.031061910634494982,2.404296875,,
10.299539999999105,1540,,,,0.474609375,-0.986328125,-0.982421875,0.038992132865592895,1.687370189317678,12.096500396728516,4.385986328125,4552,4554,53.05508535820991,18.593099618462333,35.04489624873477,0.09075249549258455,0.03180411788851394,2.39453125,,
10.325019999999553,1540,,,,-0.3359375,0.623046875,-1.12109375,0.038616001972704345,1.6875146711681175,12.095429420471191,4.4168524742126465,4550,4551,53.42372736247262,18.402931643004177,34.44711283086413,0.09169814374709269,0.031587363040369,2.39453125,,
10.349599999997764,1540,,,,0.2109375,-0.08203125,-0.80859375,0.03861232012210499,1.6853918993655062,12.098222732543945,4.519856929779053,4554,4552,54.68223585569922,18.403944952648903,33.656167610291234,0.09157775160172522,0.030821561572812815,2.388671875,,
10.379435000000521,1540,,,,-0.134765625,-0.580078125,-1.009765625,0.039790165913365684,1.6859809407557593,12.096571922302246,4.453822612762451,4557,4556,53.875985564457096,18.98603088617343,35.24024792726731,0.08880112704249177,0.03129373733198172,2.40625,,
10.403189999999478,1540,,,,0.548828125,-0.880859375,-0.974609375,0.039006583961514595,1.6818354230469947,12.09480094909668,4.40869140625,4556,4556,53.322245004586875,18.610795445090236,34.90249790399729,0.0903688092219983,0.03154097174457528,2.392578125,,
10.427165000000969,1540,,,,-0.38671875,0.619140625,-1.10546875,0.038838128414810554,1.6854363553194873,12.097001075744629,4.4049072265625,4553,4555,53.28616745828185,18.52560115069995,34.76624804214674,0.09097876725343441,0.03162990388901638,2.384765625,,
10.449709999999031,1540,,,,0.3984375,-1.333984375,-0.8515625,0.038673307995156815,1.6833246975053713,12.098856925964355,4.417550086975098,4553,4553,53.4473064655931,18.43988288486369,34.50105179151438,0.09128716857996547,0.03149503331078093,2.388671875,,
10.486014999998734,1540,,,,0.171875,-0.201171875,-1.046875,0.03877676731230217,1.6833246975053713,12.097143173217773,4.381278038024902,4551,4552,53.00094770766191,18.484422038320275,34.87564437578563,0.09106720751212295,0.03176027543488674,2.392578125,,
10.509185000000521,1540,,,,-0.2109375,-0.322265625,-1.025390625,0.03876997940242859,1.681012987898339,12.09866714477539,4.4384765625,4550,4550,53.699650559574366,18.474714931853505,34.4037898558719,0.0909899283479601,0.031303983738840614,2.38671875,,
10.534665000000969,1540,,,,0.1875,0.298828125,-0.958984375,0.0387736456552226,1.6811574697487786,12.0977144241333,4.4112725257873535,4550,4550,53.366315264000605,18.473607821655808,34.616607367901935,0.09100320229695634,0.0315022212313549,2.376953125,,
10.557299999998882,1540,,,,0.599609375,-0.599609375,-0.90625,0.03878981357520432,1.6865922101230035,12.09850025177002,4.3896484375,4550,4549,53.10816272627562,18.478490847782354,34.79406912082838,0.09127326598348345,0.03175768325513077,2.390625,,
10.580625,1540,,,,-0.162109375,-0.57421875,-1.236328125,0.038780012633952705,1.6793347756355415,12.096000671386719,4.448939800262451,4546,4548,53.814378810933704,18.468707190611372,34.31927971425176,0.09092865885540904,0.03120606077300559,2.38671875,,
10.603484999999404,1540,,,,0.0859375,-0.923828125,-0.6328125,0.038664961964089285,1.6676984296809123,12.096572875976562,4.492885112762451,4547,4547,54.348512189921166,18.4127467060268,33.87902624028301,0.09057303922695284,0.030685263726321178,2.38671875,,
10.627419999999926,1540,,,,0.548828125,-0.29296875,-1.060546875,0.03880265065634067,1.6798460191063276,12.095429420471191,4.4217352867126465,4548,4548,53.48278707643976,18.480058172658058,34.553281874120756,0.09090047246667886,0.03140909647631908,2.380859375,,
10.64977999999933,1540,,,,-0.015625,0.26953125,-1.330078125,0.03901323437315332,1.6788346461532508,12.09850025177002,4.4403076171875,4549,4548,53.721062824479304,18.581314110795635,34.58850799639915,0.09035069511998928,0.031250957406379704,2.376953125,,
10.677029999999329,1540,,,,-0.26171875,-0.19140625,-0.9296875,0.03893841674878194,1.678523454475381,12.09866714477539,4.431966304779053,4547,4548,53.62088511838192,18.544520640997955,34.58451049447645,0.09051317566896422,0.03130353873811684,2.369140625,,
10.702439999999479,1540,,,,0.4609375,-1.22265625,-0.712890625,0.038576502251131455,1.675833869259507,12.0977783203125,4.475911617279053,4547,4547,54.148586527153384,18.3673927980407,33.92035503794762,0.09123961618756651,0.03094880174608329,2.361328125,,
10.725709999999031,1540,,,,-0.259765625,-0.05078125,-0.859375,0.038849576540200666,1.667209414187117,12.096501350402832,4.4378662109375,4546,4547,53.68265461351257,18.4978663368696,34.45780852315277,0.09012982274956041,0.03105676174530051,2.380859375,,
10.750644999999553,1540,,,,0.421875,0.310546875,-1.076171875,0.03885639471994731,1.664586512902215,12.095429420471191,4.439174175262451,4545,4546,53.69371792206539,18.499254510756934,34.45329402893645,0.08998127529594732,0.031001513348699487,2.384765625,,
10.776990000000223,1540,,,,0.32421875,-0.5234375,-1.23828125,0.038845572463046894,1.6666092588083683,12.097500801086426,4.495849609375,4548,4546,54.38854425097816,18.493977873027074,34.00344342309634,0.09011632166160798,0.030642652451180377,2.3828125,,
10.80002999999933,1540,,,,-0.26953125,0.220703125,-0.880859375,0.03897774026580795,1.6849251118487014,12.096000671386719,4.4879150390625,4547,4548,54.28582332562655,18.562500653672537,34.19401146838606,0.0907703731994398,0.03103803182171327,2.392578125,,
10.827754999998957,1540,,,,0.296875,-1.546875,-0.8515625,0.039036770326087086,1.6746891284444863,12.096571922302246,4.4210381507873535,4549,4549,53.479405962241344,18.5973439576811,34.7747766136587,0.09004990886092655,0.03131465464719046,2.38671875,,
10.99261999999918,1540,,,,-0.11328125,-0.234375,-1.017578125,0.039036043342597214,1.6816575992310692,12.09688949584961,4.46397590637207,4548,4549,54.00022325151804,18.594520105770194,34.434154131478465,0.09043834364454625,0.031141678644519215,2.38671875,,
11.015824999999255,1540,,,,0.1171875,-0.3125,-0.974609375,0.038904199199537186,1.6764066564415858,12.097893714904785,4.448774814605713,4548,4548,53.820804868645155,18.528379250820688,34.42605382071297,0.09047778187977946,0.031147929885720165,2.37890625,,
11.067164999999106,1540,,,,-0.162109375,-0.404296875,-1.3359375,0.0388813288510699,1.6810352158753297,12.097715377807617,4.448939800262451,4548,4548,53.822007436575404,18.518357410638863,34.406664285907866,0.09077669139864256,0.031233231459385544,2.373046875,,
11.243884999999777,1540,,,,0.1875,-0.341796875,-0.935546875,0.0389703826430373,1.673566615606456,12.095766067504883,4.440486907958984,4548,4549,53.71109086448996,18.564893536503575,34.5643576358219,0.09014684691381471,0.031158678564707793,2.369140625,,
11.269755000000819,1540,,,,0.166015625,-0.453125,-0.94921875,0.03901101653378674,1.6801747153160775,12.097151756286621,4.453952789306641,4550,4551,53.88014280757852,18.590703662603826,34.50381289633283,0.09037714471754166,0.031183560914388526,2.3828125,,
11.303189999999478,1540,,,,-0.134765625,0.03515625,-0.89453125,0.039031281994613753,1.6842693865274758,12.095499992370605,4.5086669921875,4549,4549,54.53458156960551,18.592240499310456,34.09257018976143,0.09058990962331526,0.030884428523170193,2.384765625,,
11.323490000000223,1540,,,,0.08203125,-0.109375,-1.1171875,0.03897941676176844,1.6819799048974342,12.098910331726074,4.4455790519714355,4548,4548,53.78666232240221,18.565797005332964,34.517473670420124,0.09059562077589725,0.031271319547874,2.384765625,,
11.345429999999702,1540,,,,-0.21875,-0.580078125,-0.8984375,0.03877571665251787,1.6818576510239855,12.100666999816895,4.469400882720947,4547,4548,54.082731770493865,18.46845910256863,34.14853225414279,0.09106648484767575,0.031097867950922616,2.39453125,,
11.368389999998733,1540,,,,0.078125,-0.931640625,-0.783203125,0.03877140599901529,1.671321589930396,12.097143173217773,4.4754462242126465,4548,4548,54.14011373833728,18.463717824241904,34.10358152086319,0.09051923376645397,0.03087030067960335,2.3828125,,
11.391400000000372,1540,,,,0.5,-0.291015625,-1.23828125,0.038756540818915074,1.6771897758559393,12.100001335144043,4.4073486328125,4547,4547,53.32892434147652,18.452518444027703,34.60133252617712,0.09089218801993798,0.03144990821709686,2.390625,,
11.414214999999851,1540,,,,-0.5625,0.453125,-1.078125,0.03880029851428066,1.674811382317935,12.096000671386719,4.39453125,4546,4546,53.156252950429916,18.471993639576443,34.75036823382233,0.09066760280436831,0.031507325843297414,2.375,,
11.436695000000299,1540,,,,0.51171875,-0.6015625,-0.8828125,0.038871898624063234,1.6668315385782755,12.09999942779541,4.4119696617126465,4544,4545,53.38483038217373,18.501193009210706,34.65627384551666,0.09009319224703258,0.031222943421299398,2.380859375,,
11.459455000000075,1540,,,,-0.125,-0.87109375,-1.041015625,0.038818712518232705,1.6633750881562221,12.098000526428223,4.39697265625,4545,4545,53.194577510003,18.4747105025515,34.73043939314569,0.09003524509499065,0.0312696362301859,2.376953125,,
11.48125,1540,,,,-0.1484375,-0.064453125,-0.9921875,0.03896075881460344,1.6781900348205208,12.092001914978027,4.6749444007873535,4550,4545,56.529436646736485,18.54409328353893,32.80431290943973,0.09049728175764747,0.029687011482316,2.369140625,,
11.506320000000297,1540,,,,0.171875,0.439453125,-1.041015625,0.039344110740298664,1.681946562931948,12.096000671386719,4.498697757720947,4560,4556,54.416251097758504,18.77167413191742,34.49644867705827,0.08960024295713401,0.03090890182622725,2.365234375,,
11.530554999999701,1540,,,,0.3984375,-0.8828125,-0.884765625,0.04067715780386751,1.6876146970645756,12.098000526428223,4.4061279296875,4561,4562,53.30533801286947,19.43411528271578,36.45810346052738,0.08683774241915186,0.031659393973960656,2.35546875,,
11.554129999998956,1540,,,,-0.375,0.6640625,-1.115234375,0.03883871934980561,1.6934273130476425,12.098999977111816,4.4036865234375,4559,4559,53.28020314627793,18.54419104559403,34.80503066904973,0.0913184785944054,0.031783424481292406,2.361328125,,
11.57938000000082,1540,,,,0.3984375,-1.32421875,-0.9453125,0.03822465935944891,1.682924593919539,12.097143173217773,4.418247699737549,4556,4556,53.44817499846522,18.237720906149768,34.1222518947999,0.09227713279415609,0.03148703569332095,2.36328125,,
11.605719999998808,1540,,,,-0.099609375,0.14453125,-1.1015625,0.038527368849879194,1.6803016926346368,12.098000526428223,4.390869140625,4553,4553,53.12073717475869,18.370938147492087,34.58336447224867,0.09146520875222824,0.03163174650808618,2.35546875,,
11.63033499999903,1540,,,,0.0859375,0.01953125,-0.81640625,0.03884102384257894,1.6763451127302929,12.096001625061035,4.461669921875,4550,4552,53.96836662548594,18.51472540527285,34.30662546034788,0.09054118146698967,0.031061624013254057,2.34765625,,
11.653799999998883,1540,,,,0.3359375,-0.431640625,-1.3515625,0.03877740603631787,1.6899041786946174,12.097000122070312,4.4281005859375,4551,4550,53.56673332862556,18.476456787514014,34.49240907442151,0.09146256764103267,0.03154764298071446,2.337890625,,
11.679874999998137,1540,,,,-0.19921875,-0.765625,-0.73046875,0.03874643805226992,1.6892151114079057,12.098499298095703,4.400634765625,4551,4550,53.24107662308961,18.460326970025775,34.673091043429224,0.09150515666113074,0.03172766627854641,2.337890625,,
11.703574999999255,1540,,,,0.57421875,-0.3359375,-1.08203125,0.03883336460401572,1.6860142827212456,12.096000671386719,4.434814453125,4548,4549,53.643518602475524,18.49947470616503,34.485945717422275,0.09113849498436698,0.031429971907984425,2.337890625,,
11.726224999999628,1540,,,,-0.44921875,0.28125,-1.013671875,0.03902017104731375,1.66634252308448,12.096571922302246,4.3875555992126465,4548,4549,53.074381868975706,18.58894639194941,35.02432951143885,0.08964157989105545,0.03139636232030297,2.33203125,,
11.752719999998808,1540,,,,0.09375,-0.44140625,-0.951171875,0.038846718561138506,1.6684986368525776,12.096571922302246,4.501953125,4549,4550,54.458199767395854,18.50756243094866,33.984895773270026,0.09015226305882863,0.030638152637787127,2.345703125,,
11.777914999999107,1540,,,,0.57421875,-1.240234375,-0.89453125,0.03896542668055529,1.6732554239285862,12.09688949584961,4.43250846862793,4548,4548,53.61956513440964,18.559686782920135,34.61364659783431,0.09015536972684408,0.03120606106622071,2.33984375,,
11.799829999998211,1540,,,,-0.30078125,-0.62890625,-0.7578125,0.03899351176049268,1.6751781439382813,12.098286628723145,4.43359375,4549,4548,53.638887982815504,18.572290061563542,34.62467392596509,0.09019771597284937,0.031230665044267223,2.33984375,,
11.820804999999702,1540,,,,0.234375,0.294921875,-0.916015625,0.03909039687341783,1.6771008639479765,12.098286628723145,4.444056987762451,4549,4548,53.76547523233012,18.618299819651874,34.62872733701118,0.09007808877251904,0.031192895751426492,2.337890625,,
11.842415000000969,1540,,,,0.03125,-0.234375,-1.1953125,0.03899074921973784,1.6836581171602316,12.098286628723145,4.404296875,4549,4548,53.28444599173963,18.56926932888111,34.8493241944559,0.09066905581156114,0.031597553203823105,2.345703125,,
11.864704999998212,1540,,,,-0.25,-0.64453125,-1.21484375,0.039029827224163635,1.6758783252134883,12.096667289733887,4.474283695220947,4550,4549,54.123921220968896,18.59147570988224,34.349831443253706,0.09014229700564762,0.030963727080517093,2.34375,,
11.886574999999254,1540,,,,0.03125,-0.029296875,-0.728515625,0.0390108161369215,1.6680985332667448,12.097143173217773,4.485909461975098,4549,4548,54.26668902360507,18.580397906144935,34.23904837470881,0.0897773310180332,0.030738903796786846,2.33984375,,
11.911484999999404,1540,,,,-0.109375,-0.287109375,-0.84765625,0.03892193666309226,1.674589102548028,12.100571632385254,4.3973212242126465,4548,4549,53.21010046419315,18.539694244403698,34.84243420453543,0.09032452641733892,0.031471263687519534,2.3515625,,
11.935370000001043,1540,,,,0.353515625,-0.6484375,-1.158203125,0.038876078486561945,1.6778232732001743,12.095500946044922,4.5196533203125,4549,4549,54.667471011634916,18.518219685476534,33.874293693840876,0.09060391882682207,0.03069143756152689,2.3515625,,
11.961160000000149,1540,,,,-0.25,-0.48046875,-0.91015625,0.039035839138854396,1.6756004755011047,12.096500396728516,4.4329833984375,4548,4549,53.62358543789014,18.594968330216684,34.676846351041604,0.09011042373104054,0.031247453183485457,2.353515625,,
12.140169999999925,1540,,,,0.26171875,0.01953125,-0.841796875,0.03906569609803933,1.6728108643887722,12.095500946044922,4.686279296875,4554,4550,56.682895668782294,18.61396744629025,32.83877301374665,0.08986858224693856,0.029511739734744375,2.35546875,,
12.169764999998733,1540,,,,0.09375,-0.33203125,-1.015625,0.038844591769812295,1.6820370030133291,12.097899436950684,4.445014476776123,4554,4554,53.775338135827496,18.5232012911551,34.445531972980994,0.09080703581278407,0.03127896655460883,2.376953125,,
12.203054999999702,1540,,,,0.1875,-1.80859375,-0.7890625,0.0391844572639677,1.6842138165849991,12.094001770019531,4.744140625,4570,4559,57.375645115971565,18.70815917314686,32.606446751635914,0.0900256300471545,0.029354159124150174,2.375,,
12.224709999999032,1540,,,,-0.017578125,0.287109375,-1.177734375,0.04178815812871814,1.6989954212838116,12.100000381469727,4.343927383422852,4576,4578,52.561522996493295,20.032260790201892,38.11202501026914,0.08481296440164249,0.03232393820470465,2.390625,,
12.249960000000893,1540,,,,0.13671875,-1.009765625,-0.478515625,0.036852450730535134,1.7062195138057876,12.102001190185547,4.451497554779053,4567,4570,53.87202870604415,17.638023459901767,32.74059634201761,0.09673530130429309,0.0316717145202731,2.384765625,,
12.27690499999933,1540,,,,0.048828125,0.142578125,-1.275390625,0.037119663598408424,1.7030409130961182,12.09749984741211,4.4500732421875,4559,4561,53.83476036833599,17.73123361724392,32.93640297816373,0.09604751422596354,0.03163459633597248,2.384765625,,
12.30193499999866,1540,,,,-0.26171875,-0.2890625,-0.87109375,0.03805330520602848,1.6766785323851536,12.096445083618164,4.415689945220947,4556,4557,53.41415092865009,18.157494521862535,33.99379042103857,0.09234085299413686,0.03139015603982619,2.3984375,,
12.327459999999032,1540,,,,0.724609375,-0.6015625,-1.107421875,0.03841270859675169,1.6799571589912812,12.098501205444336,4.4049072265625,4552,4554,53.29277539043687,18.31737758125875,34.37122095267291,0.0917138466758535,0.03152316888515326,2.39453125,,
12.353254999998956,1540,,,,-0.5859375,0.87890625,-1.0234375,0.03846554732391168,1.6812130396912555,12.099000930786133,4.454345703125,4550,4551,53.893132808152586,18.33133238963832,34.014226738114736,0.09171253916281347,0.031195311018121643,2.392578125,,
12.3775,1540,,,,0.44921875,-0.5234375,-0.912109375,0.038616481679452516,1.6756227034780953,12.097000122070312,4.390869140625,4549,4550,53.11634453013539,18.401033575252306,34.642883914597206,0.0910613361268822,0.03154627296551697,2.392578125,,
12.403169999998063,1540,,,,-0.111328125,-0.72265625,-1.125,0.038799785830313564,1.6700323672649353,12.097143173217773,4.437778949737549,4550,4550,53.68444732606713,18.486541828475342,34.43556327625446,0.09033773773159333,0.031108308838899628,2.396484375,,
12.429289999999106,1540,,,,0.07421875,-0.4375,-0.638671875,0.038948400601811387,1.6869478577548547,12.095000267028809,4.517822265625,4550,4549,54.64306150912307,18.555576626588486,33.95779100607402,0.09091325436567727,0.030872132914317146,2.390625,,
12.45711999999918,1540,,,,0.298828125,-0.00390625,-1.236328125,0.03904134144372558,1.6770008380515184,12.101000785827637,4.373779296875,4550,4551,52.92710670852102,18.60597934780249,35.15397025246236,0.09013236050106577,0.03168510319838679,2.390625,,
12.479909999998286,1540,,,,-0.103515625,-0.193359375,-0.6953125,0.038737133780598135,1.6680022583414038,12.099111557006836,4.44932746887207,4548,4549,53.83290939953804,18.454220457495392,34.28055563657452,0.09038595058421585,0.030984806077668868,2.39453125,,
12.503574999999255,1540,,,,0.26171875,-0.173828125,-1.421875,0.0381633946733857,1.669032108300354,12.095429420471191,4.476841449737549,4548,4547,54.14931978194045,18.17323042072466,33.56132725934202,0.09184014452361745,0.030822771459023932,2.40234375,,
12.526195000000298,1540,,,,-0.361328125,-0.37109375,-0.833984375,0.0388871227807542,1.6819910188859295,12.09850025177002,4.4146728515625,4547,4547,53.410920606111176,18.517931061230513,34.670683169448544,0.09083039640467058,0.031491518959017514,2.408203125,,
12.549894999999553,1540,,,,0.3125,-0.75,-0.701171875,0.03892962622392882,1.6751448019727955,12.096571922302246,4.501255512237549,4547,4547,54.44976104444095,18.538762990058096,34.04746436798332,0.09035903867324568,0.030764961495525597,2.40234375,,
12.577224999999627,1540,,,,0.4609375,-0.30078125,-1.29296875,0.03893122561904667,1.6803239206116274,12.100000381469727,4.337332725524902,4548,4548,52.48172763341245,18.53962653255882,35.32586934267686,0.09063418390120671,0.03201731338474175,2.41015625,,
12.603884999999776,1540,,,,-0.3359375,0.4296875,-1.193359375,0.03882598259766583,1.6744446206975885,12.0977783203125,4.458550453186035,4546,4546,53.93855501257349,18.484375707706988,34.26931941984382,0.09058702588475495,0.031043557253383276,2.400390625,,
12.631019999999554,1540,,,,0.51953125,-0.59765625,-1.404296875,0.03878076621929873,1.6705769527012073,12.095500946044922,4.47509765625,4546,4546,54.12854793481529,18.46015888341868,34.10429355254359,0.09049634747194707,0.030863139996162695,2.40234375,,
12.654434999998658,1540,,,,-0.8359375,-0.4296875,-0.76953125,0.03911281383665181,1.6767785582816117,12.097332954406738,4.431423664093018,4545,4546,53.60840752657032,18.62154999942906,34.736249141889786,0.09004505845823907,0.031278275846014225,2.40234375,,
12.680664999999106,1540,,,,0.8359375,-0.974609375,-1.044921875,0.0390201421223802,1.679090267888644,12.098286628723145,4.444056987762451,4545,4545,53.76547523233012,18.57246825432781,34.543483851064074,0.09040749161045827,0.031229897264610763,2.404296875,,
12.704689999999479,1540,,,,-0.26171875,-0.20703125,-1.263671875,0.03849068686398265,1.6706992065746562,12.096501350402832,4.4842529296875,4547,4545,54.2437716195127,18.320767157803875,33.77487702424712,0.09119155285279681,0.030799834832533443,2.408203125,,
12.729599999999628,1540,,,,0.26171875,0.103515625,-0.798828125,0.039006051068520856,1.672899776296735,12.095000267028809,4.40185546875,4550,4548,53.24044306995347,18.578367848401072,34.895216450379,0.09004557289141583,0.031421597564443356,2.40625,,
12.753394999999554,1540,,,,0.236328125,0.03515625,-1.31640625,0.039406278666798855,1.6744112787321024,12.096000671386719,4.468471050262451,4550,4550,54.050628824046726,18.7778580388931,34.74123881152511,0.08916945027830256,0.030978571668109234,2.404296875,,
12.77758999999799,1540,,,,-0.423828125,-0.2890625,-0.783203125,0.03879865594136347,1.6786345943603347,12.097500801086426,4.4378662109375,4550,4550,53.68709004193079,18.48840917592477,34.43734641137174,0.0907938902902592,0.03126700651961737,2.41015625,,
12.803234999999404,1540,,,,0.46875,-1.111328125,-0.736328125,0.0388398597188041,1.681079671829311,12.100001335144043,4.4384765625,4548,4549,53.70557233225554,18.503710353774895,34.45398596499376,0.0908509504141886,0.03130177370476798,2.42578125,,
12.827669999999925,1540,,,,-0.041015625,0.2578125,-1.322265625,0.03889833866827205,1.6794681434974856,12.09850025177002,4.46044921875,4549,4549,53.96474599605426,18.52878554710336,34.33498148672493,0.09064102659227118,0.031121579699833722,2.42578125,,
12.850080000000075,1540,,,,-0.046875,0.310546875,-0.75390625,0.038731477433862384,1.6716438955967607,12.099501609802246,4.306640625,4545,4548,52.10820517502725,18.444704066954504,35.39692838200862,0.09063001984356445,0.03208024321662671,2.419921875,,
12.875049999998883,1540,,,,0.361328125,-0.40234375,-0.99609375,0.03836993644513642,1.6717994914356957,12.096001625061035,4.464285850524902,4543,4545,54.000008902686204,18.262555992880586,33.81954255932006,0.09154247040159244,0.030959244737319532,2.43359375,,
12.900259999999777,1540,,,,0.048828125,-0.357421875,-1.244140625,0.0384688933937607,1.676122832960386,12.098858833312988,4.441964149475098,4545,4545,53.7426971871364,18.307447597460275,34.06499590765284,0.09155415161165932,0.031187917999798028,2.423828125,,
12.92743499999866,1540,,,,-0.037109375,-0.83203125,-0.609375,0.03919130269184017,1.678867988118737,12.098501205444336,4.4354248046875,4545,4546,53.66199234616943,18.656111595938878,34.76596894798412,0.08999024150799989,0.03128597941888716,2.423828125,,
12.955719999998808,1540,,,,0.05078125,-0.4921875,-1.0625,0.03880981188300454,1.6768119002470976,12.095556259155273,4.472113609313965,4546,4544,54.09270175879101,18.469495373628867,34.14415396736446,0.09078818161113839,0.030998856513477557,2.41796875,,
12.980549999998882,1540,,,,0.3359375,-0.466796875,-0.697265625,0.03872127964811186,1.6787679622222786,12.0977783203125,4.39073371887207,4545,4545,53.11812319443561,18.428874984780364,34.69413803895632,0.09109443542314455,0.03160442917151369,2.421875,,
13.00368499999866,1540,,,,0.51171875,-0.20703125,-1.23046875,0.03900749102716924,1.681012987898339,12.101143836975098,4.3729071617126465,4545,4546,52.91717854962326,18.568845711251228,35.090392610101524,0.09052867442803837,0.03176686728151924,2.4296875,,
13.02775,1540,,,,-0.2734375,0.34765625,-1.193359375,0.03866920065459294,1.6860142827212456,12.09950065612793,4.4232177734375,4544,4544,53.51872635190375,18.401775492803726,34.383806841377016,0.09162236999253606,0.03150325872172537,2.419921875,,
13.050424999998883,1540,,,,0.298828125,-0.65625,-0.826171875,0.03850290855667769,1.6825578322991923,12.098286628723145,4.4677734375,4543,4543,54.05240363907069,18.316209241356816,33.886021727472844,0.09186168437626742,0.031128270326964507,2.419921875,,
13.08606499999948,1540,,,,0.203125,-1.044921875,-0.943359375,0.03896988973142817,1.6823022105637992,12.097715377807617,4.4649834632873535,4545,4545,54.01609910546813,18.547661953953288,34.337285107794244,0.09070157816873678,0.03114445949306801,2.416015625,,
13.112144999999552,1540,,,,0.109375,0.263671875,-1.189453125,0.039007103070624674,1.6951648462240338,12.09766674041748,4.362386226654053,4545,4546,52.774694763048046,18.57126884364475,35.18972289091862,0.09127889216918714,0.03212078921223737,2.427734375,,
13.134054999999702,1540,,,,-0.537109375,0.248046875,-0.916015625,0.038525207863901775,1.6737555534108768,12.100500106811523,4.422607421875,4544,4544,53.515761580783874,18.330571249508225,34.2526588579658,0.09130951406960547,0.031275936359128245,2.431640625,,
13.159984999999404,1540,,,,0.25,-1.0859375,-0.81640625,0.03844806087410889,1.675644931455086,12.096572875976562,4.425223350524902,4543,4543,53.53003675209766,18.29002472920558,34.16777913661503,0.09161523596955065,0.03130289148156475,2.4453125,,
13.183525000000373,1540,,,,0.57421875,-0.71484375,-0.921875,0.03906146048168321,1.6827134281381273,12.097000122070312,4.3994140625,4543,4544,53.21971245110035,18.585291912154823,34.92181948414597,0.09054005910112334,0.031618236000133366,2.43359375,,
13.206874999998137,1540,,,,-0.51171875,0.099609375,-1.203125,0.03881621044161378,1.6858364589053199,12.102285385131836,4.4405694007873535,4542,4542,53.74103816081242,18.46123376710889,34.35220903598154,0.09131764865622681,0.03136962955313021,2.44140625,,
13.23164999999851,1540,,,,0.07421875,-0.201171875,-0.873046875,0.038515762964827366,1.6893484792698499,12.09714412689209,4.429408550262451,4541,4541,53.58319362941302,18.31707274069586,34.184361737336246,0.0922280815927836,0.031527581035082776,2.41796875,,
13.256924999998882,1540,,,,0.26171875,-0.443359375,-1.21484375,0.03897305498550903,1.6856697490778896,12.101000785827637,4.468994140625,4543,4542,54.07930160756223,18.538396556614344,34.28002212591815,0.09092856245307022,0.031170331327691786,2.421875,,
13.43405999999866,1540,,,,-0.548828125,0.337890625,-0.8515625,0.03921521788279157,1.6783122886939694,12.095001220703125,4.4818115234375,4544,4544,54.207515846937895,18.65980936583361,34.42291917327858,0.08994262780449323,0.0309608780714635,2.408203125,,
13.469684999998659,1540,,,,0.005859375,-0.380859375,-0.95703125,0.03948119600795732,1.6823276338124824,12.096678733825684,4.473814964294434,4552,4551,54.118302337651585,18.81415386463539,34.76486336775917,0.08941819259673014,0.031086112482172985,2.408203125,,
13.501589999999851,1540,,,,-0.134765625,-0.783203125,-1.099609375,0.0376052214274619,1.7045524155314855,12.097332954406738,4.456787109375,4559,4560,53.915237569017336,17.955676541787007,33.303528559624354,0.09493111616065249,0.03161541138253307,2.392578125,,
13.523300000000745,1540,,,,0.3203125,-0.19921875,-0.912109375,0.038823082785743854,1.692423303111944,12.095601081848145,4.41162109375,4555,4558,53.361208874266595,18.528981659424065,34.72369170474257,0.09133925081366558,0.03171635985795881,2.412109375,,
13.545245000001042,1540,,,,0.25,0.25390625,-1.037109375,0.038175519670167635,1.6856364071124037,12.096001625061035,4.4112725257873535,4551,4552,53.358759640510925,18.195921832313008,34.101095967939884,0.09263814291172578,0.03159062201724491,2.404296875,,
13.567394999999554,1540,,,,0.4375,-0.572265625,-1.205078125,0.03818368041397968,1.6841249046770363,12.09866714477539,4.423828125,4546,4548,53.52242399007082,18.186166902726416,33.97859354445571,0.0926047205925817,0.0314657816131322,2.40234375,,
13.591104999998585,1540,,,,-0.109375,-0.595703125,-1.064453125,0.03818100003680419,1.6875480131336034,12.100000381469727,4.3722100257873535,4544,4544,52.90374297989274,18.168884872091386,34.34328810911712,0.09288121010254126,0.03189846158475014,2.40625,,
13.61277999999933,1540,,,,-0.19921875,-0.353515625,-0.61328125,0.03872261452680842,1.6897041269017008,12.09850025177002,4.432373046875,4541,4543,53.625066423555836,18.423419536691444,34.35598455240068,0.09171501107796762,0.03150959503817912,2.408203125,,
13.634919999999925,1540,,,,0.46875,-0.01171875,-0.861328125,0.03871385600103638,1.6687653725764657,12.096001625061035,4.420340538024902,4543,4542,53.46844633127239,18.41574441102115,34.44226581210801,0.09061623224841078,0.031210283579914788,2.390625,,
13.656474999999627,1540,,,,0.44921875,-0.50390625,-1.1328125,0.03895579434581548,1.667142730256145,12.096000671386719,4.437662601470947,4545,4544,53.67796980678031,18.535160753842224,34.53029393727361,0.08994487570929519,0.031058229963935046,2.416015625,,
13.680589999999851,1540,,,,-0.171875,0.119140625,-1.357421875,0.03907294926966106,1.6739333772268026,12.0994291305542,4.4510321617126465,4545,4545,53.854948198459624,18.59601139061097,34.529810189554425,0.09001572122460427,0.031082257679614308,2.421875,,
13.70352999999933,1540,,,,0,-0.83984375,-0.556640625,0.03893850855400581,1.6747335843984674,12.0977144241333,4.500557899475098,4547,4546,54.44646421712696,18.537540238056568,34.047280212964324,0.09034281586940698,0.0307592716713394,2.427734375,,
13.727399999998509,1540,,,,0.140625,0.19140625,-0.796875,0.039192873301758455,1.6816242572655833,12.097000122070312,4.4317626953125,4549,4547,53.61103386618197,18.66328188321552,34.81238942304447,0.09010335201430573,0.0313671297864367,2.416015625,,
13.751674999998883,1540,,,,0.111328125,0.107421875,-1.263671875,0.0390246794243959,1.6825689462876878,12.096571922302246,4.429408550262451,4544,4546,53.580659101510264,18.57701160042284,34.671114375857336,0.0905726379720509,0.031402542904520964,2.4296875,,
13.775554999999702,1540,,,,0.072265625,-0.189453125,-0.802734375,0.0383881025610106,1.6709326003330585,12.100001335144043,4.3951416015625,4542,4543,53.18121924705338,18.263750228290235,34.34248121210982,0.09148901947557368,0.03141959932454238,2.421875,,
13.79980999999866,1540,,,,0.421875,-0.21875,-1.19921875,0.03861036133119446,1.6713882738613677,12.100571632385254,4.4747490882873535,4538,4541,54.14702187977173,18.358515999212155,33.90494132802997,0.09104157841151728,0.03086759374453733,2.4375,,
13.825150000000372,1540,,,,-0.111328125,0.12109375,-1.267578125,0.038668892820638325,1.6739333772268026,12.096001625061035,4.4342041015625,4539,4540,53.63614001835231,18.38412969663557,34.275638944833084,0.09105317493126394,0.031209057487247296,2.4296875,,
13.849705000000075,1540,,,,-0.548828125,-0.2265625,-0.814453125,0.03898800694040988,1.6803016926346368,12.095500946044922,4.5330810546875,4542,4540,54.82988618547097,18.53782468077997,33.80970848283867,0.09064179436203078,0.03064572643741671,2.439453125,,
13.875695000000299,1540,,,,0.63671875,-0.958984375,-0.974609375,0.039173472077248354,1.6720328851940982,12.096000671386719,4.412841796875,4544,4543,53.377737337723374,18.63803008599112,34.917235191269825,0.08971081586840265,0.031324536568777164,2.44921875,,
13.899704999998212,1540,,,,-0.1875,-0.154296875,-1.173828125,0.0392281694060563,1.6898152667866544,12.102500915527344,4.4012451171875,4545,4545,53.26607306022197,18.670223038300893,35.0508719071379,0.09050857417825674,0.031724044400197667,2.44140625,,
13.92761999999918,1540,,,,0.4375,-0.404296875,-0.681640625,0.03891516501476044,1.6789457860382044,12.096572875976562,4.500557899475098,4544,4544,54.44132661355252,18.518819477851792,34.016106200545366,0.09066159903152554,0.03083954580967634,2.421875,,
13.949744999999181,1540,,,,-0.30078125,-0.044921875,-1.19921875,0.038846223623386675,1.6804572884735718,12.09644603729248,4.40809440612793,4544,4544,53.322276111017345,18.48453199192883,34.66568447574126,0.09091154102291225,0.03151510796303684,2.435546875,,
13.974980000000446,1540,,,,-0.171875,0.509765625,-0.78515625,0.0390099525809344,1.6744446206975885,12.100001335144043,4.4949774742126465,4544,4543,54.38923343941542,18.560632872008714,34.125564377890235,0.09021484516418715,0.030786325064918685,2.416015625,,
13.99977499999851,1540,,,,0.38671875,-0.896484375,-0.818359375,0.03907187010414514,1.6714105018383585,12.098501205444336,4.3389892578125,4547,4546,52.495266766054556,18.601743263296086,35.43508664542054,0.0898523583612882,0.031839261038276244,2.4296875,,
14.025134999999777,1540,,,,-0.048828125,-0.30078125,-1.44140625,0.03881769078338196,1.6782122627975113,12.098999977111816,4.4305419921875,4545,4546,53.605127462069504,18.479236438068007,34.4728896524754,0.09081610424878396,0.03130693540436032,2.42578125,,
14.049894999999553,1540,,,,0.0234375,-0.61328125,-0.580078125,0.03878623456881314,1.679890475060309,12.098501205444336,4.464111328125,4546,4545,54.00905628455803,18.461399252222332,34.182043757540555,0.0909947535454599,0.03110386647397529,2.423828125,,
14.07938000000082,1540,,,,0.3125,-0.34765625,-0.93359375,0.03919170875878169,1.6788568741302414,12.09850025177002,4.329833984375,4545,4545,52.384497550083324,18.653901365023298,35.60958344057578,0.09000030831502923,0.0320487348862158,2.412109375,,
14.103599999999627,1540,,,,-0.55078125,0.0859375,-0.8046875,0.03859790907743488,1.6777677032576974,12.09644603729248,4.46180534362793,4542,4543,53.971987568098484,18.361342283718564,34.02013361199894,0.09137500283655263,0.031085898052963027,2.41796875,,
14.126514999998733,1540,,,,0.69921875,-0.416015625,-1.224609375,0.03862021718789962,1.6629416426049037,12.096571922302246,4.4119696617126465,4542,4543,53.36970833192254,18.371455289676977,34.42300110658143,0.09051768716108842,0.03115890445311338,2.40625,,
14.149894999999553,1540,,,,-0.2109375,0.287109375,-1.0625,0.03878902477689573,1.6746669004674954,12.096001625061035,4.442661762237549,4541,4542,53.73844389562191,18.450926268778073,34.33468655068606,0.09076329697882432,0.031163293520747648,2.419921875,,
14.177719999998807,1540,,,,-0.546875,0.08984375,-0.927734375,0.038898717067885814,1.6812686096337321,12.096000671386719,4.4573974609375,4546,4543,53.916682680137455,18.505600784464885,34.32258786069979,0.09085187934266509,0.031182716110483188,2.4140625,,
14.204125,1540,,,,0.61328125,-0.99609375,-1.111328125,0.03917988195430986,1.6717550354817143,12.09688949584961,4.31043815612793,4544,4545,52.14289405337331,18.646519139661955,35.76042235127079,0.08965507304394518,0.03206103277985512,2.4140625,,
14.225914999999105,1540,,,,-0.2734375,0.08984375,-0.82421875,0.0388584657172426,1.6650421864305243,12.099000930786133,4.4439697265625,4541,4542,53.767593858065084,18.48106310230425,34.37212226957802,0.09009450253015608,0.030967392567833305,2.408203125,,
14.252359999999404,1540,,,,0.3359375,-0.892578125,-0.9375,0.038357171326999,1.6713993878498632,12.096667289733887,4.417317867279053,4540,4540,53.43482455347157,18.234422745277435,34.124604876414395,0.0916617658369658,0.03127921541460877,2.41015625,,
14.276289999999106,1540,,,,0.111328125,-0.65234375,-1.125,0.03902362918381353,1.6757894133055256,12.097333908081055,4.423828125,4540,4541,53.516525980085135,18.55594976179897,34.67330777170422,0.09031008570391065,0.0313134939650068,2.396484375,,
14.299804999999703,1540,,,,-0.037109375,-0.255859375,-0.744140625,0.03887660710020259,1.673666641502914,12.092000961303711,4.390346050262451,4538,4540,53.08806866022951,18.481062006600062,34.81208202332853,0.09056117234524752,0.03152622959811548,2.3984375,,
14.466269999999552,1540,,,,-0.234375,-0.83984375,-0.7578125,0.03878204953615723,1.669032108300354,12.098000526428223,4.403076171875,4539,4538,53.26841784524731,18.431176881963296,34.60057127190939,0.09055483103380473,0.031332488852008726,2.38671875,,
14.503109999999404,1540,,,,0.126953125,-0.431640625,-0.990234375,0.03896829012670935,1.672573163959828,12.096872329711914,4.435369491577148,4540,4540,53.65409847470801,18.52568904824351,34.52800359133111,0.09028399211517646,0.031173260039925224,2.39453125,,
14.534384999999777,1540,,,,0.22265625,-0.0078125,-1.009765625,0.03911337263545181,1.6830505987641047,12.097000122070312,4.431966304779053,4545,4545,53.61349692992371,18.614975103308304,34.72068820215043,0.09041379799992257,0.03139229289527523,2.400390625,,
14.556775000000373,1540,,,,-0.115234375,-0.619140625,-0.88671875,0.03862386033218693,1.6828579099885668,12.099599838256836,4.4189453125,4541,4544,53.4674699883908,18.377744553564593,34.37182376041898,0.09157042666925934,0.03147442567142151,2.3984375,,
14.579669999999926,1540,,,,0.1875,-0.40234375,-1.06640625,0.03842984040171706,1.678523454475381,12.10057258605957,4.441964149475098,4540,4541,53.75030961539778,18.2753055079214,34.0003725349446,0.09184653322199336,0.03122816345590941,2.408203125,,
14.604064999999478,1540,,,,0.224609375,-0.5625,-1.16796875,0.038429917954075125,1.6773120297293882,12.097715377807617,4.483817100524902,4543,4541,54.243943088296874,18.276201279004507,33.69261200140813,0.09177574727502401,0.030921646440766733,2.404296875,,
14.628889999998734,1540,,,,-0.01171875,-0.56640625,-0.890625,0.03911388861539414,1.6644086890862897,12.096500396728516,4.4561767578125,4543,4543,53.9041439187713,18.60944978987129,34.523226670502474,0.08943889840269163,0.030877193627161653,2.404296875,,
14.653195000000299,1540,,,,0.375,-0.39453125,-0.75,0.039162730586587494,1.679445915520495,12.098000526428223,4.4207763671875,4547,4545,53.48255481745582,18.63816206075365,34.84904960948212,0.09010791461336747,0.03140175186568222,2.38671875,,
14.67577999999933,1540,,,,0.224609375,-0.138671875,-1.228515625,0.038861673310718936,1.682646744207155,12.100000381469727,4.4549560546875,4542,4545,53.90496996114962,18.494246340201407,34.308981812865454,0.09098217430734357,0.031215057636056042,2.40625,,
14.699584999999031,1540,,,,-0.224609375,0.291015625,-0.966796875,0.038694009584070786,1.6838137129991666,12.096000671386719,4.5166015625,4544,4544,54.6328155323863,18.41038602954866,33.69840241646524,0.09145998950248226,0.03082055531260333,2.390625,,
14.721085000000894,1540,,,,0.03125,-0.7734375,-0.96484375,0.03892496134479075,1.676122832960386,12.096500396728516,4.3890380859375,4543,4544,53.092000947799534,18.52335783269294,34.889168805118594,0.09048698665217708,0.031570157519743194,2.40625,,
14.742734999999405,1540,,,,0.63671875,-0.90625,-0.984375,0.03875002390562604,1.676033921052423,12.098286628723145,4.463588237762451,4541,4543,54.00176989304737,18.435678786645763,34.139026967372274,0.09091251482785058,0.031036647953796223,2.408203125,,
14.76677499999851,1540,,,,0.21875,-0.37890625,-1.087890625,0.038704360657995734,1.6814464334496575,12.097715377807617,4.441964149475098,4542,4542,53.73761799877502,18.407797999727723,34.254957114301824,0.09134424625229635,0.031289932380106376,2.41015625,,
14.798794999999926,1540,,,,-0.26953125,-0.177734375,-0.75390625,0.0390414276595903,1.6868589458468919,12.098999977111816,4.4720458984375,4541,4541,54.107283222838305,18.567037656119727,34.31522809905693,0.09085234688964508,0.031176190068528162,2.41015625,,
14.822685000000522,1540,,,,-0.15625,-0.388671875,-1.224609375,0.03875009558915702,1.6795792833824392,12.094223022460938,4.48621940612793,4540,4541,54.25733802540344,18.425070820032232,33.95867082790822,0.09115727694008945,0.030955799611769662,2.408203125,,
14.845679999999701,1540,,,,-0.09375,-0.271484375,-0.86328125,0.038795211725861284,1.6719217453091446,12.097000122070312,4.405517578125,4542,4541,53.29354668036103,18.447175502991776,34.61427630934847,0.09063293971686838,0.03137193618088205,2.408203125,,
15.015525000000373,1540,,,,0.1484375,-0.095703125,-0.865234375,0.039222391825247484,1.6793014336700556,12.095429420471191,4.469168663024902,4541,4542,54.056514131799304,18.65527732887915,34.51069242717779,0.09001750036009525,0.031065662679906125,2.404296875,,
15.039014999998733,1540,,,,0.07421875,-0.435546875,-0.998046875,0.03884521707237936,1.6772246459948437,12.097332954406738,4.432480335235596,4543,4543,53.6211904292054,18.48109581779735,34.46603044406006,0.09075352795799432,0.03127913857506088,2.3984375,,
15.064355000000447,1540,,,,-0.236328125,-0.0546875,-0.916015625,0.03870316160072627,1.6720773411480796,12.098286628723145,4.3484930992126465,4539,4539,52.60931591729923,18.396029371955407,34.96724686721567,0.09089338287843503,0.03178291357706591,2.376953125,,
15.087115000000223,1540,,,,0.111328125,-0.6328125,-0.79296875,0.038725901908386484,1.666275839153508,12.096001625061035,4.4647216796875,4538,4537,54.005280692945234,18.40121592260036,34.072993763745274,0.09055248556194534,0.03085394275843798,2.37890625,,
15.11277499999851,1540,,,,0.453125,-0.6953125,-1.203125,0.03900187931059289,1.6643420051553175,12.100571632385254,4.447544574737549,4540,4540,53.81783171483812,18.541319405149306,34.45200004227832,0.08976394660959755,0.03092547492388924,2.390625,,
15.13530999999866,1540,,,,-0.33203125,0.087890625,-1.150390625,0.039122623022208154,1.6659201915216568,12.096500396728516,4.432373046875,4541,4541,53.61620231997222,18.603371489490925,34.69729425905479,0.08954936971842646,0.03107120831833134,2.37890625,,
15.157174999998883,1540,,,,0.234375,-1.060546875,-0.751953125,0.03899692574105527,1.6674316939570242,12.096571922302246,4.356166362762451,4540,4541,52.69467971266977,18.54527611417907,35.19383022214308,0.08991139758130451,0.03164326461512036,2.3828125,,
15.182644999999553,1540,,,,0.236328125,-0.67578125,-0.943359375,0.03892506838101829,1.6653978340623754,12.093713760375977,4.5431084632873535,4542,4541,54.943053337338824,18.511400515888326,33.69197631269636,0.08996606348790116,0.030311344799809032,2.373046875,,
15.206990000000223,1540,,,,-0.0234375,-0.111328125,-1.146484375,0.039063809689329654,1.6735221596524745,12.100000381469727,4.3682861328125,4543,4543,52.85626387340017,18.582672052836003,35.15699122689544,0.09005820879226403,0.031661756564195453,2.380859375,,
15.230240000000224,1540,,,,0.2109375,-0.255859375,-0.8359375,0.03899542346105246,1.6811241277832925,12.098286628723145,4.5068359375,4544,4543,54.52499296050519,18.55278974052273,34.02621207848907,0.0906130102963117,0.03083217505412616,2.359375,,
15.253764999998733,1540,,,,0.203125,0.052734375,-1.146484375,0.038706962923877236,1.6778010452231835,12.09850025177002,4.403076171875,4544,4544,53.27061817399226,18.418313126160136,34.574994166582265,0.09109417533140683,0.031495805806930136,2.37890625,,
15.276484999999404,1540,,,,-0.19921875,-0.240234375,-1.244140625,0.03910647745966299,1.6834802933443063,12.094286918640137,4.469168663024902,4545,4545,54.051408098418506,18.61156168246867,34.433074617741966,0.09045346769207853,0.03114591002474852,2.376953125,,
15.299754999998957,1540,,,,-0.1875,-0.9453125,-0.91796875,0.03924083698987673,1.6796904232673926,12.096571922302246,4.3994140625,4546,4546,53.21782862301916,18.679731404450997,35.10051403407157,0.08992048048759185,0.031562550873051765,2.3828125,,
15.327104999998584,1540,,,,0.509765625,-0.603515625,-0.958984375,0.039224941830621037,1.6759005531904791,12.094858169555664,4.4698662757873535,4549,4546,54.062398642528024,18.67502328288109,34.54346043053746,0.08974021225059108,0.03099937470906326,2.375,,
15.35202999999933,1540,,,,-0.412109375,0.51171875,-1.111328125,0.03913429849478127,1.6800053659163796,12.099555969238281,4.377170085906982,4546,4548,52.96181444130707,18.636449776670617,35.18846545056299,0.0901462127201628,0.031721068918025494,2.375,,
15.376819999998435,1540,,,,0.0234375,-0.26953125,-0.78515625,0.03880393182216922,1.6816131432770878,12.096000671386719,4.39208984375,4545,4545,53.12672169879079,18.468632200633706,34.763357515911,0.09105239224047071,0.03165286864134444,2.37109375,,
15.401679999999702,1540,,,,0.173828125,-0.1796875,-1.232421875,0.03848366523156329,1.661896927686341,12.095429420471191,4.478934288024902,4544,4544,54.17463355973359,18.310955987687535,33.7998705011962,0.09075970303264431,0.030676662092304022,2.380859375,,
15.425599999999628,1540,,,,-0.5,-0.10546875,-0.984375,0.03901195510858021,1.6574513322882016,12.096500396728516,4.4696044921875,4545,4544,54.06657251296565,18.564021329636464,34.33548765308665,0.0892829900837363,0.03065575003650786,2.369140625,,
15.450894999999553,1540,,,,0.625,-1.642578125,-0.681640625,0.03931455882038876,1.6801349828072065,12.096000671386719,4.464111328125,4549,4547,53.99789362214506,18.720772110208568,34.66944885148446,0.0897470987262869,0.03111482448860129,2.376953125,,
15.478570000000298,1540,,,,-0.25,0.28515625,-1.1875,0.039529084991670675,1.6867773969563071,12.098858833312988,4.405692100524902,4552,4550,53.30384678729297,18.834122448497038,35.333514527861205,0.08955964906615077,0.031644571613889894,2.390625,,
15.506294999999925,1540,,,,0.099609375,-0.189453125,-0.736328125,0.03919466268006681,1.6921492043706774,12.097599983215332,4.451171875,4552,4551,53.84849680028856,18.679011223991616,34.688082925077154,0.09059094103424782,0.031424260748567634,2.392578125,,
15.530849999999628,1540,,,,0.041015625,0.021484375,-1.0859375,0.039423404463203165,1.6962947220794422,12.098001480102539,4.451904296875,4552,4553,53.8591447728686,18.794782002906572,34.89617609445293,0.09025349279481473,0.03149501777707295,2.388671875,,
15.554069999998436,1540,,,,0.412109375,-1.53515625,-0.888671875,0.039003394026919776,1.6919936085317426,12.097500801086426,4.4659423828125,4554,4553,54.02674155368004,18.598217022740403,34.42409534223258,0.09097611918728063,0.03131770600769263,2.3828125,,
15.577209999999031,1540,,,,0.390625,0.556640625,-1.009765625,0.0391939425461619,1.6849695678026828,12.101715087890625,4.325474262237549,4554,4554,52.345657141602715,18.69240008639966,35.70955282084618,0.09014195929973935,0.032189290569886085,2.39453125,,
15.600199999999255,1540,,,,-0.486328125,0.447265625,-0.9296875,0.03867485177615122,1.6892595673618869,12.098286628723145,4.483119487762451,4550,4551,54.238064553764616,18.432297621466507,33.98406225058991,0.09164671719463513,0.031145277422046893,2.39453125,,
15.627749999998137,1540,,,,0.423828125,-1.001953125,-1.044921875,0.0382818684065203,1.680924075990376,12.098286628723145,4.345005512237549,4550,4550,52.567122090431894,18.239807106157944,34.698127614404626,0.09215689980750284,0.03197671870068635,2.388671875,,
15.649955000000075,1540,,,,-0.19921875,-0.255859375,-1.23828125,0.03861722995490735,1.6746891284444863,12.096000671386719,4.407009601593018,4547,4546,53.30719109967686,18.385746409814125,34.49018046258599,0.09108627363371846,0.03141582015291438,2.3828125,,
15.67768500000052,1540,,,,-0.203125,0.50390625,-0.888671875,0.03838567594074007,1.6666870567278356,12.097715377807617,4.391043663024902,4543,4545,53.12159644680105,18.270910211707903,34.39450512374081,0.09122080057400923,0.031374942927344995,2.3828125,,
15.700819999998435,1540,,,,0.53125,-0.921875,-0.94921875,0.03843417028348842,1.6728626833601319,12.097333908081055,4.391818523406982,4539,4541,53.12929514134976,18.277949326222654,34.40277021856665,0.09152354312308666,0.03148663423652626,2.376953125,,
15.728384999999777,1540,,,,-0.1875,0.125,-1.0390625,0.03867445325484456,1.6595185341483363,12.095429420471191,4.43359375,4539,4539,53.626220282167196,18.382754850313106,34.2794154680077,0.0902758344797309,0.030946028368517908,2.396484375,,
15.752174999998882,1540,,,,0.46875,-0.80859375,-1.072265625,0.03879529240476712,1.6597926328896029,12.098501205444336,4.449462890625,4538,4538,53.8318321458064,18.43757479257604,34.25032003859144,0.09002228609577898,0.030832921093860703,2.3984375,,
15.77736999999918,1540,,,,0.03125,0.3046875,-1.048828125,0.038952011048347744,1.6600742335731038,12.098000526428223,4.451904296875,4542,4540,53.859140527201816,18.520187712258352,34.38634098311436,0.08963592914743057,0.03082251624001826,2.41015625,,
15.80018499999866,1540,,,,-0.349609375,0.2890625,-0.951171875,0.03926201786633695,1.668965424369382,12.097500801086426,4.4378662109375,4543,4543,53.68709004193079,18.677117525134612,34.78884311022888,0.08935883292073214,0.031086904189925053,2.40625,,
15.828334999999031,1540,,,,0.19921875,-0.974609375,-0.818359375,0.039126274830002125,1.672799750400277,12.096571922302246,4.437778949737549,4545,4544,53.681912240779184,18.619749240481234,34.68533154513233,0.08984007941221032,0.03116132940453532,2.412109375,,
15.85052499999851,1540,,,,0.236328125,-0.2890625,-1.46484375,0.038911976370084915,1.674529781634434,12.096000671386719,4.481879234313965,4543,4543,54.21281422733591,18.513316850350947,34.149337410740635,0.09045001472022508,0.030888080714874238,2.3984375,,
15.87652499999851,1540,,,,-0.0859375,-0.35546875,-0.6796875,0.0388401078863499,1.6772120038329301,12.097334861755371,4.414876461029053,4544,4544,53.40823892234994,18.480385947787884,34.60212566577313,0.09075632990412161,0.031403619323067795,2.40625,,
