Time (s),ESC signal (µs),Servo 1 (µs),Servo 2 (µs),Servo 3 (µs),AccX (g),AccY (g),AccZ (g),Torque (N·m),Thrust (N),Voltage (V),Current (A),Motor Electrical Speed (RPM),Motor Optical Speed (RPM),Electrical Power (W),Mechanical Power (W),Motor Efficiency (%),Propeller Mech. Efficiency (N/W),Overall Efficiency (N/W),Vibration (g),App message,
0,1524,,,,-0.259765625,0.07421875,-1,0.03403245195062252,1.242732018035163,12.104641914367676,3.9906527996063232,4445,4445,48.30542314380341,15.841139834447464,32.793708870511274,0.07844965899062208,0.02572655277929348,1.42578125,,
0,1524,,,,0.453125,-0.134765625,-1.1171875,0.033915113557809864,1.2421364471766687,12.105142593383789,3.9760043621063232,4445,4445,48.130099755212996,15.785384134755216,32.797322704583614,0.07868902248896273,0.02580789263878748,1.404296875,,
0.022535000000149012,1524,,,,-0.037109375,-0.2265625,-0.853515625,0.03393136864210069,1.2461003900983905,12.104000091552734,4.039713382720947,4445,4445,48.89669115430115,15.793334183578501,32.299392475740675,0.07890040035966904,0.025484349977100206,1.421875,,
0.04875999999977648,1524,,,,-0.4375,0.2890625,-0.80859375,0.034148263863253994,1.252402021575253,12.103429794311523,3.954380512237549,4445,4446,47.86156690986081,15.898781303051452,33.21826327373302,0.07877346053781363,0.026167175511281126,1.421875,,
0.07086999999918044,1524,,,,-0.009765625,0.048828125,-0.966796875,0.033931693383866715,1.2417437066082144,12.10099983215332,3.997802734375,4445,4445,48.37741021765396,15.794443615675709,32.64838598142233,0.07861902177901381,0.025667841685230917,1.41796875,,
0.09564499999955296,1524,,,,-0.203125,0.4765625,-1.384765625,0.033824699635469316,1.2364423340959334,12.102286338806152,3.9683315753936768,4444,4444,48.02588501273999,15.742230450652569,32.778636867340545,0.0785430208236266,0.02574533158041623,1.435546875,,
0.12048499999940396,1524,,,,0.037109375,-0.0546875,-0.9375,0.03388638534000973,1.2698843254784347,12.102499961853027,3.9990234375,4442,4443,48.39818099979311,15.767728994666347,32.57917688008512,0.08053691980043484,0.026238265555555963,1.439453125,,
0.14631000000052155,1524,,,,-0.3125,-0.37890625,-0.865234375,0.034055573843831205,1.2622045594281495,12.106501579284668,3.96484375,4444,4443,48.000387120991945,15.844200843807194,33.008485543813606,0.07966350413447897,0.02629571624592484,1.4296875,,
0.16894499999843537,1524,,,,-0.5625,0.26953125,-0.810546875,0.03409689332100604,1.2388985255534053,12.101999282836914,4.012451171875,4442,4442,48.558681204449385,15.862307547269547,32.66626513286794,0.07810329750961502,0.025513430242003487,1.421875,,
0.19575500000081955,1524,,,,-0.375,0.5234375,-0.955078125,0.03410034419133895,1.2476896904532253,12.10400104522705,3.9697265625,4443,4442,48.04957446176559,15.862017343845858,33.01177486278826,0.07865895386486282,0.025966716759292997,1.439453125,,
0.2188449999988079,1524,,,,-0.125,-0.138671875,-1.080078125,0.034048681744809926,1.2564808553530455,12.10050106048584,4.0118408203125,4442,4442,48.54528410069179,15.83959920761303,32.62850244064657,0.079325293454972,0.02588265531100559,1.4453125,,
0.24293500000052154,1524,,,,0.048828125,-0.23046875,-0.98046875,0.0340400621146125,1.2437442245373769,12.104000091552734,3.9849853515625,4442,4443,48.234263060148805,15.83659665180712,32.832670485830086,0.07853608018711852,0.025785492420323915,1.4375,,
0.26410999999940393,1524,,,,-0.59375,0.31640625,-0.751953125,0.034031763313629705,1.2453335248922117,12.103500366210938,4.022216796875,4442,4443,48.68290247395635,15.832183946251783,32.52103539784106,0.07865835371291528,0.025580511054336206,1.43359375,,
0.29966000000014903,1524,,,,-0.2109375,0.453125,-0.998046875,0.034133075198993564,1.2528576951035622,12.104000091552734,3.9078776836395264,4444,4442,47.300951840549715,15.878584157664196,33.56926983454898,0.07890235569264145,0.026486944688278433,1.439453125,,
0.3219749999996275,1524,,,,0.150390625,-0.060546875,-0.986328125,0.03399402819640411,1.246493130666845,12.103333473205566,4.013265132904053,4443,4443,48.57388621992641,15.81634042221723,32.561406247394125,0.07881046420295144,0.025661795414580142,1.4375,,
0.346,1524,,,,0.5625,-0.408203125,-1.123046875,0.03402731152880885,1.2549693529176782,12.10200023651123,4.016927242279053,4442,4443,48.6128544361095,15.833638211248283,32.570887669346774,0.07925969610863931,0.02581558658661052,1.423828125,,
0.3691500000003725,1524,,,,-0.111328125,-0.0390625,-1.03125,0.03388449907103403,1.2549693529176782,12.102500915527344,4.0142822265625,4444,4443,48.5828543221578,15.766941675111513,32.45371622375115,0.07959497655139276,0.025831527818350273,1.43359375,,
0.39592999999970196,1524,,,,-0.01171875,0.21875,-0.763671875,0.03376896799575255,1.2454668927541557,12.103429794311523,3.994140625,4444,4443,48.34280064329505,15.712316664962271,32.501875058704336,0.07926691647779022,0.025763234156498893,1.44140625,,
0.41890000000037253,1524,,,,-0.048828125,0.458984375,-1.0859375,0.03366204732822589,1.2424994578258979,12.10099983215332,4.010009765625,4442,4443,48.5251275007613,15.663137640259562,32.27840594548428,0.07932634484627486,0.025605279611195346,1.431640625,,
0.44737999999895695,1524,,,,0.25,0.154296875,-1.138671875,0.033866613820456616,1.2472895868673928,12.10400104522705,3.98681640625,4444,4444,48.256429948378354,15.759148634610048,32.65709595895962,0.07914701585643472,0.02584711691688887,1.427734375,,
0.469589999999851,1524,,,,0.537109375,-0.40625,-1.17578125,0.03384484798786895,1.244866737375407,12.105335235595703,3.988172769546509,4444,4443,48.278168352834655,15.747712469621202,32.61870325015463,0.07905063924534249,0.025785293432788542,1.443359375,,
0.494875,1524,,,,0.13671875,-0.3828125,-0.81640625,0.03397047627012994,1.248412099705423,12.103429794311523,3.9913504123687744,4442,4443,48.30902950060181,15.805940818860375,32.718398573218025,0.07898372605670903,0.025842210299212715,1.443359375,,
0.5180049999989569,1524,,,,-0.0625,-0.064453125,-0.865234375,0.033955181966981766,1.2455335766851279,12.103501319885254,4.01123046875,4444,4443,48.54993327287957,15.799753688688893,32.54330670216344,0.07883246797554891,0.025654691834167652,1.4296875,,
0.5450049999989569,1524,,,,-0.2109375,0.33203125,-1.033203125,0.03393615005937682,1.2471228770399625,12.101715087890625,4.005301475524902,4442,4443,48.471017297910294,15.791058698657844,32.57835213485119,0.0789765208805133,0.025729249076307897,1.423828125,,
0.5689949999991805,1524,,,,0.07421875,0.1171875,-1.21484375,0.03410514265616045,1.2473007008558883,12.10400104522705,4.0203857421875,4445,4445,48.66275322565343,15.875563599788729,32.623644466173864,0.07856733356367186,0.025631527568365196,1.4375,,
0.5929849999994039,1524,,,,0.173828125,-0.37890625,-1.0078125,0.03420717361257764,1.2406323077586796,12.104001998901367,3.9501953125,4447,4446,47.81317195855081,15.926442938453112,33.30973931672998,0.07789763932555667,0.025947500593229464,1.435546875,,
0.6198249999992549,1524,,,,-0.048828125,-0.10546875,-0.96484375,0.03420027452685743,1.250268135784146,12.103429794311523,4.017159461975098,4446,4446,48.621407520569846,15.922417330398577,32.74775071795775,0.07852250759670604,0.025714355045258732,1.421875,,
0.644765000000596,1524,,,,-0.19921875,0.267578125,-0.87109375,0.03387902876524392,1.255480596388464,12.104446411132812,3.949652671813965,4445,4445,47.80835910855967,15.771511603307243,32.98902513573926,0.07960432886630811,0.026260692058842936,1.423828125,,
0.6681199999991805,1524,,,,-0.2109375,0.14453125,-0.859375,0.03388358870416414,1.2468227993505883,12.10099983215332,3.9947509765625,4444,4445,48.340480896877125,15.770741764182592,32.62429639007048,0.07905923627398967,0.0257925195657525,1.419921875,,
0.695429999999702,1524,,,,-0.037109375,0.0703125,-1.025390625,0.0340012869137181,1.2450779031568187,12.10400104522705,4.0213446617126465,4442,4444,48.674359988588094,15.824053842771614,32.51003987824725,0.07868261290867429,0.02557974883385693,1.412109375,,
0.7184000000003725,1524,,,,0.32421875,-0.0625,-1.2265625,0.033958012138982197,1.2494568146239857,12.104001998901367,4.0301513671875,4445,4444,48.78096020431258,15.803659282487136,32.3971877886282,0.07906123463497941,0.02561361665270223,1.41015625,,
0.744160000000149,1524,,,,0.0234375,-0.10546875,-0.953125,0.03396065884026886,1.2465227216612138,12.10400104522705,3.97705078125,4445,4444,48.13822681317106,15.80526221105086,32.83307935789275,0.07886757619178625,0.02589465387869571,1.412109375,,
0.7676549999993294,1524,,,,-0.1484375,0.15234375,-0.84765625,0.033748770567032974,1.2367979817277845,12.10050106048584,4.0191650390625,4443,4444,48.63391081744339,15.704134439090835,32.290503015559004,0.07875620184765732,0.025430773732557522,1.40234375,,
0.7971149999983609,1524,,,,-0.162109375,0.255859375,-0.90625,0.033837656748093185,1.2457780844320256,12.104570388793945,4.008091449737549,4444,4444,48.51622507807133,15.74626671061824,32.455671654749864,0.07911577438174314,0.025677555960451265,1.388671875,,
0.819429999999702,1524,,,,0.072265625,-0.126953125,-0.919921875,0.034047132653924325,1.2426772816418235,12.10400104522705,4.043511390686035,4445,4444,48.942666099251255,15.845609508228726,32.37586092285058,0.07842407582974281,0.025390469720668413,1.39453125,,
0.8448349999990314,1524,,,,0.109375,0.3359375,-1.369140625,0.03435775094780343,1.2257951331173902,12.102001190185547,3.97216796875,4446,4445,48.071181485429406,15.993796386024863,33.27106988388179,0.07664191187206006,0.025499584059296195,1.40625,,
0.8690550000015647,1524,,,,-0.0234375,-0.349609375,-0.8359375,0.0341126769725469,1.250812721220418,12.10150146484375,3.9923095703125,4444,4445,48.31294011324644,15.880191766501387,32.869437730922435,0.0787655929860341,0.025889807539936287,1.40234375,,
0.8944150000009686,1524,,,,-0.21875,-0.234375,-0.904296875,0.03374432814438867,1.2565808812495036,12.10400104522705,4.051339149475098,4445,4444,49.03741329981585,15.703979343679032,32.02448556506141,0.08001671765795379,0.025624942196007354,1.40234375,,
0.9180950000006706,1524,,,,-0.5859375,0.23828125,-0.87109375,0.033959182411052086,1.2623490412785892,12.106500625610352,4.0545654296875,4445,4445,49.08659891108982,15.807753056750622,32.20380594178685,0.07985632346018394,0.02571677543936324,1.421875,,
0.9431099999994039,1524,,,,-0.453125,0.681640625,-1.064453125,0.034291434878417626,1.2464115817762602,12.101714134216309,4.013671875,4446,4445,48.57230965979397,15.96317961714455,32.864773631215996,0.0780804082688894,0.02566094942789976,1.42578125,,
0.9674199999999255,1524,,,,0.4375,-0.189453125,-1.2109375,0.03435092466348601,1.2535689903672642,12.103001594543457,3.9990234375,4446,4446,48.40018704067916,15.993090878443162,33.04344849948899,0.07838190878143075,0.025900085661108508,1.42578125,,
0.9924050000011921,1524,,,,-0.287109375,-0.14453125,-1.01171875,0.03413035737311185,1.2542469436654804,12.10400104522705,3.9483642578125,4444,4445,47.79100510349963,15.886665857470492,33.24195802759366,0.07894966476403151,0.026244414423785258,1.443359375,,
1.0186300000008195,1524,,,,-0.162109375,0.3828125,-0.8515625,0.03387239014365962,1.258159067615843,12.105001449584961,4.005126953125,4445,4444,48.48206757334992,15.762314021665954,32.51163741690408,0.07982070817054217,0.0259510192240118,1.447265625,,
1.0429199999999255,1524,,,,-0.486328125,0.376953125,-1.029296875,0.03397034925194348,1.2598039379131545,12.103500366210938,3.955078125,4442,4442,47.87028953433037,15.803282059613423,33.01271459467576,0.0797178670329935,0.02631703192456526,1.4375,,
1.065144999999553,1524,,,,-0.01171875,0.263671875,-1.10546875,0.03409815162548239,1.2582146375583194,12.10150146484375,3.9813232421875,4442,4442,48.1799890473485,15.862636638681229,32.923703289123516,0.07931938846094148,0.026114880107627653,1.4453125,,
1.233695000000298,1524,,,,0.111328125,-0.21484375,-1.11328125,0.034063862723701537,1.234452930155266,12.102286338806152,4.0304131507873535,4443,4443,48.77721401451845,15.84772162769523,32.49000982913494,0.07789466266229435,0.025307983555350935,1.455078125,,
1.255440000001341,1524,,,,-0.072265625,0.05859375,-0.951171875,0.034146497307871025,1.2495234985549577,12.10328483581543,3.9999825954437256,4449,4448,48.41292869095969,15.90614416494743,32.85515789900486,0.07855602750719111,0.02580970687667333,1.453125,,
1.2782449999991805,1524,,,,-0.1484375,0.2734375,-1.140625,0.03385287838957253,1.249501270577967,12.104571342468262,3.974609375,4443,4445,48.11094273813069,15.758200589046934,32.753880286277685,0.07929212878826145,0.02597124893974828,1.43359375,,
1.316144999999553,1524,,,,0.5,-0.3984375,-1.130859375,0.03403825982575788,1.2380983183817402,12.101143836975098,4.04296875,4444,4444,48.924546372145414,15.84150340129044,32.37945893415499,0.07815535476771009,0.02530628100185383,1.44140625,,
1.482620000001043,1524,,,,-0.0546875,0.134765625,-0.9296875,0.033933769940827654,1.23706846842279,12.101334571838379,4.032389163970947,4444,4444,48.79729039706808,15.792303264261049,32.36307412923466,0.07833363175226958,0.025351171312108706,1.44140625,,
1.5047949999999255,1524,,,,0.01171875,-0.046875,-0.9921875,0.03384214804094978,1.2559319632462314,12.103124618530273,3.9912109375,4449,4449,48.30612335540354,15.767146303621026,32.64005721928275,0.07965499520720491,0.025999436013648614,1.4375,,
1.532160000000149,1524,,,,-0.390625,0.0625,-0.650390625,0.03409906925851916,1.2454224368001745,12.105714797973633,3.9634487628936768,4451,4449,47.98038033997227,15.885225335491203,33.10775200807919,0.07840130753560151,0.025956910469978448,1.443359375,,
1.5561149999983608,1524,,,,-0.134765625,0.283203125,-0.9921875,0.03406949945266003,1.2409768414020352,12.104890823364258,4.018012046813965,4449,4449,48.6375971536454,15.871754462393437,32.63268621649794,0.07818775450076475,0.025514764585960303,1.439453125,,
1.5817550000008196,1524,,,,-0.15625,0.40234375,-1.32421875,0.03389642285088693,1.2340305985924427,12.103499412536621,3.9862060546875,4450,4449,48.24704264116008,15.792252894335924,32.732064039223374,0.07814151703681507,0.025577331397710953,1.43359375,,
1.603609999999404,1524,,,,0.13671875,-0.232421875,-1.017578125,0.033803897548131324,1.2428439914692537,12.10300064086914,3.97216796875,4448,4448,48.07515147142112,15.746214905177768,32.75333394329148,0.07892969827692203,0.025852107657072656,1.44140625,,
1.625839999999851,1524,,,,-0.0625,-0.412109375,-0.8125,0.03363404100585213,1.2508794051513903,12.103333473205566,4.054361820220947,4447,4448,49.07129313116684,15.666133519092218,31.925251036725026,0.07984608350407273,0.025491062601668314,1.44921875,,
1.6494349999986588,1524,,,,-0.2109375,0.251953125,-0.916015625,0.03400605659334004,1.2499902860717622,12.10285758972168,3.934849262237549,4450,4449,47.62292025788247,15.84477082640481,33.27131293210061,0.0788897674675542,0.02624766140553646,1.443359375,,
1.673324999999255,1524,,,,-0.40625,0.435546875,-0.927734375,0.03392685397698951,1.248289845831974,12.103500366210938,4.056396484375,4451,4449,49.09659633412957,15.80742781990134,32.196585914679346,0.07896856212497733,0.02542518095015527,1.453125,,
1.6964499999992548,1524,,,,-0.2109375,-0.0390625,-1.041015625,0.03395939732191101,1.245411322811679,12.103429794311523,3.9522879123687744,4452,4452,47.836239274261516,15.830704763016243,33.09353954907157,0.07867061773024876,0.026034891992058783,1.453125,,
1.718800000000745,1524,,,,0.037109375,-0.1484375,-1.111328125,0.034348961680556116,1.2464226957647557,12.101714134216309,3.9522879123687744,4454,4453,47.829458491605465,16.018621272890485,33.49111986225374,0.07781085990678677,0.02605972835723229,1.4453125,,
1.751089999999851,1524,,,,-0.03125,-0.08984375,-0.68359375,0.033818053188782206,1.2478786282576462,12.10400104522705,3.9041574001312256,4450,4452,47.25592525191928,15.765109970168842,33.361128548696755,0.07915445122925975,0.026406818226608824,1.45703125,,
1.775554999999702,1524,,,,0.1953125,-0.021484375,-1.1015625,0.03349402343375482,1.2407952666149924,12.104727745056152,3.9972479343414307,4447,4449,48.38559797469111,15.605026733089302,32.25138757456666,0.07951253707140264,0.025643896501269053,1.443359375,,
1.7974399999994786,1524,,,,-0.01171875,0.0859375,-0.7890625,0.03361579216746267,1.238920753530396,12.102286338806152,3.9585659503936768,4447,4447,47.90769862271259,15.655050358769948,32.67752534317738,0.07913872680941926,0.025860577509415894,1.43359375,,
1.821265000000596,1524,,,,-0.21875,0.3203125,-1.1171875,0.033742621433575336,1.2468561413160741,12.101715087890625,4.033900737762451,4448,4447,48.81711742123298,15.712790394986643,32.18705082359568,0.07935294177372205,0.02554137169872621,1.4375,,
1.845059999998659,1524,,,,-0.048828125,-0.06640625,-1.099609375,0.034081216565958736,1.24096572741354,12.10285758972168,4.002511024475098,4447,4447,48.44182093051313,15.872732927586476,32.76659015431099,0.07818223446932492,0.02561765234204615,1.41796875,,
1.8680050000008195,1524,,,,0.173828125,-0.099609375,-1.12890625,0.03411923426895572,1.2327413759269825,12.103500366210938,4.033203125,4449,4448,48.8158755004406,15.890897306083527,32.55272417666688,0.07757531574098406,0.02525287856234098,1.404296875,,
1.8942899999991059,1524,,,,-0.171875,-0.009765625,-0.6640625,0.033963205072824985,1.2531688867814317,12.10400104522705,3.9829800128936768,4447,4448,48.209994239183516,15.820734808765621,32.81629682483356,0.07921053616846559,0.02599396466558581,1.419921875,,
1.9177799999993295,1524,,,,-0.173828125,0.482421875,-1.064453125,0.03407781935347357,1.2462893279028116,12.103113174438477,3.983289957046509,4447,4448,48.210209156738074,15.873826548165518,32.92627604364359,0.07851221783992851,0.025851149573961653,1.42578125,,
1.950035000000149,1524,,,,0.0859375,0.259765625,-1.05078125,0.03406219346159444,1.25343562250532,12.103429794311523,3.9320590496063232,4449,4447,47.591400653997425,15.863682273007727,33.33308550496562,0.07901290513351103,0.026337439228110597,1.421875,,
1.9801850000005214,1524,,,,0.150390625,-0.11328125,-0.890625,0.0336579908508302,1.2526131873566642,12.104727745056152,3.9728338718414307,4445,4446,48.090072394977824,15.670779093306248,32.586307969340446,0.0799330511838889,0.026047230228072565,1.427734375,,
2.002915000000969,1524,,,,-0.03125,-0.01953125,-1.03515625,0.03418906925912195,1.2472117889479253,12.104890823364258,4.002278804779053,4079,4446,48.447147976515225,15.919549867843648,32.859622357049076,0.07834466422114131,0.025743760799965185,1.42578125,,
2.0249949999991803,1524,,,,0.328125,-0.462890625,-1.22265625,0.03455158321554018,1.2468227993505883,12.104571342468262,3.975306987762451,4381,4448,48.119387041583195,16.0929888703517,33.44387752995412,0.07747614873751789,0.02591102829870058,1.41796875,,
2.048144999999553,1524,,,,0.203125,0.037109375,-0.7421875,0.03396520815940671,1.240387800011782,12.102287292480469,3.9599609375,4434,4447,47.924584932625294,15.815649773335249,33.00111997958805,0.07842787478153707,0.025882077054096123,1.423828125,,
2.069219999998808,1524,,,,-0.125,0.314453125,-0.96875,0.033750979900966954,1.2389874374613679,12.103429794311523,3.983677387237549,4445,4445,48.21615957961603,15.711428335521122,32.585399734248675,0.07885899429399477,0.025696518517106554,1.41796875,,
2.0949900000002235,1524,,,,0.1875,-0.142578125,-1.291015625,0.03380072519731103,1.2551027207796221,12.10285758972168,4.0011162757873535,4443,4444,48.42494048577191,15.729196457098883,32.481602040833465,0.07979445893519696,0.025918518601966957,1.40234375,,
2.1179000000003727,1524,,,,0.01171875,-0.048828125,-0.9921875,0.03376972954593534,1.2422994060329817,12.10400104522705,4.0130615234375,4444,4444,48.57410087424796,15.717215674387077,32.35719321923612,0.07904067945427792,0.025575345372817783,1.400390625,,
2.15175,1524,,,,0,0.125,-0.859375,0.03387350256586242,1.249623524451416,12.103429794311523,4.027622699737549,4443,4444,48.74804858424886,15.762097485935385,32.333801954542906,0.07928028141980865,0.02563432918328521,1.400390625,,
2.1760200000014156,1524,,,,0.16015625,0.185546875,-1.083984375,0.033942647366241994,1.2603929793034077,12.103272438049316,3.998135566711426,4444,4443,48.390524008163084,15.793186042576588,32.63693949648573,0.07980612498995043,0.0260462767274599,1.388671875,,
2.1978450000006706,1524,,,,-0.0625,0.359375,-0.9140625,0.03399012747872756,1.2460225921789232,12.101716041564941,4.038783550262451,4443,4443,48.87621167861971,15.815080034616576,32.357417834686004,0.07878699250661945,0.025493436364749607,1.373046875,,
2.221230000000447,1524,,,,0,0.255859375,-1.125,0.0339795036440766,1.2301184746420806,12.101000785827637,4.3243408203125,4466,4452,52.32885166478809,15.840940273636681,30.27190501926492,0.07765438499186238,0.02350746166803089,1.392578125,,
2.244984999999404,1524,,,,-0.38671875,-0.15625,-0.8828125,0.037051097951702826,1.2416881366657375,12.105143547058105,3.905552387237549,4480,4475,47.27727227806599,17.36256404101445,36.72496995785797,0.07151525164904093,0.026263954683396814,1.40625,,
2.2693199999984355,1524,,,,-0.01171875,-0.4375,-1.05078125,0.034328574632827735,1.2775085215862432,12.10628604888916,3.9369418621063232,4470,4473,47.66174434050549,16.08090515820532,33.739648812095425,0.07944257546562243,0.026803645969384893,1.4140625,,
2.2932099999990316,1524,,,,0.224609375,0.201171875,-1.2109375,0.032197834214787814,1.2724738847978507,12.101715087890625,3.959263324737549,4460,4465,47.913876713908394,15.0537090332487,31.418265574989306,0.08452892785341964,0.026557523040678495,1.412109375,,
2.319910000000149,1524,,,,0.26171875,-0.326171875,-0.896484375,0.03313706174059844,1.2620823055547008,12.106000900268555,3.9727783203125,4456,4458,48.09445792227052,15.470316899001107,32.166527220254736,0.081580895452516,0.026241740942261116,1.42578125,,
2.345730000000447,1524,,,,-0.037109375,-0.107421875,-0.935546875,0.033599915622519586,1.2536801302522176,12.104500770568848,4.0185546875,4454,4454,48.642598311416805,15.673143389232708,32.22102423248656,0.07998906786710593,0.02577329694080032,1.41796875,,
2.3689350000005214,1524,,,,-0.0625,0.009765625,-0.8671875,0.03409013816128368,1.2613043263600263,12.10444450378418,3.9583332538604736,4452,4453,47.91342519883756,15.896518200792675,33.177586730281064,0.07934469110959982,0.026324653708761095,1.41796875,,
2.401004999998957,1524,,,,-0.57421875,0.4453125,-0.91796875,0.033957683344930795,1.2615599480954192,12.102286338806152,4.017857074737549,4451,4452,48.62525678687189,15.830081324078236,32.555265247158815,0.07969383872820238,0.02594454058360926,1.41796875,,
2.424140000000596,1524,,,,-0.072265625,-0.078125,-1.0078125,0.03384147442011963,1.2398098726100237,12.1036376953125,3.9453125,4448,4449,47.7526330947876,15.768253371132712,33.0206992771125,0.0786269628873272,0.025963172965751163,1.41796875,,
2.4462799999993297,1524,,,,-0.375,0.4296875,-1.1640625,0.03360684877363708,1.2343973602127893,12.105714797973633,3.9585659503936768,4445,4446,47.92127040443529,15.64798438236542,32.653525773217275,0.0788853906068503,0.025758861353110986,1.423828125,,
2.4715449999999253,1524,,,,0.1875,-0.474609375,-1.12109375,0.03384552055720092,1.2424550018719167,12.104001998901367,3.978794574737549,4445,4444,48.159337485841206,15.751648468315318,32.70736121099317,0.07887777614966039,0.025798839160468042,1.419921875,,
2.4960099999997767,1524,,,,-0.048828125,-0.248046875,-0.83984375,0.0339219613314665,1.238031634450768,12.103001594543457,4.0380859375,4442,4444,48.87296054046601,15.785446600563702,32.29893672492709,0.07842867330763753,0.02533162756583363,1.42578125,,
2.518589999999851,1524,,,,-0.423828125,0.341796875,-0.880859375,0.03401851108284326,1.236208940337531,12.10400104522705,4.0743584632873535,4446,4444,49.31603909825981,15.832489929589117,32.104139381598856,0.07808051328851298,0.025067076816012026,1.439453125,,
2.541109999999404,1524,,,,-0.162109375,0.279296875,-0.96484375,0.034179825996178505,1.2576033681910757,12.105143547058105,3.978794574737549,4449,4449,48.16387947145404,15.922678859359044,33.05937776211769,0.07898189615573893,0.026110923413809245,1.4375,,
2.5653300000000745,1524,,,,0.125,-0.345703125,-1.228515625,0.03480106118659692,1.257392202409664,12.10400104522705,3.9662387371063232,4449,4449,48.007357819554954,16.21221854974242,33.7702787366037,0.07755830570330187,0.026191656019392245,1.42578125,,
2.589839999999851,1524,,,,-0.1875,-0.03125,-0.96875,0.033620360490421594,1.257392202409664,12.101000785827637,4.0106201171875,4446,4446,48.532517189742066,15.6544483665808,32.2555871260054,0.08032171897503279,0.025908242045096914,1.419921875,,
2.616,1524,,,,-0.13671875,0.13671875,-0.796875,0.033763915774026085,1.2532244567239084,12.10150146484375,4.0960693359375,4448,4447,49.56858906894922,15.722228948728286,31.718128847401495,0.07971035537078075,0.025282633221225856,1.419921875,,
2.6447100000008943,1524,,,,-0.474609375,0.234375,-0.876953125,0.03432617064946172,1.2580145857654033,12.104000091552734,4.0093994140625,4452,4451,48.52977087488398,15.998596719881162,32.96656141469864,0.07863280810135627,0.025922532974835745,1.416015625,,
2.6692949999999254,1524,,,,0.1875,-0.080078125,-1.115234375,0.03472667648778438,1.265801740729525,12.101333618164062,4.0869140625,4454,4453,49.45711053907871,16.193996442939408,32.74351507078778,0.07816487703882478,0.025593928293270334,1.431640625,,
2.836195000000298,1524,,,,0.099609375,0.029296875,-0.962890625,0.03427464081047828,1.2611153885556055,12.105142593383789,3.989955425262451,4456,4455,48.29897936404723,15.988686033345102,33.103569151705,0.07887548644869842,0.026110601200288592,1.41796875,,
2.8727050000000744,1524,,,,-0.046875,0.00390625,-0.97265625,0.033945775222270186,1.249691041931525,12.104214668273926,3.984898090362549,4451,4451,48.23406191694312,15.82302655981222,32.80467356669807,0.07897926715901031,0.025908890776883704,1.423828125,,
2.9044350000005217,1524,,,,-0.25,0.2109375,-0.880859375,0.03399555952710103,1.2415287898556855,12.10400104522705,3.966064453125,4446,4446,48.00524828606285,15.828512653930831,32.972462843247605,0.07843622562650357,0.025862355350344746,1.427734375,,
2.9273499999996275,1524,,,,-0.392578125,0.087890625,-0.90234375,0.0339921382506781,1.243621970663928,12.104399681091309,3.95751953125,4444,4444,47.903398151975125,15.819229889951192,33.0231893774303,0.07861457095670066,0.025961038645285577,1.4140625,,
2.9493499999996273,1524,,,,0.46875,-0.486328125,-1.109375,0.03377190101196115,1.2371314013826449,12.102858543395996,3.9676339626312256,4443,4444,48.01971260169944,15.715440602031972,32.727060930963994,0.07872075831094971,0.025762990537741417,1.416015625,,
2.971085000000894,1524,,,,-0.875,-0.1796875,-0.60546875,0.03392599195807617,1.2406989916896514,12.106499671936035,3.99658203125,4443,4443,48.38461905019358,15.78416517449865,32.62227849334592,0.07860402992323981,0.025642425548552245,1.431640625,,
2.9972750000003727,1524,,,,-0.474609375,0.66015625,-1.005859375,0.034058262325577446,1.2423438619869631,12.105334281921387,4.016927242279053,4442,4443,48.62624705394455,15.84591398339137,32.587162167403896,0.07840152756660834,0.02554883292985253,1.435546875,,
3.019714999999851,1524,,,,0.07421875,-0.048828125,-1.17578125,0.03388635208332285,1.2416770226772422,12.104500770568848,3.9996337890625,4443,4443,48.41357028170023,15.764678315586858,32.56251960732944,0.07876323245045673,0.025647293010046437,1.42578125,,
3.044699999999255,1524,,,,0.5,-0.56640625,-0.775390625,0.033955725811626064,1.2551694047105943,12.103428840637207,3.978794574737549,4442,4442,48.1570570068493,15.796736645165826,32.802537420256144,0.07945751283349438,0.02606408038041182,1.427734375,,
3.06827499999851,1524,,,,-0.599609375,0.208984375,-0.8359375,0.03397768961756778,1.2506015554390064,12.101500511169434,4.0185546875,4443,4443,48.63054160494357,15.808854645091005,32.50807851065336,0.07910766361732256,0.025716381396662782,1.44140625,,
3.0897599999997767,1524,,,,-0.01171875,0.484375,-1.056640625,0.03401362472534928,1.2427661935497862,12.103429794311523,3.970424175262451,4443,4443,48.05575025892631,15.825899977689037,32.93237519426594,0.07852736307583186,0.025860925838296397,1.4453125,,
3.114625,1524,,,,0.3125,0.03515625,-1.15625,0.034062759803409275,1.2380760904047494,12.103429794311523,4.049246788024902,4444,4443,49.00977421870084,15.848820017732688,32.338080047071905,0.07811787180493623,0.025261819915349294,1.431640625,,
3.1399350000005217,1524,,,,0.3984375,-0.171875,-1.025390625,0.034044238763229706,1.238831841622433,12.10200023651123,3.9715576171875,4442,4444,48.063791222521104,15.84167122748431,32.95967884460481,0.0782008301922803,0.02577474248519034,1.44140625,,
3.1663849999997766,1524,,,,0.111328125,-0.365234375,-0.892578125,0.034169235697682376,1.246756115419616,12.104501724243164,4.03564453125,4444,4443,48.84946618694812,15.89935586759143,32.54765529421386,0.07841551103091858,0.02552241022753963,1.458984375,,
3.1908999999985097,1524,,,,-0.3125,0.4140625,-0.888671875,0.03394957094907532,1.2418103905391862,12.105500221252441,3.9697265625,4447,4444,48.055525780655444,15.800694577733303,32.880078453108524,0.07859213937906082,0.025841157085811594,1.458984375,,
3.214309999998659,1524,,,,-0.0234375,0.3046875,-1.01953125,0.03408940651417228,1.2349530596375566,12.10150146484375,4.005126953125,4445,4446,48.46804969012737,15.870766802393648,32.74480178975805,0.07781306820356655,0.02547973494978711,1.453125,,
3.2392799999993294,1524,,,,0.1875,-0.013671875,-1.251953125,0.03389384950993898,1.2462559859373255,12.102286338806152,3.9760043621063232,4446,4445,48.118743274553026,15.776569369069724,32.78674440654596,0.07899410554874083,0.025899595482502796,1.4609375,,
3.2646899999994785,1524,,,,0.298828125,-0.41796875,-0.9453125,0.033765005000388454,1.240265546138333,12.102500915527344,4.000244140625,4444,4444,48.412958374246955,15.71498861506606,32.46029398489635,0.07892245909419765,0.025618462242086127,1.462890625,,
3.3021650000009686,1524,,,,0,-0.119140625,-0.873046875,0.0339197281030222,1.2342751063393407,12.104001998901367,3.956298828125,4444,4444,47.88704892387614,15.7847821244346,32.96252844798799,0.07819399068098011,0.025774716422835152,1.46484375,,
3.3340800000000743,1524,,,,-0.22265625,0.01171875,-1.111328125,0.03399477936260563,1.2502570217956506,12.103693962097168,4.016301155090332,4446,4445,48.61208004083073,15.822434765367845,32.54835989753598,0.07901799187898781,0.025719060380578706,1.46484375,,
3.3554399999994784,1524,,,,0.25,0.0859375,-0.95703125,0.03441684266046055,1.2389429815073867,12.101333618164062,4.02452278137207,4449,4448,48.70209283128497,16.031782796114047,32.918057241711885,0.07728042459555369,0.025439214405002356,1.458984375,,
3.3774399999994786,1524,,,,0.15625,0.09765625,-0.83984375,0.0341494249128813,1.2378093546808613,12.10285758972168,3.9536831378936768,4447,4449,47.85086397281111,15.908976197993786,33.2469988567673,0.07780572044836903,0.02586806698796881,1.443359375,,
3.398605000000447,1524,,,,-0.265625,0.59765625,-0.947265625,0.03400123339560434,1.2378093546808613,12.104573249816895,3.9829800128936768,4449,4448,48.21227331862815,15.837215322902871,32.84892877429143,0.07815827021628054,0.025674154514564226,1.4375,,
3.4213899999987336,1524,,,,0.048828125,-0.26171875,-1.1015625,0.03364476768471126,1.245800312409016,12.106287002563477,3.954380512237549,4446,4447,47.87286539849174,15.66685484000117,32.72596012290245,0.07951821377882397,0.02602309893170225,1.435546875,,
3.4478699999991806,1524,,,,0.3125,-0.5859375,-0.9921875,0.03369217914414653,1.2355198730508195,12.105143547058105,3.9501953125,4445,4446,47.81768129672855,15.685158227326271,32.802005036574975,0.07876999741694217,0.02583813852001535,1.421875,,
3.470445000000298,1524,,,,-0.1484375,0.220703125,-0.7890625,0.03384098255651533,1.2321745625137197,12.10300064086914,3.9483642578125,4445,4445,47.787055142689496,15.752954125171959,32.96489829334432,0.07821863459532354,0.025784693340791035,1.42578125,,
3.498590000001714,1524,,,,-0.287109375,0.234375,-0.994140625,0.03385856276781769,1.2307630859748107,12.105142593383789,3.9306640625,4445,4445,47.58124896325171,15.760879768534014,33.12414052162979,0.07808974524581942,0.025866556948207945,1.4296875,,
3.521214999999851,1524,,,,-0.009765625,0.1015625,-1.0234375,0.0337315304245674,1.2382316862436844,12.10444450378418,3.978949546813965,4445,4445,48.16297397276685,15.700204118060833,32.598078613123675,0.07886723490551796,0.025709203234497664,1.4296875,,
3.544699999999255,1524,,,,0.09375,-0.263671875,-1.2734375,0.033699978675624166,1.236175598372045,12.101714134216309,3.9369418621063232,4444,4444,47.643744978239965,15.68455119684821,32.92048348426791,0.07881485309062926,0.025946230694850622,1.423828125,,
3.569160000000149,1524,,,,0.173828125,-0.302734375,-0.85546875,0.03368529039874072,1.2341195105004057,12.105714797973633,3.9697265625,4445,4444,48.05637759156525,15.676380327971094,32.62081145858688,0.07872477476821532,0.025680660348336694,1.427734375,,
3.593609999999404,1524,,,,-0.0625,0.15625,-0.970703125,0.03405936859948519,1.2263508325421577,12.105143547058105,3.9683315753936768,4445,4446,48.03722336246369,15.855864315788969,33.00745381586469,0.07734367601272803,0.025529178139393226,1.42578125,,
3.6178849999997764,1524,,,,-0.07421875,0.484375,-1.029296875,0.0343236691317787,1.219878740266748,12.105001449584961,3.9434814453125,4445,4446,47.73584861191921,15.980785673751432,33.47753551774331,0.07633409052412289,0.025554772267359572,1.41796875,,
3.6440400000009685,1524,,,,0.1875,0.130859375,-1.298828125,0.03387577827343618,1.2420771262630748,12.102499961853027,3.9788818359375,4444,4445,48.1544172676513,15.769428550425891,32.747626168491344,0.07876487865690793,0.025793628014630032,1.427734375,,
3.6701150000002234,1524,,,,0.15625,0.091796875,-0.95703125,0.03364650332045815,1.2365979299348684,12.103501319885254,3.941650390625,4445,4445,47.707770705455914,15.66029365176413,32.82545677610797,0.07896390434515037,0.025920262289544575,1.435546875,,
3.6963650000002235,1524,,,,0.236328125,-0.318359375,-0.8828125,0.033873294362234456,1.2378538106348427,12.101333618164062,3.999566078186035,4445,4444,48.40008344002126,15.763994891653729,32.570181229519804,0.07852411899030913,0.02557544786402746,1.412109375,,
3.7180449999999254,1524,,,,-0.162109375,0.232421875,-0.91015625,0.033940021808452944,1.2350753135110057,12.105499267578125,3.9715576171875,4443,4444,48.077687826007605,15.794237543949452,32.85149152993495,0.07819784336371118,0.025689157889221374,1.40625,,
3.7430299999993295,1524,,,,-0.19921875,0.072265625,-0.931640625,0.03382177849664888,1.2361200284295684,12.106667518615723,3.9656574726104736,4444,4444,48.01089651360894,15.739068701663665,32.78228453243389,0.07853832090452129,0.025746655825916176,1.416015625,,
3.765675000000745,1524,,,,0.1484375,-0.0703125,-1.0703125,0.033699553045925666,1.2386095618525264,12.106000900268555,3.9471435546875,4444,4444,47.7841234265361,15.682166265114178,32.81877983850459,0.07898204501299542,0.025920943464763563,1.408203125,,
3.7904300000015647,1524,,,,0.390625,-0.55859375,-1.0703125,0.033666209165041365,1.2355754429932964,12.100500106811523,3.974609375,4442,4443,48.09476116672158,15.664722928787164,32.570538970939154,0.07887630369271781,0.02569043723307297,1.388671875,,
3.814714999999851,1524,,,,-0.0625,-0.1328125,-0.919921875,0.033704183271037066,1.2302073865500431,12.105143547058105,3.9390347003936768,4442,4443,47.682580485108474,15.68061722336155,32.88542076337226,0.07845401549099967,0.02579993309997649,1.3828125,,
3.842495000001043,1524,,,,-0.203125,0.57421875,-0.796875,0.03395564881820392,1.2371758573366263,12.106500625610352,3.9752197265625,4443,4443,48.12600010656752,15.796821073020734,32.82388114125657,0.07831802687501406,0.025707016053631994,1.384765625,,
3.8648100000005217,1524,,,,0.0625,-0.0234375,-1.00390625,0.034033454933173356,1.2467450014311208,12.104000091552734,3.9788818359375,4443,4443,48.16038610646501,15.83395953498863,32.87755937002982,0.07873867548266512,0.02588735477898834,1.373046875,,
3.890035000000149,1524,,,,0.078125,-0.32421875,-1.30859375,0.03417590701701764,1.2521908557938413,12.104500770568848,3.968505859375,4443,4444,48.036782232811674,15.904052053216718,33.10807117790959,0.07873407680029416,0.0260673341883114,1.359375,,
3.9149000000003724,1524,,,,0.13671875,-0.2109375,-0.794921875,0.03403262714908476,1.2574366583636454,12.101500511169434,3.9642333984375,4444,4444,47.97317249758635,15.836466759824456,33.01108918869443,0.07940133853301402,0.026211246680150457,1.357421875,,
3.9400150000005962,1524,,,,-0.037109375,0.2734375,-0.9453125,0.03400121047923186,1.2543469695619387,12.104499816894531,4.0191650390625,4446,4445,48.64998247940093,15.826547328955908,32.53145535182276,0.07925588212578827,0.025783091907444083,1.35546875,,
3.9645800000000744,1524,,,,0.03125,0.21875,-1.083984375,0.034186270637307184,1.2552694306070526,12.105142593383789,3.921596050262451,4448,4446,47.47147938207763,15.918136543768103,33.53200016298172,0.07885781273176014,0.026442601893737625,1.333984375,,
4.133949999999255,1524,,,,-0.28125,0.505859375,-1.029296875,0.033912596779429725,1.2559029279512872,12.102500915527344,4.0325927734375,4446,4447,48.804457732476294,15.792528021825545,32.3587818727399,0.07952513531814588,0.025733365071600067,1.3359375,,
4.156785000000149,1524,,,,0.126953125,-0.048828125,-1.037109375,0.033967577071290805,1.2396184341581913,12.10428524017334,3.964320659637451,4447,4447,47.98526804776384,15.818586256540133,32.965505664768905,0.07836467899561353,0.025833312693476947,1.357421875,,
4.178050000000745,1524,,,,-0.234375,-0.263671875,-0.7734375,0.03375434888718846,1.2426772816418235,12.105143547058105,3.9669363498687744,4443,4444,48.02033395720423,15.707550120142699,32.71020591847879,0.07911337364114258,0.025878147427073263,1.359375,,
4.215945000000298,1524,,,,0.203125,0.30078125,-1.150390625,0.03406873524753164,1.2341083965119104,12.103428840637207,3.9780972003936768,4444,4443,48.14861638610296,15.850541815201908,32.9200359322824,0.07785906695809629,0.025631232819145117,1.35546875,,
4.383275000000372,1524,,,,0.052734375,-0.02734375,-0.9609375,0.034071330343313375,1.2423660899639537,12.102665901184082,3.990478515625,4444,4444,48.29542826046236,15.855279911131753,32.8297739190189,0.07835661665561054,0.02572430009862925,1.353515625,,
4.405945000000298,1524,,,,-0.013671875,0.009765625,-1.0390625,0.03406104843596111,1.2525755387206363,12.10435962677002,3.984287738800049,4443,4443,48.227251646966124,15.847624721377521,32.86031067535332,0.07903869259542631,0.025972359940594568,1.345703125,,
4.432910000000149,1524,,,,-0.25,0.173828125,-0.6171875,0.03388288304757275,1.2528576951035622,12.10400104522705,4.0283203125,4443,4443,48.75879327300936,15.763138777642421,32.32881234238455,0.07948021728264852,0.025695010294626938,1.34375,,
4.455964999999851,1524,,,,-0.3359375,0.27734375,-1.078125,0.03402643675043661,1.2447555974904534,12.102500915527344,3.9141845703125,4444,4443,47.371422345750034,15.833039711751098,33.42318834378755,0.07861760092514707,0.02627650882857917,1.341796875,,
4.480339999999851,1524,,,,0.25,-0.30859375,-1.044921875,0.034138235015883464,1.2383650541056286,12.10400104522705,3.9857699871063232,4443,4444,48.243764089969545,15.885810448322767,32.92821517553523,0.07795416281303898,0.02566891446936454,1.33203125,,
4.502740000000223,1524,,,,0.13671875,-0.12109375,-0.9609375,0.033873131013213605,1.236464562072924,12.106500625610352,3.9776611328125,4443,4443,48.15555699286051,15.760919603231406,32.72918140178111,0.07845129555888453,0.025676466835514767,1.330078125,,
4.524910000000149,1524,,,,-0.375,0.037109375,-0.673828125,0.03378721906988565,1.2289403918615736,12.101714134216309,3.985072612762451,4444,4443,48.22620956374567,15.72177968352002,32.60007333302628,0.07816802019874258,0.025482831907764875,1.3359375,,
4.549085000000894,1524,,,,-0.361328125,0.55859375,-1.126953125,0.034253185775952266,1.2328302878349453,12.103429794311523,3.925083637237549,4445,4445,47.50697424010559,15.94265086162541,33.55854822714968,0.07732906519344387,0.025950511636545874,1.333984375,,
4.569574999999255,1524,,,,0,-0.08984375,-1.0859375,0.03406023704616153,1.2375092769914868,12.102286338806152,3.9083425998687744,4443,4444,47.29988125376599,15.850743961530311,33.51117072892923,0.07807263053361513,0.026163052510685895,1.322265625,,
4.594820000000298,1524,,,,0.0625,-0.412109375,-0.748046875,0.03402779514810842,1.2388096136454425,12.108000755310059,3.9404296875,4443,4443,47.71072563249618,15.831798075388019,33.18289098626671,0.07824819440890202,0.02596501304942801,1.32421875,,
4.617894999999553,1524,,,,-0.611328125,0.1796875,-0.8125,0.033964136120323694,1.2388096136454425,12.105500221252441,3.96728515625,4442,4443,48.0259713367559,15.801843978980244,32.90270563853554,0.07839652228520408,0.02579457695834961,1.3359375,,
4.639950000001118,1524,,,,-0.28125,0.837890625,-1.19921875,0.03391484593754758,1.2244281125324623,12.10400104522705,3.9923095703125,4444,4443,48.32291921193246,15.779267765853449,32.65379663146892,0.07759727071633461,0.02533845497128229,1.337890625,,
4.664234999999404,1524,,,,0.037109375,-0.12890625,-1.0625,0.03406573655635315,1.225506169416511,12.102858543395996,3.9913504123687744,4442,4443,48.30674943802455,15.848146911147396,32.80731387542413,0.07732804196524105,0.02536925344125632,1.33203125,,
4.689080000000074,1524,,,,-0.048828125,-0.26171875,-0.810546875,0.033891249899003065,1.2364756760614195,12.104571342468262,4.0743584632873535,4444,4442,49.318362693651125,15.766743998793592,31.969317588118724,0.07842301975322423,0.025071304247101335,1.33203125,,
4.716419999999926,1524,,,,-0.69921875,0.16796875,-0.83203125,0.03393396182527359,1.2378538106348427,12.106500625610352,3.95751953125,4446,4444,47.91171268094331,15.792388494926328,32.961435964712834,0.07838293814976321,0.02583614196549467,1.34375,,
4.739960000000894,1524,,,,-0.26171875,0.5703125,-1.03125,0.034205224992554066,1.238320598151647,12.10444450378418,3.9626736640930176,4443,4445,47.96596345362104,15.9225598063424,33.19553837741244,0.0777714521542189,0.025816652246524692,1.3515625,,
4.76449499999918,1524,,,,0.2109375,0.00390625,-1.169921875,0.03374889814415535,1.2426883956303187,12.104573249816895,3.9515902996063232,4446,4444,47.83231423485063,15.707190933131715,32.838032581930676,0.07911589035370249,0.02598010185183338,1.349609375,,
4.7892050000000745,1524,,,,0.224609375,-0.0546875,-1.01171875,0.033738667520919856,1.2298183969527061,12.10300064086914,3.97216796875,4444,4444,48.07515147142112,15.701543033230577,32.66041302556177,0.07832468403582576,0.025581165307066937,1.361328125,,
4.820705000000075,1524,,,,0.037109375,-0.30859375,-0.86328125,0.033821827153766866,1.2295183192633317,12.104501724243164,4.0069580078125,4443,4444,48.50223011453636,15.739051605404471,32.45016067969914,0.07811895850453532,0.0253497275560292,1.37890625,,
4.845775000000373,1524,,,,0.052734375,0.08984375,-1.017578125,0.03403436376296949,1.2484491926420263,12.105335235595703,3.969183921813965,4445,4445,48.04830198529453,15.841851092695505,32.97067833436444,0.07880702736927452,0.02598321149879805,1.37890625,,
4.870425000000745,1524,,,,-0.19921875,-0.12890625,-0.7578125,0.03417481303970001,1.243299664997563,12.105501174926758,3.9263916015625,4445,4445,47.5309381459374,15.90741058096206,33.46748707572419,0.07815851980871986,0.026157692515560653,1.376953125,,
4.894945000000298,1524,,,,-0.484375,0.787109375,-1.17578125,0.03388996709741361,1.2455558046621185,12.104000091552734,3.955078125,4443,4444,47.87226598709822,15.771468982532717,32.94489754628117,0.07897525627077615,0.0260183172653202,1.388671875,,
4.91775,1524,,,,0.19921875,-0.267578125,-0.974609375,0.033923370688373596,1.2483009598204695,12.103500366210938,4.01123046875,4444,4444,48.549929447472095,15.78533191517051,32.513604231390744,0.07907980437337454,0.025711694620917026,1.388671875,,
4.939554999999702,1524,,,,0.111328125,-0.201171875,-1.015625,0.033917299247008,1.2468339133390836,12.105714797973633,3.929966449737549,4442,4443,47.575053006127746,15.779469312354848,33.16752860017292,0.07901621332492152,0.026207725153317,1.392578125,,
4.960900000000373,1524,,,,-0.328125,0.22265625,-0.7265625,0.03379585882177598,1.2499236021407902,12.10400104522705,3.9711215496063232,4444,4443,48.0664593871586,15.722708525447675,32.71035296943079,0.07949798217767323,0.026004070573892094,1.390625,,
4.983009999999776,1524,,,,-0.0859375,0.267578125,-1.1015625,0.033978753831548004,1.2465560636266997,12.104667663574219,3.9949543476104736,4443,4444,48.35759470897574,15.811608921198632,32.69726092944778,0.07883802779585836,0.025777875660042377,1.396484375,,
5.004119999999181,1524,,,,0.296875,-0.6328125,-1.171875,0.03429298550637698,1.2461893020063535,12.105142593383789,3.980189800262451,4447,4445,48.180765080908714,15.96378078104289,33.13309938984017,0.07806354391224242,0.02586487159167481,1.396484375,,
5.028240000000223,1524,,,,-0.109375,0.3671875,-0.861328125,0.034347346355764724,1.2452557269727442,12.103428840637207,4.042271137237549,4446,4447,48.92534106411631,15.994010333391401,32.6906465760379,0.0778576292634355,0.025452162414991555,1.3984375,,
5.051560000000522,1524,,,,-0.19921875,0.037109375,-0.849609375,0.034015887297929065,1.2544136534929107,12.10400104522705,3.96484375,4446,4446,47.99047289416194,15.838907443994348,33.00427457534214,0.07919824381375168,0.026138805847139523,1.416015625,,
5.0782450000010435,1524,,,,-0.26171875,0.12890625,-1.13671875,0.034105376291372495,1.2375537329454682,12.10300064086914,4.017333984375,4445,4446,48.621795787476,15.878778442427357,32.657737513095746,0.07793759056671401,0.025452653751308736,1.41796875,,
5.102535000000149,1524,,,,0.474609375,-0.142578125,-1.103515625,0.03413208224934238,1.2344084742012846,12.105500221252441,3.94775390625,4445,4445,47.789535785559565,15.886939135296053,33.243551907647046,0.07769957848323321,0.025830099705096584,1.404296875,,
5.12477999999933,1524,,,,0.099609375,-0.126953125,-0.974609375,0.03401987879902476,1.2432440950550863,12.10050106048584,3.983154296875,4442,4443,48.19816279341467,15.829908556105133,32.84338580280487,0.07853766752023361,0.025794429144194497,1.39453125,,
5.147179999999702,1524,,,,-0.015625,0.30078125,-0.591796875,0.033967451867899394,1.2437886804913583,12.105142593383789,4.0087890625,4445,4443,48.52696322835982,15.804112685129086,32.56769357430746,0.07870031714350556,0.025630878129305052,1.3984375,,
5.169,1524,,,,-0.173828125,0.0546875,-1.1171875,0.03413123294622109,1.245189043041772,12.104573249816895,4.0576171875,4444,4443,49.11572446580976,15.88145560686009,32.33476810041848,0.07840522140199196,0.02535214651895378,1.400390625,,
5.198849999999627,1524,,,,0.375,0,-1.12890625,0.034378059045833964,1.257547798248599,12.097334861755371,4.314778804779053,4449,4446,52.19732405581681,16.00434685509306,30.66124010108054,0.07857539015085827,0.024092189034515446,1.392578125,,
5.220964999999851,1524,,,,-0.10546875,0.05078125,-0.9140625,0.035441486323749945,1.256310394554498,12.104001998901367,3.9609375,4464,4459,47.943195417523384,16.547779014540698,34.51538611565393,0.07592018200451948,0.026204143958567114,1.40234375,,
5.244949999999255,1524,,,,0.484375,-0.359375,-1.205078125,0.03555125211481273,1.2520797159088877,12.106857299804688,3.92578125,4461,4462,47.52887338399887,16.612101909257635,34.951600419904516,0.07537154074471006,0.026343559751416584,1.404296875,,
5.268419999999925,1524,,,,-0.0625,-0.25,-0.798828125,0.03325975823456315,1.2590704146724614,12.104573249816895,4.052036762237549,4454,4457,49.048175799455294,15.523237421388544,31.648959759194423,0.08110875202730992,0.025670076290308107,1.419921875,,
5.294900000000372,1524,,,,-0.5625,0.71875,-0.875,0.033489693710057535,1.265227564298884,12.10250186920166,3.941650390625,4451,4452,47.703831220278516,15.614588984660568,32.732358356204585,0.08102855384421684,0.02652255661513924,1.42578125,,
5.318169999999926,1524,,,,0.041015625,-0.015625,-0.994140625,0.033900873378101985,1.2539357519876106,12.103001594543457,3.9544677734375,4448,4450,47.86092976748478,15.796376951533142,33.00474317626965,0.07938122493752645,0.026199569420807523,1.42578125,,
5.343184999998659,1524,,,,-0.01171875,0.06640625,-1.09375,0.03385255700142199,1.2401655202418749,12.102858543395996,3.9767019748687744,4446,4448,48.129461471080276,15.767934052066988,32.76150110580714,0.07865111029426865,0.025767284368786416,1.43359375,,
5.370210000000894,1524,,,,0.349609375,-0.25390625,-1.041015625,0.03398112777210864,1.2518018661965038,12.10400104522705,3.9837646484375,4446,4447,48.219491468626074,15.82492453631441,32.818522249681685,0.07910318076550182,0.02596049497973214,1.427734375,,
5.394700000001118,1524,,,,0.0859375,-0.044921875,-1.0234375,0.033936552353500904,1.2453668668576976,12.103556632995605,3.9773221015930176,4446,4446,48.13974330429619,15.800041461049673,32.821200065766895,0.0788204809416343,0.025869827742653458,1.41796875,,
5.417924999998882,1524,,,,0.0625,0.21484375,-0.94140625,0.03382844548423082,1.2325413241340664,12.104001998901367,3.9990234375,4445,4445,48.40418768115342,15.746103162470991,32.53045638570208,0.07827595890973744,0.025463526673622224,1.419921875,,
5.440044999999926,1524,,,,-0.4375,0.431640625,-1.01953125,0.03398036216964046,1.237098059417159,12.104501724243164,3.9862060546875,4447,4446,48.251038062153384,15.820987662179716,32.788906306638005,0.07819347855092881,0.025638786419965132,1.41796875,,
5.464794999999926,1524,,,,0.1875,-0.021484375,-1.142578125,0.034216373278519785,1.2488455452567415,12.10628604888916,3.9676339626312256,4448,4447,48.03331168890122,15.93384798834597,33.172495145754674,0.07837689591178153,0.025999571991728917,1.40625,,
5.491650000000373,1524,,,,0.3359375,-0.123046875,-0.91796875,0.03411866666953507,1.2430884992161513,12.103429794311523,3.955078125,4446,4447,47.870010416954756,15.888856416610187,33.19167110726723,0.07823649900420955,0.025968001435317637,1.41015625,,
5.67477999999933,1524,,,,0.13671875,-0.3984375,-0.892578125,0.03411611093506841,1.2340528265694335,12.103557586669922,3.980034828186035,4446,4447,48.172580739901605,15.886315761002841,32.977921292566585,0.07768024034866174,0.025617328522058214,1.42578125,,
5.6977449999991805,1524,,,,0.033203125,0.080078125,-1.005859375,0.03399136925092757,1.2436968511614153,12.104392051696777,3.9882972240448,4445,4445,48.275913218532196,15.822563485852573,32.77527535155688,0.07860274046449185,0.025762264621106826,1.44140625,,
5.721730000000447,1524,,,,-0.13671875,0.341796875,-0.978515625,0.03410747663280325,1.2440554162152466,12.10400104522705,3.935546875,4446,4445,47.63586348854005,15.876677516192839,33.32925311622063,0.07835741545713312,0.026115941333036484,1.443359375,,
5.754640000000596,1524,,,,0,-0.1171875,-1.18359375,0.03425358569459871,1.2440554162152466,12.104500770568848,3.9886474609375,4443,4445,48.280586264445446,15.942823552928914,33.02118881822578,0.07803231416850855,0.025767197800814358,1.443359375,,
5.921349999999627,1524,,,,-0.09765625,0.177734375,-1.013671875,0.03385253312088506,1.2386317898295167,12.105454444885254,3.905362129211426,4443,4444,47.27618334594899,15.752718151854657,33.32062158356207,0.07862971824222512,0.0261999108677129,1.44921875,,
5.956395000001415,1524,,,,0.07421875,-0.009765625,-0.982421875,0.03406186480727701,1.2479778206049672,12.104650497436523,3.987837314605713,4444,4444,48.27137693393797,15.850380094063038,32.83598086658094,0.07873488289863871,0.025853371083921915,1.416015625,,
5.980255000000819,1524,,,,-0.16015625,-0.04296875,-1.072265625,0.034064040421655305,1.2530281559021093,12.104334831237793,3.936767578125,4442,4442,47.65195291838609,15.844466345444083,33.250402921746016,0.07908301413145448,0.026295420841369953,1.396484375,,
6.0022449999991805,1524,,,,-0.38671875,0.421875,-0.80859375,0.033936234598433805,1.2549804669061733,12.105142593383789,3.994140625,4441,4441,48.34964180365205,15.783311846000858,32.644113290635964,0.07951312621527894,0.025956355002642015,1.384765625,,
6.028134999999777,1524,,,,-0.625,0.17578125,-1.216796875,0.03378151792356308,1.2474118407408414,12.103333473205566,4.0185546875,4442,4442,48.637907463125885,15.712662937933002,32.305384333907305,0.07938895180710458,0.02564690599994559,1.3828125,,
6.051569999998436,1524,,,,-0.0859375,-0.001953125,-0.98046875,0.03427522224356279,1.2454668927541557,12.102400779724121,3.947265625,4445,4444,47.77139057777822,15.951761001353885,33.3918707586757,0.07807707830179053,0.02607139707868392,1.390625,,
6.075075000001117,1524,,,,-0.2109375,-0.359375,-0.759765625,0.03429781010145247,1.2590370727069753,12.104667663574219,3.98681640625,4444,4445,48.25908763334155,15.96392373251488,33.079621922826455,0.07886764518566343,0.0260891188468537,1.388671875,,
6.096900000000373,1524,,,,-0.298828125,0.31640625,-0.859375,0.03401075081661359,1.24975689231336,12.101715087890625,4.052036762237549,4444,4444,49.03659442225762,15.827001284393056,32.27589817536188,0.07896359328319133,0.02548620896368973,1.3828125,,
6.119360000001267,1524,,,,-0.421875,0.404296875,-1.203125,0.03382184403188479,1.2496124104629205,12.104571342468262,4.0234375,4443,4443,48.70198626071215,15.73714833614687,32.313155056762064,0.07940526350588364,0.02565834591988668,1.3828125,,
6.144564999999479,1524,,,,0.390625,-0.326171875,-1.00390625,0.0340100670982568,1.2498124622558369,12.103501319885254,4.0203857421875,4445,4444,48.66074413701426,15.828826636284427,32.528944875391,0.07895799802310621,0.025684203651648536,1.380859375,,
6.168160000000149,1524,,,,-0.224609375,-0.07421875,-0.88671875,0.03422742889116431,1.2457336284780443,12.10300064086914,3.9251708984375,4447,4446,47.50634589930996,15.935019485375436,33.54292817879494,0.07817584594868753,0.026222467859733634,1.376953125,,
6.191304999999702,1524,,,,-0.048828125,0.2890625,-0.99609375,0.033923842989220916,1.2411324372409702,12.10057258605957,4.049246788024902,4444,4445,48.9982046773639,15.791364128876678,32.22845455840129,0.07859564424655303,0.025330161490883078,1.380859375,,
6.215004999998957,1524,,,,-0.2734375,0.33984375,-1.048828125,0.033900896573942414,1.2506460113929878,12.102858543395996,4.012276649475098,4445,4445,48.56001672556795,15.78000398813121,32.49587840405887,0.07925511377143188,0.025754645400163017,1.39453125,,
6.2415299999993294,1524,,,,0.13671875,-0.390625,-1.0546875,0.03425734942930946,1.246589405592186,12.105714797973633,4.036690711975098,4446,4446,48.86702648679966,15.94930087114428,32.63816527787429,0.07815950151442279,0.025509827284639967,1.392578125,,
6.264660000000149,1524,,,,-0.2734375,-0.009765625,-1.00390625,0.03429938434445418,1.2427995355152723,12.102667808532715,3.924696207046509,4447,4447,47.49929444329223,15.97337341005575,33.62865406164256,0.0778044501691102,0.026164589391933134,1.390625,,
6.285664999999106,1524,,,,-0.40625,0.369140625,-0.697265625,0.033849805359917474,1.2484676696478996,12.101143836975098,4.044363975524902,4444,4445,48.94143019690728,15.757336574407283,32.19631406562987,0.07923088167550048,0.025509423501211725,1.400390625,,
6.307759999999776,1524,,,,-0.349609375,0.16796875,-1.02734375,0.03364326512524052,1.2513017367142132,12.105334281921387,3.96484375,4443,4444,47.99575896933675,15.655290738172813,32.61807100117861,0.07992836144927816,0.026071089687604226,1.39453125,,
6.32947000000067,1524,,,,0.34375,-0.369140625,-1.033203125,0.03364689667160761,1.2592926944423684,12.102001190185547,3.973388671875,4442,4442,48.08595443610102,15.650720701579024,32.54738495910791,0.08046228147917281,0.02618836849990736,1.3828125,,
6.351565000001341,1524,,,,-0.173828125,-0.171875,-0.880859375,0.034033058787344334,1.2494012446815088,12.106667518615723,3.9127604961395264,4440,4441,47.37049040673514,15.827843465974656,33.41287651884696,0.07893692197344286,0.02637509626676503,1.3828125,,
6.374820000000298,1524,,,,-0.671875,1.037109375,-1.01171875,0.034063719636107555,1.2526131873566642,12.104571342468262,3.9529855251312256,4440,4441,47.849195304695286,15.840286128432064,33.10460296680832,0.0790776869306876,0.026178354293739804,1.392578125,,
6.40877999999933,1524,,,,0.26171875,-0.310546875,-1.05859375,0.03417115117105958,1.257647824145057,12.10300064086914,3.9794921875,4442,4441,48.16379649564624,15.889930416309065,32.991440817472586,0.07914747209051562,0.026111891413268095,1.400390625,,
6.430765000000596,1524,,,,-0.025390625,0.013671875,-1.04296875,0.034033666953285614,1.257647824145057,12.104401588439941,3.98095703125,4440,4441,48.18710261257365,15.82593459470207,32.842677265622825,0.079467523173391,0.026099262166820833,1.390625,,
6.452480000000447,1524,,,,0.546875,-0.701171875,-0.939453125,0.034049725837097235,1.2490011410956763,12.108572006225586,3.9529855251312256,4440,4440,47.865009870618906,15.833391142824155,33.07926016441334,0.07888399458013362,0.02609424179524412,1.38671875,,
6.474429999999702,1524,,,,-0.1875,0.5546875,-0.853515625,0.034228913564685805,1.245855882351493,12.10400104522705,3.876953125,4443,4442,46.92664467729628,15.923830784912058,33.93345272055262,0.07823845274291348,0.026549008370808452,1.396484375,,
6.496509999999777,1524,,,,-0.25,0.390625,-1.12890625,0.034056299761849484,1.2593038084308636,12.103429794311523,3.9481027126312256,4442,4443,47.78558400306292,15.845975069081804,33.16057635304011,0.07947152528896628,0.026353215822373245,1.40625,,
6.518229999998584,1524,,,,0.640625,-0.583984375,-1.14453125,0.033922617661963486,1.2571921506167478,12.104573249816895,3.959263324737549,4442,4442,47.925192929599234,15.780904656607078,32.92820266741291,0.0796654043588301,0.02623238580308957,1.408203125,,
6.540135000001639,1524,,,,0.1875,-0.14453125,-0.892578125,0.03381797829136973,1.248000882131095,12.102858543395996,3.9711215496063232,4443,4442,48.061922373516836,15.730623406890503,32.729908896774425,0.07933575484264864,0.025966520282567195,1.400390625,,
6.566964999999851,1524,,,,-0.484375,0.923828125,-1.140625,0.03382628310091361,1.2555028243654547,12.103429794311523,3.974609375,4441,4441,48.1064055301249,15.73291404077821,32.704405717708504,0.07980103502194898,0.026098454260508847,1.404296875,,
6.598535000000149,1524,,,,0.298828125,-0.28125,-1.140625,0.03390636175324219,1.249245648842574,12.10533332824707,3.9534504413604736,4441,4441,47.85783538937403,15.77010781599602,32.951987250759544,0.07921604997369976,0.026103262687888856,1.416015625,,
6.625134999999776,1524,,,,-0.275390625,-0.0390625,-0.947265625,0.033990288312536816,1.2432663230320768,12.102001190185547,3.97998046875,4442,4441,48.16572836972773,15.80827005841114,32.82057718937491,0.07864657666134502,0.025812260399937653,1.41796875,,
6.647479999998584,1524,,,,0.125,-0.09375,-0.91015625,0.033974685756232074,1.2317411169624013,12.105501174926758,3.9605712890625,4441,4441,47.94470039312728,15.799657763314535,32.95391906459669,0.07795998719810246,0.02569087108403263,1.41015625,,
6.669335000000894,1524,,,,-0.390625,0.109375,-0.798828125,0.03396172990121402,1.2439109343648072,12.102858543395996,3.9578683376312256,4440,4441,47.90152062373659,15.793773261492621,32.97134006569794,0.07875957909296014,0.025968088657052222,1.408203125,,
6.694570000000298,1524,,,,-0.4375,0.169921875,-0.998046875,0.033979944225310796,1.242821763492263,12.098284721374512,4.596121788024902,4449,4444,55.60519000563818,15.81308532087837,28.438146365968674,0.07859451449688552,0.02235082306824678,1.408203125,,
6.720564999999478,1524,,,,0.07421875,-0.298828125,-1.04296875,0.03603749967078406,1.2438331364453397,12.103501319885254,3.9007568359375,4473,4464,47.21281551232096,16.844675301641207,35.678184236323105,0.07384132458309545,0.026345243827298137,1.412109375,,
6.746460000000894,1524,,,,-0.26171875,0.328125,-1.00390625,0.036566292031187636,1.2544914514123782,12.104499816894531,3.8677978515625,4466,4471,46.81775838602334,17.12056075999224,36.568518763391495,0.0732739697606112,0.026795205380590915,1.421875,,
6.769309999998659,1524,,,,0.01953125,-0.013671875,-1.00390625,0.032441748817224766,1.2711513201669045,12.103501319885254,3.973388671875,4459,4461,48.09191503445618,15.156024638909575,31.51470393318879,0.08387102491926006,0.026431705189035804,1.421875,,
6.794315000001341,1524,,,,0.40625,-0.046875,-1.326171875,0.032863201727368146,1.264938600598005,12.102286338806152,3.950892925262451,4455,4455,47.81483747548964,15.33307863986156,32.06761634967691,0.0824973660090369,0.026454938830366728,1.42578125,,
6.818160000000149,1524,,,,0.125,-0.337890625,-0.837890625,0.03363617935492503,1.2452223850072581,12.10350227355957,3.99658203125,4451,4453,48.3726397017017,15.683774906707237,32.42282208170562,0.07939557870565543,0.025742287224475215,1.42578125,,
6.843414999999106,1524,,,,-0.423828125,0.01953125,-0.921875,0.03384617549035812,1.25119059682926,12.10400104522705,3.92578125,4448,4451,47.51766035333276,15.775395735620691,33.19901615171642,0.07931278668363823,0.026331064861477443,1.4296875,,
6.866084999999031,1524,,,,-0.162109375,0.2734375,-0.9609375,0.03375362730092351,1.2498902601753041,12.10444450378418,3.988715171813965,4448,4448,48.28118143862412,15.722240838390048,32.563910761745625,0.0794982263039352,0.025887731470784044,1.435546875,,
6.89352499999851,1524,,,,-0.173828125,0.21484375,-1.12890625,0.03352971883138956,1.243588628698442,12.103333473205566,3.9884440898895264,4445,4445,48.273468859168815,15.608958068155626,32.33444464845194,0.07967146963098902,0.025761327248440345,1.431640625,,
6.915919999999925,1524,,,,0.3984375,-0.06640625,-1.0703125,0.03376097335197406,1.235253137326931,12.102666854858398,4.034830570220947,4447,4446,48.83221020718247,15.719251869596008,32.19033462319907,0.07858218365443607,0.025295867872579814,1.443359375,,
6.939765000000596,1524,,,,0.578125,-0.287109375,-0.935546875,0.03469751872773435,1.261737771911345,12.10400104522705,3.9229910373687744,4450,4450,47.483887616728,16.169886819518346,34.05341818268033,0.07803009297432599,0.026571913868881494,1.4609375,,
6.964700000001118,1524,,,,-0.099609375,-0.17578125,-0.9453125,0.03447958751886449,1.2497791202903505,12.102286338806152,4.029017925262451,4452,4451,48.76032859570887,16.070574581505216,32.9582983633123,0.07776816653019089,0.02563106435669789,1.45703125,,
6.991154999999329,1524,,,,-0.173828125,0.34375,-0.927734375,0.03378762443815727,1.2439665043072838,12.106500625610352,3.924560546875,4448,4450,47.51269471598789,15.743845435553457,33.13608190329751,0.0790128758186423,0.026181771245416072,1.45703125,,
7.014834999999032,1524,,,,-0.259765625,0.0234375,-0.998046875,0.033678813964638586,1.2423216340099723,12.10150146484375,3.9727783203125,4448,4447,48.07658266276121,15.684476748898364,32.623942635272044,0.07920708187458213,0.025840472953836634,1.46484375,,
7.053315000001341,1524,,,,0.46875,-0.2578125,-1.173828125,0.03367269673419492,1.2418548464931676,12.10300064086914,3.984375,4443,4446,48.22289317846298,15.676579103204244,32.508582687456055,0.07921720920856619,0.025752391958261792,1.462890625,,
7.076629999998957,1524,,,,-0.1484375,0.359375,-0.98046875,0.03397420814549359,1.239259730179504,12.104616165161133,3.971980094909668,4446,4445,48.07929446454182,15.815662150999197,32.89495473496007,0.07835648728126192,0.025775331023075856,1.466796875,,
7.234425000000745,1524,,,,0.13671875,-0.099609375,-1.080078125,0.033625469304409336,1.2499458301177808,12.105999946594238,3.90625,4445,4445,47.28906229138374,15.651153826017644,33.09677347708658,0.07986285509761827,0.026432028243992604,1.466796875,,
7.257514999998733,1524,,,,0.09375,0.060546875,-1.015625,0.03388085269190512,1.2439084337173956,12.103630065917969,3.957157850265503,4443,4443,47.89597473205686,15.762606647530452,32.91008636051521,0.07891514782628166,0.02597104330115753,1.451171875,,
7.279234999999404,1524,,,,0.173828125,-0.19921875,-0.857421875,0.033990236610964765,1.2582590935123013,12.105143547058105,4.005301475524902,4442,4442,48.48474931047258,15.810950467562273,32.610152042483904,0.07958149613419788,0.025951646887045373,1.44921875,,
7.315834999999032,1524,,,,-0.32421875,0.27734375,-0.966796875,0.03389191265726307,1.2700621492943605,12.103333473205566,4.00390625,4444,4442,48.460612539201975,15.76655290470166,32.53477840782013,0.08055420591749145,0.026208132393434974,1.44921875,,
7.48249499999918,1524,,,,0.0625,-0.12109375,-0.99609375,0.03424430228433657,1.2211105869666012,12.104667663574219,3.9469401836395264,4445,4444,47.77639921096306,15.937348107321517,33.35820273300219,0.07661943371906589,0.025558866032884237,1.4375,,
7.505165000000969,1524,,,,-0.0703125,0.20703125,-1.01953125,0.03403258492147646,1.2236381858001557,12.103856086730957,3.9711215496063232,4447,4447,48.065883739350966,15.847214023446995,32.96977563001317,0.0772147195077761,0.025457519775057787,1.4140625,,
7.530769999999553,1524,,,,0.46875,-0.462890625,-1.263671875,0.033717430471400286,1.2426105977108513,12.10400104522705,3.983677387237549,4444,4444,48.21843525897066,15.690590906945182,32.54064720821913,0.07919463359157686,0.025770446324876822,1.4140625,,
7.55615499999933,1524,,,,-0.048828125,-0.0859375,-0.76171875,0.03362862743205729,1.2375203909799821,12.10400104522705,3.9862060546875,4443,4444,48.2490422524279,15.649173297042665,32.43416359472959,0.07907896267043352,0.02564860012154355,1.4140625,,
7.5831749999988824,1524,,,,-0.19921875,0.220703125,-1.041015625,0.03372269746425169,1.2335749250641335,12.102001190185547,3.9404296875,4443,4443,47.68708476796746,15.689093088394092,32.900088493001824,0.07862627355921949,0.02586811357973291,1.404296875,,
7.606679999999702,1524,,,,-0.298828125,0.46484375,-1.021484375,0.033867080392210806,1.236564587969382,12.104888916015625,3.9485676288604736,4443,4442,47.796972524731245,15.754149422395619,32.96055919492403,0.07849135835994546,0.025871190635129774,1.40234375,,
7.630224999999627,1524,,,,0.11328125,-0.046875,-1.08203125,0.03392180706515424,1.2455780326391093,12.098287582397461,4.451729774475098,4448,4442,53.85830705072112,15.77996092508894,29.299028857754745,0.07893416457443408,0.023126943657291062,1.41015625,,
7.658004999998957,1524,,,,0.328125,-0.5078125,-1.291015625,0.03487975167791626,1.238920753530396,12.10628604888916,4.005301475524902,4475,4462,48.48932537474229,16.29629964980231,33.608014802967176,0.07602466695839294,0.025550381325283193,1.4140625,,
7.6814199999999255,1524,,,,-0.33203125,-0.02734375,-0.833984375,0.03863820542241918,1.2760859310588386,12.102667808532715,3.9529080390930176,4474,4475,47.84073287482124,18.106692595885253,37.8478578981278,0.07047592619697035,0.026673628399418763,1.431640625,,
7.703049999998883,1524,,,,0.46875,0.017578125,-1.203125,0.032726465741382146,1.2746744545199296,12.103500366210938,3.9251708984375,4464,4466,47.508307406678796,15.307159020305555,32.21996289885429,0.08327309155337206,0.026830559203225447,1.44140625,,
7.724490000000223,1524,,,,-0.078125,-0.203125,-0.73046875,0.03272178535177247,1.258770336983087,12.102001190185547,3.9444987773895264,4456,4460,47.73632889865348,15.282198622037233,32.01377017173247,0.08236840575857424,0.026369232113670007,1.447265625,,
7.746070000000298,1524,,,,-0.13671875,0.185546875,-0.982421875,0.03309118693572468,1.258770336983087,12.105143547058105,3.9083425998687744,4454,4455,47.311048202493794,15.436186670695378,32.62702319472543,0.08154671641622362,0.026606266079658245,1.44140625,,
7.769269999999553,1524,,,,-0.046875,0.1953125,-1.22265625,0.03331930894364615,1.2589259328220217,12.105143547058105,3.989955425262451,4447,4450,48.29898316916524,15.526352514188508,32.146334136700325,0.0810831733771066,0.026065267842444728,1.435546875,,
7.794695000000298,1524,,,,0.375,-0.193359375,-1.0546875,0.03353092068333859,1.2575033422946171,12.102286338806152,4.1775946617126465,4450,4448,50.55844680351447,15.616917720186894,30.888839961557746,0.08052186512253508,0.02487227005176125,1.42578125,,
7.820605000000447,1524,,,,-0.13671875,-0.404296875,-0.9609375,0.0343154450884744,1.2588481349025544,12.103501319885254,3.9300537109375,4457,4455,47.56741027755197,16.0084206165789,33.65417735203802,0.07863662287826483,0.026464508527104542,1.423828125,,
7.8451299999989565,1524,,,,-0.1875,0.296875,-0.86328125,0.034735910219123804,1.261615518037896,12.104501724243164,3.94775390625,4455,4456,47.78559396509081,16.208860272690448,33.91997237605048,0.07783493082259048,0.02640158703394069,1.435546875,,
7.867955000000075,1524,,,,-0.1875,0.208984375,-0.88671875,0.0335336587706472,1.2411435512294655,12.10400104522705,3.946533203125,4451,4453,47.76884201564826,15.635644787219698,32.73188992544079,0.07937910896031321,0.025982282568685424,1.427734375,,
7.893199999999255,1524,,,,-0.224609375,0.119140625,-0.953125,0.03350573768600033,1.232596894076543,12.103428840637207,3.905552387237549,4448,4450,47.27057540231044,15.61255467174781,33.02806140791068,0.07894908424609251,0.026075352025782567,1.427734375,,
7.918375,1524,,,,-0.111328125,0.1796875,-1.08203125,0.033459277954692584,1.2388762975764145,12.10200023651123,3.9666748046875,4445,4447,48.004699424491264,15.581761950949288,32.4588261935866,0.07950810065487737,0.02580739620138854,1.427734375,,
7.9432749999985095,1524,,,,0.111328125,-0.275390625,-1.048828125,0.03379652619125726,1.23857621988704,12.105000495910645,3.9385986328125,4444,4445,47.6767384033883,15.731920532570964,32.9970569703504,0.0787301345263424,0.025978627342490707,1.416015625,,
7.96597500000149,1524,,,,0.099609375,-0.2890625,-0.8671875,0.03381608098340974,1.2375537329454682,12.104000091552734,3.9935302734375,4443,4443,48.337690795306116,15.734306888784191,32.55080379286983,0.07865320930200158,0.02560225183668977,1.416015625,,
7.993260000001639,1524,,,,-0.5234375,0.21875,-0.787109375,0.03376870347933125,1.2399543544604632,12.105999946594238,3.8680012226104736,4443,4443,46.82602259434884,15.711229496054234,33.552346805449865,0.07892153537518302,0.026480027253267206,1.43359375,,
8.018309999998658,1524,,,,-0.26171875,0.50390625,-1.11328125,0.03390049944997554,1.2436108566754327,12.104000091552734,4.002278804779053,4442,4442,48.44358301946522,15.76955852897505,32.552419837811435,0.0788614883790448,0.02567132278749354,1.431640625,,
8.042699999999256,1524,,,,-0.111328125,0.02734375,-1.10546875,0.03404262329870433,1.232307930375664,12.105500221252441,4.0069580078125,4442,4442,48.50623105012346,15.834927162864679,32.64514026352987,0.07782214074628739,0.025405147002707143,1.416015625,,
8.065330000000074,1524,,,,0.099609375,0.087890625,-1.009765625,0.03413434789606969,1.227762309081067,12.101500511169434,4.111328125,4450,4445,49.75323940627277,15.889136771539283,31.93588389650869,0.07727054822010483,0.02467703256576844,1.423828125,,
8.090700000001117,1524,,,,-0.453125,-0.25,-0.625,0.03550084056685918,1.2319189407783269,12.105143547058105,3.9278738498687744,4455,4454,47.54747678739727,16.55751872128616,34.82312803962465,0.07440238851698144,0.025909239017807437,1.447265625,,
8.114735000001266,1524,,,,-0.037109375,0.10546875,-0.99609375,0.03469390800173005,1.2567698190539245,12.10200023651123,3.9483642578125,4452,4454,47.783105181879364,16.180896054734596,33.86321586498909,0.07766997666894897,0.026301551861692852,1.443359375,,
8.139424999998882,1524,,,,0.041015625,-0.126953125,-0.951171875,0.033402386942156255,1.2522241977593271,12.102858543395996,3.8895089626312256,4447,4449,47.07417677799663,15.562949428723362,33.06048133803539,0.08046188182351806,0.026601085424496275,1.443359375,,
8.167834999999032,1524,,,,-0.2734375,0.099609375,-1.109375,0.03360351695665385,1.2462670999258207,12.103001594543457,3.973388671875,4444,4446,48.089929431444034,15.646527597759373,32.53597537518687,0.07965135344817913,0.025915344743902616,1.439453125,,
8.191445000000298,1524,,,,0.38671875,-0.130859375,-1.154296875,0.03361136991017814,1.2514684465416435,12.104446411132812,3.9187283515930176,4444,4444,47.434037331644504,15.641191893519133,32.974616485121494,0.08001106661572158,0.02638334236218927,1.431640625,,
8.215105000000447,1524,,,,0.0234375,-0.03125,-1.01171875,0.03375365930000459,1.247456296694823,12.102286338806152,4.130161762237549,4443,4443,49.98440027218703,15.704600727447318,31.41900401310982,0.0794325381679149,0.02495691235469217,1.427734375,,
8.240855000000447,1524,,,,-0.125,0.107421875,-0.8515625,0.034084374274404756,1.2345529560517243,12.10200023651123,3.9599609375,4448,4446,47.923448202200234,15.869282595277566,33.11381628534189,0.07779513337415181,0.025760937544453327,1.4296875,,
8.264669999999926,1524,,,,-0.349609375,0.234375,-0.90234375,0.034558519051296734,1.2445222037320514,12.10400104522705,3.9996337890625,4448,4449,48.41157156333793,16.099081713814517,33.25461494831196,0.07730392489803534,0.025707122564773907,1.423828125,,
8.289710000000895,1524,,,,-0.234375,0.2578125,-1.408203125,0.03395434398231273,1.2450001052373512,12.10400104522705,3.935546875,4447,4447,47.63586348854005,15.811944888941996,33.19336258645954,0.07873794868258337,0.026135772799350337,1.423828125,,
8.31471499999985,1524,,,,0.111328125,-0.048828125,-0.880859375,0.03371737080499147,1.2481342499930392,12.102500915527344,3.980712890625,4447,4447,48.17658140324056,15.70272071994773,32.59409501997478,0.07948522248169959,0.02590748894252352,1.435546875,,
8.343044999999925,1524,,,,0.1484375,-0.40625,-1.0546875,0.03386599647573963,1.2368090957162798,12.10400104522705,4.0066962242126465,4445,4446,48.49705528577715,15.768503628521474,32.51435274905432,0.07843541307744549,0.025502766888178503,1.431640625,,
8.364944999998436,1524,,,,0.1484375,-0.17578125,-0.921875,0.03401889935990263,1.2498680321983135,12.10200023651123,3.97216796875,4446,4446,48.071177697274834,15.8392102665763,32.94949494751869,0.07890974430939712,0.026000362214324717,1.431640625,,
8.389929999999701,1524,,,,-0.296875,1.044921875,-0.9296875,0.03402056153924369,1.2225943044307301,12.104571342468262,3.9927456378936768,4446,4446,48.33047442621296,15.839379056048953,32.77306760195626,0.07718700967408375,0.025296550860415982,1.443359375,,
8.414635000001638,1524,,,,-0.078125,0.314453125,-1.16796875,0.03396906006625789,1.2254950554280157,12.105000495910645,4.013671875,4450,4447,48.58550003729761,15.820134479394167,32.561431841289135,0.07746426283697092,0.025223473145017352,1.427734375,,
8.440700000001117,1524,,,,0.173828125,-0.068359375,-1.1875,0.0342958242021501,1.2486454934638251,12.105501174926758,4.0484619140625,4452,4449,49.008660457329825,15.977777642574164,32.60194727518716,0.07814888411869632,0.02547805799652448,1.4140625,,
8.464939999999478,1524,,,,-0.134765625,0.435546875,-0.970703125,0.034623869419157155,1.2511683688522692,12.102500915527344,3.9324951171875,4453,4453,47.59302575606853,16.145901494884907,33.92493172768315,0.0774913911898103,0.026288901555975023,1.421875,,
8.48640499999933,1524,,,,0.2109375,-0.421875,-0.908203125,0.034151016806031186,1.2443777218816114,12.106858253479004,3.9236886501312256,4451,4451,47.50354231792312,15.919230536465772,33.51167041380709,0.0781682078811,0.02619547219349381,1.4296875,,
8.510794999999925,1524,,,,-0.5625,0.21875,-0.740234375,0.03342021755674807,1.237587074910954,12.104573249816895,3.9481027126312256,4447,4448,47.79009848284545,15.566858087934504,32.57339612623381,0.07950140406754128,0.025896307272837985,1.427734375,,
8.532519999999552,1524,,,,0.037109375,0.27734375,-0.939453125,0.03352754247467451,1.237742670749889,12.103501319885254,3.914794921875,4443,4446,47.38272550399415,15.608957439157187,32.94229547399383,0.07929694699819244,0.026122234582000838,1.431640625,,
8.55456000000052,1524,,,,0.53125,-0.576171875,-1.20703125,0.033653891055901164,1.2366646138658401,12.10400104522705,3.985072612762451,4445,4444,48.2353230701824,15.663076618294273,32.47221252256255,0.07895413168198588,0.025638153435118348,1.43359375,,
8.577705000000075,1524,,,,0.048828125,-0.3828125,-0.92578125,0.033731961268089965,1.2355865569817917,12.100666999816895,4.1357421875,4445,4444,50.045239008031785,15.698992515391831,31.369602436851768,0.07870483126674405,0.024689392666972614,1.42578125,,
8.59952999999933,1524,,,,-0.09375,0.396484375,-0.775390625,0.034452686771728566,1.235819950740194,12.105000495910645,3.9398193359375,4450,4448,47.691515015321784,16.048337053660134,33.65029827319243,0.0770061064026781,0.025912784493073115,1.427734375,,
8.62361999999918,1524,,,,-0.4375,0.291015625,-1.15234375,0.03458514647877071,1.2478230583151695,12.105334281921387,3.95263671875,4449,4449,47.84798877546564,16.11419760244395,33.677899562429694,0.07743625150320355,0.026078903006159348,1.43359375,,
8.793729999998584,1524,,,,0.01171875,-0.021484375,-1.10546875,0.033518548357414725,1.2413880589763633,12.104000091552734,3.969183921813965,4449,4448,48.04300255302587,15.611396688262783,32.49463159808179,0.07951806515234373,0.02583910232517675,1.421875,,
8.816820000000298,1524,,,,-0.078125,0.037109375,-0.927734375,0.03394238157300147,1.2363731495175498,12.103787422180176,3.967372417449951,4447,4446,48.02023236543528,15.804318118661264,32.91179017708614,0.07823008498276668,0.025746921424884342,1.4375,,
8.859790000000968,1524,,,,-0.38671875,-0.01953125,-0.837890625,0.033813214201106945,1.2310187077102037,12.10400104522705,4.036690711975098,4446,4446,48.86010859700491,15.742981692892386,32.2205212901582,0.0781947620675937,0.02519475995977758,1.455078125,,
9.026470000000671,1524,,,,0.0703125,-0.087890625,-1.017578125,0.03380824509489758,1.2475174236315474,12.104002952575684,3.9742605686187744,4445,4445,48.10446165686676,15.73815287886141,32.716617828763994,0.07926708002100688,0.025933507634493362,1.455078125,,
9.05624499999918,1524,,,,-0.08984375,0.029296875,-0.986328125,0.034124108979622585,1.2482735916237997,12.103642463684082,3.984462261199951,4447,4447,48.226506619606425,15.889833309976344,32.94833987315256,0.0785580041824654,0.025883558215604105,1.4375,,
9.083580000000074,1524,,,,-0.3125,0.416015625,-0.95703125,0.03399428186597532,1.2398098726100237,12.10444450378418,3.965386390686035,4448,4447,47.998799502120164,15.83210480921538,32.98437663741164,0.07830985756791912,0.02583001836442305,1.447265625,,
9.104929999999701,1524,,,,0.099609375,-0.27734375,-0.98046875,0.03378053905735025,1.2384539660135914,12.103556632995605,3.965928792953491,4446,4446,48.001843747940484,15.72785319964046,32.765102278629165,0.07874272160945034,0.025800133272312634,1.447265625,,
9.127830000000074,1524,,,,-0.1875,-0.255859375,-0.689453125,0.03368963193345255,1.2384539660135914,12.10400104522705,4.024832725524902,4443,4445,48.71657951661746,15.680850803562512,32.18791417450336,0.0789787481258497,0.025421611662845678,1.431640625,,
9.149644999999554,1524,,,,-0.3984375,0.203125,-0.8984375,0.034084127504198744,1.258970388776003,12.104573249816895,3.9425222873687744,4445,4445,47.72254981649098,15.864754984889835,33.24372868988576,0.07935643443438566,0.026381037761334245,1.42578125,,
9.17175,1524,,,,-0.171875,0.091796875,-1.267578125,0.034027635152703045,1.2497124363593786,12.103428840637207,4.0108819007873535,4443,4443,48.545423674379435,15.833536927294253,32.61592077864723,0.07892819160355086,0.02574315644543304,1.43359375,,
9.196554999999702,1524,,,,-0.19921875,-0.171875,-0.875,0.03396851761895337,1.2404544839427538,12.103333473205566,3.9225261211395264,4445,4445,47.47564170151122,15.81124965146396,33.303919830873326,0.07845391801956023,0.02612822996141342,1.439453125,,
9.22025,1524,,,,-0.2109375,0.0078125,-0.85546875,0.03422340734726323,1.2502014518531739,12.102499961853027,3.9312744140625,4446,4446,47.57824844622519,15.93248195154156,33.486903095117256,0.07846871916476325,0.026276743946683973,1.423828125,,
9.24658999999985,1524,,,,-0.412109375,0.16796875,-0.857421875,0.034058613756533365,1.2521908557938413,12.10400104522705,3.9376394748687744,4444,4445,47.66119231953894,15.85259456754093,33.26101130928292,0.07898964743334644,0.02627275556596807,1.416015625,,
9.269140000000595,1524,,,,-0.162109375,0.140625,-1.06640625,0.034015609087577885,1.2329303137314034,12.105777740478516,4.006618976593018,4443,4444,48.50323882141856,15.829820178298021,32.63662502329169,0.07788656471421553,0.02541954606930194,1.41015625,,
9.293480000000446,1524,,,,0.40625,-0.44921875,-1.150390625,0.03433860962849332,1.2382316862436844,12.103429794311523,3.9404296875,4445,4444,47.692714082077146,15.981048472270826,33.50836449518918,0.0774812546493539,0.02596270122335122,1.3984375,,
9.317940000001341,1524,,,,-0.125,-0.30859375,-0.96875,0.03430864493441096,1.2424883438374026,12.101142883300781,3.9760043621063232,4445,4445,48.114196890475796,15.96978011588894,33.19140949653917,0.07780247034216857,0.025823736529692616,1.388671875,,
9.343184999998659,1524,,,,-0.349609375,0.171875,-0.75,0.03430172936008128,1.2467450014311208,12.103001594543457,3.9459228515625,4445,4446,47.7575105644064,15.970939625903759,33.4417339537938,0.07806334696857702,0.02610573680865849,1.390625,,
9.37,1524,,,,-0.13671875,0.2578125,-1.072265625,0.03396780469619509,1.2530577468964783,12.103501319885254,3.963623046875,4444,4444,47.973716779379174,15.80927698352035,32.95403826270918,0.07926091422160991,0.026119671999962436,1.388671875,,
9.394485000001266,1524,,,,-0.228515625,-0.0625,-1,0.03378454064898587,1.2521168088454908,12.103500366210938,3.9483642578125,4442,4443,47.78902824036777,15.718033299645178,32.89046435635205,0.07966116275334245,0.026200926341243696,1.373046875,,
9.418265000000597,1524,,,,0.287109375,-0.18359375,-1.154296875,0.03400513616562369,1.2500791979797252,12.103500366210938,3.9434814453125,4440,4441,47.72992911748588,15.815728526626112,33.13587264648171,0.07904025387608231,0.026190677863834458,1.361328125,,
9.443080000000075,1524,,,,-0.03125,-0.001953125,-0.759765625,0.03414629249628539,1.269028548364293,12.10099983215332,4.06494140625,4443,4441,49.18985527474433,15.880769963280109,32.28464461743153,0.0799097620139685,0.025798582680845034,1.359375,,
9.468259999999777,1524,,,,-0.38671875,0.0703125,-0.80859375,0.03468935141642532,1.2688840665138534,12.104573249816895,3.9515902996063232,4448,4447,47.83231423485063,16.155032249608194,33.77430615271722,0.0785441989163858,0.026527758207219348,1.357421875,,
9.493724999999628,1524,,,,-0.38671875,0.26171875,-1.12109375,0.034568775804786185,1.2383650541056286,12.104000091552734,3.92822265625,4447,4448,47.547207390889525,16.100607057955667,33.862361096396775,0.07691418402101335,0.026044958727542655,1.3515625,,
9.518094999998809,1524,,,,0.037109375,0.109375,-1.193359375,0.03380650557279942,1.237353681152552,12.10400104522705,3.941650390625,4444,4445,47.70974044804461,15.737171506814509,32.98523814849112,0.07862618009956575,0.025935032752903292,1.349609375,,
9.545435000000522,1524,,,,-0.03125,-0.3203125,-1.0703125,0.03378103919495275,1.236364536176466,12.104499816894531,3.944091796875,4444,4443,47.74125843308866,15.716399533440228,32.919952362519744,0.07866716123790428,0.025897192004464685,1.365234375,,
9.568360000001267,1524,,,,-0.0625,-0.310546875,-0.93359375,0.03394326922611317,1.2567920470309153,12.103111267089844,4.051106929779053,4442,4443,49.0309979259946,15.793244355542763,32.21073407353537,0.07957782572963445,0.02563260182727397,1.3671875,,
9.593710000000893,1524,,,,-0.53125,0.267578125,-0.734375,0.03439483187420859,1.2375759609224588,12.103999137878418,3.96484375,4445,4444,47.990465331822634,16.007549376322014,33.35568693831222,0.0773120189623186,0.025787955010759568,1.359375,,
9.618019999999554,1524,,,,-0.173828125,0.55859375,-0.9921875,0.03453800833899738,1.2429884733196932,12.104500770568848,3.968505859375,4447,4446,48.036782232811674,16.079558220015983,33.473429052941,0.07730240198840846,0.02587576468580916,1.36328125,,
9.639784999998286,1524,,,,0.287109375,-0.27734375,-1.12109375,0.03429316268906172,1.256858730961887,12.101142883300781,3.944614887237549,4445,4445,47.73434837005698,15.964290177152378,33.44403081276067,0.07872938395724392,0.026330279429357315,1.369140625,,
9.664539999999105,1524,,,,0.2734375,-0.291015625,-0.9765625,0.03392150006960349,1.2585925131671614,12.102499961853027,4.0472412109375,4443,4444,48.981736600981094,15.784785114034756,32.225858471744324,0.07973453576178917,0.02569513864769654,1.36328125,,
9.689400000000372,1524,,,,-0.0859375,-0.357421875,-0.84765625,0.033873672342646294,1.2353420492348939,12.10400104522705,3.9725167751312256,4447,4445,48.08334719837035,15.768639889057331,32.79438892638441,0.07834169959656197,0.025691681657236256,1.3671875,,
9.717084999999031,1524,,,,-0.5625,0.33984375,-0.900390625,0.03436324612624171,1.2358644066941753,12.10250186920166,3.9788818359375,4449,4449,48.15442485676613,16.008168445263006,33.24340077340518,0.0772021115919655,0.025664607362048585,1.384765625,,
9.748884999999776,1524,,,,-0.009765625,0.142578125,-0.91796875,0.03419737909908904,1.245033447202837,12.103111267089844,3.973524332046509,4449,4448,48.092007113247746,15.929839112543615,33.12367286944752,0.07815731460981686,0.025888573214900647,1.380859375,,
9.772830000000074,1524,,,,-0.166015625,-0.294921875,-0.947265625,0.03415359625160733,1.2525242754487016,12.101600646972656,3.96142578125,4450,4450,47.93959279730916,15.915139419131648,33.19831999078841,0.07870017613185577,0.026127136305567566,1.388671875,,
9.797535000000149,1524,,,,-0.32421875,0.640625,-1.08203125,0.03434483142361978,1.2517907522080087,12.10400104522705,3.9515902996063232,4449,4450,47.83005311674401,16.00554542043853,33.46336534766552,0.07820981536871059,0.026171636254566283,1.396484375,,
9.819825000001117,1524,,,,0.01171875,0.30078125,-1.166015625,0.03333327172171324,1.2461226180753813,12.104500770568848,3.984375,4448,4447,48.22887025773525,15.524642242938087,32.1895208408871,0.0802673967345188,0.025837690400295456,1.396484375,,
9.84494000000134,1524,,,,0.015625,-0.927734375,-1.09375,0.03383025937100566,1.2485343535788718,12.104001998901367,3.946010112762451,4445,4447,47.76251429256172,15.752690867784919,32.98128480275202,0.0792584812371447,0.026140465427158463,1.40234375,,
9.870269999999554,1524,,,,-0.298828125,0.35546875,-0.80078125,0.03393219712485918,1.223872413107695,12.10150146484375,4.019775390625,4444,4445,48.645317777991295,15.796252200702538,32.47229727801114,0.07747865744086203,0.02515909997120862,1.416015625,,
9.895884999999776,1524,,,,-0.375,0.33984375,-0.994140625,0.034037789061984326,1.2388985255534053,12.101500511169434,3.9886474609375,4446,4445,48.26861928740982,15.842276263279317,32.82106780172921,0.0782020528467262,0.02566674878716811,1.4140625,,
9.918504999998957,1524,,,,-0.041015625,-0.1171875,-0.9609375,0.03438148224883913,1.235153111430473,12.10300064086914,3.9617919921875,4446,4446,47.94957102043554,16.007374908989053,33.38377084159293,0.07716150327289856,0.02575941943055268,1.427734375,,
9.945299999998882,1524,,,,0.078125,-0.0078125,-1.203125,0.034236186858000436,1.2278512209890295,12.104573249816895,3.9174106121063232,4445,4446,47.41858370385103,15.938262220099375,33.611847877280596,0.07703796085376326,0.025893882209925886,1.431640625,,
9.968194999998435,1524,,,,-0.07421875,-0.310546875,-0.77734375,0.03387539718918336,1.241354717010877,12.102666854858398,3.9865450859069824,4443,4444,48.24782707660506,15.76412090458047,32.67322459838684,0.07874557195575588,0.02572871758638844,1.423828125,,
9.990570000000298,1524,,,,-0.1875,0.197265625,-0.9296875,0.033825778661251235,1.255191632687585,12.102286338806152,3.9794921875,4444,4444,48.16095393616706,15.740099519341788,32.682283536584116,0.07974483459556131,0.02606243294830137,1.412109375,,
10.014539999999107,1524,,,,-0.515625,0.625,-1.00390625,0.03408376936601185,1.2381983442781983,12.105714797973633,3.954380512237549,4446,4446,47.87060268381265,15.867386714103976,33.14641100073199,0.07803416949418686,0.025865526541550995,1.421875,,
10.044945000000299,1524,,,,-0.0234375,-0.365234375,-1.0390625,0.03415169251588431,1.2304963502509223,12.104001998901367,3.9532470703125,4447,4446,47.850110441213474,15.90007808271393,33.22892661292404,0.07738932751460383,0.025715642846063133,1.42578125,,
10.068629999998956,1524,,,,-0.1875,0.015625,-1.0703125,0.03414312081444152,1.2460781621213999,12.102666854858398,3.9729816913604736,4447,4447,48.083673830987664,15.89980817590172,33.0669578863482,0.07837064122635125,0.025914786929578607,1.416015625,,
10.09511999999918,1524,,,,0.0859375,-0.0234375,-0.9140625,0.03418204860484044,1.2440776441922372,12.105145454406738,3.9522879123687744,4446,4447,47.84302005691757,15.916713875551851,33.268622793076524,0.07816171440407346,0.026003325933692964,1.423828125,,
10.118604999998585,1524,,,,-0.26171875,-0.095703125,-0.931640625,0.03384780772296092,1.231952282743813,12.104000091552734,3.953993082046509,4448,4447,47.85913262708982,15.76131579558152,32.93272345403959,0.07816303528980587,0.025741216255275135,1.43359375,,
10.145304999999702,1524,,,,-0.349609375,0.34765625,-0.8203125,0.0338908805820979,1.2396542767710887,12.105714797973633,3.9229910373687744,4445,4446,47.490610653393105,15.779481605256022,33.22652917735984,0.07856115351458502,0.026103144594594053,1.427734375,,
10.308919999999926,1524,,,,-0.236328125,0.44140625,-1.0859375,0.03355024575283042,1.2349086036835755,12.106222152709961,3.973524332046509,4445,4445,48.104368292953495,15.615665239287239,32.46205239446971,0.07908139581378101,0.025671444143347568,1.4296875,,
10.332584999999032,1524,,,,0.048828125,0.001953125,-1.02734375,0.03414839139670949,1.2414137600747586,12.103852272033691,3.979130506515503,4449,4449,48.16280782200624,15.909376916046794,33.03249464782571,0.07803031926552838,0.025775361035066974,1.435546875,,
10.382855000000447,1524,,,,-0.15625,-0.080078125,-0.748046875,0.033484864084558814,1.2568698449503826,12.106500625610352,3.96484375,4449,4449,48.00038333982229,15.599975444349147,32.49968929187077,0.08056870662611618,0.02618457931996665,1.435546875,,
10.55147000000067,1524,,,,0.005859375,0.060546875,-1.04296875,0.03394205165409155,1.2378093546808613,12.10350227355957,4.08599853515625,4451,4449,49.454892560024746,15.81243045014379,31.973440101910672,0.0782807778085503,0.025029057603926617,1.439453125,,
10.575194999998436,1524,,,,-0.03515625,-0.017578125,-0.99609375,0.03438582008060052,1.249518775109847,12.103511810302734,3.983860969543457,4455,4455,48.218708295473334,16.040206678484637,33.26552544749619,0.07789916926605914,0.025913567975589035,1.435546875,,
10.60029000000097,1524,,,,0.19921875,-0.248046875,-1.064453125,0.033121472179553704,1.2455446906736232,12.103428840637207,3.974609375,4450,4452,48.106401739642024,15.44255204721788,32.10082543856625,0.08065666133843594,0.025891454060826866,1.423828125,,
10.624474999999627,1524,,,,-0.32421875,-0.271484375,-0.982421875,0.0333163528713311,1.2375092769914868,12.10200023651123,4.111328125,4454,4451,49.755293941125274,15.529877498396804,31.212512816772996,0.0796857075736263,0.024871911689554358,1.423828125,,
10.646955000000075,1524,,,,-0.173828125,0.16796875,-0.81640625,0.034729832629463164,1.2568253889964012,12.10057258605957,3.905552387237549,4459,4458,47.259420150426195,16.214672450932316,34.30992678141458,0.07751161133841689,0.026594177097305476,1.435546875,,
10.669654999999329,1524,,,,-0.236328125,0.197265625,-0.89453125,0.03431068924251634,1.2570365547778128,12.10285758972168,3.9767019748687744,4453,4456,48.12945767860174,16.009535304286935,33.26348576623323,0.07851799136488435,0.026117820881590544,1.4375,,
10.69465499999933,1524,,,,-0.546875,0.478515625,-1.080078125,0.03299931561768189,1.2485232395903763,12.103428840637207,3.9669363498687744,4449,4451,48.013531825973814,15.38200008173566,32.03680191136133,0.08116780866961851,0.026003570079278452,1.45703125,,
10.720539999999106,1524,,,,0.287109375,-0.2578125,-1.05078125,0.03354477572650827,1.2403433440578002,12.105001449584961,4.022216796875,4448,4449,48.68894015671685,15.628041230972372,32.097723180397495,0.07936652621568664,0.025474847882608703,1.46875,,
10.744964999999851,1524,,,,0.048828125,-0.1171875,-0.98046875,0.033973338022009504,1.2450001052373512,12.102500915527344,3.9044189453125,4448,4448,47.25323386024684,15.825301331422304,33.49040909713441,0.07867149441036624,0.02634740532086088,1.466796875,,
10.76799499999918,1524,,,,-0.375,0.091796875,-0.859375,0.033685940441208685,1.257169922639757,12.10400104522705,3.9764404296875,4446,4446,48.1308391172206,15.684769828725301,32.58777556428159,0.08015227104814499,0.02611984219884414,1.470703125,,
10.790390000000595,1524,,,,-0.25,0.275390625,-0.9375,0.03359422520601988,1.2443999498586023,12.104571342468262,3.9432199001312256,4446,4445,47.730986600178994,15.639076395625121,32.765039043979186,0.07956991310603936,0.026071113096454112,1.4765625,,
10.814455000000075,1524,,,,0.15625,0.19140625,-1.29296875,0.03403964752389831,1.2397654166560423,12.101715087890625,4.0283203125,4444,4445,48.74958470463753,15.846178960356477,32.505259391161616,0.0782374993844038,0.02543130211605893,1.470703125,,
10.835349999999627,1524,,,,0.099609375,-0.03125,-1.07421875,0.03401417863084004,1.2323635003181406,12.104500770568848,3.9697265625,4446,4446,48.05155823472887,15.835102828210388,32.95440025244737,0.07782478672147762,0.025646691711809253,1.47265625,,
10.857905000001193,1524,,,,0.0625,-0.154296875,-0.666015625,0.03412836434737658,1.227606713242132,12.100666046142578,3.9973957538604736,4446,4446,48.37115107173395,15.890623383131395,32.851447672944055,0.07725352767124866,0.0253789022184236,1.482421875,,
10.88125500000082,1524,,,,0.01171875,0.31640625,-1.009765625,0.034003624243976384,1.2326969199730011,12.102858543395996,3.9404296875,4446,4447,47.69046310801059,15.834055498491244,33.201723083774354,0.07785099149680631,0.025847870614742353,1.4765625,,
10.902379999998956,1524,,,,0.28125,-0.28515625,-1.28125,0.033886339367530806,1.235153111430473,12.104501724243164,3.9300537109375,4446,4446,47.571341920411214,15.777639450914256,33.166269468098854,0.07828503847316022,0.02596422681321318,1.46875,,
10.926044999999926,1524,,,,0.048828125,0.01953125,-1.01171875,0.03392033077567144,1.2446333436170045,12.105334281921387,3.8818359375,4445,4445,46.990921651013196,15.789927331902359,33.602080523487466,0.07882451372035872,0.02648667657256236,1.466796875,,
10.948469999998808,1524,,,,-0.01171875,-0.029296875,-0.80859375,0.033981657503621115,1.2279623608739831,12.102999687194824,3.9227294921875,4445,4445,47.476793816895224,15.81746025197658,33.31619298678871,0.0776333457655147,0.025864475297339838,1.466796875,,
10.970384999999776,1524,,,,-0.421875,0.203125,-0.98046875,0.03411250607789121,1.2281179567129181,12.102286338806152,3.950892925262451,4443,4445,47.81483747548964,15.878916673679795,33.209182571873185,0.07734267909778715,0.025684871507562133,1.455078125,,
10.997349999999628,1524,,,,0.296875,-0.197265625,-1.173828125,0.034156201172434425,1.243455260836498,12.104571342468262,3.92578125,4446,4446,47.51989921554923,15.901023766424819,33.46182131889236,0.07819969827741953,0.026167043309503073,1.44921875,,
11.02016000000015,1524,,,,0.08203125,0.2265625,-1.056640625,0.033940435979965204,1.2446000016515186,12.106500625610352,3.9373779296875,4445,4445,47.66786836902611,15.799437736378803,33.144837973591976,0.07877495531285775,0.026109831302216186,1.462890625,,
11.047099999999627,1524,,,,-0.375,-0.544921875,-0.69921875,0.03350014120042763,1.2356532409127636,12.10200023651123,3.944091796875,4443,4444,47.731399858603254,15.59106263190469,32.66416379593047,0.07925394632077169,0.02588763884095567,1.470703125,,
11.07060000000149,1524,,,,0.01953125,0.390625,-0.9765625,0.033616863368141806,1.2367424117853079,12.105500221252441,3.9263916015625,4442,4443,47.53093440143857,15.64013652008666,32.905173687503385,0.0790749115391005,0.02601973698518068,1.466796875,,
11.095375,1524,,,,-0.328125,0.158203125,-1.3828125,0.033700555637221366,1.2410212973560166,12.10400104522705,3.973911762237549,4444,4442,48.10023212376336,15.677071577719621,32.592507115936655,0.0791615507528693,0.025800734062214732,1.4609375,,
11.118469999998808,1524,,,,0.291015625,0.095703125,-0.9921875,0.03400847175542434,1.2426772816418235,12.105999946594238,4.002685546875,4445,4443,48.45651101670228,15.824704378323297,32.65753981517312,0.07852767748028484,0.025645207539054762,1.47265625,,
11.140015000000597,1524,,,,0.171875,-0.576171875,-0.9765625,0.034455540279303414,1.2275622572881506,12.101143836975098,4.019949913024902,4446,4447,48.64599211494988,16.04379955547498,32.980722271145545,0.07651318835314434,0.025234602151549015,1.47265625,,
11.164635000001638,1524,,,,-0.0234375,0.3203125,-0.84375,0.034740765695408536,1.2407545616321283,12.106287002563477,3.920200824737549,4450,4449,47.45907629195881,16.18627287322679,34.10574781028618,0.07665474141884891,0.0261436727929396,1.46484375,,
11.185554999999702,1524,,,,-0.09375,0.41796875,-0.958984375,0.03433308384831375,1.2486788354293112,12.102500915527344,3.9263916015625,4449,4448,47.51915795262903,15.992391320611587,33.654618494195766,0.07807955735925293,0.026277377151213328,1.478515625,,
11.209890000000597,1524,,,,0.265625,-0.62890625,-1.08984375,0.0335440640613558,1.2339861426384615,12.105999946594238,3.9982097148895264,4445,4446,48.40232659492517,15.618167505557189,32.26739002912869,0.07900966244595531,0.02549435594213442,1.4765625,,
11.231634999999777,1524,,,,0.154296875,-0.390625,-0.796875,0.03368644697688073,1.2288514799536108,12.105000495910645,3.9398193359375,4445,4445,47.691515015321784,15.679430713094026,32.87677212195234,0.07837347557060131,0.025766668967400583,1.455078125,,
11.253759999999776,1524,,,,-0.13671875,0.064453125,-0.861328125,0.03381897697011403,1.241165779206456,12.102286338806152,3.9808871746063232,4445,4445,48.17783646956673,15.74189894098394,32.67456593018219,0.07884473047753396,0.025762173442356286,1.4453125,,
11.275719999998808,1524,,,,-0.224609375,0.263671875,-1.07421875,0.03364721847896008,1.2436664266179096,12.104571342468262,3.9780972003936768,4443,4444,48.15316136943852,15.65717168376579,32.51535566614524,0.07943110363332163,0.025827305855918945,1.443359375,,
11.297555000001564,1524,,,,0.25,-0.52734375,-1.10546875,0.0334503618089928,1.2309742517562223,12.102286338806152,4.0157647132873535,4443,4443,48.599934429477344,15.562922973346819,32.02251845818835,0.07909659733357276,0.025328722480942256,1.435546875,,
11.319289999999105,1524,,,,-0.34375,0.326171875,-0.744140625,0.033712396694559,1.2288514799536108,12.104667663574219,4.0087890625,4444,4442,48.52505933493376,15.683456319325169,32.32032383736719,0.07835335878351118,0.02532405929628501,1.419921875,,
11.345085000000894,1524,,,,-0.015625,0.017578125,-1.158203125,0.03439167612203826,1.2330192256393662,12.105500221252441,3.9935302734375,4446,4446,48.34368160867598,16.010998850837186,33.119113642275394,0.07701076223454315,0.025505281861240847,1.412109375,,
11.37083999999985,1524,,,,0.26171875,0.01171875,-1.205078125,0.03438383858291848,1.2340861685349196,12.10400104522705,3.9617919921875,4449,4448,47.95353441440966,16.016729530065632,33.40051932700237,0.07704982257572422,0.025735040880825802,1.40625,,
11.396469999998807,1524,,,,0.34375,-0.21484375,-0.880859375,0.03401945177198649,1.2380983183817402,12.104501724243164,3.970947265625,4449,4449,48.06633802363649,15.848344039555,32.97181497737902,0.07812162048549927,0.025758116163809044,1.3984375,,
11.419705000000075,1524,,,,0.048828125,-0.251953125,-1.044921875,0.03389459806486177,1.246689431488644,12.103501319885254,3.955078125,4447,4447,47.870293306186795,15.785792590026873,32.976176872487855,0.07897540933587814,0.02604307066837046,1.3984375,,
11.443820000000297,1524,,,,-0.07421875,0.1875,-0.779296875,0.03373398685184222,1.227740081104076,12.10400104522705,4.013671875,4447,4447,48.58148857019842,15.708091830219216,32.333492226203845,0.07815972139544987,0.025271767441420366,1.41015625,,
11.468189999999478,1524,,,,-0.34375,0.515625,-1.10546875,0.03365557554901191,1.2282179826093762,12.106001853942871,3.92333984375,4446,4446,47.495959422085434,15.66940136115429,32.99101976634265,0.07838321032826612,0.02585942041289221,1.4140625,,
11.490004999998957,1524,,,,0.5625,-0.4921875,-1.03515625,0.033787359921735975,1.2309631377677268,12.100502014160156,3.9825439453125,4444,4446,48.19078103173524,15.72987079774765,32.640829762416594,0.07825640487422107,0.025543539893181984,1.408203125,,
11.514884999999776,1524,,,,-0.0234375,-0.078125,-0.984375,0.03377597411770029,1.2410546393215025,12.10200023651123,3.9119465351104736,4447,4445,47.34237789312624,15.722756096940735,33.21074436192095,0.0789336571571559,0.02621445509397817,1.412109375,,
11.543644999999554,1524,,,,-0.173828125,0.16796875,-0.8125,0.033785436204054047,1.238676245783498,12.102999687194824,4.1082763671875,4446,4445,49.7224675869802,15.727573798438662,31.63071858999395,0.07875825360339217,0.024911801563682747,1.421875,,
11.56525,1524,,,,0.3125,0.048828125,-1.12109375,0.0341679884618838,1.2393097431277331,12.105777740478516,3.9529080390930176,4450,4449,47.85302614981083,15.919332124823601,33.26713774586757,0.07784935532535513,0.025898252270355786,1.412109375,,
11.589879999998956,1524,,,,-0.578125,0.48046875,-0.84765625,0.034420236908838685,1.2358755206826706,12.103429794311523,3.978794574737549,4450,4451,48.157060801323496,16.042174581126677,33.3121962058901,0.07703915167066287,0.025663433359884483,1.416015625,,
11.614765000000595,1524,,,,0.048828125,0.19921875,-1.109375,0.03391806107665876,1.2358532927056798,12.10400104522705,3.914794921875,4449,4449,47.38468182622455,15.80303987703345,33.35052440573195,0.07820351668552991,0.026081282918348308,1.419921875,,
11.639950000001118,1524,,,,0.25,-0.375,-1.107421875,0.03371685155352738,1.2423883179409445,12.103428840637207,4.043666362762451,4446,4446,48.942228076973606,15.698783347774466,32.07615174994546,0.07913914667260322,0.02538479278031612,1.408203125,,
11.664699999999256,1524,,,,0.162109375,-0.39453125,-0.8046875,0.03386702855090479,1.2497791202903505,12.105501174926758,3.90869140625,4444,4445,47.316668410785496,15.763507672913152,33.314914600623005,0.0792830597239394,0.02641308363979135,1.408203125,,
11.690224999999627,1524,,,,-0.3984375,0.109375,-0.83984375,0.033984393494920044,1.2460337061674185,12.105001449584961,4.00146484375,4442,4443,48.43773773405701,15.813360677467584,32.64677794055825,0.07879626169172811,0.025724440579959644,1.42578125,,
11.85531500000134,1524,,,,-0.13671875,0.419921875,-1.109375,0.0338017481897676,1.2455224626966326,12.10250186920166,3.966064453125,4442,4442,47.99930245731957,15.72246615884075,32.755613840057336,0.079219280875747,0.025948761730530078,1.43359375,,
11.878259999999777,1524,,,,0.0546875,-0.037109375,-0.966796875,0.03402118512832285,1.2322284653579223,12.104287147521973,3.96484375,4441,4441,47.99160724505782,15.823632550112746,32.97166621095455,0.0778726668137363,0.025675915771393908,1.4296875,,
11.899974999999628,1524,,,,-0.1484375,0.3359375,-1.044921875,0.03405466040281379,1.2343417902703127,12.10200023651123,4.00634765625,4446,4442,48.484820283483714,15.840167850354577,32.670365194177094,0.07792479233373037,0.02545831423223382,1.431640625,,
11.949294999999925,1524,,,,0.421875,-0.181640625,-1.23828125,0.03461099041782726,1.238031634450768,12.104571342468262,3.92578125,4447,4442,47.51989921554923,16.100919231209772,33.88247765041831,0.07689198465457715,0.02605290951555018,1.419921875,,
12.1235,1524,,,,-0.048828125,0.123046875,-0.97265625,0.034158097292655606,1.2405322818622215,12.102752685546875,3.95904541015625,4447,4447,47.915347469970584,15.908604213412845,33.20147938691889,0.07797870040768914,0.025890082142046147,1.4375,,
12.156294999999925,1524,,,,-0.0234375,0.037109375,-1.0078125,0.033921591855613935,1.2401178690162011,12.104610443115234,3.968485116958618,4446,4447,48.03696639008467,15.795414667112071,32.881790533659526,0.07851125754857664,0.02581590725246493,1.447265625,,
12.180845000000671,1524,,,,0.205078125,0.044921875,-0.990234375,0.03399880047333137,1.249308581802429,12.10560131072998,3.984375,4445,4445,48.233255222439766,15.825773451369757,32.81091723622059,0.0789413917519651,0.02590139471285794,1.42578125,,
12.203189999999479,1524,,,,-0.19921875,0.390625,-1.130859375,0.0336048162031859,1.2503681616806042,12.104500770568848,4.1119384765625,4452,4447,49.772962458082475,15.648671121338783,31.440103920914286,0.07990251389305396,0.025121433403399132,1.435546875,,
12.225240000000223,1524,,,,0.34375,-0.7890625,-1.181640625,0.03557362240689789,1.2457114005010534,12.10400104522705,3.946010112762451,4460,4458,47.76251052935322,16.608122049171676,34.77229706961255,0.07500615643435633,0.026081363535852692,1.439453125,,
12.247199999999255,1524,,,,-0.09375,-0.04296875,-0.8125,0.034909926811370236,1.2483009598204695,12.102667808532715,3.9152019023895264,4456,4458,47.384388027955765,16.297054010720093,34.393298487056924,0.07659672472088179,0.026344140164562192,1.4375,,
12.26908499999903,1524,,,,-0.611328125,0.048828125,-0.716796875,0.03340656987880248,1.2483009598204695,12.10628604888916,3.9662387371063232,4453,4454,48.01642068959404,15.582500882166785,32.4524415988878,0.0801091538040003,0.025997376353606404,1.435546875,,
12.29334500000067,1524,,,,-0.140625,0.51953125,-1.259765625,0.033291824387948095,1.2391652612772937,12.104571342468262,3.975306987762451,4448,4449,48.119387041583195,15.511556231557591,32.235564883968735,0.0798865853805349,0.025751892063929402,1.43359375,,
12.318574999999255,1524,,,,0.099609375,-0.15625,-1.099609375,0.03344857572927968,1.2454780067426512,12.104000091552734,3.9691162109375,4445,4447,48.04218298057094,15.575146645614938,32.419731326350814,0.07996573227086153,0.02592467555536232,1.43359375,,
12.344824999999254,1524,,,,-0.099609375,-0.16796875,-0.861328125,0.03339420132569603,1.2518463221504854,12.106000900268555,3.9642333984375,4444,4444,47.99101309035905,15.54147401560324,32.384134059310746,0.08054875109617428,0.026085015538085607,1.44140625,,
12.36925,1524,,,,-0.11328125,0.107421875,-1.001953125,0.03418623000441291,1.251612928392083,12.10400104522705,3.9697265625,4444,4445,48.04957446176559,15.911704296505718,33.115182547906045,0.07865989117626719,0.02604836655500512,1.43359375,,
12.395084999999032,1524,,,,-0.75,0.650390625,-0.8515625,0.033877356289255325,1.2488677732337323,12.104000091552734,3.9385986328125,4443,4444,47.672798212151974,15.764215545291599,33.06752726185316,0.07922168849097852,0.026196653439054713,1.427734375,,
12.418759999999777,1524,,,,-0.166015625,0.208984375,-0.998046875,0.0337783560230977,1.2461226180753813,12.105000495910645,4.0130615234375,4443,4442,48.578111731330864,15.713899144793773,32.34769443427946,0.07930066284587543,0.02565193610174197,1.44140625,,
12.445659999998286,1524,,,,0.203125,-0.28125,-1.15625,0.03383897653552006,1.241699250654233,12.105501174926758,3.9349365234375,4441,4442,47.63437870773487,15.739571957949575,33.04246299615068,0.07889028075042974,0.026067291824520132,1.443359375,,
12.468834999999032,1524,,,,0.01953125,-0.1484375,-0.966796875,0.033751150516154696,1.2330859095703384,12.102499961853027,3.96240234375,4441,4440,47.95497421408072,15.693767861325119,32.72604796170875,0.0785716929462866,0.02571340991792828,1.431640625,,
12.494009999999777,1524,,,,-0.173828125,-0.08984375,-0.8203125,0.03395644893496478,1.2405433958507166,12.104571342468262,3.935546875,4440,4440,47.63810792006552,15.789601685680118,33.144896754032125,0.07856711147918242,0.026040987982400336,1.42578125,,
12.518560000000521,1524,,,,-0.2109375,0.361328125,-0.96875,0.03391895760986478,1.2425550277683748,12.10300064086914,3.9581298828125,4439,4440,47.905248508322984,15.771059148492018,32.92135964131776,0.0787870374506321,0.025937763949862302,1.43359375,,
12.541669999999925,1524,,,,-0.099609375,0.482421875,-1.2890625,0.033944471776732085,1.2445666596860328,12.106000900268555,3.9556884765625,4441,4440,47.88756825844757,15.782249273341522,32.95688181150745,0.0788586365688878,0.025989347652174543,1.439453125,,
12.565710000000895,1524,,,,0.34375,-0.35546875,-1.00390625,0.03398132521622026,1.240043266368426,12.103428840637207,4.048549175262451,4442,4441,49.00132685060953,15.803417367736433,32.25099886767628,0.07846677952706889,0.02530632017677703,1.43359375,,
12.591044999999925,1524,,,,-0.25,0.0859375,-0.865234375,0.03434711509603031,1.2358088367516984,12.102001190185547,3.9434814453125,4445,4443,47.724017144646496,15.979554478347211,33.483255254717676,0.07733687684636374,0.025894903880494622,1.419921875,,
12.616664999999106,1524,,,,-0.13671875,0.15625,-0.8515625,0.03413312606216174,1.2354976450738286,12.10150146484375,4.1796875,4446,4445,50.58049440383911,15.88909152293986,31.413476104207206,0.07775760138898313,0.024426365531532903,1.423828125,,
12.639935000000522,1524,,,,0.0234375,0.3046875,-1.1640625,0.03503216176400398,1.2374537070490101,12.106500625610352,3.8873291015625,4457,4453,47.06195220001973,16.336299598016385,34.71232882262274,0.07574871528429035,0.026294143128395155,1.43359375,,
12.664664999999106,1524,,,,-0.173828125,0.0390625,-1.10546875,0.03566032762002174,1.2405878518046982,12.104571342468262,3.9920480251312256,4455,4456,48.32203012276045,16.641691200649724,34.439139163590774,0.074546981844986,0.025673338819851475,1.427734375,,
12.689915000000969,1524,,,,0.125,0.056640625,-1.001953125,0.03396895889885746,1.2406878777011563,12.103429794311523,3.993443012237549,4453,4454,48.334357136201106,15.843412758160067,32.778780347724506,0.07830938299970419,0.025668860645131353,1.431640625,,
12.71475500000082,1524,,,,0.0234375,-0.41796875,-0.904296875,0.03396275205526671,1.2389652094843775,12.103501319885254,4.111328125,4451,4452,49.761465387418866,15.835571945000583,31.822961445593346,0.07823937233132451,0.024898085292271627,1.435546875,,
12.739775000000373,1524,,,,-0.13671875,0.04296875,-1.0390625,0.0342668233930514,1.2340861685349196,12.104501724243164,3.9141845703125,4460,4456,47.379253880353644,15.991735131812817,33.75261073590687,0.07717024815399279,0.026046973463350543,1.44921875,,
12.766759999999776,1524,,,,-0.111328125,-0.162109375,-0.814453125,0.03526275454813319,1.2457447424665393,12.105501174926758,3.9569091796875,4456,4458,47.900368723785505,16.46082908458032,34.3647231183139,0.07567934373569862,0.026006996932529867,1.451171875,,
12.790194999998436,1524,,,,-0.236328125,0.28125,-0.95703125,0.03351737794561085,1.2586591970981336,12.105334281921387,3.9485676288604736,4452,4454,47.798731082129734,15.63259517835066,32.70504221438451,0.08051505093928558,0.026332481398626546,1.458984375,,
12.814690000001342,1524,,,,-0.32421875,0.412109375,-1.0703125,0.033374875557534316,1.237542618956973,12.104571342468262,3.900669574737549,4447,4450,47.215933150805995,15.55208076772392,32.93820481753719,0.07957408641583912,0.02621027556533313,1.46484375,,
12.841009999999777,1524,,,,0,-0.224609375,-1.01953125,0.03350342718466591,1.2263397185536624,12.105501174926758,3.958740234375,4448,4448,47.92253455845639,15.60409129977108,32.56107266350249,0.07859090894781251,0.025590042969404314,1.451171875,,
12.86484500000067,1524,,,,0.048828125,0.10546875,-1.04296875,0.03392407634496499,1.2318411428588594,12.106500625610352,3.8897705078125,4447,4448,47.091509086312726,15.800567652686913,33.552901487456026,0.07796182833022348,0.026158455457459474,1.453125,,
12.890434999998659,1524,,,,0.099609375,-0.126953125,-0.943359375,0.03383259209004264,1.2384873079790772,12.105714797973633,3.949497699737549,4446,4446,47.81149274827567,15.750803019888034,32.94355000128309,0.07863010580573442,0.025903548222173917,1.451171875,,
12.917870000001043,1524,,,,-0.1484375,0.2578125,-0.822265625,0.033634772822390975,1.2357643807977172,12.104445457458496,3.9388020038604736,4443,4444,47.67701402345733,15.652924656823215,32.83117656890571,0.07894782654940073,0.025919500331747176,1.42578125,,
12.94128500000015,1524,,,,0.125,-0.203125,-1.0078125,0.033767370277442435,1.2347123028617764,12.10200023651123,3.994140625,4443,4443,48.337090788409114,15.710239023174502,32.50141613185728,0.0785928400605762,0.025543785997932906,1.41015625,,
12.964809999998659,1524,,,,-0.125,0.34765625,-1.20703125,0.03391588723515532,1.2273733194837295,12.105001449584961,3.897705078125,4444,4443,47.18172562075779,15.781402100980083,33.44812402121425,0.0777734013511705,0.02601374373945623,1.40625,,
12.990740000000223,1524,,,,0.173828125,-0.298828125,-0.96484375,0.0339124617964065,1.2296961430792572,12.10400104522705,3.9292690753936768,4440,4442,47.55987699554339,15.775739179988753,33.170269093561835,0.07794855943353228,0.025855746918657635,1.400390625,,
13.015105000000448,1524,,,,0.07421875,-0.138671875,-0.884765625,0.033446191029202696,1.2342528783623499,12.103500366210938,3.9605712890625,4440,4440,47.936776047572494,15.55039698692379,32.43938843841222,0.07937114913530656,0.025747515376033557,1.375,,
13.039884999999776,1524,,,,-0.224609375,0.099609375,-0.95703125,0.0338209336650149,1.237387023118038,12.103501319885254,4.0087890625,4443,4441,48.52038370911032,15.728796018491549,32.41688300073824,0.07867016786684147,0.02550241627387837,1.365234375,,
13.068205000000075,1524,,,,-0.2109375,0.25390625,-1.0078125,0.03443575855916987,1.2359644325906334,12.104499816894531,3.916015625,4442,4443,47.40141041576862,16.022297197227882,33.8013089836202,0.07714027628974923,0.026074423139516446,1.369140625,,
13.093830000000075,1524,,,,0.072265625,-0.20703125,-0.998046875,0.03390857705207038,1.2423883179409445,12.105778694152832,3.939887046813965,4443,4443,47.69540066868922,15.777291285402429,33.07927193021739,0.07874534959562009,0.026048388325135508,1.365234375,,
13.118695000000297,1524,,,,0.01171875,-0.38671875,-1.09375,0.03364670649366288,1.2324079562721222,12.10400104522705,3.96240234375,4443,4443,47.960922110360116,15.653603570499566,32.63824564189979,0.07872998384823614,0.02569608552221534,1.345703125,,
13.143849999999627,1524,,,,0.0625,-0.193359375,-0.84765625,0.03399934852396842,1.232241246444692,12.102001190185547,3.9886474609375,4443,4443,48.270616319496185,15.819770295439755,32.77308537088277,0.07789248664374733,0.02552777114525877,1.34375,,
13.168625,1524,,,,-0.0859375,0.328125,-0.884765625,0.034214021695395704,1.2333193033287408,12.105000495910645,3.9404296875,4445,4445,47.698903321288526,15.924173978125241,33.384780087843474,0.0774494994228856,0.02585634506146596,1.345703125,,
13.191474999999627,1524,,,,-0.236328125,0.33984375,-1.05078125,0.033833486527238985,1.2366646138658401,12.105714797973633,3.9955356121063232,4443,4444,48.368814585306154,15.744938267318433,32.55183820878991,0.0785436305223736,0.02556739553095278,1.326171875,,
13.215224999999627,1524,,,,-0.01171875,0.123046875,-1.095703125,0.03365641213634116,1.2387651576914611,12.104571342468262,3.9620535373687744,4442,4442,47.95895970575907,15.657224766852718,32.6471317620606,0.07911779872471404,0.0258296919968993,1.31640625,,
13.243705000000075,1524,,,,0.078125,-0.52734375,-1.0546875,0.03404366599365186,1.235975546579129,12.102499961853027,3.96240234375,4444,4443,47.95497421408072,15.840339439351144,33.031692121523534,0.07802708719162126,0.025773667212529057,1.306640625,,
13.415179999999703,1524,,,,-0.125,0.248046875,-0.93359375,0.03438247477928837,1.241928893441518,12.102667808532715,3.9577908515930176,4444,4443,47.89982793248009,15.997875568711201,33.39860759262415,0.07763086342979779,0.025927627447684135,1.306640625,,
13.436804999999701,1524,,,,-0.173828125,0.08984375,-0.98828125,0.03414285401860971,1.2432535419453072,12.105051040649414,3.9588472843170166,4443,4443,47.92204843879381,15.885816952249286,33.14928612147851,0.07826185745954185,0.025943247053247204,1.279296875,,
13.45836999999918,1524,,,,0.236328125,-0.255859375,-0.990234375,0.03419855733599571,1.2350753135110057,12.102001190185547,3.9013671875,4442,4443,47.21435034647584,15.912288644664583,33.70222936012992,0.07761770422164435,0.026158896700845823,1.259765625,,
13.505705000000075,1524,,,,-0.390625,0.12109375,-0.865234375,0.0338003153575521,1.229084873712013,12.104000091552734,3.9459228515625,4442,4443,47.76145055657253,15.725937831546638,32.92600548829556,0.07815653901711585,0.02573382632623742,1.248046875,,
13.689099999999627,1524,,,,-0.0859375,0.08984375,-1.052734375,0.033683707003163414,1.2294238503611215,12.106135368347168,3.9378254413604736,4442,4442,47.67184785003133,15.667176241112868,32.86462964557094,0.0784713104289298,0.025789305550494062,1.248046875,,
13.722865000000224,1524,,,,-0.01171875,-0.08203125,-0.96484375,0.03389678108514093,1.234403750756174,12.104063987731934,3.9465932846069336,4442,4442,47.76981765043547,15.767166446136217,33.006545181971156,0.07828951098938057,0.025840662817454178,1.21875,,
13.749014999998733,1524,,,,0.0703125,-0.107421875,-0.95703125,0.03371008139860245,1.2417807995448176,12.105456352233887,3.9377663135528564,4442,4442,47.66845823401104,15.679258776256733,32.8923136118334,0.07919894793912448,0.02605036633340949,1.203125,,
13.771595000000671,1524,,,,0.19921875,-0.396484375,-0.892578125,0.03411573756587787,1.241165779206456,12.104500770568848,3.934326171875,4441,4442,47.62305417913012,15.870088627750071,33.32438227933905,0.07820786690732037,0.026062288540712138,1.189453125,,
13.795584999999031,1524,,,,-0.171875,0.330078125,-0.8125,0.03389540530805553,1.2434663748249932,12.102286338806152,4.00390625,4442,4442,48.45641991123557,15.76734719658533,32.53923262483814,0.07886338515424368,0.025661540351161423,1.189453125,,
13.818990000000223,1524,,,,-0.037109375,0.36328125,-1.08984375,0.034070401295757224,1.2403989140002771,12.10300064086914,3.9739990234375,4443,4442,48.0973127274774,15.848431642287032,32.95076324135884,0.07826635101801653,0.025789360021597475,1.19921875,,
13.845759999999776,1524,,,,0.1484375,-0.3359375,-1.091796875,0.0345047812757191,1.2382983701746564,12.105142593383789,3.9620535373687744,4445,4444,47.96122303246966,16.05873852627651,33.48275442309879,0.0771105630836731,0.02581874047157494,1.19921875,,
13.868759999999776,1524,,,,0.048828125,-0.142578125,-1.052734375,0.03417476259573378,1.241710364642728,12.101778030395508,3.995225667953491,4445,4444,48.34933421491178,15.905081827667573,32.89617548189974,0.07807003938091783,0.02568205715353497,1.189453125,,
13.894044999999926,1524,,,,-0.0234375,0.064453125,-0.775390625,0.034159608306032055,1.2454668927541557,12.104573249816895,3.9376394748687744,4447,4446,47.66344545491961,15.904640436957838,33.36863352021109,0.07830839670289225,0.02613044191134118,1.1875,,
13.920355000000447,1524,,,,-0.298828125,0.322265625,-0.8984375,0.034670867685218015,1.2587258810291055,12.101500511169434,3.953857421875,4447,4448,47.84760761191137,16.148500627298844,33.74986009390106,0.07794691966022187,0.026306976332830346,1.19140625,,
13.943605000000447,1524,,,,-0.287109375,0.4375,-1.17578125,0.03425351443026968,1.2475340946142905,12.106501579284668,3.97705078125,4447,4447,48.14817156409845,15.951298619666975,33.129604098114946,0.07820893610982603,0.02591031090253302,1.185546875,,
13.971354999998585,1524,,,,0.224609375,0.021484375,-1.23828125,0.03422109153603764,1.2363423081994753,12.108000755310059,3.9501953125,4446,4445,47.82896782737225,15.93073832669661,33.30771925539973,0.07760734517417955,0.025849236652184734,1.189453125,,
13.99391500000097,1524,,,,0.20703125,0.111328125,-0.947265625,0.033967469194912725,1.2378426966463472,12.104890823364258,3.9811198711395264,4445,4446,48.19102139486995,15.815158839282226,32.817646070821375,0.07826938124527409,0.025686168518895897,1.212890625,,
14.022280000001192,1524,,,,0.265625,-0.572265625,-0.787109375,0.03398970743838821,1.247811944326674,12.100571632385254,4.0604071617126465,4447,4446,49.133247716953974,15.824164798487457,32.2066330515073,0.0788548375359403,0.02539648816856254,1.22265625,,
14.045445000000297,1524,,,,0.17578125,-0.18359375,-1.0078125,0.034652227172486824,1.2442776959851534,12.104890823364258,3.9371745586395264,4452,4450,47.659068184858825,16.14939764619467,33.88525680685737,0.07704793226627533,0.02610788971280092,1.234375,,
14.070434999998659,1524,,,,-0.375,0.658203125,-0.8671875,0.03445173071184772,1.2442888099736489,12.104500770568848,3.9459228515625,4450,4451,47.763426197343506,16.057098319541684,33.61797843646892,0.07749151093254092,0.026051079435395558,1.25390625,,
14.094625,1524,,,,-0.349609375,0.12109375,-1.060546875,0.03396659459994133,1.2544358814699013,12.106857299804688,3.9515902996063232,4449,4449,47.84133986462621,15.826180154937672,33.080553763168155,0.07926333892253369,0.026220751446750946,1.248046875,,
14.11995999999903,1524,,,,0.3125,0.052734375,-1.1171875,0.034295505329211176,1.25646974136455,12.103500366210938,3.9276123046875,4447,4449,47.53785696811974,15.977614074156024,33.61029523243143,0.07863938480006875,0.026430929400270923,1.25390625,,
14.144515000000595,1524,,,,-0.048828125,-0.24609375,-0.9609375,0.03389513632014693,1.2555917362734175,12.105001449584961,3.92333984375,4446,4446,47.492034495808184,15.78233640422585,33.23154413529885,0.07955677183114805,0.02643794374368696,1.27734375,,
14.169509999999777,1524,,,,-0.0859375,0.044921875,-0.82421875,0.0336182597297889,1.2437886804913583,12.104501724243164,3.9935302734375,4445,4444,48.33969408064149,15.646610825947679,32.36803857270096,0.0794925300007278,0.025730172773051455,1.283203125,,
14.195855000000448,1524,,,,-0.19921875,0.076171875,-0.892578125,0.033916864115398966,1.2408768155055772,12.106501579284668,3.966064453125,4445,4445,48.015165565302595,15.788524780385583,32.88237079785248,0.07859358823993136,0.025843435108391617,1.27734375,,
14.22038000000082,1524,,,,-0.228515625,-0.046875,-0.9609375,0.03421695191692473,1.2677948956413094,12.101499557495117,3.9764404296875,4447,4446,48.120892100268975,15.931220570788566,33.10666090228098,0.07957926952351248,0.026346038909661508,1.29296875,,
14.244679999999702,1524,,,,0.09375,0.083984375,-1.10546875,0.03422475242654022,1.2651386523909212,12.10300064086914,3.9434814453125,4447,4446,47.72795845987275,15.933293863818985,33.38356464003146,0.07940220416468773,0.026507286152928283,1.30078125,,
14.270099999999628,1524,,,,0.0234375,-0.2109375,-0.978515625,0.034154519194535285,1.2624824091405331,12.105000495910645,3.974609375,4446,4448,48.1126484554261,15.907723248544348,33.063495274599234,0.07936285975153974,0.026240135383737154,1.31640625,,
14.295200000001117,1524,,,,-0.3125,-0.125,-0.9140625,0.03383385752095188,1.2596927980282009,12.105001449584961,3.9007568359375,4445,4445,47.21866715350188,15.749428566271522,33.35424211588212,0.07998339703104652,0.026677855898242526,1.341796875,,
14.320960000000895,1524,,,,-0.38671875,0.28125,-0.85546875,0.03386706599961103,1.2568809589388779,12.10400104522705,4.0045166015625,4443,4443,48.47067313094158,15.758517759454534,32.51144814284615,0.07975883126347942,0.025930751065566277,1.341796875,,
14.347960000000894,1524,,,,-0.44921875,0.224609375,-1.0859375,0.03401447682315014,1.2220052630404765,12.102002143859863,3.9312744140625,4444,4443,47.5762913870858,15.826735937284639,33.26601438627618,0.07721145205700157,0.025685172749134875,1.33203125,,
14.370820000000299,1524,,,,-0.20703125,0.34375,-0.986328125,0.03395539506129897,1.217126222091019,12.105001449584961,4.0118408203125,4443,4443,48.56333894538693,15.797862908464948,32.530429850037315,0.07704372604973347,0.02506265525646347,1.341796875,,
14.395140000000596,1524,,,,0.13671875,-0.283203125,-1.109375,0.033974656691564555,1.216937284286598,12.107429504394531,4.0185546875,4445,4443,48.654367588460445,15.807941390515227,32.49028232002847,0.07698265411186057,0.02501188165839451,1.359375,,
14.419070000000298,1524,,,,-0.171875,-0.328125,-0.73046875,0.03459000642654275,1.217470755734375,12.102001190185547,4.1253662109375,4449,4446,49.925186794716865,16.103798908365462,32.25586110389793,0.07560146290090183,0.024385902865829815,1.357421875,,
14.444854999998585,1524,,,,-0.01171875,0.015625,-0.83984375,0.0350798983844072,1.2180042271821514,12.10400104522705,3.9236886501312256,4454,4452,47.49233152233387,16.355590916218155,34.438382770335735,0.07447020614671782,0.025646334642664772,1.349609375,,
14.4695,1524,,,,-0.1875,0.25390625,-1.015625,0.03471132905603091,1.2394690899377852,12.105334281921387,3.9431424140930176,4453,4452,47.73305704381846,16.18259473470604,33.902280174199994,0.07659272880878336,0.025966681513818927,1.359375,,
14.495240000000223,1524,,,,-0.173828125,0.103515625,-1.02734375,0.03363293780609192,1.2407879035976144,12.10200023651123,3.9251708984375,4448,4450,47.502419141237624,15.671707988144444,32.99138922072198,0.07917375084682941,0.026120520302522154,1.36328125,,
14.522370000001043,1524,,,,-0.1875,0.13671875,-0.970703125,0.03355521846592311,1.236397878141952,12.105499267578125,3.97705078125,4447,4448,48.144185319542885,15.629057948415966,32.4630229895525,0.07910891892670109,0.025681146537961427,1.3671875,,
14.546144999999553,1524,,,,-0.125,-0.35546875,-0.9609375,0.03378915923251019,1.2497457783248647,12.10200023651123,3.9813232421875,4448,4448,48.181974818580784,15.737445773858274,32.66251711996936,0.07941223730224618,0.02593803560419685,1.373046875,,
14.57088000000082,1524,,,,-0.26171875,-0.291015625,-0.90234375,0.03413063167091163,1.255891813962792,12.103500366210938,4.00146484375,4447,4448,48.43173120170832,15.896264572518506,32.822003628806485,0.07900546749416716,0.02593117740789107,1.36328125,,
14.595019999999552,1524,,,,-0.173828125,0.06640625,-0.72265625,0.03428366259506581,1.2408990434825677,12.104000091552734,3.96240234375,4447,4448,47.96091833151877,15.968059230742561,33.293898003301436,0.0777113251868156,0.025873129344712288,1.353515625,,
14.620459999999031,1524,,,,-0.162109375,0.1015625,-0.923828125,0.0344139198151389,1.2406878777011563,12.107429504394531,3.9829800128936768,4448,4448,48.22364972352261,16.028818106607762,33.23850060811387,0.07740357832058072,0.025727788850788115,1.349609375,,
14.644695000000299,1524,,,,-0.3125,0.29296875,-1.2265625,0.03417247109822045,1.2404767119197446,12.103001594543457,3.8916015625,4449,4447,47.10005991626531,15.914421465765551,33.78853762406731,0.07794670479151297,0.02633705167520104,1.333984375,,
14.668265000000597,1524,,,,0.578125,-0.291015625,-1.185546875,0.03386139741130543,1.259125984614938,12.10300064086914,3.9605712890625,4445,4446,47.934796849731356,15.76414755517563,32.88664726084883,0.07987276065565285,0.026267473054326602,1.333984375,,
14.696664999999106,1524,,,,0.13671875,-0.37890625,-0.814453125,0.03387024578602565,1.253846840079648,12.098286628723145,4.432198524475098,4451,4447,53.622008144503525,15.771589534307283,29.412530563579676,0.07950034695946194,0.023383063847603636,1.349609375,,
14.720115000000224,1524,,,,-0.0625,0.69921875,-1.275390625,0.035656498306408206,1.2564586273760547,12.10400104522705,4.066840171813965,4478,4467,49.22503769040759,16.680329582396986,33.88586452143531,0.0753257674657709,0.02552478751318252,1.376953125,,
14.744734999999404,1524,,,,-0.236328125,-0.046875,-0.94921875,0.03907193522017912,1.3006256176565665,12.106001853942871,3.90869140625,4476,4480,47.31862541055307,18.328547580335027,38.734319565097444,0.0709617394371187,0.027486546922525334,1.40625,,
14.767419999999925,1524,,,,-0.037109375,-0.19140625,-0.857421875,0.032274514353358555,1.2861218626701378,12.104571342468262,3.8950893878936768,4466,4470,47.14838738105004,15.106109084514063,32.03950320172676,0.08513918809103517,0.02727817289435138,1.41796875,,
14.791269999999553,1524,,,,0.375,-0.095703125,-0.935546875,0.03240330618319918,1.2537579281716853,12.103501319885254,3.994140625,4455,4459,48.34308632649481,15.12925098993228,31.295583587183124,0.08286979500875459,0.025934585965492096,1.408203125,,
14.964484999999405,1524,,,,-0.359375,0.296875,-0.8984375,0.03298801435270319,1.2552472026300616,12.105000495910645,3.9166259765625,4451,4452,47.410759388585575,15.379176008646786,32.43815582576266,0.08161992566599874,0.026475998672408314,1.404296875,,
14.98725,1524,,,,-0.11328125,0.125,-1.01953125,0.033827835526201264,1.240413223260465,12.10364818572998,3.9548211097717285,4445,4446,47.86776335017521,15.749335274600513,32.90175720011548,0.07875971916484129,0.025913331571108904,1.400390625,,
15.032980000000448,1524,,,,0.236328125,-0.2265625,-0.908203125,0.03362254788612095,1.2372536552560938,12.102285385131836,3.96484375,4443,4444,47.9836705699563,15.647966983540227,32.61102537107235,0.07906801289634208,0.025784889746028876,1.408203125,,
15.20391000000015,1524,,,,-0.033203125,0.423828125,-0.943359375,0.034002934167723584,1.2334082152367034,12.105868339538574,3.9749348163604736,4445,4444,48.120037545107834,15.823275520758038,32.88292430346768,0.07794898177805445,0.025631904673401467,1.408203125,,
15.239890000000596,1524,,,,0.044921875,-0.083984375,-0.994140625,0.03406534755617044,1.24406805837716,12.104342460632324,3.973346471786499,4445,4445,48.094746409248955,15.85708364869323,32.97051098629725,0.07845503536078544,0.025867026052931157,1.4140625,,
15.26836999999918,1524,,,,-0.265625,0.24609375,-1.041015625,0.0346158290963411,1.2493456747390321,12.104364395141602,3.8947088718414307,4452,4451,47.14297539775953,16.135264848613982,34.226233521486236,0.07742951147444913,0.026501205411790945,1.416015625,,
15.292609999999405,1524,,,,0.01171875,-0.19140625,-0.96875,0.03445625473913546,1.2521019438858783,12.102667808532715,3.926866292953491,4451,4452,47.525558272140415,16.062725945014854,33.79807945240037,0.07795077548929198,0.026345865033633138,1.427734375,,
15.317790000000969,1524,,,,-0.3125,0.345703125,-0.90625,0.033621475567569975,1.2513461926681946,12.103429794311523,3.9125277996063232,4447,4449,47.35500554082728,15.663767214958753,33.07732104783344,0.07988794620703828,0.026424792445422528,1.451171875,,
15.345300000000744,1524,,,,-0.38671875,0.384765625,-0.81640625,0.03354033106812032,1.2379760645082913,12.105335235595703,3.974066734313965,4444,4446,48.107410067499586,15.614294438923382,32.457150399522526,0.07928479057127674,0.025733583719665745,1.44921875,,
15.373199999999255,1524,,,,-0.041015625,0.1875,-1.052734375,0.033862419984560056,1.2354976450738286,12.105001449584961,3.95751953125,4447,4446,47.905779662542045,15.764834090777027,32.90800024929704,0.07837048191941566,0.0257901583854166,1.43359375,,
15.398875,1524,,,,-0.298828125,0.30078125,-1.0234375,0.03429524360746946,1.2356828319071327,12.10444450378418,3.9767794609069824,4447,4447,48.136706288337336,15.970074535388978,33.17650036072003,0.07737489447334225,0.02567028214405514,1.4296875,,
15.420459999999032,1524,,,,-0.111328125,-0.216796875,-1.0703125,0.03423533937142086,1.2467672294081114,12.102500915527344,3.92822265625,4446,4447,47.54131829366088,15.94285600766012,33.53473689808456,0.07820225114051539,0.026224919168351173,1.431640625,,
15.446014999998733,1524,,,,0.171875,-0.44140625,-0.921875,0.03425851802457161,1.2467672294081114,12.104000091552734,3.8736979961395264,4445,4446,46.88724089992047,15.94870213203559,34.01501522786904,0.07817358547964692,0.026590757005073126,1.423828125,,
15.469860000001267,1524,,,,-0.150390625,-0.224609375,-0.89453125,0.03373456968226653,1.2516018144035876,12.103557586669922,3.9534504413604736,4443,4444,47.85081508305211,15.700615262161497,32.81159419105145,0.07971673679692984,0.026156332180157203,1.42578125,,
15.496304999999701,1524,,,,-0.671875,0.751953125,-0.892578125,0.03389071597547123,1.2449445352948743,12.106858253479004,3.8797433376312256,4444,4444,46.97150264858078,15.770665430861335,33.574964694764425,0.07894052034473223,0.026504251835607173,1.431640625,,
15.521664999999105,1524,,,,-0.67578125,0.328125,-1.1328125,0.03380823445764846,1.2467450014311208,12.103555679321289,3.959418296813965,4442,4443,47.92303981321129,15.728372776002818,32.82006491513684,0.07926725918737834,0.026015565921747346,1.421875,,
15.547935000000521,1524,,,,0.28125,-0.099609375,-1.048828125,0.033676179883076855,1.2373759091295424,12.104500770568848,3.90380859375,4440,4441,47.253654131200165,15.662631434472221,33.14586294423876,0.07900178934212647,0.02618582481883746,1.4140625,,
15.570315000001342,1524,,,,0.13671875,-0.19140625,-1.029296875,0.033788961133395544,1.2323635003181406,12.105334281921387,3.9675564765930176,4441,4441,48.028597431560684,15.712165931992034,32.71418857146807,0.07843371217260929,0.025658952503749912,1.40625,,
15.5935,1524,,,,-0.359375,0.4140625,-0.56640625,0.034014939063151006,1.2447222555249675,12.106858253479004,3.8685824871063232,4440,4440,46.83637981328752,15.813832321462106,33.76399368290994,0.0787109810084216,0.026575970655439915,1.40625,,
15.618570000000298,1524,,,,-0.33203125,0.328125,-1.005859375,0.03391824720231811,1.2419326444126353,12.105143547058105,3.881138324737549,4440,4439,46.981736546936645,15.767804731537176,33.561562195097885,0.07876382702334249,0.0264343707936784,1.404296875,,
15.644910000000149,1524,,,,0.0625,0.005859375,-1.1015625,0.03379058274621598,1.2377871267038705,12.104000091552734,3.90380859375,4438,4439,47.25169957615435,15.708272959713279,33.24382636098974,0.07879842232678287,0.026195610693515073,1.390625,,
15.668199999999255,1524,,,,0.173828125,-0.068359375,-1.04296875,0.03398481297632348,1.2387540437029658,12.104501724243164,3.912353515625,4439,4439,47.35708987573162,15.798533225012214,33.36043930585409,0.0784094337151358,0.026157731544601766,1.388671875,,
