Time (s),ESC signal (µs),Servo 1 (µs),Servo 2 (µs),Servo 3 (µs),AccX (g),AccY (g),AccZ (g),Torque (N·m),Thrust (N),Voltage (V),Current (A),Motor Electrical Speed (RPM),Motor Optical Speed (RPM),Electrical Power (W),Mechanical Power (W),Motor Efficiency (%),Propeller Mech. Efficiency (N/W),Overall Efficiency (N/W),Vibration (g),App message,
0,1528,,,,-0.046875,0.755859375,-1.162109375,0.03209010965768287,0.98097248698477,12.107001304626465,3.8482666015625,4549,4549,46.59096876566764,15.287618492731534,32.81240742089228,0.0641677765213183,0.021054992265102622,2.306640625,,
0,1528,,,,-0.349609375,-0.296875,-0.6796875,0.031934491698650855,0.9820949998228002,12.106001853942871,3.95263671875,4548,4548,47.85062744515017,15.209969974910228,31.786354300881403,0.06456916098077943,0.02052418227845702,2.30859375,,
0.023264999998733403,1528,,,,-0.125,-1.021484375,-1.1796875,0.03186241830988313,0.9673245091124831,12.109000205993652,3.809814453125,4548,4548,46.13304399768822,15.174717188413304,32.89337939454792,0.06374580146054297,0.020968148322511666,2.310546875,,
0.044675000000745056,1528,,,,-0.537109375,0.05859375,-1.236328125,0.03218247479560567,0.9733482908769616,12.109000205993652,3.868408203125,4547,4548,46.84255572850816,15.327940741058487,32.72225544203169,0.06350156927927593,0.02077914570926339,2.310546875,,
0.06594999999925494,1528,,,,0.375,0.298828125,-0.69921875,0.03232350760143037,0.9776716324016519,12.10733413696289,3.9249675273895264,4549,4549,47.52089333083404,15.397445224979304,32.40142208140821,0.06349570452217446,0.020573511225793546,2.3125,,
0.08839499999955297,1528,,,,0.171875,-0.921875,-0.998046875,0.032415348177997884,0.9759711921618637,12.105143547058105,3.9034597873687744,4550,4550,47.251941056267924,15.446170730805765,32.68896554410826,0.06318531687697791,0.020654626462850927,2.32421875,,
0.12071499999985098,1528,,,,0.2734375,-0.763671875,-1.17578125,0.03227385383084221,0.982561787339605,12.108000755310059,3.8169643878936768,4551,4550,46.215807691608234,15.378920640997594,33.27632126137236,0.06389016565442585,0.021260296777589727,2.30859375,,
0.14769499999843538,1528,,,,0.28515625,-0.326171875,-0.9296875,0.0320494995802234,0.9868629008873046,12.108800888061523,3.88427734375,4550,4550,47.033940949477255,15.271077353545031,32.468207097399855,0.06462300452287434,0.02098193094104892,2.302734375,,
0.16969999999925495,1528,,,,-0.25,0.53515625,-1.095703125,0.032141645225759435,0.9605560901188164,12.10888957977295,3.8297526836395264,4549,4550,46.37405236403015,15.313595907493598,33.02190584356076,0.0627257043950582,0.02071322304504637,2.3046875,,
0.19262499999813734,1528,,,,-0.03125,-0.171875,-0.78125,0.03207194857223192,0.9641014524488324,12.107429504394531,3.9425222873687744,4550,4550,47.733810663821714,15.280151207063383,32.011169849141076,0.06309502042120944,0.020197454153383605,2.306640625,,
0.2159449999984354,1528,,,,0.69921875,-0.990234375,-1.0234375,0.03209118421197751,0.9843622534758513,12.105334281921387,3.8761394023895264,4549,4549,46.92196318925221,15.288454611851702,32.58272581261822,0.06438598788871491,0.020978709895525558,2.310546875,,
0.24002999999932945,1528,,,,0.125,-0.365234375,-1.05859375,0.03219453691209728,0.9838843519705515,12.107001304626465,3.88427734375,4551,4549,47.02695086831227,15.335892038022616,32.610857720644304,0.06415566499367531,0.02092171263082066,2.3046875,,
0.2657549999989569,1528,,,,-0.103515625,-0.16015625,-0.5625,0.03206147900389321,0.9625010381055022,12.110285758972168,3.8546316623687744,4550,4550,46.68069092686778,15.276825842501106,32.7262204975383,0.0630039936324837,0.020618825878421607,2.30859375,,
0.4418449999988079,1528,,,,0.736328125,-0.66796875,-1.2734375,0.032089733354078796,0.9721590941079594,12.107501029968262,3.9276123046875,4549,4550,47.553570024319924,15.288870269853726,32.15083591417988,0.06358606469601892,0.020443451324701302,2.314453125,,
0.4642099999990314,1528,,,,0.154296875,-0.36328125,-0.951171875,0.03210657972793965,0.9722336967557345,12.107251167297363,3.8776979446411133,4550,4550,46.948262966682705,15.298976379612391,32.58688482355451,0.06354893769568436,0.020708619133485078,2.310546875,,
0.5117099999990314,1528,,,,-0.07421875,0.296875,-0.990234375,0.031732589094986156,0.968947151432804,12.108572006225586,3.876953125,4551,4550,46.944366078823805,15.120131953516083,32.208618874793245,0.06408324705178793,0.020640328805502553,2.314453125,,
0.7021249999981374,1528,,,,-0.005859375,-0.767578125,-0.98828125,0.03186405019315097,0.9659185895678217,12.107001304626465,3.8372802734375,4550,4550,46.45795727672521,15.18111520592075,32.67710440968156,0.06362632629196477,0.02079124107447,2.310546875,,
0.7382549999989569,1528,,,,0.0625,-0.3046875,-0.978515625,0.032072861260432524,0.9767669537381306,12.107933044433594,3.88633131980896,4549,4549,47.05543940873213,15.277715251183077,32.46747972849229,0.06393409863182858,0.020757790512883213,2.31640625,,
0.7647400000002235,1528,,,,0.484375,-0.505859375,-1.1328125,0.0323376750600825,0.9764157517016776,12.105093002319336,4.027876377105713,4559,4555,48.757818146709724,15.424947123717702,31.63584366573755,0.06330107609901116,0.02002582947341273,2.3125,,
0.7886699999999255,1528,,,,-0.099609375,0.591796875,-1.00390625,0.034138065518567545,0.9823617355466888,12.107111930847168,3.8248698711395264,4562,4564,46.30812765081123,16.31517487757775,35.23177400002684,0.06021153575845312,0.021213592200363552,2.322265625,,
0.81125,1528,,,,0.287109375,-1.08203125,-1.09375,0.03150018647636749,0.9845289633032813,12.110285758972168,3.7772042751312256,4559,4560,45.74302314185047,15.042458167070084,32.8847048880503,0.06545000507021814,0.021523041016555198,2.322265625,,
0.8352799999993294,1528,,,,0.53125,0.373046875,-1.15234375,0.031150962618643873,0.9744263477610104,12.107000350952148,3.8934326171875,4555,4557,47.137790062697604,14.866695693277281,31.53880500868455,0.06554424519509375,0.020671871686494713,2.314453125,,
0.875144999999553,1528,,,,-0.111328125,-0.15625,-0.796875,0.031646860063436054,0.9819282899953701,12.105714797973633,3.863002300262451,4553,4554,46.76440411089334,15.091943075803961,32.272287785419316,0.06506307935719946,0.02099734421221116,2.326171875,,
0.8971349999979138,1528,,,,0.1796875,-0.47265625,-0.978515625,0.03190454733236902,0.9921383639139056,12.104924201965332,3.888596773147583,4550,4551,47.07116919095847,15.204744774373143,32.30160847012422,0.0652518920005883,0.021077410673378334,2.3125,,
0.9181099999994039,1528,,,,0.25,-1.001953125,-1.001953125,0.032081465015103304,0.9939536255473364,12.10628604888916,3.897181987762451,4550,4549,47.18039992843069,15.282442247769534,32.391506369068324,0.06503892567906831,0.021067087753709024,2.294921875,,
0.9424499999992549,1528,,,,-0.111328125,-0.15625,-1.23046875,0.032218027591222,0.9841733156714303,12.106666564941406,3.8932292461395264,4548,4548,47.13402834388944,15.345467529872364,32.55708894201016,0.06413446274970654,0.020880314079902332,2.29296875,,
0.9658549999985844,1528,,,,0.25,-0.47265625,-0.72265625,0.03207269670795278,0.9811058548467142,12.108001708984375,3.861607074737549,4547,4548,46.756345060348394,15.27589889636117,32.67128531249518,0.0642257363382014,0.020983373563104674,2.294921875,,
0.9916449999995529,1528,,,,0.296875,-0.083984375,-0.95703125,0.03217869219680782,0.9819949739263424,12.106501579284668,3.916015625,4549,4548,47.409249348565936,15.32536118218821,32.32567777969212,0.06407646529516439,0.02071315170393109,2.296875,,
1.013449999999255,1528,,,,-0.01953125,-0.12890625,-1.1796875,0.03226700029839898,0.9859515538306859,12.106500625610352,3.8848876953125,4550,4549,47.03239531372674,15.369404452596513,32.67833660198642,0.06415027705670917,0.020963243467698293,2.291015625,,
1.0409350000005215,1528,,,,-0.359375,-0.708984375,-0.8671875,0.03230877307260006,0.9766046895060985,12.109715461730957,3.8978793621063232,4550,4549,47.20220997926094,15.390376517780156,32.6052032829441,0.06345554238896293,0.02068980859021613,2.28125,,
1.064269999999553,1528,,,,0.58203125,-0.431640625,-1.2109375,0.032148955578271826,0.974481917703487,12.108000755310059,3.935546875,4547,4548,47.65160453505814,15.312722551169868,32.13474698402658,0.06363871051977221,0.020450138609425905,2.29296875,,
1.0861500000003725,1528,,,,0.046875,0.3671875,-0.80859375,0.031933775701745055,0.9676134728133621,12.108000755310059,3.8470458984375,4549,4548,46.58003464399371,15.209760913279421,32.6529617882984,0.06361792787739043,0.020773137680311526,2.287109375,,
1.1124350000005216,1528,,,,-0.1875,-0.578125,-0.833984375,0.031937802555537305,0.9972878220959407,12.106287002563477,3.90625,4548,4548,47.29018360376358,15.211595542370226,32.16649711032125,0.06556102673898377,0.021088685771492158,2.2890625,,
1.136195000000298,1528,,,,0.541015625,-0.546875,-1.234375,0.03215186830336008,0.9840621757864769,12.107501983642578,3.887939453125,4547,4548,47.07323464099318,15.311829887792735,32.52767736181572,0.06426809747742918,0.020904919394035392,2.287109375,,
1.1623599999994039,1528,,,,-0.111328125,-0.412109375,-0.681640625,0.032102270286629334,0.9845400772917768,12.10914421081543,3.9222934246063232,4549,4548,47.495616715691085,15.289618909255596,32.19164202199816,0.06439271528839635,0.020729072393885037,2.287109375,,
1.1977050000000744,1528,,,,0.486328125,-0.5234375,-1.12109375,0.031949843851666125,0.9850179787970766,12.109334945678711,3.9192707538604736,4547,4547,47.45976230129918,15.214674475975887,32.05805031088281,0.06474131144589582,0.020754802195250614,2.279296875,,
1.221364999998361,1528,,,,0.28515625,-0.62890625,-1.037109375,0.03210190953716372,0.9696436511993217,12.107275009155273,3.8671875,4548,4548,46.82110257446766,15.28990280840036,32.65600758564409,0.06341725407610793,0.02070954330170099,2.279296875,,
1.2434249999988825,1528,,,,-0.412109375,0.76953125,-0.94921875,0.03203776433120095,0.9518538371269591,12.103500366210938,4.051513671875,4553,4550,49.03749721124768,15.264667733022451,31.12856202114901,0.06235666925574731,0.019410734463598058,2.279296875,,
1.2671150000002236,1528,,,,0.015625,-1.42578125,-0.900390625,0.03315033800562918,0.976393523724687,12.10866641998291,3.7687175273895264,4560,4556,45.63414337030258,15.817303412618312,34.66111609517309,0.06172945528412672,0.02139611816094912,2.296875,,
1.289914999999106,1528,,,,0.57421875,-0.416015625,-1.1171875,0.03291383000272234,0.976393523724687,12.107999801635742,3.9041574001312256,4555,4558,47.271537026343594,15.70942741790359,33.232317809232654,0.06215334892549418,0.020654998444001513,2.294921875,,
1.314449999999255,1528,,,,-0.25,0.166015625,-1.169921875,0.03158439967371887,0.9796499223538239,12.108000755310059,3.9111328125,4554,4554,47.355999047867954,15.063278572568002,31.808596324494975,0.06503563733713863,0.02068692334763296,2.302734375,,
1.3352249999996275,1528,,,,-0.287109375,-0.623046875,-0.7734375,0.031671644818935626,0.9869740407722579,12.107429504394531,3.9404296875,4555,4554,47.70847465842962,15.105327136328762,31.661727281108533,0.06533946811377266,0.020687604201109565,2.302734375,,
1.3797049999982118,1528,,,,0.611328125,-0.2265625,-1.205078125,0.03254851130588777,0.9788719431591494,12.106287002563477,3.897181987762451,4556,4555,47.180403645073056,15.52584958517231,32.90741152188858,0.06304788268037866,0.02074742620946972,2.30078125,,
1.4052699999976903,1528,,,,-0.193359375,-0.310546875,-0.845703125,0.03225564914838996,0.9637976932507689,12.10853385925293,3.8639323711395264,4557,4557,46.78655594580641,15.391446730960693,32.89715692856051,0.06261904485639026,0.020599885453572404,2.30859375,,
1.427410000000149,1528,,,,0.5625,-0.2578125,-1.28515625,0.03166515962525971,0.9807057512608818,12.105143547058105,3.88671875,4553,4554,47.049288395792246,15.102201300265815,32.09868164895869,0.06493793399798083,0.02084422070342278,2.3046875,,
1.449394999999553,1528,,,,-0.28125,-0.4765625,-0.990234375,0.031821124683494316,0.9873408023926044,12.104573249816895,3.8720703125,4552,4552,46.86975872609764,15.168292285287276,32.36264213334085,0.06509241672184093,0.0210656258796323,2.29296875,,
1.4713349999990315,1528,,,,-0.2734375,-0.720703125,-0.59765625,0.03193609500632011,0.9826506992475678,12.108572006225586,3.911830425262451,4550,4550,47.366680380434445,15.216733004947862,32.12539465027272,0.06457698238695847,0.02074561044504751,2.2890625,,
1.493379999998957,1528,,,,0.59375,0.275390625,-1.13671875,0.03196280934832871,0.9705031098221526,12.109715461730957,3.9181082248687744,4547,4549,47.44717575142863,15.226712807534016,32.091926582322536,0.06373687624435644,0.020454391530204636,2.2890625,,
1.5169249999988823,1528,,,,-0.0625,-0.9140625,-0.8515625,0.03204972178694267,0.9699918663513666,12.106287002563477,3.929966449737549,4552,4550,47.57730175096822,15.271737350882438,32.098788264241264,0.06351548904128568,0.020387702342359648,2.29296875,,
1.5466049999985845,1528,,,,-0.349609375,-0.12109375,-1.212890625,0.032425720910689494,0.9805056994679656,12.106858253479004,3.8406808376312256,4552,4551,46.49857849805426,15.453749001029259,33.23488480766337,0.06344775623071537,0.02108678869632531,2.28515625,,
1.571324999999255,1528,,,,0.73828125,-0.576171875,-1.005859375,0.03212797574931319,0.9775790389850001,12.106000900268555,3.9755859375,4552,4551,48.128446938470006,15.311511838483561,31.813849838243524,0.0638460165983073,0.020311875848285522,2.291015625,,
1.5939199999980629,1528,,,,-0.2734375,0.451171875,-0.783203125,0.0319530057521315,0.9680358043761854,12.11050033569336,3.9666748046875,4563,4557,48.03841655375436,15.247183300468262,31.73956261319909,0.06348948427388917,0.020151284613908246,2.3046875,,
1.617359999999404,1528,,,,0.8984375,-0.6015625,-1.025390625,0.0342005573484299,0.9615230071179116,12.109333992004395,3.8297526836395264,4568,4568,46.37575435296617,16.359644301295674,35.276287209869004,0.058774077810589055,0.020733312493415285,2.310546875,,
1.642824999999255,1528,,,,-0.15625,-0.171875,-1.259765625,0.03204915628353171,0.9557659610773215,12.106000900268555,3.7847900390625,4563,4565,45.81867162021808,15.31990290727785,33.43593859346578,0.06238720746874164,0.020859748379426554,2.314453125,,
1.666875,1528,,,,0.3359375,-0.33984375,-0.72265625,0.031240853906211386,0.9487308063597664,12.106001853942871,3.8446044921875,4559,4560,46.542789110098965,14.919564207529108,32.05558689711577,0.06358971302130881,0.02038405571517218,2.30078125,,
1.69039999999851,1528,,,,0.111328125,-0.103515625,-1.0859375,0.03152814598785844,0.9837065281546258,12.106857299804688,3.8399832248687744,4554,4556,46.490128937130066,15.04322855534573,32.35789811572499,0.06539198181663324,0.021159470852079598,2.296875,,
1.7176649999991058,1528,,,,-0.1875,-0.412109375,-0.91796875,0.031820074442911954,0.981894948029884,12.111001014709473,3.8604736328125,4555,4554,46.75420008425135,15.174294555591551,32.45546823226016,0.06470778225852133,0.021001213714714473,2.306640625,,
1.7414100000001491,1528,,,,0.125,-0.671875,-1.09765625,0.03191437280042721,0.9800833679051423,12.110501289367676,3.9044189453125,4551,4552,47.28447067143861,15.214058486047223,32.1755922610698,0.06441958723926126,0.02072738372636886,2.3046875,,
1.7655699999984353,1528,,,,0.046875,0.208984375,-0.876953125,0.03185295580432743,0.971859016418585,12.109001159667969,3.814697265625,4551,4551,46.192173613235354,15.181131623335952,32.865159692303656,0.0640175607808231,0.02103947358173507,2.3046875,,
1.789730000000447,1528,,,,0.736328125,-0.82421875,-0.849609375,0.03187401762743797,0.9882188074837369,12.106500625610352,3.8739013671875,4551,4551,46.899389325408265,15.19054078941114,32.38963450891139,0.06505487995349013,0.021071037847146517,2.306640625,,
1.8148299999982118,1528,,,,-0.037109375,-0.509765625,-1.28515625,0.03196154503529129,0.9699696383743759,12.108572006225586,3.8462612628936768,4550,4551,46.57273145650424,15.23187328680081,32.70556140995583,0.06368025915859632,0.02082698626513374,2.31640625,,
1.8396150000002236,1528,,,,-0.25,-0.568359375,-0.638671875,0.03202343377330247,0.9700696642708341,12.108500480651855,3.8360595703125,4550,4550,46.448929150938056,15.259657788914133,32.85255024788006,0.06357086624678912,0.020884650776739018,2.3203125,,
1.8609250000007451,1528,,,,1.01171875,-0.59765625,-1.1171875,0.03209053989860266,0.970514223810648,12.107429504394531,3.8888113498687744,4552,4550,47.08350927442552,15.290388953244296,32.47504102577506,0.06347217371502675,0.020612614453906154,2.3203125,,
2.0568450000006706,1528,,,,-0.234375,0.05078125,-1.169921875,0.032066481899525254,0.9755933165530218,12.106857299804688,3.8392856121063232,4549,4550,46.48168303896455,15.279397852559601,32.871868774095866,0.06385024632299831,0.020988769183232975,2.322265625,,
2.0796599999982863,1528,,,,0.078125,-0.359375,-0.9609375,0.03199789607872652,0.9637458048169812,12.107392311096191,3.86659574508667,4550,4550,46.8143915941796,15.245895274866289,32.56668463627284,0.06321346089827667,0.020586528458415406,2.306640625,,
2.102179999999702,1528,,,,-0.0625,-0.794921875,-0.970703125,0.032080245416939004,0.9580443287188678,12.107001304626465,3.8787841796875,4550,4550,46.960445123841055,15.284241848203436,32.547054883949286,0.0626818352021484,0.020401091305509888,2.30859375,,
2.140509999997914,1528,,,,0.5859375,-0.712890625,-1.220703125,0.03198186906299536,0.9673467370894738,12.105334281921387,3.8533527851104736,4549,4549,46.64612356993507,15.235818828539019,32.662561564620546,0.06349161459425375,0.02073798770521973,2.310546875,,
2.3478149999994784,1528,,,,-0.3125,-0.203125,-0.8671875,0.03187833687458022,0.9508906016365529,12.10584831237793,3.879206657409668,4549,4549,46.96108736696806,15.185338043208601,32.33600177216044,0.0626189946467358,0.020248479218677534,2.3125,,
2.371589999999851,1528,,,,0.14453125,-0.2265625,-0.978515625,0.032076791542325574,0.9721074140614561,12.107707977294922,3.880915880203247,4549,4549,46.9889961619474,15.280573182767585,32.51947143136054,0.06361720875482173,0.02068798002645325,2.294921875,,
2.396969999998808,1528,,,,0.162109375,-0.755859375,-1.07421875,0.03199891758650956,0.9801055958821331,12.108501434326172,3.939208984375,4012,4551,47.69791763741523,15.249373660049992,31.97073250864115,0.0642718591419787,0.02054818416461263,2.3046875,,
2.421594999998808,1528,,,,-0.25,-0.44140625,-0.84375,0.032060788159103536,0.985251372555479,12.107501029968262,3.802490234375,4460,4552,46.03865442913957,15.284366936866462,33.198987082455695,0.06446137917423429,0.021400524945226828,2.302734375,,
2.4461850000005216,1528,,,,0.474609375,-0.478515625,-1.140625,0.03207229790717816,0.9509202620933499,12.103428840637207,3.8699777126312256,4536,4552,46.839999859683985,15.287676122335453,32.63807892427819,0.06220175352250206,0.020301457406959215,2.29296875,,
2.468629999998957,1528,,,,0,0.080078125,-0.86328125,0.031947299435651715,0.9521539148163335,12.106501579284668,3.875732421875,4549,4552,46.92156068631448,15.22748455717908,32.453064933154394,0.06252864097422021,0.02029246045718267,2.283203125,,
2.4913349999990313,1528,,,,-0.09375,-1.0546875,-0.935546875,0.03222129806498867,0.9740595861406639,12.109000205993652,3.828125,4551,4552,46.35476641356945,15.360142044602709,33.13605748233547,0.06341475119905755,0.02101314840959973,2.287109375,,
2.5191150000002236,1528,,,,0.736328125,-0.673828125,-1.140625,0.03212250600245901,0.9813614765821075,12.107429504394531,3.9076449871063232,4551,4552,47.311536209590486,15.311756605912558,32.36368512339433,0.06409202430785503,0.020742540936203556,2.2890625,,
2.5449049999993294,1528,,,,-0.072265625,-0.119140625,-0.74609375,0.03194313228894505,0.9783273577228774,12.108999252319336,3.819580078125,4550,4551,46.251292310189456,15.222163416081667,32.91186614633928,0.06426992872046754,0.021152432912827944,2.2890625,,
2.5683349999990313,1528,,,,0.19921875,-0.23828125,-1.337890625,0.032020723073853646,0.9637902607709625,12.108000755310059,3.85498046875,4551,4550,46.676106427330524,15.257010294872492,32.68698154724184,0.06317032250380462,0.020648471660151775,2.296875,,
2.592949999999255,1528,,,,-0.3984375,-0.23046875,-0.794921875,0.03209091773928052,0.9677579546638018,12.105501174926758,3.89404296875,4549,4549,47.139341733418405,15.287924798819887,32.431349774199006,0.06330211375310438,0.020529729925730614,2.296875,,
2.6154799999985845,1528,,,,0.40625,-0.833984375,-0.861328125,0.0320569274490117,0.970325286006227,12.109000205993652,3.851318359375,4551,4550,46.63561480701901,15.275194094414141,32.75435342200122,0.063522943146173,0.020806529302154406,2.306640625,,
2.63975,1528,,,,0.3125,-0.087890625,-1.26953125,0.03201674568588977,0.9670688873770902,12.107429504394531,4.082728862762451,4551,4550,49.43135189145323,15.255831447049102,30.862662790509,0.06339011352699153,0.019563876980356224,2.302734375,,
2.6608749999981374,1528,,,,-0.224609375,-0.072265625,-0.828125,0.03267707690641721,0.9638124887479532,12.108572959899902,3.8357980251312256,4556,4554,46.446040246741404,15.583208488263848,33.55120997501428,0.061849425262700396,0.020751230538228135,2.31640625,,
2.687949999999255,1528,,,,-0.25,-0.615234375,-0.77734375,0.03296947724311609,0.9805946113759283,12.105334281921387,3.8948566913604736,4557,4557,47.14854222909685,15.732868162370163,33.36872662133107,0.06232777146898823,0.02079798367065467,2.298828125,,
2.7112249999996276,1528,,,,0.228515625,-0.068359375,-1.17578125,0.03214029637366502,0.9801611658246098,12.107555389404297,3.8232421875,4556,4557,46.2901165522635,15.3361397256236,33.13048414623984,0.06391185678798675,0.021174307580711454,2.306640625,,
2.735454999998212,1528,,,,0.046875,-0.947265625,-0.884765625,0.0318759984963171,0.9626566339444371,12.105714797973633,3.867885112762451,4552,4555,46.82351404643032,15.20438538533665,32.47168798621125,0.06331440630759323,0.020559256466523727,2.306640625,,
2.7607249999996273,1528,,,,0.38671875,-0.75390625,-1.142578125,0.03187541915924226,0.9767936273105194,12.105000495910645,3.8671875,4553,4552,46.812306605279446,15.195939541183542,32.46142017592818,0.06427991008145598,0.02086617170025024,2.30078125,,
2.785509999997914,1528,,,,-0.0625,0.54296875,-1.09375,0.03204041997546224,0.9816948962369677,12.110501289367676,3.912353515625,4552,4551,47.38056229543872,15.270553445420092,32.229574124092174,0.0642867922073509,0.020719359346469266,2.302734375,,
2.8106749999988825,1528,,,,0.0234375,-0.9375,-0.7421875,0.03219850521735255,0.9633234732541579,12.107501029968262,3.8848876953125,4554,4554,47.03628177230712,15.354849440669065,32.64469227180564,0.06273740924497026,0.02048043418732388,2.3046875,,
2.8355299999993293,1528,,,,-0.07421875,-0.26171875,-1.3359375,0.03242525755281681,0.9597336549701607,12.10628604888916,3.8246371746063232,4554,4554,46.302151668999386,15.464528892883525,33.39915821501114,0.06206032279533658,0.02072762539916109,2.30078125,,
2.8662249999996274,1528,,,,0.19921875,-0.04296875,-0.6796875,0.03192923630371968,0.9631901053922138,12.111499786376953,3.8385009765625,4552,4553,46.490003757644445,15.223461939583617,32.74566725987926,0.06327010959890496,0.020718219564218352,2.306640625,,
2.8907149999979884,1528,,,,-0.14453125,0.12109375,-1.0546875,0.0317727335788293,0.9618564267727722,12.105818748474121,3.8889381885528564,4551,4551,47.078780834640156,15.143303913130458,32.16587949955609,0.06351694665117072,0.0204307845216129,2.310546875,,
2.914594999998808,1528,,,,0.599609375,-0.724609375,-0.908203125,0.032013957713550846,0.9453854958226666,12.10628604888916,3.9125277996063232,4552,4551,47.366180716265035,15.257783049414723,32.212398843834514,0.061960868938881065,0.01995908222969794,2.318359375,,
2.9388949999976903,1528,,,,-0.236328125,-0.669921875,-1.17578125,0.0324044042128022,0.950220080818143,12.107001304626465,4.212646484375,4555,4553,51.002516482258216,15.449952957005799,30.292530687932302,0.06150310512028224,0.018630846992592758,2.30859375,,
2.9608399999979884,1528,,,,1.07421875,0.560546875,-0.642578125,0.032940156303472655,0.9807724351918538,12.108000755310059,3.856724262237549,4569,4563,46.69722028019487,15.739359879313065,33.70513230739006,0.06231336234206871,0.02100280122257763,2.314453125,,
2.985519999999553,1528,,,,0.109375,-0.9765625,-1.087890625,0.03456229424419372,0.9807724351918538,12.106858253479004,3.828822612762451,4568,4570,46.355012650430126,16.539230072932003,35.67948562037236,0.05929976370526338,0.021157850664134233,2.318359375,,
3.0112249999996274,1528,,,,-0.111328125,0.537109375,-0.953125,0.03166098311637649,0.9794609845494029,12.10914421081543,3.9529855251312256,4566,4566,47.86727178707997,15.139704158160155,31.628508567406104,0.06469485627441952,0.020462018159425846,2.333984375,,
3.0379449999984356,1528,,,,0.736328125,-0.5703125,-1.205078125,0.03210453607309062,0.9824951034086327,12.106667518615723,3.793402671813965,4568,4568,45.925464911880226,15.356394368461865,33.43764597250576,0.06397954362427864,0.021393253291911173,2.337890625,,
3.060914999999106,1528,,,,-0.23828125,0.04296875,-0.81640625,0.032225688366859,0.9855292222678628,12.107000350952148,3.8543701171875,4562,4564,46.664860361488536,15.402082187489421,33.005739368290094,0.06398675258780102,0.021119300789362225,2.345703125,,
3.0853349999990316,1528,,,,0,-0.751953125,-1.236328125,0.03126243260530837,0.9658018926886205,12.105143547058105,3.8699777126312256,4558,4559,46.84663573531657,14.925571182266701,31.860497446596074,0.064707868187725,0.020616248691696877,2.349609375,,
3.113559999998659,1528,,,,0.224609375,-0.091796875,-0.611328125,0.03118601418847935,0.9601448725444884,12.106500625610352,3.837890625,4554,4556,46.4634252525866,14.879284323746045,32.02364923132248,0.06452896870934717,0.02066453059207118,2.34375,,
3.135434999998659,1528,,,,0.673828125,-0.634765625,-1.060546875,0.03165114398408188,0.9727481354982128,12.106668472290039,3.847113609313965,4552,4552,46.57572904319932,15.088647789795612,32.39594548439765,0.06446887415292961,0.020885301324988004,2.34375,,
3.1616799999978396,1528,,,,0.046875,-0.416015625,-1.11328125,0.031528727560676935,0.9673022811354924,12.10914421081543,3.8902065753936768,4549,4550,47.10707243130446,15.022215511484648,31.889511990776587,0.06439145280507921,0.02053412006331098,2.33984375,,
3.185574999999255,1528,,,,-0.19921875,-0.470703125,-0.7265625,0.03177957478498895,0.9459967651899108,12.10949993133545,3.8446044921875,4549,4549,46.55623783415649,15.13954104422616,32.51882400411416,0.06248516797348293,0.02031944180197202,2.34375,,
3.2134499999992547,1528,,,,0.75,-0.38671875,-1.056640625,0.032090904604286534,0.9544545104348705,12.106287002563477,3.944614887237549,4546,4549,47.75463993948233,15.287233705465212,32.01203846335802,0.0624347431866402,0.019986634003406053,2.337890625,,
3.2362249999996275,1528,,,,-0.03125,-0.2421875,-0.806640625,0.032015763076552996,0.9742485239450849,12.106223106384277,3.870985269546509,4552,4549,46.863011314657115,15.25151863041453,32.54489671611091,0.06387878791310929,0.020789285549824964,2.341796875,,
3.261449999999255,1528,,,,-0.015625,-0.68359375,-1.037109375,0.03203206891397149,0.9832175126608304,12.105714797973633,3.8588168621063232,4552,4551,46.7137363902707,15.264628654493281,32.676959357232064,0.0644114924061,0.021047717194927915,2.349609375,,
3.28575,1528,,,,-0.140625,-0.705078125,-1.02734375,0.03236579976682951,0.9613896392559674,12.10888957977295,3.867730140686035,4550,4552,46.833917197926894,15.42846685880852,32.94293491105088,0.06231271376825655,0.02052763673798619,2.3515625,,
3.312864999998361,1528,,,,0.326171875,-0.255859375,-1.037109375,0.03198821102934332,0.9901526414819276,12.107501029968262,3.851318359375,4552,4552,46.62984100286849,15.247375439313899,32.69875065277606,0.06493921825581299,0.021234313053330317,2.359375,,
3.3370950000006707,1528,,,,-0.412109375,0.73046875,-0.982421875,0.03177045589925977,0.965175827824192,12.108445167541504,3.8650174140930176,4551,4552,46.79935143013836,15.143391164372341,32.358121857689106,0.06373577868707166,0.020623700934509694,2.359375,,
3.3651899999994783,1528,,,,0.265625,-0.9765625,-0.892578125,0.03176678158032185,0.950097826944694,12.105142593383789,4.004603862762451,4554,4552,48.476300788755,15.142083967642545,31.236054982056388,0.06274551303340935,0.0195992229498891,2.37109375,,
3.389469999998808,1528,,,,-0.291015625,-0.55078125,-0.93359375,0.032334087905453696,0.9556400256951836,12.108001708984375,3.814019203186035,4559,4557,46.18015103027574,15.430127812722045,33.4129002796159,0.061933383656567274,0.020693739720960752,2.359375,,
3.411729999998584,1528,,,,0.65625,0.25,-0.9375,0.03230532499694672,0.9565439402719959,12.108501434326172,3.8165283203125,4559,4558,46.21243864065036,15.419806979709069,33.367221971586616,0.06203345745706885,0.02069884144634991,2.349609375,,
3.4353699999991805,1528,,,,-0.111328125,-0.638671875,-1.314453125,0.03140863556833738,0.9488530602332153,12.10733413696289,3.88427734375,4554,4556,47.028243681415915,14.985787021086882,31.865504318224826,0.06331686543376466,0.02017623848896088,2.345703125,,
3.635969999998808,1528,,,,0.0234375,-0.546875,-0.75390625,0.03151215287508382,0.9428626204342228,12.105500221252441,3.792724609375,4554,4556,45.91282859793864,15.03452891257994,32.74581281897964,0.0627131469111277,0.020535929700409582,2.3359375,,
3.658820000000298,1528,,,,0.181640625,-0.37890625,-0.990234375,0.031779517232056555,0.9513509291475446,12.10811996459961,3.8517374992370605,4552,4553,46.637299712909225,15.151386760898783,32.48770159114695,0.06278969338982872,0.02039892821848368,2.3203125,,
3.7001549999993295,1528,,,,-0.4609375,0.55859375,-0.927734375,0.03190146557283366,0.9511203138862662,12.10628604888916,3.783482074737549,4552,4552,45.8039162576174,15.208283460273778,33.20301996610294,0.06253962298708655,0.020765043507127854,2.3125,,
3.8965800000000743,1528,,,,0.3828125,-0.6953125,-0.85546875,0.03165574917061101,0.9411547477146284,12.10769271850586,3.923151969909668,4552,4552,47.500318539667205,15.089658941705931,31.767489999261066,0.0623708429296168,0.019813651290120846,2.322265625,,
3.9218899999987333,1528,,,,0.083984375,-0.3671875,-1.0234375,0.03196349399940979,0.9645807432026942,12.10793685913086,3.867039442062378,4552,4552,46.8218693962599,15.235941535759473,32.5402247544104,0.06330955923785725,0.020601072867025342,2.3359375,,
3.947769999999553,1528,,,,-0.349609375,-0.27734375,-0.66015625,0.0317309565829154,0.9679246644912319,12.109500885009766,3.8848876953125,4551,4551,47.04405098455027,15.122249202126016,32.144870362232005,0.06400666009095742,0.020574857909432753,2.33203125,,
3.9717149999979884,1528,,,,0.5,-0.8984375,-1.1015625,0.03178644788018915,0.9555992512498912,12.11050033569336,3.795166015625,4548,4550,45.96135930623859,15.145589140556496,32.9528746955504,0.06309422779012343,0.02079136182380451,2.322265625,,
3.9944399999994786,1528,,,,0.171875,0.330078125,-1.11328125,0.0319518511302672,0.9635902089780464,12.107501029968262,3.90625,4551,4550,47.29492589831352,15.225055702306694,32.19173180446742,0.06328976575317595,0.02037407165093807,2.3203125,,
4.021404999999329,1528,,,,-0.2109375,0.04296875,-0.80078125,0.0320341805738545,0.971470026821248,12.106287002563477,3.8162667751312256,4549,4549,46.20082085808599,15.260572819857833,33.03095602291004,0.0636588179414289,0.021027116158937743,2.318359375,,
4.04349499999918,1528,,,,0.6875,-0.955078125,-1.09375,0.0321657145432891,0.9482973608084478,12.106500625610352,3.9349365234375,4551,4550,47.638311482733116,15.325464362015213,32.17046088539484,0.06187723506498383,0.01990619170354444,2.3203125,,
4.0679249999988825,1528,,,,-0.8125,-0.19921875,-0.849609375,0.0323496448421078,0.969269457099169,12.106001853942871,3.939208984375,4552,4552,47.688071267912164,15.420800339168725,32.33680861726296,0.06285467912046247,0.02032519729417869,2.31640625,,
4.091944999998435,1528,,,,0.724609375,-0.4140625,-0.68359375,0.03219805764941942,0.9585444582011584,12.109715461730957,3.838588237762451,4552,4552,46.48421133405054,15.349573759927656,33.02104804924121,0.062447627093306084,0.020620860948091572,2.322265625,,
4.113459999999032,1528,,,,-0.01171875,-0.28125,-1.359375,0.03179516225002399,0.9505312724960127,12.105500221252441,3.8983154296875,4552,4552,47.19105829659384,15.156090020814199,32.1164444449599,0.0627161273910769,0.02014219021158549,2.322265625,,
4.135754999998957,1528,,,,-0.359375,-0.6640625,-0.94921875,0.031775838298404004,0.9606338880382838,12.106667518615723,3.8834636211395264,4552,4552,47.0158028817757,15.146085442358423,32.21488204815781,0.06342456548883048,0.020432148961783345,2.30859375,,
4.163529999999329,1528,,,,0.474609375,-0.212890625,-0.59765625,0.03186016691602162,0.9693583690071318,12.106858253479004,3.8790457248687744,4549,4551,46.96305674974997,15.182817414754153,32.329278512806745,0.0638457502666891,0.020640870422308968,2.3046875,,
4.185469999998808,1528,,,,0.224609375,-0.50390625,-1.291015625,0.031774643978116406,0.9667910376647064,12.107555389404297,3.843858480453491,4551,4550,46.53972946112208,15.140512222984736,32.53244571529509,0.06385457925241299,0.02077345633202134,2.30859375,,
4.213599999999627,1528,,,,-0.375,-0.62890625,-0.98046875,0.03172995776443713,0.9526985002526055,12.10628604888916,3.8853237628936768,4549,4549,47.036840866137254,15.115910358167666,32.13632140216693,0.06302620733245011,0.020254304555952264,2.3125,,
4.239254999998957,1528,,,,0.375,-0.388671875,-0.873046875,0.032005439264727265,0.9845289633032813,12.107556343078613,3.8606770038604736,4549,4549,46.74336434666861,15.24607205984893,32.616548408406366,0.06457590908913996,0.02106243264822782,2.306640625,,
4.261544999998063,1528,,,,-0.51171875,0.107421875,-1.083984375,0.03221678857003469,0.9749709331972825,12.105500221252441,3.896484375,4548,4549,47.16889246366918,15.347499003063842,32.53733170624034,0.06352637214719138,0.020669786426472332,2.3046875,,
4.288029999999329,1528,,,,0.125,-0.0390625,-0.708984375,0.032323762336473175,0.9686359597549342,12.10866641998291,3.8582355976104736,4549,4549,46.71808782116864,15.397863612441315,32.95910498602282,0.06290716583385544,0.020733638830911897,2.30859375,,
4.313195000000298,1528,,,,0.5859375,-0.330078125,-1.37109375,0.03222736489513297,0.9735261146928872,12.10977840423584,3.8395183086395264,4549,4549,46.495715896631054,15.35280459323896,33.01982622952016,0.06341031104646554,0.020937974519141152,2.3125,,
4.336740000000224,1528,,,,-0.861328125,-0.146484375,-0.830078125,0.03203593996437772,0.9707476175690503,12.107001304626465,3.87451171875,4551,4550,46.90871843369678,15.26271665166147,32.537057419794124,0.06360254466647498,0.02069439647858117,2.3203125,,
4.3616199999991805,1528,,,,0.5625,-0.978515625,-0.96875,0.03201862440923063,0.9630789655072602,12.104573249816895,3.9027621746063232,4548,4550,47.24127061913691,15.256575167865048,32.295014439524365,0.06312550194986062,0.020386389969729725,2.31640625,,
4.386334999999032,1528,,,,-0.099609375,0.603515625,-1.134765625,0.03200308207827064,0.966390934078874,12.107001304626465,3.790283203125,4551,4550,45.88896368513815,15.249050533841952,33.23032230248554,0.06337384297692367,0.02105933227670283,2.31640625,,
4.415150000000373,1528,,,,0.3125,-0.46875,-0.71484375,0.03201831737001301,0.9714477988442572,12.108000755310059,3.8519287109375,4549,4551,46.63915574143175,15.258136968037144,32.71529410315338,0.06366752381888124,0.02082901766554223,2.310546875,,
4.440375,1528,,,,0.0625,-0.095703125,-1.091796875,0.03203067590593988,0.9701252342133108,12.10888957977295,3.876953125,4549,4550,46.94559729658067,15.262592929354481,32.511233871266874,0.0635622818942824,0.020664882120564068,2.310546875,,
4.461955000000074,1528,,,,0.423828125,-0.96875,-0.9453125,0.0321681362728704,0.9673689650664645,12.105501174926758,3.8885498046875,4551,4550,47.072844229405746,15.328773331030682,32.563941231864234,0.06310804812464535,0.020550467703886112,2.314453125,,
4.486324999999255,1528,,,,0.46875,-0.0234375,-1.04296875,0.03225719083337469,0.9600337326595351,12.106666564941406,3.8834636211395264,4552,4551,47.015799178216184,15.371607612417218,32.69455774674854,0.06245499864854849,0.02041938559888071,2.310546875,,
4.511334999999032,1528,,,,-0.287109375,0.513671875,-0.94140625,0.03208887007755966,0.948686350405785,12.108000755310059,3.8739013671875,4551,4551,46.90520067990292,15.293764138608417,32.60568959714782,0.06203092592561102,0.020225611161541427,2.3203125,,
4.53597000000067,1528,,,,0.2109375,-1.31640625,-0.87109375,0.03190123109921775,0.9444852627545436,12.109001159667969,3.8568115234375,4553,4552,46.70213520992547,15.20784140541401,32.56348202722417,0.0621051494144531,0.02022359916755615,2.32421875,,
4.567099999999628,1528,,,,0.19921875,0.01171875,-1.24609375,0.03198916205880096,0.9509424900703406,12.108500480651855,3.868408203125,4552,4553,46.84062258689664,15.252058902408073,32.56160584568049,0.062348466928632225,0.02030166205212568,2.328125,,
4.589470000000671,1528,,,,0.34375,-0.70703125,-0.869140625,0.031566691745560156,0.9567587875620964,12.106801986694336,3.83349609375,4552,4551,46.411378123797476,15.044577507842659,32.41570950061605,0.06359492561777445,0.020614746345390626,2.318359375,,
4.612875,1528,,,,-0.3125,0.70703125,-0.94140625,0.031807626101703776,0.9519205210579311,12.108000755310059,3.9683315753936768,4552,4551,48.04856171218739,15.159513946753066,31.55040110786062,0.06279360435971088,0.019811634045571836,2.330078125,,
4.635874999998137,1528,,,,0.03125,-1.390625,-0.830078125,0.03192413657244054,0.9585889141551398,12.108000755310059,3.9174106121063232,4554,4553,47.432010650243,15.220969825041674,32.090079286916534,0.06297817584383229,0.0202097465617395,2.33984375,,
4.671044999999926,1528,,,,0.51171875,-0.21875,-1.271484375,0.03269953718718452,0.963134535449737,12.108000755310059,3.8734652996063232,4554,4555,46.899920773300664,15.598205432939906,33.25848994145786,0.06174649638963039,0.020535952290947863,2.322265625,,
4.694664999999106,1528,,,,0.23046875,-0.37890625,-0.90234375,0.03216894218509802,0.9513796171303482,12.108000755310059,3.8805043697357178,4555,4556,46.985149839744054,15.346715727676195,32.662906854656086,0.06199239198877156,0.02024851725226574,2.30859375,,
4.718140000000596,1528,,,,-0.26171875,0.09375,-0.99609375,0.03175856787733196,0.9492976197730291,12.108000755310059,3.870849609375,4556,4555,46.868249994004145,15.148544598677008,32.32154945109954,0.06266592896692766,0.020254599220036435,2.302734375,,
4.742379999998957,1528,,,,0.375,-1.13671875,-1.0078125,0.03186530689068657,0.9557548470888261,12.110285758972168,3.8134765625,4554,4555,46.18229090701789,15.199439208900817,32.911834624018404,0.06288092829958716,0.020695267132007717,2.29296875,,
4.7659999999981375,1528,,,,-0.125,0.37109375,-1.060546875,0.03168165116913563,0.9622120744046231,12.105000495910645,3.929443359375,4553,4554,47.565913813887164,15.107630027769913,31.761462813228132,0.06369047114841601,0.020229025309373944,2.28125,,
4.789650000000372,1528,,,,-0.3125,-0.5390625,-0.875,0.03175376088873777,0.9702141461212735,12.108572006225586,3.8302175998687744,4555,4554,46.378465607523594,15.142239790752534,32.64929012290595,0.06407335767551309,0.020919496438965495,2.279296875,,
4.81261999999918,1528,,,,0.474609375,-1.1328125,-0.982421875,0.03197742664035107,0.968758213628383,12.106000900268555,3.870849609375,4553,4554,46.86050885589793,15.250304338674189,32.54404339818594,0.06352386104004817,0.020673232905076607,2.28515625,,
4.836419999998063,1528,,,,0.109375,0.4140625,-1.126953125,0.03185759315587173,0.9623898982205487,12.10628604888916,3.8302175998687744,4551,4552,46.36970989350107,15.18494757523308,32.747557856430156,0.0633778874409961,0.020754710357923378,2.287109375,,
4.8626949999984355,1528,,,,-0.099609375,-0.005859375,-0.91015625,0.03180960389643539,0.967702384721325,12.107429504394531,3.8169643878936768,4551,4550,46.213627247207114,15.156311960429681,32.79619641054175,0.06384814374683079,0.02093976262769565,2.287109375,,
4.904625,1528,,,,0.0625,-0.486328125,-1.193359375,0.03184340275115367,0.9740040161981871,12.107000350952148,3.843994140625,4549,4550,46.53923840960488,15.17237779034838,32.60125930040374,0.0641958715803782,0.02092866255407329,2.28125,,
4.928169999998063,1528,,,,0.109375,-0.20703125,-0.92578125,0.03205416059047693,0.9733927468309429,12.108267784118652,3.9420573711395264,4549,4549,47.73148627011619,15.269031740255985,31.98943283233911,0.06374947432093189,0.02039309526886378,2.283203125,,
4.9507599999979135,1528,,,,0.4375,-1.234375,-0.900390625,0.03220591195661663,0.973870648336243,12.107999801635742,3.9048550128936768,4558,4554,47.27998372153297,15.358058652487642,32.48321476365704,0.06341105151193696,0.020597948046515678,2.287109375,,
4.9718599999994035,1528,,,,0.734375,0.400390625,-1.119140625,0.03346384432137581,0.9696139907425247,12.109333992004395,3.8297526836395264,4564,4563,46.37575435296617,15.989970917671693,34.479160804527126,0.060638883943868405,0.020907778305076966,2.283203125,,
4.994935000000521,1528,,,,-0.673828125,-0.3828125,-0.837890625,0.03295591354529158,0.9686470737434296,12.10628604888916,3.8790457248687744,4560,4562,46.96083714198198,15.745604515076117,33.529224505667685,0.06151857001209248,0.020626699452030845,2.296875,,
5.0188549999985845,1528,,,,0.796875,-0.001953125,-1.0078125,0.031230885982855477,0.9712477470513409,12.107429504394531,3.8351004123687744,4558,4559,46.43320788502933,14.909353369661153,32.109246913496406,0.06514351917016871,0.02091709341849034,2.302734375,,
5.044074999999255,1528,,,,0.162109375,-0.51171875,-1.19140625,0.03126165973667332,0.9756044305415172,12.108000755310059,3.812255859375,4554,4555,46.1587968247477,14.913385556229104,32.30886977589806,0.06541803850394128,0.021135828870185242,2.3125,,
5.0702649999987335,1528,,,,-0.5,-0.54296875,-0.751953125,0.031564451530416926,0.9677690686522971,12.105000495910645,3.9263916015625,4553,4553,47.52897228405345,15.049710348628698,31.66428732917934,0.06430483020827563,0.02036166620368931,2.3203125,,
5.095585000000894,1528,,,,0.94921875,-0.6796875,-1.240234375,0.031833191271473237,0.96642427604436,12.109000205993652,3.843994140625,4553,4552,46.54692584066652,15.174298959935504,32.600002440286225,0.06368823222713596,0.020762365260221478,2.322265625,,
5.275159999998286,1528,,,,-0.625,0.783203125,-0.923828125,0.0320338407408188,0.9727481354982128,12.108000755310059,3.8006591796875,4551,4551,46.01838421833236,15.265496038234907,33.17260329221552,0.06372201290163174,0.021138250549672687,2.330078125,,
5.305519999999553,1528,,,,0.091796875,-0.494140625,-0.943359375,0.03223210607950334,0.9656494921213781,12.107598304748535,3.8653972148895264,4551,4551,46.80067676617614,15.35978145150996,32.81957123878774,0.06286869999875219,0.02063323778299022,2.3125,,
5.338304999997839,1528,,,,0.177734375,-0.443359375,-0.890625,0.03206943950891407,0.9737780549195911,12.107601165771484,3.88818359375,4551,4551,47.07657621242106,15.282667514527242,32.46342182058461,0.06371780672411717,0.020684980371674985,2.314453125,,
5.359834999999031,1528,,,,0.34375,-0.33203125,-1.31640625,0.03194052081459436,0.9720812961884919,12.108000755310059,3.88037109375,4551,4552,46.98353613400832,15.22523488938319,32.4054682601096,0.06384671916400715,0.020689828313813646,2.326171875,,
5.392054999999702,1528,,,,0.07421875,0.140625,-0.56640625,0.03235918182587403,0.966968861480632,12.109143257141113,3.8978793621063232,4555,4552,47.19997959479929,15.426326638773311,32.682909550395344,0.06268302779549627,0.02048663727785122,2.33203125,,
5.41399499999918,1528,,,,0.15625,-0.31640625,-1.169921875,0.03205893542628267,0.9658352346541066,12.110547065734863,3.8844993114471436,4551,4552,47.0434117380953,15.282481152337366,32.4859116031369,0.06319885004447642,0.020530722559647656,2.333984375,,
5.441425000000745,1528,,,,0.44921875,-0.822265625,-0.845703125,0.03209810160284891,0.9658352346541066,12.106666564941406,4.168294429779053,4554,4552,50.46415080583756,15.300352439338898,30.319250784992885,0.06312503182415834,0.019139036706873135,2.33203125,,
5.467435000000521,1528,,,,-0.0859375,1.00390625,-1.119140625,0.03302720624032146,0.9696251047310201,12.106667518615723,3.812933921813965,4568,4563,46.16192326185319,15.78128718932964,34.1868060821695,0.06144144600490018,0.021004867999776102,2.330078125,,
5.489699999999255,1528,,,,0.2109375,-1.505859375,-0.837890625,0.03373390231278524,0.9806724092953959,12.106501579284668,3.8592529296875,4566,4568,46.7220516881207,16.13617978663712,34.53653939332424,0.06077475723885537,0.02098949797499446,2.349609375,,
5.51102499999851,1528,,,,0.65625,0.498046875,-1.298828125,0.031035973990666897,0.9986659566693636,12.108000755310059,3.8427734375,4562,4563,46.52830368373543,14.830851323542122,31.87490226239741,0.06733706210675218,0.0214636227328971,2.361328125,,
5.536134999999777,1528,,,,-0.787109375,-0.357421875,-0.80859375,0.031479482372241886,0.9790608809635704,12.108000755310059,3.8639323711395264,4559,4560,46.78449606822437,15.032521882987842,32.131417769396045,0.06512951643007844,0.020927037015335947,2.3671875,,
5.564629999998957,1528,,,,0.736328125,-0.779296875,-1.00390625,0.03165191227118911,0.993331242191597,12.10533332824707,3.8623046875,4556,4557,46.754485657438636,15.103600545992467,32.30406737153248,0.06576784384404047,0.021245688584183107,2.369140625,,
5.588944999998436,1528,,,,-0.125,0.140625,-0.853515625,0.03166533247619111,0.9704586538681712,12.107000350952148,3.885498046875,4553,4554,47.04172621713951,15.100553330613142,32.10033845465327,0.06426643001887712,0.020629741548782443,2.365234375,,
5.615914999999106,1528,,,,0.6875,-0.62109375,-1.21484375,0.03200579683000483,0.9718923583840711,12.107999801635742,3.8739013671875,4555,4555,46.90519698546268,15.266388682559539,32.547328790221364,0.06366223070780123,0.02072035554365734,2.359375,,
5.639290000000969,1528,,,,-0.75,-0.546875,-0.83203125,0.03232339539504564,0.9763490677707055,12.10977840423584,3.848198890686035,4554,4555,46.600835821634064,15.418240661293293,33.08575992136068,0.06332428512559024,0.020951320948570697,2.361328125,,
5.6617249999996275,1528,,,,0.6875,-0.64453125,-1.12890625,0.03167893907234702,0.9691694312027109,12.107429504394531,3.837193012237549,4550,4552,46.458543890421424,15.099306382368129,32.500601865572506,0.06418635443641547,0.02086095150740463,2.36328125,,
5.685279999999329,1528,,,,0.4375,0.154296875,-1.0859375,0.03146336405782254,0.9773493267352868,12.108000755310059,3.915318012237549,4550,4549,47.40667344945132,14.989689479780074,31.619365775080688,0.06520143916614518,0.020616281540560163,2.357421875,,
5.721284999998287,1528,,,,-0.6484375,-0.2109375,-0.78515625,0.03177742595586766,0.9536765312401961,12.105714797973633,3.8455636501312256,4549,4549,46.553296785943076,15.139015895805219,32.519750352839665,0.06299461852764451,0.020485692680913676,2.36328125,,
5.7439649999979885,1528,,,,0.10546875,-0.19921875,-0.99609375,0.03180142728932345,0.9534987074242706,12.108333587646484,3.8460285663604736,4549,4550,46.56899686911038,15.151085604711703,32.53470468195022,0.06293269883761665,0.020474967715199695,2.365234375,,
5.768069999998436,1528,,,,0.5625,-0.998046875,-1.125,0.03187916207359022,0.9663687061018833,12.110285758972168,3.817661762237549,4549,4549,46.23297487179798,15.186566490213274,32.84791111176592,0.06363312646901742,0.020902152820180434,2.373046875,,
5.790375,1528,,,,0.03125,-0.029296875,-1.08984375,0.032070080328939446,0.9569107018923423,12.107501983642578,3.90869140625,4550,4549,47.32448895461857,15.277002468919326,32.281389205426144,0.06263733372035206,0.020220201486168477,2.37109375,,
5.815889999998733,1528,,,,-0.224609375,0.51953125,-0.841796875,0.03218506224968545,0.9512536817482103,12.109333992004395,3.8785808086395264,4548,4549,46.96703042679451,15.331686856376221,32.64350911065809,0.06204494591230175,0.020253647571585105,2.375,,
5.83877499999851,1528,,,,0.423828125,-0.763671875,-1.0625,0.03224681810068307,0.9545434223428332,12.107111930847168,3.8791232109069824,4550,4549,46.9649789079981,15.36012797345053,32.705493179375644,0.062144236297557526,0.020324578963672763,2.380859375,,
5.861204999998212,1528,,,,-0.2109375,-0.544921875,-1.234375,0.03199119658552784,0.9578331629374561,12.106287002563477,3.8560268878936768,4549,4549,46.68216819444251,15.241058606691652,32.64856624312941,0.06284557967101546,0.020518180709770156,2.365234375,,
5.885400000000373,1528,,,,0.0625,-0.111328125,-0.580078125,0.031830325187840326,0.9721035241654827,12.109715461730957,3.8888113498687744,4550,4549,47.09239893126073,15.162438893002724,32.197210669039926,0.06411260952313524,0.02064247195358281,2.359375,,
5.90674499999918,1528,,,,0.6484375,-0.29296875,-0.9140625,0.031874003933508074,0.977927254137045,12.108001708984375,3.872767925262451,4548,4548,46.89148065757763,15.181829337677728,32.37651941200615,0.06441432270023346,0.02085511569315337,2.36328125,,
5.931049999998883,1528,,,,0.015625,-0.9453125,-1.029296875,0.03192850633341602,0.9790164250095891,12.105713844299316,3.926478862762451,4549,4549,47.53282952829204,15.210796774890113,32.00061289395046,0.06436325719805441,0.020596636781887098,2.36328125,,
5.953219999998808,1528,,,,-0.26171875,0.017578125,-1.15234375,0.03185825158237839,0.9761193555209923,12.107429504394531,3.8295199871063232,4550,4549,46.36564327955966,15.177410359324544,32.73417402582554,0.06431395952348971,0.02105264343331812,2.36328125,,
5.975144999999553,1528,,,,0.625,-0.294921875,-0.728515625,0.032052788528568694,0.9702141461212735,12.10914421081543,3.8881137371063232,4549,4549,47.08172995067298,15.268910473855568,32.430648767266284,0.0635418059318992,0.0206070199021522,2.3671875,,
5.997294999999926,1528,,,,-0.046875,-0.50390625,-0.955078125,0.031794200740517975,0.9520983448738567,12.106500625610352,3.8348388671875,4547,4548,46.42647914472036,15.142817572262627,32.616769247264095,0.06287458330197628,0.02050765775078444,2.373046875,,
6.017949999999255,1528,,,,0.359375,-0.91015625,-1.3046875,0.03150956094951672,0.9559326709047516,12.10733413696289,4.021810054779053,4547,4548,48.69339816860702,15.005417182444942,30.816122404287327,0.06370583765062603,0.01963166890909348,2.3671875,,
6.041564999999478,1528,,,,0.125,0.484375,-1.123046875,0.03207952872136331,0.9673689650664645,12.104667663574219,3.96484375,4560,4553,47.993115931749344,15.295654040556277,31.870516726415747,0.06324469437537585,0.020156410899474685,2.37109375,,
6.064889999998734,1528,,,,0.111328125,-1.380859375,-0.99609375,0.033381286692201625,0.953065261872952,12.109001159667969,3.8555908203125,4565,4562,46.68735371436924,15.948094103007584,34.159344735144295,0.05976044884844374,0.020413777737409468,2.38671875,,
6.0923450000006705,1528,,,,0.375,0.4375,-1.033203125,0.032911166114156315,0.9442074130421598,12.107999801635742,3.8153076171875,4563,4564,46.195743872085586,15.72919276157139,34.04900850850022,0.06002898097536131,0.020439272839866754,2.375,,
6.1169299999997016,1528,,,,-0.05078125,-0.7109375,-0.830078125,0.031328282102939975,0.9571107536852587,12.110000610351562,3.82080078125,4559,4560,46.26989979296923,14.960809717352177,32.333784564680414,0.06397452890368369,0.020685386351986284,2.369140625,,
6.140019999999553,1528,,,,0.40625,-0.73046875,-1.267578125,0.03142192454916017,0.9700140943283573,12.107001304626465,3.8958740234375,4555,4556,47.16735188441817,14.992612938765879,31.785996753654345,0.0646994688844548,0.0205653710792444,2.3671875,,
6.16424499999918,1528,,,,-0.5234375,0.66015625,-0.984375,0.031448890831531996,0.9507535522659196,12.104573249816895,3.832310199737549,4553,4555,46.388479528743574,14.999791657392942,32.3351655621708,0.06338445052983932,0.02049546701949579,2.361328125,,
6.1863300000000745,1528,,,,0.51171875,-1.107421875,-0.8984375,0.031572401275921445,0.948141764969513,12.109500885009766,3.902587890625,4553,4553,47.25839151535183,15.05415833654214,31.854995174035523,0.06298205079111026,0.020062929240016774,2.375,,
6.213109999999404,1528,,,,-0.13671875,-0.537109375,-1.1640625,0.031867225717679255,0.950097826944694,12.106667518615723,3.9322917461395264,4554,4553,47.60694875670811,15.19556240418099,31.91879085096762,0.06252468988467837,0.019957124994506595,2.37890625,,
6.235339999997988,1528,,,,0.298828125,0.0859375,-0.748046875,0.032070847887683315,0.9530096919304752,12.108445167541504,3.8248698711395264,4556,4555,46.31322710767449,15.296965690908197,33.02936687038455,0.06230057066133709,0.02057748404607619,2.3828125,,
6.275359999999404,1528,,,,0.4375,-1.134765625,-1.11328125,0.03188589557454592,0.9627566598408952,12.10628604888916,3.8895089626312256,4553,4554,47.087508091331756,15.206991409977235,32.29517132331889,0.0633101337329115,0.020446116154066073,2.37890625,,
6.297189999997616,1528,,,,-0.02734375,0.212890625,-1.029296875,0.031649500336959714,0.9694880553603868,12.108001708984375,3.849158763885498,4553,4554,46.605620891277795,15.092857979336227,32.38420106996331,0.06423488889166797,0.020801955575745282,2.380859375,,
6.318174999998883,1528,,,,-0.203125,-1.267578125,-0.900390625,0.03152748267066253,0.9460078791784061,12.111334800720215,3.857421875,4553,4553,46.71852779574692,15.032559795779381,32.17686965972393,0.06293059146480243,0.02024909439172283,2.380859375,,
6.340174999998882,1528,,,,0.625,0.119140625,-1.017578125,0.0315128008215421,0.94325161003156,12.108000755310059,3.833705425262451,4552,4553,46.41850818471403,15.025179467849764,32.36894087173114,0.06277805946011424,0.020320592947064595,2.37109375,,
6.370614999998361,1528,,,,0.423828125,-0.4765625,-1.240234375,0.031670602822657996,0.9378168696573349,12.105143547058105,3.8748605251312256,4553,4553,46.90574288154244,15.099419088448986,32.19098165992518,0.062109466871792585,0.019993647089776054,2.35546875,,
6.394839999999851,1528,,,,-0.072265625,-0.63671875,-0.875,0.031854069763603984,0.9462412729368085,12.108445167541504,3.7868924140930176,4552,4553,45.85337915142418,15.187654537911996,33.12221436888426,0.06230331817034456,0.02063623860330954,2.34765625,,
6.416849999999627,1528,,,,0.5625,-0.291015625,-1.111328125,0.0315567962044051,0.9472081899359037,12.109500885009766,3.8299560546875,4551,4552,46.37885623378679,15.04174909301802,32.432341619628325,0.06297194455766933,0.020423276183466264,2.34375,,
6.612139999998734,1528,,,,-0.412109375,0.35546875,-0.8125,0.03127127874428493,0.9452187859952365,12.10914421081543,3.935546875,4550,4550,47.656104657799006,14.900948667967835,31.267659778251026,0.06343346367115187,0.019834159606256233,2.337890625,,
6.6347750000003725,1528,,,,0.091796875,-0.341796875,-0.97265625,0.031891049976744135,0.9529416187509412,12.10738468170166,3.859825611114502,4551,4551,46.73239347804747,15.198734525089113,32.52291054218893,0.06269874752913707,0.02039145756997414,2.34375,,
6.676134999997914,1528,,,,0.173828125,-1.26953125,-0.9375,0.032079202302789545,0.9564328003870423,12.10914421081543,3.856724262237549,4554,4553,46.70163027278522,15.293609210938891,32.74748466297341,0.06253806980388547,0.020479644817547007,2.3203125,,
6.863009999999776,1528,,,,0.1484375,-0.091796875,-1.1015625,0.03208441692509248,0.9449779597570279,12.10828685760498,3.8619558811187744,4554,4554,46.76166964000072,15.301650692128172,32.72263546175623,0.0617566025241424,0.02020838791754086,2.3203125,,
6.888559999998659,1528,,,,0.23828125,-0.373046875,-0.99609375,0.03178444042342726,0.9584496419868075,12.108709335327148,3.849231243133545,4553,4553,46.60922228756408,15.155649020103759,32.516416872605646,0.06324042214988201,0.020563519298251277,2.31640625,,
6.920679999997839,1528,,,,-0.51171875,-0.0390625,-0.7265625,0.03185522815828572,0.9604116082683769,12.108000755310059,3.8128662109375,4553,4553,46.16618696192745,15.18672513314811,32.89577531207498,0.06324020483995484,0.02080335569104751,2.3203125,,
6.9425050000008195,1528,,,,0.34375,-0.5546875,-1.265625,0.031967728962509566,0.9811058548467142,12.107200622558594,3.849609375,4551,4552,46.6079930216074,15.23748475991131,32.69285753807771,0.06438765126301757,0.021050163099532625,2.314453125,,
6.9652650000005965,1528,,,,-0.298828125,-0.376953125,-0.541015625,0.03205926966995923,0.969591762765534,12.109716415405273,3.863002300262451,4552,4551,46.779862368236536,15.280075538985322,32.66378900114181,0.0634546445985646,0.02072669122309957,2.306640625,,
6.989900000000373,1528,,,,1.140625,-0.025390625,-0.921875,0.032081114841753196,0.9601559865329838,12.108000755310059,4.081333637237549,4552,4551,49.41679076234459,15.289893693093266,30.94068525539321,0.0627967732023346,0.019429751947077453,2.31640625,,
7.014375,1528,,,,-0.703125,-0.71875,-1.0078125,0.03213909675745965,0.9507202103004336,12.10200023651123,4.0740966796875,4567,4558,49.304718981147744,15.340946473401106,31.114560209271048,0.06197272195355349,0.019282539885562538,2.3203125,,
7.035980000000447,1528,,,,0.94921875,0.048828125,-0.818359375,0.033584902294708695,0.9757489123919567,12.108000755310059,3.8079833984375,4571,4572,46.107065864489414,16.081112424106433,34.877761407263456,0.06067670486086882,0.021162676351163253,2.32421875,,
7.062125,1528,,,,-0.0859375,-0.51953125,-1.1875,0.03195686227020397,0.9868517868988089,12.10866641998291,3.81103515625,4566,4568,46.1465534218587,15.288306697675576,33.12989934029139,0.06454944987785007,0.021385167769243565,2.322265625,,
7.085289999999106,1528,,,,0.25,-0.1015625,-0.611328125,0.030748114868535112,0.9723480319123804,12.109000205993652,3.853759765625,4561,4563,46.665177795803174,14.692582636189604,31.48511016175959,0.06617951765112894,0.020836694036979075,2.3203125,,
7.113304999999702,1528,,,,-0.234375,-1.357421875,-1.11328125,0.031106936913507535,0.9672467111930158,12.109500885009766,3.8922119140625,4559,4560,47.1327436179854,14.852950484264671,31.513019069394744,0.06512151994431842,0.020521756998332762,2.322265625,,
7.1391749999988825,1528,,,,0.20703125,0.12109375,-0.95703125,0.03168585632348444,0.963645778920523,12.105778694152832,4.050564289093018,4558,4558,49.035234870198565,15.124023404972323,30.843175208617247,0.0637162316611931,0.019652108967590242,2.322265625,,
7.164959999999032,1528,,,,-0.3359375,-1.25,-1.34375,0.03225316845106974,0.9598781368206002,12.109000205993652,3.8360595703125,4573,4567,46.450846127117984,15.42363653246906,33.20421008104037,0.06223422957354534,0.02066438432991695,2.333984375,,
7.193199999999255,1528,,,,0.603515625,0.306640625,-0.767578125,0.03391636330882005,0.977738316332624,12.107000350952148,3.85498046875,4570,4571,46.67224988806993,16.235756692737098,34.78674529656043,0.060221296416076826,0.02094902899854732,2.337890625,,
7.218720000000671,1528,,,,-0.423828125,-0.322265625,-0.822265625,0.03068306646580221,0.983906579947542,12.110223770141602,3.8199870586395264,4561,4565,46.26089807916969,14.668107422008177,31.707355522812293,0.06707795025221036,0.021268644163883504,2.34375,,
7.243650000000373,1528,,,,0.5625,-0.59375,-1.2265625,0.03087398066886606,0.9608450538196954,12.108000755310059,3.7628173828125,4560,4559,45.56019571318757,14.740617257574614,32.35415701541398,0.065183501954503,0.02108957257050534,2.3359375,,
7.265759999999776,1528,,,,0.0859375,0.255859375,-0.943359375,0.03127588367754621,0.9554769973764424,12.10628604888916,3.905552387237549,4555,4556,47.28173437881969,14.921542039434053,31.55878741647494,0.06403339513110282,0.02020816304497615,2.33203125,,
7.289459999999031,1528,,,,-0.53125,-1.0078125,-0.814453125,0.03153553931266059,0.9662575662169297,12.107501029968262,3.9117431640625,4553,4555,47.361434387858026,15.041356403199556,31.75865891227248,0.06424005523939251,0.020401780028534097,2.333984375,,
7.315884999999777,1528,,,,0.48828125,-0.080078125,-1.224609375,0.03185394791557474,0.9638902866674207,12.110285758972168,3.8448660373687744,4555,4555,46.56242641750282,15.193471587363327,32.63032611559113,0.06344108264691165,0.020701032158948963,2.33203125,,
7.339374999998137,1528,,,,0.0625,-0.244140625,-0.57421875,0.03197082476880311,0.9615230071179116,12.106501579284668,3.9208984375,4553,4553,47.46836312580854,15.244468213358433,32.11500715319593,0.06307356830429464,0.02025608097270015,2.328125,,
7.362759999999777,1528,,,,-0.09375,-0.419921875,-1.20703125,0.031857922788327,0.9852180305899929,12.106500625610352,3.800048828125,4551,4551,46.005293515045196,15.18410384859198,33.005123298748856,0.06488483221756627,0.021415318875594072,2.33203125,,
7.385389999998734,1528,,,,0,-0.232421875,-1.232421875,0.031904861248245056,0.9617564008763139,12.108000755310059,3.9529855251312256,4551,4550,47.86275172401861,15.203443057247778,31.764665652556594,0.06325911816519915,0.020094047379931205,2.3359375,,
7.410419999999926,1528,,,,1,0.677734375,-0.68359375,0.031948825051228924,0.954921297951675,12.100001335144043,4.5068359375,4568,4557,54.532720861025155,15.246910299729116,27.959195981776457,0.06263047917115644,0.017510978415789313,2.349609375,,
7.435039999999106,1528,,,,0.5,0.806640625,-0.984375,0.034112742926984754,0.9679468924682226,12.108500480651855,3.7701416015625,4585,4581,45.65076139464509,16.36617567990994,35.85082741211348,0.05914313223805923,0.021203302264784667,2.353515625,,
7.471449999999255,1528,,,,0.44921875,-1.376953125,-0.880859375,0.033849661463613095,0.9991660861516543,12.107000350952148,3.7835693359375,4575,4580,45.8076752780471,16.236286795379836,35.44446797796989,0.06153907594413612,0.021812198066957902,2.341796875,,
7.494674999998883,1528,,,,0.337890625,0.314453125,-1.169921875,0.03054255176387629,0.9999626118146304,12.10733413696289,3.9119465351104736,4568,4569,47.36324382651674,14.614430246614198,30.856058550686043,0.06842296243784783,0.021112629351936245,2.345703125,,
7.516554999999702,1528,,,,-0.6875,-0.39453125,-0.9609375,0.0321348294214904,0.9788163732166728,12.10914421081543,3.846958637237549,4564,4566,46.58337691135148,15.364919038662098,32.98369516641453,0.06370462289802624,0.02101213862359888,2.34765625,,
7.542414999999106,1528,,,,0.59375,0.185546875,-0.744140625,0.03193736155510118,0.999154972163159,12.103428840637207,4.117606163024902,4561,4561,49.83715318794111,15.255730876742897,30.611160351017524,0.0654937465950159,0.020048395790089397,2.341796875,,
7.566064999999479,1528,,,,-0.5859375,-1.068359375,-1.19921875,0.03200111574172526,0.983873237982056,12.111001014709473,3.80615234375,4567,4566,46.09631489729509,15.301730775097354,33.19512809036988,0.06429816681804718,0.021343858835010457,2.341796875,,
7.591289999999106,1528,,,,0.611328125,0.140625,-0.861328125,0.033165431790518216,0.9747708814043662,12.108000755310059,3.7841796875,4565,4567,45.81885051447898,15.862741011565017,34.62055645973116,0.06145034333559956,0.02127445080919989,2.33203125,,
7.615189999999479,1528,,,,-0.224609375,-0.6328125,-1.298828125,0.0311231018990757,0.9878631598518858,12.111001014709473,3.885498046875,4557,4561,47.0572707883548,14.864823633573254,31.588792517163643,0.06645643326845312,0.02099278481947897,2.322265625,,
7.64364999999851,1528,,,,0.287109375,-0.35546875,-0.69140625,0.03134009172013245,0.9850513207625627,12.108572959899902,3.7744140625,4554,4556,45.70276805665344,14.953043430132352,32.71802576945988,0.06587630975360872,0.021553428001154916,2.30859375,,
7.66627499999851,1528,,,,0.548828125,-0.3671875,-1.22265625,0.03161878792635842,0.9780383940219983,12.11066722869873,3.9236111640930176,4552,4553,47.517549143137785,15.074573255669888,31.72422300287529,0.06488000538616481,0.020582677592984426,2.3046875,,
7.690289999999106,1528,,,,-0.57421875,-0.734375,-0.7578125,0.03179856756707992,0.970225260109769,12.10400104522705,4.3408203125,4564,4557,52.54129359964281,15.175739524594572,28.883452395046742,0.06393265109336996,0.01846595684344484,2.306640625,,
7.721764999998733,1528,,,,1.75,0.515625,-1.240234375,0.03447031435284965,0.9924865790659506,12.104500770568848,3.797607421875,4575,4573,45.96814196440391,16.50671287432849,35.90902779388102,0.060126239949898325,0.021590748215024585,2.30078125,,
7.747674999998883,1528,,,,-0.17578125,-0.9765625,-0.74609375,0.03263571513351375,1.0002441430357034,12.109201431274414,3.77880859375,4568,4571,45.758354431949556,15.620635530131068,34.13723182148433,0.06403351138347127,0.021859268224412143,2.30078125,,
7.769884999997914,1528,,,,0.037109375,0.923828125,-1.01171875,0.03090399287250111,0.9636013229665416,12.108501434326172,3.8677978515625,4561,4563,46.83323583332822,14.76767640378088,31.532470778522782,0.06525070678822814,0.02057516005077762,2.296875,,
7.795044999999925,1528,,,,0.3359375,-1.0703125,-0.77734375,0.03168544927840509,0.9703697419602084,12.106667518615723,3.83544921875,4557,4557,46.434508475940675,15.121420583396517,32.56504931290799,0.0641718637880944,0.020897599087605082,2.3125,,
7.816754999998957,1528,,,,-0.0625,-0.578125,-1.1640625,0.0318847852483528,0.9940536514437945,12.107501029968262,3.8580322265625,4553,4554,46.711129156756215,15.206074321217622,32.55342912004567,0.06537214210881194,0.021280873945647625,2.306640625,,
7.842199999999255,1528,,,,0.75,0.001953125,-0.99609375,0.03181967340639367,0.9788274872051681,12.107429504394531,3.846958637237549,4552,4552,46.57678050667528,15.169038084575066,32.56781151372425,0.06452798666254968,0.02101535306986031,2.3046875,,
7.865205000000074,1528,,,,0.287109375,-0.74609375,-0.736328125,0.03176966331416035,0.9609228517391629,12.107501029968262,3.9129638671875,4550,4551,47.37621405220125,15.1405125129861,31.95804649207216,0.06346699630643111,0.02028281218673098,2.302734375,,
7.889669999999925,1528,,,,-0.173828125,-0.2421875,-1.05078125,0.03186166570267495,0.9769825651149403,12.109001159667969,3.7823486328125,4550,4550,45.80046398099512,15.182587597835486,33.14941875727611,0.06434888379990143,0.021331280956462337,2.287109375,,
7.913114999998361,1528,,,,0.349609375,-0.65625,-0.720703125,0.03193175836229752,0.9813392486051167,12.109143257141113,3.886021137237549,4550,4550,47.056386651087905,15.213295425710166,32.32992694172035,0.06450536988499368,0.020854538957304936,2.275390625,,
7.935554999999702,1528,,,,0.2734375,0.029296875,-1.20703125,0.031849452673486565,0.962078706542679,12.108572006225586,3.8441684246063232,4549,4549,46.54739017340444,15.172467584045792,32.595742806467406,0.06340950812472504,0.02066880018318143,2.26171875,,
7.973964999997988,1528,,,,0.015625,-0.3046875,-1.2109375,0.031872848333505926,0.962078706542679,12.109715461730957,3.892299175262451,4549,4549,47.13463550435836,15.183854820585085,32.21379492619836,0.06336195372721609,0.02041128983491809,2.25,,
7.9960250000003725,1528,,,,-0.171875,-0.119140625,-0.845703125,0.03208231700286367,0.9753543658003719,12.10892391204834,3.851412296295166,4549,4549,46.63645844976554,15.28224278350143,32.76887502073661,0.06382272416541868,0.02091398871659551,2.25390625,,
8.017879999998957,1528,,,,0.140625,-1.03515625,-0.85546875,0.032249971337641785,0.9424958588138763,12.10733413696289,3.9168293476104736,4549,4549,47.422361668982376,15.362228051983546,32.39448123485496,0.06135150810316104,0.019874502779779025,2.265625,,
8.209599999999627,1528,,,,0.5,-0.82421875,-1.12890625,0.032365332356671446,0.9494532156119639,12.109143257141113,3.837193012237549,4548,4549,46.46511989048531,15.417198833228234,33.18015507022338,0.061584028712507455,0.020433676225300863,2.2578125,,
8.23156499999948,1528,,,,-0.05078125,-0.1953125,-1.001953125,0.03230149764834226,0.9754791897836603,12.106185913085938,3.8597869873046875,4549,4549,46.72729885322042,15.386552762334476,32.92840189771432,0.06339816363361034,0.02087600211704578,2.2421875,,
8.25427499999851,1528,,,,0.65625,0.072265625,-0.84375,0.032415211518166925,0.9846845591422164,12.10914421081543,3.788364887237549,4550,4550,45.87385674274901,15.44451713085179,33.66736138507257,0.06375625413210374,0.02146504848424063,2.240234375,,
8.299435000000521,1528,,,,0.03125,-0.08984375,-1.224609375,0.032415527596426276,0.9781161919414658,12.104573249816895,3.857421875,4550,4550,46.69244564138353,15.444145304854935,33.07632550128577,0.06333249089763425,0.020948060837373682,2.236328125,,
8.495909999998286,1528,,,,0.109375,-0.720703125,-0.822265625,0.032323037256858755,0.9828618650289794,12.108800888061523,3.8694660663604736,4549,4549,46.85459414066963,15.397931674947028,32.863227090855695,0.06383077193595617,0.020976851535159463,2.236328125,,
8.521829999998213,1528,,,,0.0703125,-0.337890625,-1.025390625,0.032300090387444844,0.9795484377463757,12.108122825622559,3.857271671295166,4548,4548,46.704319167836275,15.384278585376236,32.93973418195309,0.0636720423587168,0.020973401501181894,2.220703125,,
8.547224999999628,1528,,,,0.07421875,-0.12109375,-1.18359375,0.03199912816561515,0.9652461932638531,12.105501174926758,4.1375732421875,4553,4552,50.087397744646296,15.252312322309432,30.45139697627775,0.06328523655078813,0.01927123860945692,2.21484375,,
8.571894999999554,1528,,,,0.3984375,-0.376953125,-0.9609375,0.03340322632416507,0.9757600263804521,12.106000900268555,3.858642578125,4563,4561,46.71273052459583,15.955717248974748,34.15710678820953,0.06115425656863847,0.020888524721685488,2.224609375,,
8.597284999998287,1528,,,,-0.0625,-0.21484375,-1.08984375,0.03299383762652297,0.9834064504652514,12.107500076293945,3.82080078125,4560,4562,46.26034575048834,15.761975843516547,34.072326066326816,0.06239106443433365,0.02125808691031822,2.224609375,,
8.61924499999918,1528,,,,0.173828125,-0.080078125,-0.80859375,0.031753406523368305,0.9799388860547028,12.107000350952148,3.770751953125,4558,4558,45.652495219837874,15.154735731426358,33.19585415528614,0.06466222198930231,0.02146517690513616,2.21484375,,
8.641844999998808,1528,,,,0.140625,-1.03125,-1.103515625,0.031907634967718174,0.9596114010967117,12.10914421081543,3.866489887237549,4553,4554,46.81988363421897,15.215694672455978,32.498360720690414,0.0630672093357549,0.02049580918640657,2.193359375,,
8.666005000000819,1528,,,,-0.0859375,-0.0703125,-1.068359375,0.03180323118861217,0.97729375679281,12.106857299804688,3.8169643878936768,4550,4552,46.21144316266509,15.159368419002488,32.804360525251816,0.06446797318862955,0.021148306348120722,2.19140625,,
8.68902499999851,1528,,,,0.375,0.283203125,-0.8515625,0.031822929906762484,0.9792387047794959,12.106858253479004,3.9041574001312256,4552,4551,47.26708024265986,15.165164713768403,32.08398876324377,0.06457158384112033,0.020717139703833574,2.1875,,
8.712544999999926,1528,,,,0.412109375,-0.6796875,-1.212890625,0.032214860660333404,0.981706010225463,12.107000350952148,3.8079833984375,4553,4552,46.10325634130277,15.356304308776771,33.308502538506026,0.06392853322556111,0.021293637112265687,2.189453125,,
8.736019999999552,1528,,,,-0.75,-0.33203125,-0.955078125,0.032641746567294634,0.9822728236387259,12.106500625610352,3.846435546875,4553,4553,46.56687435461208,15.56275464113507,33.42022598000224,0.06311689969347765,0.02109381050913157,2.1953125,,
8.762455000000074,1528,,,,0.474609375,-0.080078125,-0.71484375,0.03229922043862823,0.9803723316060214,12.109715461730957,3.863002300262451,4552,4553,46.77985868419046,15.39940041333577,32.91886903142803,0.06366301968205373,0.020957146070587514,2.197265625,,
8.786695000000298,1528,,,,-0.0625,-0.11328125,-1.0390625,0.032119733959793624,0.9702141461212735,12.109500885009766,3.8861083984375,4552,4553,47.05883309012279,15.313086318789914,32.540301816374594,0.06335849781835115,0.020617046416412575,2.212890625,,
8.811059999998658,1528,,,,-0.21875,-1.197265625,-0.763671875,0.03249434678273982,0.9574664013171096,12.106000900268555,3.856201171875,4556,4555,46.683174858335406,15.498698583849029,33.19975265367302,0.06177721285030162,0.020509881862633243,2.22265625,,
8.837439999997615,1528,,,,0.5234375,-0.265625,-1.3046875,0.0324326317340639,0.9873408023926044,12.108572959899902,3.8155691623687744,4553,4553,46.20109758608646,15.465117281721419,33.47348459180062,0.06384308533887198,0.021370505333837428,2.21875,,
8.861584999999032,1528,,,,-0.5625,0.5,-0.935546875,0.031854807279542485,0.9763860912448806,12.11111068725586,3.8655598163604736,4552,4551,46.81622280415013,15.181738836992874,32.42837189258903,0.06431319242995741,0.020855721217183005,2.21875,,
8.897785000000148,1528,,,,0.5625,-0.7734375,-1.14453125,0.03216768101956846,0.9747486534273755,12.108000755310059,3.9111328125,4552,4551,47.355999047867954,15.331370078758706,32.37471574247983,0.06357870486590558,0.020583424973087128,2.21875,,
8.922414999999106,1528,,,,-0.205078125,-0.4140625,-0.908203125,0.0321468391080466,0.9802982151952431,12.106001853942871,3.8309733867645264,4550,4551,46.377770922577156,15.319481230759344,33.031948120865096,0.0639903010049024,0.021137243030324777,2.216796875,,
8.943354999998585,1528,,,,-0.296875,-0.234375,-1.119140625,0.03208043866903127,0.9846067612227489,12.106501579284668,3.8916015625,4548,4549,47.11368046235293,15.282094430787083,32.436638956700754,0.06442878400483998,0.020898532051842507,2.21875,,
8.964929999999702,1528,,,,0.5,-0.2890625,-0.978515625,0.032007465253708046,0.9698029285469457,12.105999946594238,3.8395183086395264,4548,4547,46.481208439337706,15.240868675173123,32.78931247035858,0.06363173577676205,0.02086440867415546,2.2109375,,
8.99083499999903,1528,,,,0.0234375,-0.4609375,-0.556640625,0.032142970462811477,0.9801055958821331,12.108001708984375,3.8316128253936768,4547,4547,46.39317463803309,15.306063400445456,32.99205868075594,0.0640338126296804,0.02112607303830946,2.205078125,,
9.014879999998957,1528,,,,0.162109375,-0.15625,-1.353515625,0.032221491736282866,0.971381114913285,12.108000755310059,3.87451171875,4547,4547,46.91259081708267,15.344212090156182,32.70808928456957,0.06330602765432694,0.020706192047691557,2.208984375,,
9.039299999998882,1528,,,,-0.4609375,-0.30859375,-0.6875,0.032146894053193625,0.9628789137143441,12.106858253479004,3.857421875,4547,4547,46.701259864494205,15.306896009439171,32.776195018834215,0.06290490986027303,0.020617835932224958,2.2109375,,
9.06141000000015,1528,,,,0.44921875,-0.9453125,-1.13671875,0.03192758157394634,0.9628789137143441,12.108000755310059,3.8385009765625,4546,4547,46.47657272347715,15.202164871480187,32.70930703502794,0.06333827595310058,0.020717511152192943,2.22265625,,
9.086464999999851,1528,,,,-0.4375,0.130859375,-1.15625,0.031977673410557086,0.9717812184991176,12.10914421081543,3.9243862628936768,4550,4548,47.520959196322565,15.228693738834167,32.04626757620803,0.06381251308646466,0.020449528690791228,2.220703125,,
9.11343499999866,1528,,,,0.57421875,-0.26171875,-0.693359375,0.032164922251631034,0.9648905456320019,12.110000610351562,3.7738037109375,4552,4550,45.70076524280012,15.324706815578084,33.532713805032834,0.06296306723800797,0.021113225139791608,2.2265625,,
9.141324999999254,1528,,,,0.1484375,-0.50390625,-1.359375,0.0321104971246132,0.9533764535508217,12.107556343078613,3.8302950859069824,4551,4551,46.37551356323593,15.30404936007748,33.000280070665845,0.06229569907411714,0.020557755166437843,2.224609375,,
9.165839999997988,1528,,,,-0.25,-0.49609375,-0.7109375,0.03181189916676615,0.9595817406399149,12.105001449584961,3.8836669921875,4551,4551,47.01179457013495,15.16075464094829,32.24883197838914,0.06329379792534483,0.020411510545685605,2.20703125,,
9.189705000000075,1528,,,,0.40625,-0.728515625,-1.05078125,0.03187182310530571,0.9755822025645265,12.107001304626465,3.8360595703125,4551,4550,46.443178222398274,15.187447828511692,32.701138056885185,0.06423608585064879,0.021005931116359948,2.1953125,,
9.213474999999628,1528,,,,-0.224609375,0.7421875,-1.0859375,0.03190209032345151,0.9583221784312516,12.109001159667969,3.868408203125,4552,4551,46.84255941770971,15.203458612428665,32.456507076939765,0.06303316915322368,0.020458365007035458,2.203125,,
9.23724499999918,1528,,,,0.412109375,-0.94140625,-0.82421875,0.03194027249334118,0.9580887846728492,12.108000755310059,3.876255512237549,4553,4553,46.93370466994702,15.228757281575627,32.447379529634766,0.06291312987383312,0.020413662024134666,2.205078125,,
9.261915000000968,1528,,,,-0.287109375,-0.453125,-1.283203125,0.031896408180950006,0.9637346908284858,12.108000755310059,3.782958984375,4553,4553,45.80407024011947,15.2070191417604,33.20014806989942,0.06337433272388987,0.02104037230264216,2.208984375,,
9.28649499999918,1528,,,,0.2734375,-0.009765625,-0.556640625,0.031751507957802495,0.9532097437233915,12.107501029968262,3.8311767578125,4552,4552,46.38597654120531,15.13630021654572,32.631198791513924,0.06297508176280908,0.020549524119140662,2.216796875,,
9.316004999998956,1528,,,,0.375,-0.47265625,-1.17578125,0.03153695495759672,0.9426514546528111,12.10914421081543,3.8650949001312256,4551,4552,46.80299153417627,15.031922930924528,32.11744044170335,0.0627099712381797,0.02014083766343167,2.228515625,,
9.340434999998658,1528,,,,-0.76171875,-0.048828125,-0.806640625,0.03168322834655089,0.9567514245447184,12.109601020812988,3.82275390625,4550,4551,46.29202460544184,15.098385711995713,32.61552252398317,0.06336779592169092,0.02066773775179079,2.23828125,,
9.366639999998734,1528,,,,0.1875,-0.599609375,-1.171875,0.031936517981073005,0.9710143532929386,12.106858253479004,3.886021137237549,4549,4550,47.04750707855828,15.21666326798483,32.34318715883623,0.06381256759068257,0.020639018166713333,2.23828125,,
9.390854999998584,1528,,,,-0.13671875,-0.36328125,-0.6953125,0.03203564009525988,0.9739151042902244,12.105999946594238,3.8909912109375,4549,4549,47.104339391808026,15.26131373608872,32.39895502863763,0.06381594148000436,0.020675698181208315,2.232421875,,
9.413654999999329,1528,,,,0.298828125,-0.4140625,-1.21484375,0.0319646735393358,0.9598559088436095,12.109001159667969,3.836669921875,4548,4548,46.45824053324759,15.22515850543665,32.77170708722997,0.06304406673341766,0.020660616885753425,2.21484375,,
9.435859999999405,1528,,,,0.3125,0.3203125,-1.1015625,0.03200477677196182,0.9771122514681955,12.108001708984375,3.9090402126312256,4548,4549,47.330665575027524,15.245520116386208,32.210660744289235,0.06409176230189578,0.020644380120099913,2.201171875,,
9.463165000000968,1528,,,,-0.5859375,-0.3828125,-0.779296875,0.03201752358494805,0.9728592753831664,12.10914421081543,3.861607074737549,4550,4548,46.760756953502096,15.249903883820163,32.61261125217529,0.06379445292211647,0.02080503693194182,2.203125,,
9.489509999997914,1528,,,,0.1875,-0.876953125,-1.103515625,0.03201958801474633,0.9639903125638788,12.106667518615723,3.8796658515930176,4547,4548,46.96982454856379,15.250593298667706,32.46891689556892,0.06321002033724768,0.02052360897297316,2.212890625,,
9.51402999999933,1528,,,,-0.0625,0.431640625,-1.126953125,0.03210123835119815,0.9599225927745815,12.102999687194824,3.91845703125,4549,4548,47.42508422350511,15.290386869356432,32.24113803846049,0.06277948367012014,0.020240819989916198,2.2109375,,
9.536369999999181,1528,,,,0.48828125,-0.484375,-0.978515625,0.03221788226788437,0.952076116896866,12.108000755310059,3.814697265625,4548,4548,46.188357373466715,15.343707898765354,33.21986052610668,0.062049937549546005,0.02061290271049548,2.20703125,,
9.562729999998584,1528,,,,-0.296875,0.126953125,-1.1484375,0.03220032147960502,0.9562883185366028,12.109143257141113,3.8643972873687744,4548,4548,46.794540355256004,15.33666834395327,32.774482295413,0.06235306763438195,0.020435895112477405,2.203125,,
9.586474999999627,1528,,,,-0.32421875,-0.361328125,-0.759765625,0.03225256242480501,0.9671355713080622,12.108001708984375,3.856336832046509,4547,4547,46.69253295283852,15.358131048857373,32.89204949401599,0.0629722176631652,0.02071285300124778,2.20703125,,
9.613549999998883,1528,,,,0.38671875,-0.83203125,-0.966796875,0.03224447350425791,0.9816615542714819,12.111428260803223,3.8211495876312256,4547,4547,46.279579104393406,15.352970365154457,33.174394975638336,0.06393951990550892,0.021211548878980427,2.212890625,,
9.802854999998585,1528,,,,-0.3359375,0.388671875,-1.162109375,0.032226809312834476,0.9902971233323669,12.107001304626465,3.9227294921875,4547,4546,47.49249107961077,15.343071788745771,32.30631082927714,0.06454360228300277,0.020851656773959285,2.216796875,,
9.826044999998063,1528,,,,0.1953125,-0.421875,-0.970703125,0.03229348222088115,0.9722271672874934,12.107806205749512,3.8560268878936768,4549,4549,46.688026282776036,15.383703464971774,32.949997440022585,0.06319851195137927,0.02082390807011184,2.22265625,,
9.848144999999553,1528,,,,-0.125,0.4140625,-1.029296875,0.03200706268011601,0.9701474621903015,12.105000495910645,3.927001953125,4549,4549,47.536360590020195,15.247216117350213,32.074849500681424,0.06362784227124221,0.0204085346490319,2.216796875,,
9.896049999998882,1528,,,,0.76171875,-0.95703125,-0.8359375,0.032102401217367176,0.9799500000431982,12.108572006225586,3.784877300262451,4549,4549,45.82945932495659,15.29205742286338,33.3673092550233,0.06408228617936397,0.021382534607157437,2.234375,,
10.08636999999918,1528,,,,-0.318359375,-0.109375,-1.0546875,0.03216358932921018,0.966952190497889,12.105868339538574,3.8665363788604736,4548,4548,46.80778033252113,15.318861445741238,32.72716915204371,0.06312167480088471,0.020657937283688487,2.24609375,,
10.12190499999933,1528,,,,0.171875,-0.35546875,-0.984375,0.03232606286254819,0.9705060967065607,12.107062339782715,3.871002197265625,4550,4550,46.86646491973079,15.402674088898967,32.865022175833964,0.06300893540336772,0.020707900593073696,2.234375,,
10.149564999999479,1528,,,,-0.03515625,-0.279296875,-0.984375,0.031979769463901374,0.9835509323156909,12.108728408813477,3.8396661281585693,4551,4552,46.493474326392516,15.244943924104794,32.789427215274465,0.06451653329865865,0.021154601727781993,2.251953125,,
10.174314999999478,1528,,,,0.0859375,-0.40625,-0.982421875,0.03190300432340484,0.9757600263804521,12.108000755310059,3.842230796813965,4548,4550,46.521733389899055,15.201748687383827,32.67666008911972,0.06418735412921614,0.020974283529003504,2.265625,,
10.19802999999933,1528,,,,-0.25,-0.541015625,-1.009765625,0.03193387533207172,0.9873519163810996,12.110499382019043,3.8995361328125,4549,4549,47.22532992658671,15.210870349354176,32.20913516750431,0.06491094156377585,0.020907252906776294,2.27734375,,
10.221105000000447,1528,,,,-0.2109375,-0.31640625,-0.75390625,0.032061941663096,0.9760712180583218,12.109143257141113,3.8490512371063232,4548,4547,46.608712834196695,15.267904427175385,32.757618691356264,0.06392961278438512,0.020941818786769432,2.271484375,,
10.24555499999784,1528,,,,0.1484375,-0.4921875,-1.271484375,0.03202131233204095,0.9591446135799072,12.107001304626465,3.902587890625,4548,4548,47.24863668321632,15.251960695300314,32.280213284372124,0.062886643412047,0.02029994262079132,2.255859375,,
10.266859999999404,1528,,,,-0.125,0.509765625,-0.90234375,0.03218357380334652,0.9445741746625063,12.109143257141113,3.809291362762451,4548,4549,46.12725481988082,15.329941946298074,33.234021851417175,0.06161629169708664,0.02047757184664272,2.244140625,,
10.290375,1528,,,,-0.15625,-0.4453125,-1.01171875,0.032177551688075345,0.9709032134079851,12.106001853942871,3.8273112773895264,4550,4549,46.333437419694064,15.32791481318519,33.08175621494046,0.06334215875030873,0.020954698539057712,2.25,,
10.312820000000299,1528,,,,0.3984375,-1.03515625,-1.0859375,0.032107689729251265,0.9717145345681455,12.11050033569336,3.83056640625,4550,4549,46.39007574878633,15.29645707867521,32.973554864426795,0.06352546407120722,0.020946603748401245,2.2578125,,
10.33681499999948,1528,,,,0.484375,0.30078125,-0.98046875,0.03198474059625343,0.9597003130046746,12.104571342468262,3.886021137237549,4549,4550,47.03862009403156,15.238437145069273,32.39558710397371,0.06297891994227285,0.020402390867040873,2.25390625,,
10.361514999998734,1528,,,,-0.3359375,0.12890625,-0.912109375,0.03188366821492871,0.9599670487285629,12.109000205993652,3.73779296875,4549,4550,45.260935828555375,15.190378523349217,33.5617862186701,0.06319572927382897,0.021209615558211995,2.255859375,,
10.386519999999553,1528,,,,0.26171875,-1.072265625,-0.91796875,0.031963440247241605,0.9693583690071318,12.109001159667969,3.9373779296875,4551,4550,47.677713916637,15.228402055323409,31.9402941213788,0.0636546346416085,0.020331477526418833,2.248046875,,
10.413979999998585,1528,,,,0.13671875,0.056640625,-1.15625,0.03237761916540048,0.9725480837052966,12.106287002563477,3.8553292751312256,4552,4551,46.673722694123626,15.431065460130968,33.061569914314525,0.06302533588610947,0.020837165487717645,2.2578125,,
10.43902499999851,1528,,,,0.3125,-0.517578125,-0.943359375,0.0319776395949343,0.9468525423040526,12.108000755310059,3.827582359313965,4550,4551,46.34437009758494,15.239484071467329,32.88313993561318,0.06213153528450686,0.020430799691749272,2.251953125,,
10.461174999998882,1528,,,,0.09375,-0.263671875,-0.9765625,0.03188663434809022,0.973648368566336,12.107000350952148,3.868408203125,4550,4550,46.834819472860545,15.19446801766695,32.442674464607926,0.06407913507957325,0.020788985193602328,2.259765625,,
10.486129999998957,1528,,,,-0.125,-0.359375,-0.806640625,0.03185479372534657,0.9614785511639301,12.108572959899902,3.8246371746063232,4551,4550,46.31089827386609,15.177734424572252,32.77356948426385,0.06334796250007696,0.020761388506828134,2.26953125,,
10.512720000000671,1528,,,,0.361328125,-0.9453125,-1.052734375,0.03190642333439064,0.9598225668781234,12.108501434326172,3.8140869140625,4547,4549,46.182876869570464,15.197618694313691,32.90747507400797,0.06315611584841568,0.020783083080528987,2.2578125,,
10.543004999998956,1528,,,,0.07421875,0.23046875,-0.931640625,0.032005840706474074,0.9745486016344592,12.107001304626465,3.909912109375,4546,4548,47.33731100917794,15.242277375913966,32.19928857589468,0.06393720423789512,0.02058732489991901,2.255859375,,
10.56816000000015,1528,,,,0.572265625,-0.630859375,-0.978515625,0.03221180491402481,0.9781125104327768,12.106801986694336,3.85400390625,4548,4548,46.65966214891523,15.339862628384976,32.876068796699606,0.06376279463043374,0.020962700229399677,2.259765625,,
10.590470000000671,1528,,,,-0.537109375,0.486328125,-0.947265625,0.03203860049932826,0.98032787565204,12.106858253479004,3.876953125,4548,4548,46.937721939757466,15.257838866851225,32.50656025964362,0.06425076868401555,0.02088571483955375,2.2578125,,
10.614919999999925,1528,,,,0.486328125,-0.982421875,-0.95703125,0.032049452240098156,0.9580776706843538,12.105714797973633,3.9327566623687744,4548,4548,47.608830524467066,15.264181826908429,32.06166095397761,0.06276639531346571,0.020123948858436668,2.26953125,,
10.639844999998807,1528,,,,0.037109375,-0.62109375,-1.130859375,0.032078426639474925,0.9694139389496085,12.110000610351562,3.80615234375,4549,4548,46.09250720590353,15.276778190610294,33.14373445203615,0.06345670054602535,0.021031920320998418,2.2734375,,
10.664604999998584,1528,,,,-0.173828125,-0.408203125,-0.61328125,0.032037343312723746,0.9699807523628713,12.109500885009766,3.8702392578125,4078,4548,46.86666571768001,15.258683575016564,32.55764697862935,0.06356909805450359,0.020696602532084017,2.267578125,,
10.689099999999627,1528,,,,0.9375,-0.17578125,-1.05078125,0.03199609845349344,0.9681914002151203,12.106000900268555,3.90380859375,4466,4547,47.25951035041362,15.236285536712632,32.23961785414326,0.06354510736112239,0.020486699778230914,2.2734375,,
10.714429999999702,1528,,,,0.349609375,-0.65625,-1.208984375,0.03208000158114654,0.969491736869076,12.108000755310059,3.856724262237549,4532,4547,46.69722028019487,15.274942639667298,32.71060364624246,0.0634694191486792,0.02076123013429677,2.283203125,,
10.741195000000298,1528,,,,-0.03125,-0.802734375,-0.78515625,0.03206053831474998,0.9810725128812284,12.108001708984375,3.9534504413604736,4544,4547,47.868384700377646,15.265452717265022,31.89046969689075,0.06426750198974765,0.020495208246989135,2.291015625,,
10.764909999998286,1528,,,,0.28125,-0.6484375,-1.083984375,0.03215787532736158,0.9854847663138815,12.11050033569336,3.834228515625,4547,4546,46.43442572560161,15.31005178525156,32.97133871262752,0.06436848027275885,0.02122314965490215,2.294921875,,
10.789080000000075,1528,,,,-0.0859375,-0.51171875,-0.712890625,0.03233764071521726,0.9598670228321048,12.109715461730957,3.8351004123687744,4545,4547,46.44197476095292,15.396778187627111,33.15272071628677,0.062342069953534585,0.02066809234044745,2.291015625,,
10.814949999999255,1528,,,,0.2734375,-0.654296875,-1.060546875,0.032283123393467075,0.9563550024675749,12.106500625610352,3.89892578125,4546,4547,47.202347409911454,15.371291305059229,32.56467559033218,0.06221695910172525,0.020260750893646474,2.2734375,,
10.839189999999478,1528,,,,0.1484375,0.056640625,-0.84375,0.03229766324317188,0.974415233772515,12.106501579284668,3.804931640625,4547,4547,46.064410916296765,15.378295234652501,33.38433061175202,0.06336302034160639,0.02115332019643356,2.26953125,,
10.861169999999925,1528,,,,0.63671875,-0.4453125,-0.892578125,0.0323492783198822,0.9678468665717644,12.106500625610352,4.1064453125,4551,4548,49.714682744815946,15.406255317488856,30.989346540877527,0.0628216816238976,0.019468028621236404,2.275390625,,
10.885824999999254,1528,,,,0.09375,-0.958984375,-1.087890625,0.03263973523640818,0.963645778920523,12.107430458068848,3.818359375,4563,4556,46.23052059672773,15.574058034311932,33.68782750721239,0.06187506023140984,0.020844363560741114,2.28125,,
10.913279999999329,1528,,,,-0.4375,0.294921875,-0.8203125,0.03411506893879078,0.9905749730447507,12.110000610351562,3.7371826171875,4560,4561,45.257283775135875,16.294830288174634,36.004879058002444,0.06079075114784249,0.02188763642923192,2.28125,,
10.939209999999031,1528,,,,0.322265625,-0.61328125,-1.189453125,0.03161207370869177,0.9906416569757227,12.107501029968262,3.90380859375,4556,4557,47.265366569627076,15.084092034561785,31.913625407604236,0.06567459643615879,0.02095914469459152,2.27734375,,
10.96515499999933,1528,,,,-0.111328125,-0.951171875,-0.677734375,0.031621827419858646,0.9698362705124317,12.105501174926758,3.905029296875,4554,4555,47.27233674144372,15.082881154355167,31.906358335639425,0.06430046491696928,0.020515936747890335,2.28515625,,
10.990634999999777,1528,,,,0.57421875,-0.296875,-1.14453125,0.03242887526552004,0.993142304387176,12.108500480651855,3.7811279296875,4552,4553,45.78378935402725,15.461440875419761,33.77055742560491,0.06423348977559074,0.02169200755113593,2.291015625,,
11.015035000000148,1528,,,,-0.048828125,0.00390625,-0.8828125,0.03191522517769603,1.004867562249768,12.107501029968262,3.88916015625,4548,4551,47.0880105975084,15.210685629938878,32.302672032493405,0.06606326543702329,0.021340199968077206,2.291015625,,
11.039039999999106,1528,,,,0.57421875,-1.09375,-1.0234375,0.03216003184185169,0.9688248975593551,12.108000755310059,3.890380859375,4548,4549,47.104734383756295,15.321329948451424,32.52609349971171,0.06323373367840546,0.020567463339596855,2.298828125,,
11.06611999999918,1528,,,,-0.375,-0.224609375,-1.19921875,0.032170493305619635,0.977738316332624,12.106857299804688,3.846958637237549,4549,4548,46.57457925928611,15.323318136387181,32.900604535964746,0.06380721901288855,0.020992960792827368,2.298828125,,
11.090185000000522,1528,,,,0.412109375,-0.466796875,-0.859375,0.03233135506166263,0.9818616060643982,12.108445167541504,3.8834636211395264,4549,4549,47.02270631671013,15.402187128235976,32.75478664392102,0.06374819354482492,0.020880584784961236,2.296875,,
11.116404999999329,1528,,,,0.3125,-0.13671875,-1.166015625,0.03281411960848601,0.9798277461697494,12.107501029968262,3.924560546875,4549,4549,47.51662086346187,15.630074684007617,32.89391038331692,0.06268861576024903,0.020620737088718203,2.2890625,,
11.140064999999478,1528,,,,-0.298828125,-0.181640625,-0.9140625,0.03238045453725157,0.9686359597549342,12.106000900268555,3.8470458984375,4550,4549,46.572341109858826,15.424533773470573,33.119515587773144,0.06279839468606432,0.020798524116922377,2.287109375,,
11.16516000000015,1528,,,,0.32421875,-1.0390625,-0.91015625,0.03258090220103872,0.9925866049624085,12.105714797973633,3.911830425262451,4550,4550,47.355503466263144,15.523119444007442,32.77996918577029,0.06394247036123833,0.02096032208103423,2.279296875,,
11.190269999999552,1528,,,,-0.287109375,-0.138671875,-1.11328125,0.03206226500752224,0.9880520976563067,12.104500770568848,3.8629150390625,4551,4550,46.75865806697402,15.275579333906542,32.66898573527668,0.06468180852972105,0.021130890801893544,2.265625,,
11.212894999999554,1528,,,,0.673828125,-0.099609375,-0.8125,0.03226603990676479,0.9691805451912062,12.11050033569336,3.8214111328125,4549,4550,46.27920080674812,15.37424161725339,33.220629028260184,0.0630392424757762,0.02094203288510304,2.2734375,,
11.432104999998584,1528,,,,0.1875,-0.5859375,-1.142578125,0.03253973768884604,0.9675023329284087,12.107429504394531,3.905552387237549,4549,4550,47.286200204198394,15.50565690223696,32.791082462278844,0.062396732949045824,0.02046056415508953,2.28515625,,
11.453900000000372,1528,,,,-0.009765625,-0.283203125,-0.974609375,0.032215518718291695,0.9687866237614743,12.106573104858398,3.871535301208496,4549,4549,46.87102515212064,15.346138011708518,32.741204106166634,0.06312901806450112,0.020669200654717113,2.279296875,,
11.475744999999181,1528,,,,-0.296875,-0.8125,-0.884765625,0.03226322426709813,0.9429848743076715,12.109715461730957,3.8260324001312256,4551,4550,46.332163712952706,15.372734707656257,33.179401684965185,0.06134138734847393,0.020352705307480574,2.259765625,,
11.673329999998211,1528,,,,0.8125,0.08203125,-0.81640625,0.032128567662446095,0.9511869978172381,12.104571342468262,3.9013671875,4550,4550,47.2243774542585,15.308769152975772,32.41709044826231,0.06213347319515515,0.020141864204320264,2.26953125,,
11.70533999999985,1528,,,,0.068359375,-0.326171875,-1.025390625,0.0319191658330903,0.9604310577482437,12.107272148132324,3.8440310955047607,4550,4550,46.540730619159376,15.209402593661144,32.67976757416847,0.06314719147144705,0.020636355402484034,2.265625,,
11.737349999997765,1528,,,,0.46875,-0.720703125,-0.880859375,0.03175953368889784,0.9513648216331637,12.10840129852295,3.81494140625,4550,4549,46.192841477226466,15.130647988140687,32.7553956506448,0.06287667404455102,0.02059550335525898,2.263671875,,
11.759434999998659,1528,,,,-0.34375,-0.02734375,-0.82421875,0.031762172874243134,0.954728678638565,12.109200477600098,3.8525390625,4549,4548,46.65116785559803,15.128456081033805,32.42889037175181,0.06310813697872887,0.02046526855648695,2.26953125,,
11.785699999999254,1528,,,,0.662109375,-0.498046875,-1.23828125,0.03174955293970938,0.95459899228531,12.106858253479004,3.8399832248687744,4545,4548,46.49013259922344,15.120110914989041,32.52326906729795,0.06313439085549206,0.02053336781193124,2.275390625,,
11.812544999999925,1528,,,,-0.75,-0.212890625,-0.771484375,0.0319705174937844,0.9512647957367056,12.109001159667969,3.8519287109375,4549,4548,46.64300922770053,15.226844486054588,32.64550194804243,0.062472877857780426,0.02039458455805988,2.279296875,,
11.838259999999776,1528,,,,0.51171875,-1.009765625,-1.033203125,0.0320407971174702,0.941273320079388,12.105334281921387,3.936631917953491,4550,4549,47.65424531170834,15.262707551620974,32.02801230359854,0.06167145094642269,0.019752139896927996,2.279296875,,
11.862839999997988,1528,,,,0.009765625,-0.25,-0.958984375,0.032260613197975976,0.9632012193807091,12.107501029968262,3.8433837890625,4552,4552,46.53377318463754,15.37653694987325,33.04382150328096,0.06264097192499829,0.020698970950816777,2.27734375,,
11.885469999998808,1528,,,,0.34375,0.287109375,-1.0078125,0.03236613694491961,0.9898970197465343,12.109500885009766,3.8250732421875,4550,4551,46.319727811496705,15.425547410434776,33.30232740833616,0.06417256991974936,0.02137095934101838,2.27734375,,
11.912849999999628,1528,,,,0.412109375,-0.48046875,-1.28125,0.03179875509007905,0.9711699491318735,12.108572959899902,3.858119487762451,4548,4550,46.71632130558328,15.150578496177452,32.431017838655755,0.06410117932968061,0.020788664903197432,2.275390625,,
11.939275000000373,1528,,,,-0.009765625,-0.3828125,-0.837890625,0.03181881124774636,0.9648683176550112,12.109001159667969,3.8409423828125,4549,4549,46.509975767694414,15.156228426986976,32.58704864239988,0.06366150538724923,0.020745405727026926,2.275390625,,
11.961654999999329,1528,,,,-0.3125,-0.228515625,-1.34375,0.03230260172143984,0.960100416590507,12.109777450561523,3.8595919609069824,4546,4548,46.73879969655991,15.385081446702838,32.91715137441841,0.06240463659009522,0.020541828691017342,2.2734375,,
11.985419999999925,1528,,,,0.21875,-0.1015625,-1.00390625,0.03234349081796091,0.9909973046075737,12.110285758972168,3.9146206378936768,4548,4548,47.40717456286234,15.40310213552955,32.49107814916263,0.06433751434535324,0.02090395206517744,2.267578125,,
12.009099999997765,1528,,,,-0.099609375,-0.25,-0.59765625,0.03201233665966634,0.9589667897639816,12.110857009887695,3.8462612628936768,4548,4548,46.581520177575385,15.246778693837479,32.73138926276899,0.06289635397879696,0.020586850452889122,2.259765625,,
12.03155999999866,1528,,,,0.375,-0.27734375,-1.4453125,0.03193469347451581,0.9530763758614472,12.107501029968262,3.9501953125,4551,4549,47.82699381466955,15.211683301858178,31.80564381864292,0.06265423470557165,0.019927582727750675,2.255859375,,
12.053729999998584,1528,,,,-0.296875,-0.58203125,-1.078125,0.0320863916159831,0.9482306768774756,12.107429504394531,3.8260324001312256,4550,4550,46.32341756611822,15.289183727387657,33.005301704186955,0.06201970581195262,0.020469791019284134,2.26171875,,
12.075989999998361,1528,,,,-0.048828125,-0.2890625,-0.560546875,0.03189475359091065,0.9650461414709368,12.10866641998291,3.857421875,4551,4550,46.708234725520015,15.196608723228596,32.535181028636934,0.06350404613601895,0.020661156370862882,2.265625,,
12.097759999999777,1528,,,,0.40625,0.05859375,-1.23828125,0.03166447381089327,0.9741262700716359,12.109715461730957,3.8253347873687744,4549,4550,46.32371582089695,15.086129434617881,32.56675153812342,0.06457098716363424,0.02102867295529433,2.271484375,,
12.11956499999948,1528,,,,-0.0234375,-0.654296875,-1.31640625,0.0318892159333429,0.9656796388151717,12.106858253479004,3.88671875,4549,4550,47.0559529773891,15.193070215979105,32.28724370597604,0.06356053286711802,0.02052194414762339,2.279296875,,
12.142745000001042,1528,,,,-0.15625,0.1015625,-0.71484375,0.03209419561894804,0.9656796388151717,12.107999801635742,3.871372699737549,4548,4549,46.87457988048027,15.289107814823005,32.61705567027336,0.06316128125402659,0.02060135026868378,2.275390625,,
12.167160000000148,1528,,,,0.2734375,-0.20703125,-0.8203125,0.031882771402254734,0.9597225409816653,12.103429794311523,3.9229910373687744,4549,4549,47.481646604506295,15.186844380923963,31.98466242635031,0.06319433563085447,0.02021249492410362,2.267578125,,
12.190664999999106,1528,,,,0.25,-1.427734375,-1.0078125,0.032289048922865646,0.958022100741877,12.107501029968262,3.8189697265625,4554,4551,46.23817989777308,15.387827676585749,33.2794839905168,0.062258437050189464,0.020719286590863785,2.255859375,,
12.217070000000298,1528,,,,-0.197265625,-0.099609375,-0.857421875,0.03246985756460477,0.9680135763991947,12.109715461730957,3.8720703125,4552,4553,46.88966973219067,15.480135228833882,33.01395662892986,0.06253263050287418,0.02064449551314785,2.259765625,,
12.23964999999851,1528,,,,0.75,-0.294921875,-1.236328125,0.03195539236481732,0.9562660905596121,12.107000350952148,3.81591796875,4551,4552,46.19932018686086,15.233518550081488,32.97346906505763,0.06277381600421506,0.02069870480110604,2.25,,
12.262099999999627,1528,,,,-0.203125,-0.27734375,-1.099609375,0.031996291426117734,0.9727481354982128,12.107001304626465,3.8525390625,4553,4553,46.64269545581192,15.254077366811302,32.70410772306806,0.06376971298274955,0.020855315628569737,2.244140625,,
12.285499999998137,1528,,,,-0.361328125,-0.693359375,-0.5625,0.03226419346197296,0.980361217617526,12.106667518615723,3.8216145038604736,4553,4553,46.267016182558336,15.381708834176449,33.24551722437424,0.0637355204279561,0.021189203421920714,2.232421875,,
12.313039999999106,1528,,,,0.923828125,-0.681640625,-1.2109375,0.03210705757273255,0.9794609845494029,12.107501029968262,3.85498046875,4551,4551,46.67417999589816,15.30240142404404,32.78558171860514,0.06400701154071253,0.02098507107431733,2.240234375,,
12.337934999998659,1528,,,,-0.5859375,0.359375,-0.787109375,0.03193683179389523,0.9683136540885692,12.108501434326172,3.8623046875,4548,4550,46.76672184839845,15.216696725861231,32.53744569736682,0.06363494466199691,0.020705185563946675,2.251953125,,
12.361969999998808,1528,,,,0.548828125,-0.72265625,-0.90625,0.032109187118564815,0.9707920735230318,12.108500480651855,3.7750244140625,4551,4549,45.70988493214827,15.295134050506132,33.46132696070056,0.0634706482674408,0.02123812114084459,2.259765625,,
12.386570000000297,1528,,,,0.375,-1.1796875,-1.248046875,0.03201838630253128,0.9637902607709625,12.106501579284668,3.8848876953125,4549,4549,47.032399018644355,15.25100749524692,32.42659913903433,0.06319518635548073,0.020492049754657456,2.267578125,,
12.412949999999254,1528,,,,-0.509765625,-0.041015625,-0.810546875,0.03192783141829989,0.9561549506746586,12.106858253479004,3.8246371746063232,4550,4549,46.30434014394518,15.208643187467802,32.84496256763202,0.06286918161526385,0.020649359168110004,2.267578125,,
12.435515000000596,1528,,,,0.44921875,-0.1796875,-1.1796875,0.03200455641147773,0.9603560383259001,12.10888957977295,3.848741292953491,4549,4548,46.6039833374864,15.243689415385303,32.70898391881426,0.06300023650157963,0.02060673722611663,2.251953125,,
12.460694999998436,1528,,,,0.01171875,-0.056640625,-0.830078125,0.03189724155439775,0.9624565821515209,12.108572959899902,3.871372699737549,4548,4548,46.87679878973677,15.192313734585694,32.40902563063224,0.06335154729989967,0.020531619201826588,2.23828125,,
12.488085000000893,1528,,,,0.25,-0.703125,-0.9453125,0.031720825450272605,0.9721035241654827,12.108000755310059,3.93798828125,4549,4549,47.68116508377716,15.110617220373705,31.69095636363734,0.06433248291504544,0.0203875790882515,2.2421875,,
12.511509999999776,1528,,,,-0.048828125,-0.4375,-1.22265625,0.03245838669226963,0.9653906751142927,12.10977840423584,3.857421875,4554,4554,46.71252411790192,15.477680027466846,33.13389785660339,0.06237308649623851,0.020666634769674546,2.24609375,,
12.535589999997988,1528,,,,0.0234375,-0.078125,-0.54296875,0.03269871974341033,0.976204585920266,12.106857299804688,3.881138324737549,4556,4555,46.98838785840053,15.598680279930742,33.19688329579928,0.06258251136644236,0.020775443261898188,2.24609375,,
12.561334999999032,1528,,,,0.287109375,-0.384765625,-1.421875,0.03220681910960502,0.9730704411645779,12.10914421081543,3.7813894748687744,4554,4555,45.78939046844562,15.36262343867907,33.550617908455806,0.06334012189055165,0.021251002278249154,2.24609375,,
12.586605000000446,1528,,,,-0.26171875,-0.7578125,-0.623046875,0.03190374407508699,0.9585666861781491,12.106668472290039,3.842230796813965,4552,4553,46.51661445104946,15.210473405877021,32.69901213873457,0.06302017436273734,0.02060697446472317,2.251953125,,
12.612609999999403,1528,,,,0.673828125,-0.4921875,-1.048828125,0.03174268906695175,0.9697918145584503,12.108001708984375,3.8690185546875,4551,4551,46.84608327224851,15.127406427216213,32.29172082392136,0.06410826728458,0.020701662696589886,2.2578125,,
12.638924999998883,1528,,,,0.173828125,0.43359375,-1.1171875,0.0317126313100397,0.9728926173486523,12.107501029968262,3.814697265625,4549,4550,46.1864510725718,15.11026501043574,32.71579577892507,0.06438620478705931,0.021064459267934803,2.263671875,,
12.662349999999627,1528,,,,0.36328125,-0.876953125,-0.9921875,0.03168541155023089,0.9536987592171868,12.11050033569336,3.8604736328125,4548,4549,46.752267226111144,15.094282459694544,32.28566945575719,0.0631827820741925,0.0203989841734252,2.287109375,,
12.685764999998733,1528,,,,-0.421875,-0.439453125,-1.009765625,0.03190063191991797,0.9525762463791566,12.105714797973633,3.8692800998687744,4549,4548,46.84040136248632,15.194654589933627,32.43920664203097,0.06269153673359794,0.02033663714807659,2.28125,,
12.71108499999903,1528,,,,0.3125,-0.23828125,-0.876953125,0.03194480518413558,0.9572552355356981,12.107999801635742,3.8116455078125,4548,4548,46.15140305249952,15.215047561797837,32.96768149061462,0.06291503405741489,0.02074162803776025,2.27734375,,
12.735574999999255,1528,,,,0.3359375,-0.43359375,-1.125,0.03204213716632396,0.9577220230525026,12.105501174926758,3.90380859375,4547,4548,47.2575595183298,15.261294564740698,32.293869425951414,0.06275496610000562,0.020266006810635888,2.267578125,,
12.762179999999702,1528,,,,0.21875,-0.16796875,-1.21875,0.03197493546298247,0.9581888105693073,12.109000205993652,3.8189697265625,4548,4548,46.243905205628835,15.229268108568402,32.93248708310795,0.06291758761737239,0.020720326415094286,2.26171875,,
12.789459999999032,1528,,,,0.5234375,-1.044921875,-0.73828125,0.03196133096283623,0.9455114312048046,12.110000610351562,3.883056640625,4549,4548,47.02381828799844,15.222785160839999,32.372499118654524,0.06211159266946068,0.020107074789503448,2.259765625,,
12.814919999999926,1528,,,,-0.166015625,-0.25390625,-1.107421875,0.03207781851720052,0.9703141720177316,12.107111930847168,3.880750894546509,4548,4548,46.984685456009856,15.278266173555933,32.51754486652986,0.06350944282520615,0.020651711565169536,2.2578125,,
12.841394999997691,1528,,,,0.57421875,-1.26171875,-0.900390625,0.03192571584586549,0.9699251824203945,12.108000755310059,3.8836669921875,4548,4548,47.02344287477899,15.205821461925241,32.33668258280781,0.0637864376383116,0.020626417869981477,2.2578125,,
12.864830000000074,1528,,,,0.037109375,0.216796875,-1.193359375,0.03194398121653128,0.9544433964463751,12.107556343078613,3.8639323711395264,4549,4548,46.78277888941716,15.213674747032035,32.51981842077696,0.06273588809518706,0.020401596893216658,2.267578125,,
12.88927999999933,1528,,,,0.111328125,-0.3671875,-0.677734375,0.03198408803857387,0.9559215569162564,12.108572006225586,3.8309152126312256,4548,4548,46.386912701890196,15.233477568536617,32.84003327929146,0.06275136800612269,0.020607570136421345,2.255859375,,
13.07965499999933,1528,,,,0.07421875,-0.390625,-1.216796875,0.0317818074981642,0.9615896910488837,12.105142593383789,3.8588168621063232,4548,4548,46.71152835755083,15.137649963299902,32.40666810862961,0.06352304970587812,0.020585703890663738,2.265625,,
13.105244999999181,1528,,,,0.041015625,-0.328125,-0.978515625,0.03192505988915689,0.9669881025732145,12.107938766479492,3.8581085205078125,4549,4548,46.71374172074138,15.206388997982073,32.552282129072694,0.06359090923568617,0.020700292182843104,2.263671875,,
13.138629999998956,1528,,,,0.099609375,-0.4453125,-1.37109375,0.03206100237129257,0.9595113752002536,12.106500625610352,3.9129638671875,4551,4550,47.37229950609617,15.275731964746821,32.24612721782915,0.06281279204260747,0.02025469283112967,2.25,,
13.162354999998584,1528,,,,0.017578125,-0.30859375,-1.001953125,0.03250126344524785,0.9567439920649121,12.10690975189209,3.8600852489471436,4554,4553,46.73370374361298,15.494906704437106,33.15574299320278,0.06174570846502353,0.020472248407995455,2.2578125,,
13.185459999999031,1528,,,,-0.046875,0.00390625,-0.9140625,0.032285451192121346,0.9556103652383866,12.104571342468262,3.8692800998687744,4554,4553,46.8359770128543,15.39406690646759,32.868038393311686,0.062076537086954,0.02040334004297841,2.2578125,,
13.206205000000075,1528,,,,0.474609375,-0.4921875,-0.869140625,0.032308720392890164,0.9517093552765196,12.109143257141113,3.872767925262451,4556,4555,46.89590160866419,15.409617268660462,32.85919822429319,0.061760739328164414,0.020294083760630542,2.263671875,,
13.22988000000082,1528,,,,-0.28125,-1.052734375,-1.10546875,0.032591860419100234,0.9563216605020889,12.105145454406738,3.931361675262451,4557,4556,47.58970491293212,15.5492353080538,32.67352747091403,0.061502809723816936,0.020095137430495312,2.25390625,,
13.251129999998957,1528,,,,0.5625,1.10546875,-0.955078125,0.03208151699614331,0.960256012429442,12.105143547058105,4.188755512237549,4576,4568,50.70548675916643,15.345272320929737,30.26353418874467,0.06257666806731926,0.018937911334730436,2.259765625,,
13.272164999999106,1528,,,,1.486328125,0.462890625,-1.10546875,0.03474333610194295,0.9764824356326497,12.109333992004395,3.8151042461395264,4585,4585,46.19837153081767,16.680596155792827,36.106459173924904,0.05854002018348352,0.021136728487956877,2.26953125,,
13.29652999999933,1528,,,,-0.46875,-0.00390625,-0.7890625,0.03420406467129011,0.9885411131501018,12.108000755310059,3.7876675128936768,4575,4580,45.86108110698001,16.40582488738086,35.772869917983485,0.06025549583370687,0.021555120143027916,2.271484375,,
13.318234999999405,1528,,,,0.3125,-0.783203125,-0.921875,0.03019308968941282,0.99119735640049,12.105501174926758,3.8897705078125,4566,4569,47.08762145251967,14.446688993987163,30.680439037580896,0.06861069389761452,0.02105006211451886,2.283203125,,
13.341734999999405,1528,,,,-0.046875,-0.294921875,-1.056640625,0.030867317873303483,0.9836843001776352,12.111428260803223,3.744419574737549,4558,4562,45.350269057781134,14.745743099967314,32.51522737644543,0.06670971367864233,0.021690815084786274,2.2890625,,
13.366084999999032,1528,,,,-0.01171875,0.205078125,-0.7890625,0.03139828155999889,0.952009432965894,12.105143547058105,3.858119487762451,4558,4558,46.70309022106676,14.986492787634704,32.08886760318618,0.06352449812349646,0.020384292098437267,2.30078125,,
13.390984999999404,1528,,,,-0.099609375,-1.091796875,-0.955078125,0.03202907385587644,0.9678024106177832,12.108000755310059,3.818359375,4555,4556,46.23269819654524,15.27983164400621,33.049837539328394,0.06333855196614166,0.020933288524572907,2.291015625,,
13.415094999998807,1528,,,,0.0859375,0.0546875,-1.107421875,0.03207890644229021,0.9634457271276068,12.107500076293945,3.857421875,4553,4554,46.703735645860434,15.299135512140387,32.75784110322323,0.06297386714191006,0.0206288793349018,2.26953125,,
13.440319999998435,1528,,,,0.109375,-0.1796875,-0.77734375,0.031792008733597325,0.9689693794097947,12.106499671936035,3.90869140625,4552,4553,47.320571227464825,15.156747079312899,32.029932619486075,0.06392990358282874,0.020476705041282458,2.265625,,
13.46611499999836,1528,,,,0.23828125,-0.51171875,-1.177734375,0.03186434943346592,0.9459189672704433,12.111428260803223,3.8232421875,4551,4551,46.30492347758263,15.185783672008007,32.79518144406355,0.06228976967544047,0.020428042986149978,2.259765625,,
13.489724999997765,1528,,,,-0.2109375,-0.478515625,-0.720703125,0.03195768953902353,0.9505349540047018,12.10888957977295,3.8525390625,4552,4551,46.6499701095745,15.229803960080451,32.64697474469479,0.06241281611347022,0.020375896314017417,2.265625,,
13.515144999997691,1528,,,,0.296875,0.1015625,-0.728515625,0.03178501141489024,0.9575441992365771,12.108001708984375,3.8560268878936768,4550,4551,46.68878014850634,15.147910793254304,32.444434712306176,0.06321295473056208,0.02050908582727687,2.2578125,,
13.536874999998137,1528,,,,0.3984375,-0.234375,-1.337890625,0.03162305400472187,0.9583666343852328,12.107000350952148,3.876953125,4551,4551,46.93827284500003,15.070792539954253,32.10768446832536,0.06359099110710352,0.020417594774949636,2.26953125,,
13.564980000000448,1528,,,,-0.4375,-0.50390625,-0.72265625,0.031808215639359046,0.9583666343852328,12.105999946594238,3.89404296875,4552,4552,47.14128397172317,15.162584773497072,32.16413193707678,0.06320601986413145,0.020329667621274198,2.275390625,,
13.590259999999777,1528,,,,0.291015625,-0.689453125,-1.041015625,0.0322204324129919,0.9661834498061515,12.110001564025879,3.83154296875,4552,4553,46.39999134419486,15.361045322383578,33.10570730161442,0.0628982878136726,0.020822923061321465,2.28515625,,
13.614109999999403,1528,,,,0.6875,-0.140625,-0.796875,0.03209950956241621,0.9587333960055793,12.108001708984375,3.8519287109375,4551,4552,46.63915941491723,15.300025675755766,32.80510598323981,0.0626622083075832,0.02055640384674117,2.287109375,,
13.63586999999918,1528,,,,0.46875,-0.458984375,-1.052734375,0.03189998914361688,0.9548323860437123,12.106858253479004,3.803013324737549,4551,4551,46.04254325868942,15.203164398548505,33.01981889473335,0.06280484516334463,0.020738046130054096,2.3125,,
13.66424499999918,1528,,,,-0.140625,-1.134765625,-0.8984375,0.03183553461029259,0.9430404442501483,12.108572006225586,3.8330078125,4551,4551,46.41225109808147,15.170783802206545,32.687024316374206,0.06216161646921538,0.02031878269074371,2.302734375,,
13.686159999998287,1528,,,,0.2734375,-0.474609375,-0.767578125,0.03196688035805816,0.9260916117947429,12.110222816467285,3.8601346015930176,4550,4550,46.747090126846615,15.232324157239523,32.584539734788066,0.06079778779882359,0.0198106793231798,2.296875,,
13.716719999998809,1528,,,,0.173828125,-0.1875,-1.05078125,0.03178171327379583,0.9471970759474083,12.10866641998291,3.7833659648895264,4550,4550,45.81151641356405,15.143305243109294,33.05567339531596,0.0625488993810261,0.020675959891756794,2.287109375,,
13.740449999999255,1528,,,,-0.125,-0.0546875,-0.9453125,0.03186868258413904,0.9501497153784817,12.106546401977539,3.9093573093414307,4550,4550,47.32881566745209,15.184660141858986,32.083330055312246,0.06257299844065917,0.020075501615222063,2.279296875,,
13.763669999999925,1528,,,,-0.07421875,-0.962890625,-1.220703125,0.03221941053840716,0.9496754953818709,12.104571342468262,4.5040459632873535,4560,4555,54.519545692367956,15.367713960987555,28.18753121623836,0.06179679669941249,0.017418991360282254,2.275390625,,
13.790234999999404,1528,,,,0.787109375,-0.96484375,-0.837890625,0.03445491608762148,0.9531875157464008,12.110285758972168,3.745814800262451,4587,4579,45.36288763136554,16.522718433758214,36.42342737972838,0.05768950911848174,0.021012496459491978,2.28125,,
13.81215499999933,1528,,,,0.537109375,0.55859375,-0.921875,0.034920360048874534,0.9804834714909749,12.108000755310059,3.765869140625,4583,4587,45.59714639908634,16.772693368981074,36.78452423794038,0.058457127303373484,0.021503176161713083,2.275390625,,
13.836539999999106,1528,,,,0.453125,0.111328125,-0.869140625,0.03006418635185735,0.9917975117792387,12.110285758972168,3.7772042751312256,4571,4577,45.74302314185047,14.410525216541918,31.503220003309472,0.06882452213752412,0.021681940625210654,2.267578125,,
13.86343499999866,1528,,,,-0.037109375,-0.533203125,-1.337890625,0.03012371009228251,0.9810613988927331,12.108001708984375,3.8525390625,4565,4567,46.64654955267906,14.406982563295761,30.885419610780886,0.06809624392772946,0.02103181067626014,2.26953125,,
13.889689999999478,1528,,,,0.23828125,-0.677734375,-0.87109375,0.03119253065287297,0.9604560642223582,12.105501174926758,4.0228271484375,4561,4561,48.698338771937415,14.897765647957153,30.59193808997452,0.06446980620574201,0.01972256320118715,2.279296875,,
13.911919999999926,1528,,,,0,0.46875,-0.98828125,0.03254411164184088,0.9671022293425763,12.108890533447266,3.8330078125,4564,4563,46.41347201541066,15.550693527275254,33.50469777850697,0.06219029573480566,0.020836670633506353,2.28515625,,
13.936199999999255,1528,,,,-0.328125,-1.134765625,-0.728515625,0.03230437033440565,0.9657018667921623,12.105999946594238,3.79638671875,4559,4561,45.959057414438576,15.430735630763477,33.57496106070211,0.06258300899581815,0.02101222090096164,2.27734375,,
14.151625,1528,,,,0.75,-0.21875,-1.296875,0.03135502662748793,0.9753154668406382,12.107500076293945,3.88427734375,4557,4558,47.02888823579997,14.965165920264475,31.82121985369939,0.06517237911274704,0.02073864604135369,2.2890625,,
14.17511499999836,1528,,,,0.07421875,-0.359375,-0.98828125,0.03189849920911109,0.9619924342069839,12.106945037841797,3.8582355976104736,4552,4552,46.7114463233147,15.205695499182024,32.55239710184809,0.06326527019160244,0.02059436198032756,2.2890625,,
14.20002499999851,1528,,,,0.125,-0.341796875,-0.728515625,0.03216695705782588,0.9642459342992719,12.10914421081543,3.809291362762451,4550,4550,46.127258452704154,15.325691743211113,33.224805152738625,0.06291695999473616,0.0209040373662776,2.3046875,,
14.222179999999701,1528,,,,1.111328125,-0.732421875,-1.357421875,0.032157430274640075,0.9711032652009014,12.109001159667969,3.84033203125,4548,4549,46.502585019916296,15.318970208673877,32.942190637602216,0.0633922027376909,0.020882780275225426,2.310546875,,
14.24843499999866,1528,,,,-0.5625,-0.046875,-0.7890625,0.03189422204285645,0.9644348721036927,12.10914421081543,3.8546316623687744,4549,4548,46.6762906791987,15.191297592190987,32.54606861671849,0.06348601008247352,0.020662200403458654,2.31640625,,
14.272865000000223,1528,,,,0.599609375,-0.84375,-0.953125,0.032059455067255216,0.9589556757754862,12.109001159667969,3.8092041015625,4546,4548,46.125656883232296,15.26960211035814,33.10435697211497,0.0628016151858324,0.02079007087537192,2.31640625,,
14.299199999999255,1528,,,,-0.2109375,-0.458984375,-1.181640625,0.0321905874709291,0.967191141250539,12.106501579284668,3.8922119140625,4551,4549,47.12106968450826,15.335356114002074,32.54458401873631,0.06306936298449808,0.02052566182657176,2.328125,,
14.323910000000149,1528,,,,0.32421875,-0.220703125,-0.513671875,0.03238242003539308,0.9659797165045461,12.109000205993652,3.83544921875,4550,4551,46.44345537992194,15.431422760946807,33.226258973870394,0.06259822775053553,0.02079904926544614,2.33203125,,
14.347759999999777,1528,,,,0.375,-0.423828125,-1.296875,0.0322067984289762,0.9425625427448484,12.107001304626465,3.814697265625,4551,4550,46.18454477167688,15.346584233232587,33.2288307898274,0.061418393071714046,0.02040861390763093,2.3359375,,
14.369604999998584,1528,,,,-0.4375,-0.23828125,-0.81640625,0.03185653271470893,0.9559548988817423,12.105143547058105,3.939732074737549,4551,4550,47.69102230164708,15.179994608308412,31.829878823512132,0.06297465338746056,0.020044755862755476,2.326171875,,
14.392514999998733,1528,,,,0.359375,-0.412109375,-0.75,0.03231266047188178,0.958211038546298,12.107429504394531,3.812778949737549,4555,4554,46.16295234978679,15.409300104812003,33.380230943749794,0.06218394294540793,0.020757143765106772,2.32421875,,
14.415074999999256,1528,,,,0.26171875,-0.26171875,-1.48046875,0.03250635789632928,0.946385754787248,12.106000900268555,3.8671875,4556,4556,46.8161753565073,15.509870337510556,33.12929819533994,0.06101828926953812,0.020214931005800397,2.333984375,,
14.439889999998734,1528,,,,-0.75,-0.39453125,-0.69921875,0.03211524179185299,0.9513648216331637,12.110000610351562,3.90869140625,4557,4557,47.33425531536341,15.325773683350443,32.37776443559283,0.062076136662953856,0.020098865299447877,2.333984375,,
14.463109999999403,1528,,,,1.0625,-0.34765625,-1.14453125,0.032236095098574245,0.9577775929949794,12.107001304626465,3.885498046875,4557,4557,47.041729922639206,15.383155983474387,32.701084778923324,0.06226144973267436,0.020360169461668572,2.341796875,,
14.489539999999106,1528,,,,-0.078125,-0.03125,-1.19921875,0.031972633485420746,0.9686581877319249,12.109715461730957,3.8539340496063232,4552,4555,46.670044749009094,15.249607534166788,32.67536514305693,0.06352020440930323,0.020755458730355978,2.33203125,,
14.682909999998285,1528,,,,-0.349609375,-0.41015625,-0.650390625,0.031601153218804454,0.9599077972773972,12.107555389404297,3.856879234313965,4551,4553,46.69737895969956,15.066307549194892,32.2637113363414,0.06371221310484217,0.02055592452214095,2.33203125,,
14.705214999999852,1528,,,,0.189453125,-0.328125,-0.97265625,0.032133389979857735,0.9765905886331951,12.108308792114258,3.86932373046875,4547,4548,46.850966545171104,15.302966557893924,32.66307546321302,0.06381707657391618,0.02084461987975468,2.32421875,,
14.737720000000671,1528,,,,0.3125,-0.810546875,-0.8984375,0.03220353019095319,0.9901526414819276,12.110285758972168,3.8162667751312256,4545,4545,46.21608117931032,15.328240986196338,33.166466292815784,0.06459662542972788,0.02142441799944717,2.30859375,,
14.762754999998958,1528,,,,-0.041015625,-0.0390625,-0.916015625,0.032267967956200065,0.9736039126123546,12.106400489807129,3.859375,4543,4545,46.72313939034939,15.357871547101478,32.869947840605995,0.06339445603685263,0.02083772463314936,2.30859375,,
14.785879999998956,1528,,,,0.7109375,-0.91015625,-1.146484375,0.03239069463270413,0.9646349238966089,12.108000755310059,3.902587890625,4548,4546,47.25253712735139,15.418372739644461,32.62972461793968,0.06256399038896585,0.020414457773913798,2.318359375,,
14.813509999999777,1528,,,,-0.599609375,-0.1015625,-1.20703125,0.032417415821677675,0.9649350015859834,12.110000610351562,3.8848876953125,4544,4545,47.04599236138165,15.429904749159304,32.79749023176128,0.06253667908342453,0.02051046121365406,2.3125,,
14.837669999999925,1528,,,,0.5,-0.623046875,-0.806640625,0.032513850851458095,0.9753932647601056,12.108000755310059,3.8525390625,4545,4545,46.646545878611505,15.475781156222746,33.176692646215294,0.06302707791702676,0.0209102999244226,2.310546875,,
14.861689999999479,1528,,,,0.609375,-0.443359375,-1.08984375,0.032243120599878126,0.9631789914037184,12.106500625610352,3.9593505859375,4547,4545,47.933880345663056,15.34783245381066,32.018756552012164,0.06275667878851349,0.020093908201422393,2.30859375,,
14.885879999998958,1528,,,,-0.5625,0.55078125,-0.900390625,0.032444338507048205,0.9625677220364742,12.106857299804688,3.8650949001312256,4548,4547,46.7941524060916,15.449553735717078,33.01599225826746,0.06230391754366085,0.02057025659281241,2.30859375,,
14.910830000000075,1528,,,,0.5859375,-1.150390625,-0.9375,0.03300643520362018,0.9846956731307117,12.108500480651855,3.9031982421875,4551,4550,47.26187779160682,15.727319512949386,33.276967077559455,0.06261052128558486,0.020834882555292433,2.310546875,,
14.936044999999925,1528,,,,-0.25,-0.298828125,-1.271484375,0.03265475580069248,0.9846956731307117,12.108501434326172,3.9007568359375,4550,4552,47.23231974290684,15.564955335222736,32.95403532992939,0.06326363628570095,0.020847921052587922,2.314453125,,
14.962824999999254,1528,,,,-0.01171875,-0.26171875,-0.66015625,0.03242643844466907,0.988441087253644,12.106500625610352,3.8134765625,4552,4551,46.16785638965666,15.455073695487092,33.475831247277945,0.0639557666775973,0.021409724525895294,2.30859375,,
14.985709999999031,1528,,,,0.14453125,-0.072265625,-1.162109375,0.03249967372146798,0.9819616319608563,12.107000350952148,3.8714599609375,4550,4551,46.8717671057675,15.48904193612022,33.045568564054236,0.06339718337716783,0.02094995970058119,2.3203125,,
15.014384999999777,1528,,,,-0.09375,-0.78515625,-0.748046875,0.03215618901770911,0.988252149449223,12.108000755310059,3.867885112762451,4550,4551,46.83235586678029,15.324417235476032,32.721858535299816,0.06448872634199876,0.021101909804845467,2.322265625,,
15.039294999999926,1528,,,,0.33203125,-0.458984375,-1.17578125,0.0318713319403713,0.9772159588733427,12.11111068725586,3.8362629413604736,4548,4548,46.46140510823443,15.180162755090047,32.67262950771078,0.06437453765412847,0.021032854185035164,2.30859375,,
15.061129999998958,1528,,,,-0.1875,-1.015625,-0.66796875,0.03219086093032501,0.9654907010107509,12.105501174926758,4.1009521484375,4553,4550,49.64408105122857,15.338377206885816,30.896688753404227,0.06294607884446314,0.0194482540630462,2.3125,,
15.081695000000298,1528,,,,0.703125,0.04296875,-1.056640625,0.033211391553650896,0.9659908304930415,12.106287002563477,3.861607074737549,4566,4560,46.749723537902355,15.860706900645537,33.926846407522525,0.060904651762635195,0.0206630276585457,2.322265625,,
15.103009999999777,1528,,,,0.5,-0.048828125,-1.150390625,0.03444525502008234,0.9739929022096918,12.108000755310059,3.8395183086395264,4565,4566,46.488890581034184,16.471475733387468,35.43099335673811,0.059132097085595116,0.020951089390097134,2.314453125,,
15.125804999999701,1528,,,,-0.3125,-0.419921875,-1.158203125,0.03178717170219776,0.9819949739263424,12.10857105255127,3.759765625,4560,4562,45.52538921125233,15.18513932599586,33.3553201610907,0.06466815699512471,0.021570270808000617,2.314453125,,
15.147754999998957,1528,,,,0.287109375,-0.30859375,-0.869140625,0.03122498655401741,0.9761712439547799,12.107429504394531,3.8399832248687744,4557,4558,46.49232619315626,14.904633312341147,32.05826538000831,0.06549448238666179,0.020996394972778838,2.3046875,,
15.170685000000521,1528,,,,0.298828125,-0.1796875,-1.22265625,0.03184941550424829,0.9742151819795988,12.109715461730957,3.8609097003936768,4556,4556,46.754517895204344,15.196769359374324,32.5033174193698,0.06410672945948485,0.020836813763393015,2.298828125,,
15.193459999999032,1528,,,,-0.546875,-0.53125,-1.130859375,0.03195093531377215,0.9678024106177832,12.105714797973633,3.9292690753936768,4553,4554,47.56661079121341,15.238112501297284,32.03531268641931,0.06351196124424138,0.020346255377870173,2.306640625,,
15.216109999999404,1528,,,,0.38671875,0.09765625,-0.83203125,0.03169132243725519,0.9630456235417743,12.109715461730957,3.9174106121063232,4559,4557,47.438727859372875,15.121766812217203,31.876417211363872,0.06368605173594588,0.020300831556795153,2.3046875,,
15.239324999999255,1528,,,,0.0234375,-0.55859375,-1.357421875,0.03297161908553846,0.9653906751142927,12.109143257141113,3.8497488498687744,4561,4561,46.617160327075226,15.746731666805301,33.778830705952736,0.06130736812829372,0.020708912090331558,2.314453125,,
15.262234999999404,1528,,,,0.03125,-0.05859375,-0.75,0.03225404039109555,0.965724094769153,12.108501434326172,3.8531494140625,4555,4558,46.65586520684883,15.395909627398217,32.998872830115644,0.06272601737350887,0.020698878704480436,2.3203125,,
15.286164999999105,1528,,,,-0.328125,-0.16796875,-0.919921875,0.031610038902496924,0.969780700569955,12.109143257141113,3.8169643878936768,4555,4554,46.22016858041047,15.075749265959146,32.61725287680736,0.0643271975051819,0.020981764678828493,2.318359375,,
15.31302499999851,1528,,,,0.33203125,-0.78515625,-1.099609375,0.0320126143110816,0.9719257003495572,12.108572959899902,3.848353862762451,4552,4552,46.598073522771756,15.258894331887927,32.745762170685325,0.06369568326575498,0.020857636955197132,2.3203125,,
15.33908499999903,1528,,,,-0.349609375,-0.41796875,-0.716796875,0.03199860034671151,0.9724147158433524,12.110222816467285,3.8113064765930176,4549,4550,46.1557706533863,15.246856534439209,33.033478411481354,0.0637780458973223,0.021068107022756632,2.318359375,,
15.361419999998063,1528,,,,0.298828125,-0.734375,-1.20703125,0.0319380118770371,0.9648905456320019,12.110000610351562,3.8104248046875,4547,4547,46.14424671046436,15.20851533267384,32.9586382200599,0.06344409855438285,0.020910310914517304,2.302734375,,
15.386039999999106,1528,,,,0.515625,0.087890625,-0.8984375,0.03224027589554393,0.9504090186225639,12.10628604888916,3.9097378253936768,4547,4547,47.33240449037771,15.353166501502672,32.43690378041928,0.0619031271841899,0.02007945780180625,2.298828125,,
15.412804999999702,1528,,,,-0.298828125,-0.265625,-0.84375,0.03237554830783919,0.9688137835708598,12.106500625610352,3.818359375,4550,4549,46.22697016224265,15.421849769588523,33.361151975702725,0.06282085469937171,0.020957760808692785,2.296875,,
15.436449999999255,1528,,,,0.23828125,-0.732421875,-1.0859375,0.03226907940026501,0.9534542514702891,12.108000755310059,3.856201171875,4549,4549,46.69088670169003,15.37330901175627,32.925716553589915,0.06202010580423278,0.020420564243338254,2.294921875,,
15.462740000000224,1528,,,,0.0859375,-0.40625,-0.76953125,0.03183865724551001,0.9596780850276839,12.108501434326172,3.875732421875,4548,4548,46.929311589337885,15.165027898062197,32.31461827261838,0.06328231583077487,0.02044943879478765,2.298828125,,
15.485724999999627,1528,,,,0.486328125,-0.59375,-1.013671875,0.03204069930368525,0.9648460896780205,12.110000610351562,3.8134765625,4548,4547,46.18120349943638,15.2573580132545,33.03802598700293,0.06323808413224828,0.020892614669294967,2.294921875,,
15.515349999999627,1528,,,,-0.625,0.578125,-0.974609375,0.032175611481783946,0.9881076675987835,12.106858253479004,3.9334542751312256,4547,4547,47.62177335555475,15.321642263630984,32.173607121339636,0.06449097626722801,0.020749073332934326,2.29296875,,
15.540674999998883,1528,,,,0.69921875,-0.865234375,-0.91015625,0.032276837151283065,0.9717701045106223,12.106801986694336,3.85107421875,4549,4548,46.62419300246984,15.371425408237236,32.968775260995855,0.06321925772673433,0.020842615001596797,2.294921875,,
15.563309999998658,1528,,,,-0.42578125,-0.060546875,-1.025390625,0.03242401028732477,0.9665354159293135,12.110285758972168,3.8804409503936768,4549,4549,46.99324878008497,15.44552603776492,32.867542548602216,0.06257704746125813,0.020567537699988016,2.298828125,,
15.585945000000297,1528,,,,0.09375,-1.134765625,-0.7265625,0.03221894396665297,0.977704974367138,12.105500221252441,3.936767578125,4551,4550,47.656540788011625,15.351109926160483,32.21196854057476,0.06368952988220018,0.020515651329294286,2.30078125,,
15.610759999997914,1528,,,,0.923828125,-0.48046875,-1.203125,0.03250176665699788,0.9727147935327267,12.108668327331543,3.8248698711395264,4550,4551,46.31408066483186,15.49061054353065,33.44687041427834,0.0627938318376329,0.021002571562892924,2.30078125,,
15.63561499999836,1528,,,,-0.673828125,0.59765625,-0.943359375,0.032258975096546086,0.9795276684803749,12.107500076293945,3.85986328125,4549,4550,46.73329497221857,15.371633769672497,32.89225332562242,0.06372306829303574,0.02095995304980469,2.298828125,,
15.667039999999107,1528,,,,0.5234375,-0.91796875,-0.962890625,0.03207662463008826,0.9613229553249955,12.107501029968262,3.8409423828125,4549,4549,46.50421385595109,15.278932550962285,32.854942131243135,0.06291820139388273,0.020671738657979184,2.298828125,,
15.690164999999105,1528,,,,-0.197265625,0.025390625,-1.076171875,0.03214242689763513,0.9801722798131052,12.109601020812988,3.84521484375,4547,4547,46.564017597120255,15.304645867781057,32.867966849852685,0.06404410061369263,0.021049993758994794,2.29296875,,
15.716265000000597,1528,,,,0.3984375,-0.85546875,-0.9609375,0.03222660110920652,0.9932645582606248,12.107501029968262,3.8787841796875,4544,4545,46.962383450591005,15.339297140942474,32.66294428407984,0.0647529380997177,0.021150216093815503,2.2890625,,
15.741284999998287,1528,,,,-0.01171875,-0.095703125,-1.248046875,0.032036663506918375,0.9912195843774808,12.103501319885254,3.9581298828125,4546,4545,47.90723026089836,15.249325951163572,31.83094883197619,0.06500087856682266,0.0206903963969403,2.29296875,,
15.76564999999851,1528,,,,0.1875,-0.29296875,-0.568359375,0.032451123290374015,0.9776271764476705,12.108500480651855,3.8458251953125,4548,4546,46.56717622594442,15.44959248207022,33.17700091392408,0.0632785089692327,0.020993911499039866,2.283203125,,
15.789879999998957,1528,,,,0.0625,-0.201171875,-1.404296875,0.03289182204084341,0.9841955436484211,12.108000755310059,3.8427734375,4549,4549,46.52830368373543,15.667786708194843,33.67366842920543,0.06281650126968155,0.02115262035638018,2.294921875,,
15.81311999999918,1528,,,,-0.537109375,0.20703125,-0.78125,0.032456386370674016,0.9755710885760311,12.109001159667969,3.8922119140625,4548,4549,47.1307985810563,15.459990522489006,32.802309716650925,0.06310295515103378,0.020699226789001435,2.294921875,,
16.00018500000052,1528,,,,0.611328125,-1.01953125,-1.044921875,0.032225306473895765,0.9751043010592266,12.108572006225586,3.882533550262451,4548,4549,47.011937059939555,15.351311655949377,32.65407174432458,0.06351928245045604,0.020741632062852088,2.30078125,,
16.02386999999918,1528,,,,0.064453125,-0.224609375,-1.01953125,0.0321630525061983,0.9667051126411519,12.108061790466309,3.848663806915283,4549,4549,46.59985918486154,15.321476895214687,32.87880513637267,0.06309477338591817,0.020744807592791962,2.3046875,,
16.046199999999256,1528,,,,0.4609375,-0.56640625,-0.626953125,0.03211064342608868,0.9824173054891654,12.10914421081543,3.920200824737549,4547,4547,47.47027712210456,15.2905301052192,32.21074540156656,0.06425004880333296,0.020695419640423842,2.3046875,,
16.06956499999948,1528,,,,-0.3125,-0.041015625,-0.880859375,0.032016557603954714,0.9689026954788225,12.107429504394531,3.837890625,4547,4547,46.46699018776417,15.244956618329107,32.80814306398407,0.06355562168762781,0.020851419288481415,2.310546875,,
16.109424999998883,1528,,,,0.224609375,-0.37109375,-1.34375,0.03202618541480697,0.9553880854684796,12.107429504394531,3.8950893878936768,4549,4548,47.15952017723794,15.253447614785266,32.34436558611873,0.0626342391304649,0.020258647286441396,2.30078125,,
