Time (s),ESC signal (µs),Servo 1 (µs),Servo 2 (µs),Servo 3 (µs),AccX (g),AccY (g),AccZ (g),Torque (N·m),Thrust (N),Voltage (V),Current (A),Motor Electrical Speed (RPM),Motor Optical Speed (RPM),Electrical Power (W),Mechanical Power (W),Motor Efficiency (%),Propeller Mech. Efficiency (N/W),Overall Efficiency (N/W),Vibration (g),App message,
0,1400,,,,0.162109375,0.072265625,-1.029296875,0.01932908810131281,0.9267955006270495,12.11733341217041,1.9596353769302368,3011,3012,23.745555228547914,6.097230656613104,25.67735560583041,0.1520026964408571,0.039030272895569804,0.66015625,,
0,1400,,,,0.1328125,0.048828125,-1.1328125,0.019419750889869067,0.9151369266954297,12.114182472229004,1.9411399364471436,3011,3012,23.51532339425171,6.125007786274814,26.046878809976583,0.14940992054673116,0.038916620934889366,0.650390625,,
0.02175,1400,,,,0.09375,0.0703125,-1.21484375,0.01950243746381193,0.9118360721123114,12.116500854492188,1.986083984375,3014,3012,24.064388293772936,6.152062434986605,25.56500651453731,0.1482163228589368,0.03789151259449484,0.64453125,,
0.045955000000074506,1400,,,,-0.0625,0.154296875,-1.208984375,0.019503341542652784,0.9107246732627766,12.112000465393066,1.9740513563156128,3013,3013,23.909710946404516,6.154494851386789,25.740565685560025,0.1479771606369227,0.03809015823337376,0.642578125,,
0.06969500000029802,1400,,,,-0.2734375,0.388671875,-1.208984375,0.01928705206829626,0.9130030409043229,12.111429214477539,1.9524275064468384,3013,3014,23.646687540729772,6.086598035566906,25.739749066684986,0.1500021909725612,0.03861018755086685,0.642578125,,
0.09511999999918043,1400,,,,0.0625,0.154296875,-1.310546875,0.01925415128385777,0.9126362792839764,12.113500595092773,1.9683837890625,3013,3013,23.844018200179562,6.075129965032914,25.478633316037158,0.15022498029456263,0.03827527187834069,0.646484375,,
0.11895999999903142,1400,,,,0,0.048828125,-1.158203125,0.019351719835671733,0.9106246473663185,12.115429878234863,1.962890625,3013,3013,23.781263725832105,6.104912664305589,25.67110282568459,0.14916260025972028,0.03829168449013766,0.646484375,,
0.1476150000002235,1400,,,,0.07421875,0.328125,-1.24609375,0.019212825518653907,0.911213688756572,12.114500045776367,1.898193359375,3009,3012,22.995663539040834,6.059036769113317,26.34860593966598,0.15038919938588186,0.03962545752200458,0.654296875,,
0.17098000000044702,1400,,,,-0.0234375,0.046875,-1.19921875,0.019056684006097932,0.9172930404635272,12.115555763244629,1.9411892890930176,3010,3010,23.518587079019653,6.006474076649363,25.53926414230721,0.1527173893964806,0.039002897469203046,0.65234375,,
0.19586500000022353,1400,,,,-0.07421875,0.20703125,-0.98046875,0.019489918417210643,0.918660061048455,12.114286422729492,1.9161550998687744,3010,3010,23.212851710184168,6.142815010777237,26.462991654240405,0.14955033798620268,0.03957549346017713,0.65234375,,
0.21994000000134112,1400,,,,-0.1875,-0.041015625,-0.921875,0.01945105588257968,0.9159593618440856,12.11299991607666,1.99462890625,3010,3010,24.16093977401033,6.131593583949592,25.378125359781258,0.1493835736670077,0.03791075059213439,0.65234375,,
0.2528300000000745,1400,,,,-0.2734375,0.005859375,-0.873046875,0.01943548546509,0.9169929627741529,12.1170015335083,1.9464111328125,3011,3011,23.58466668112669,6.12747037656771,25.980737652193042,0.14965277780548072,0.038880895590861324,0.646484375,,
0.27398499999940396,1400,,,,-0.21875,-0.025390625,-0.751953125,0.019112194108071846,0.9152369525918879,12.115273475646973,1.9247158765792847,3009,3009,23.31845920767762,6.023008661889274,25.82935951405483,0.15195677176808173,0.03924946088592961,0.642578125,,
0.2999400000013411,1400,,,,-0.099609375,0.130859375,-0.7890625,0.01926009416996315,0.9095910464362512,12.114001274108887,1.90673828125,3009,3009,23.09822996845469,6.06913269386799,26.275315044298285,0.14987166903687338,0.03937925320158653,0.642578125,,
0.3205800000000745,1400,,,,-0.037109375,-0.046875,-0.755859375,0.019624948530787185,0.9136809942025391,12.117000579833984,1.9769287109375,3011,3010,23.95444633672014,6.185803959099686,25.823197381178343,0.14770610259293138,0.03814243841661844,0.650390625,,
0.34701999999955296,1400,,,,-0.265625,0.0234375,-0.673828125,0.019453095719197743,0.9278846714995935,12.114287376403809,1.9196428060531616,3011,3010,23.2551046125742,6.132543437296327,26.37074113173594,0.15130503044731353,0.0399002578985553,0.658203125,,
0.3698600000012666,1400,,,,-0.166015625,0.025390625,-0.833984375,0.01922355345511885,0.9127696471459207,12.116000175476074,1.96044921875,3009,3010,23.752803078386933,6.058801220238848,25.50773144644916,0.15065185569991976,0.03842787077102765,0.6640625,,
0.39622000000067054,1400,,,,0.09375,0.15625,-1.17578125,0.018935076149866205,0.908657471402642,12.115429878234863,1.9119699001312256,3008,3008,23.164337254335578,5.964711616444051,25.74954573901163,0.15233887735621177,0.039226568903134584,0.669921875,,
0.41916499999910595,1400,,,,-0.01171875,0.015625,-1.173828125,0.01903122402632081,0.9067236374044514,12.115111351013184,1.9308810234069824,3004,3006,23.392838604133885,5.991543020719639,25.612723287292027,0.1513339108588334,0.03876073582811019,0.671875,,
0.4440800000000745,1400,,,,0.125,-0.123046875,-1.130859375,0.019009821252302748,0.911213688756572,12.115429878234863,1.9412667751312256,3005,3005,23.51928148904949,5.982430794060362,25.436282128115884,0.15231495693377142,0.0387432621689923,0.669921875,,
0.47183500000089407,1400,,,,0.349609375,-0.09765625,-1.1953125,0.019493524811461608,0.9155926002237389,12.116000175476074,1.9580078125,3006,3006,23.723222999833524,6.136308556459991,25.866251632432284,0.14920902229726538,0.038594781165702655,0.671875,,
0.49751500000059606,1400,,,,-0.125,0.080078125,-1.08984375,0.019612090739328552,0.9244837910200172,12.1182222366333,2.0187716484069824,3009,3008,24.463923480410358,6.177581102885567,25.251800300276056,0.14965142110205368,0.037789678003215775,0.671875,,
0.5228949999995529,1400,,,,0.08203125,-0.107421875,-0.9921875,0.019507836505273008,0.9178042839343131,12.117000579833984,1.95068359375,3009,3009,23.63643423654139,6.1473847173623914,26.008088427562708,0.1492999586217711,0.03883006526066476,0.6640625,,
0.688964999999851,1400,,,,0.2734375,-0.19140625,-0.8125,0.019447208447215803,0.9170818746821155,12.113000869750977,1.934814453125,3011,3010,23.436409153509885,6.12998842187205,26.155834632004666,0.14960580861946327,0.03913064790238019,0.662109375,,
0.7233699999991804,1400,,,,-0.0625,-0.0859375,-0.84765625,0.019443201386741604,0.9201510026051058,12.114712715148926,1.968994140625,3011,3010,23.85379835148342,6.129319478539574,25.69536049657435,0.150122865324088,0.038574611432811226,0.658203125,,
0.753515000000596,1400,,,,-0.052734375,0.00390625,-0.9765625,0.019385647974013587,0.9275290238677424,12.115636825561523,1.9948508739471436,3010,3010,24.1688887098976,6.1112073598800265,25.285429682902116,0.15177508620587069,0.0383769826987495,0.66796875,,
0.775105000000447,1400,,,,-0.05078125,0.2421875,-1.203125,0.019030573542817484,0.9132808906167067,12.110799789428711,1.92578125,3008,3009,23.32275115698576,5.996926330159127,25.7127741482715,0.15229149739988102,0.039158368773452176,0.669921875,,
0.797320000000298,1400,,,,0.0234375,0.173828125,-1.240234375,0.01934394531657625,0.9215274700802547,12.114001274108887,2.0222980976104736,3008,3008,24.498121731081255,6.094196630890694,24.876179071144318,0.1512139377664894,0.03761624993932063,0.669921875,,
0.8201549999993294,1400,,,,0,0.125,-1.267578125,0.01942739430879925,0.9116360203193952,12.114285469055176,1.9147599935531616,3010,3009,23.195949166629248,6.121022211645696,26.388323959821737,0.14893525767394547,0.039301518285395985,0.673828125,,
0.8489550000000745,1400,,,,0.171875,0.14453125,-1.234375,0.019455400491439033,0.9193602423236619,12.116000175476074,1.907958984375,3010,3009,23.116831389488652,6.131103351084912,26.522248000964172,0.1499502111901244,0.039770166889814315,0.673828125,,
0.8710200000014157,1400,,,,-0.14453125,0.173828125,-1.09375,0.019549761619204107,0.9270844643279286,12.116443634033203,2.010633707046509,3009,3010,24.36172998011625,6.161862254043012,25.293204789119034,0.1504552400079434,0.03805495197116968,0.67578125,,
0.895875,1400,,,,-0.07421875,-0.02734375,-0.83203125,0.019522652638746765,0.9334194377702768,12.11733341217041,1.9099935293197632,3012,3010,23.14402840985565,6.154297003264866,26.591295578621573,0.15166954686702575,0.040330897510166795,0.673828125,,
0.918945000000298,1400,,,,-0.125,0.1953125,-1.05859375,0.01934783020064636,0.9314967177605816,12.11299991607666,1.939697265625,3010,3011,23.495552815729752,6.099821591208438,25.961600644377018,0.15270884628873915,0.03964566082211801,0.669921875,,
0.9445649999994784,1400,,,,-0.046875,-0.10546875,-0.82421875,0.019404985030934095,0.9297740495438027,12.113000869750977,1.947021484375,3011,3011,23.584272933658212,6.117697683936839,25.93973408103664,0.1519810388775991,0.03942347733844612,0.662109375,,
0.9690050000008196,1400,,,,-0.38671875,0.1171875,-0.861328125,0.019510029210863544,0.9267399306845727,12.111501693725586,1.9580078125,3012,3011,23.71441493742168,6.151236997287977,25.938809848440485,0.1506591163847473,0.03907918171838025,0.66015625,,
0.9921049999985844,1400,,,,-0.125,-0.05078125,-0.623046875,0.019530235442823753,0.9223387912404151,12.116000175476074,1.9893972873687744,3010,3011,24.103537882851697,6.157743646961822,25.547053203931146,0.14978518823132383,0.03826570172906472,0.666015625,,
1.017230000000447,1400,,,,-0.236328125,-0.005859375,-0.802734375,0.01943794562151538,0.9234946460439312,12.115500450134277,1.9049072265625,3011,3011,23.078904360882007,6.1286684549648625,26.55528338404468,0.15068438647481477,0.04001466584389616,0.666015625,,
1.0429000000003725,1400,,,,-0.037109375,0.138671875,-0.8671875,0.019329798788327433,0.9179043098307712,12.116501808166504,1.9708251953125,3011,3011,23.87950704258401,6.094574753111259,25.522196677858066,0.1506100666600544,0.03843899742963222,0.673828125,,
1.065469999998808,1400,,,,-0.2734375,0.060546875,-0.876953125,0.019334858415954753,0.9125140254105276,12.114500999450684,1.993408203125,3011,3011,24.149145669071004,6.09617078488275,25.24383623512783,0.14968642736738524,0.0377865965908363,0.673828125,,
1.0905800000000745,1400,,,,-0.07421875,-0.17578125,-0.681640625,0.019396768253796673,0.9192379884502131,12.117142677307129,2.0089285373687744,3011,3011,24.342473715811366,6.115182732284485,25.12145151588452,0.15032060834375227,0.03776271874345839,0.671875,,
1.117375,1400,,,,-0.0234375,0.125,-1.013671875,0.019789933137865656,0.9149924448449902,12.114999771118164,1.9598388671875,3013,3012,23.743447427405044,6.241376999568763,26.28673455550887,0.14660105372711985,0.03853662984882693,0.671875,,
1.1409000000003726,1400,,,,0.13671875,0.05078125,-0.849609375,0.01992419052254112,0.9245208839566204,12.115500450134277,1.922607421875,3012,3013,23.293351085158065,6.286169562851694,26.986969542811224,0.14707221539490503,0.03969033397456073,0.66796875,,
1.167679999999702,1400,,,,0.037109375,0.064453125,-1,0.019431040108032156,0.9310521582207677,12.114858627319336,1.9454519748687744,3013,3013,23.56887564177441,6.1298906822608465,26.008413703859446,0.15188723689887632,0.03950346093602081,0.6640625,,
1.190390000000596,1400,,,,-0.1875,0.056640625,-0.9140625,0.019507930127038595,0.9306187126694492,12.11644458770752,1.9997830390930176,3012,3012,24.230260380607888,6.153143147484317,25.394457388534047,0.15124281856662608,0.038407293114119716,0.658203125,,
1.2153450000006705,1400,,,,0.015625,0.1875,-1.041015625,0.019517329892037947,0.9284181429473702,12.116000175476074,1.9656808376312256,3011,3012,23.816189373669886,6.155358604414072,25.84527065954204,0.1508308780387859,0.03898264866728797,0.658203125,,
1.2414000000003724,1400,,,,0.361328125,-0.189453125,-1.09765625,0.019484627250380963,0.93080765047387,12.114001274108887,1.9293212890625,3011,3012,23.371800553868525,6.145208928201451,26.293262746435207,0.15146883716226947,0.03982609933404561,0.66015625,,
1.265285000000149,1400,,,,-0.1484375,0.298828125,-1.17578125,0.019522813891757952,0.9248912576232279,12.114001274108887,1.971435546875,3012,3011,23.8819727266673,6.155575590637937,25.774987942116034,0.1502526033519761,0.03872759039668727,0.6640625,,
1.2908849999997765,1400,,,,-0.01171875,0.021484375,-1.08203125,0.01932730747122486,0.9267955006270495,12.113500595092773,1.942138671875,3012,3011,23.5260979575105,6.094828322254685,25.906668982090864,0.1520626097445508,0.03939435695204942,0.666015625,,
1.3154300000015646,1400,,,,-0.1484375,0.0234375,-1.216796875,0.019286480416590236,0.932852624357014,12.113000869750977,1.932373046875,3011,3012,23.40683639748022,6.084130926280525,25.992965571953548,0.15332553419051823,0.039853853315155265,0.671875,,
1.3391800000015646,1400,,,,0.375,-0.185546875,-1.03515625,0.01928991689432336,0.9291961221420446,12.116000175476074,1.9356863498687744,3011,3012,23.452776154676712,6.084079221168673,25.941829577201027,0.15272584204838116,0.039619877664536264,0.6796875,,
1.362344999998808,1400,,,,-0.0234375,0.171875,-1.1328125,0.019473118620178174,0.91993816972542,12.118000984191895,1.9989013671875,3012,3012,24.22268873488065,6.142038639230479,25.356551894199708,0.14977733351424777,0.03797836729828881,0.685546875,,
1.3841800000015647,1400,,,,0.298828125,-0.12890625,-1.2109375,0.019461504351087632,0.9178376258997992,12.113715171813965,1.9454519748687744,3011,3012,23.566651104003313,6.138532361275574,26.047537828710883,0.14952069515669614,0.03894645963269191,0.689453125,,
1.405324999999255,1400,,,,0.21875,0.10546875,-1.193359375,0.019507746516590856,0.9237058118253428,12.1182861328125,1.9349888563156128,3013,3012,23.44874862463621,6.1526389424819365,26.238666467760773,0.1501316460238646,0.03939254186276107,0.6953125,,
1.4273900000005961,1400,,,,0.046875,-0.0234375,-1.119140625,0.019494961975430426,0.9213607602528245,12.117142677307129,1.9454519748687744,3012,3012,23.573319151333862,6.148520780368676,26.08254162639108,0.14985080040626914,0.03908489739344536,0.697265625,,
1.449964999999851,1400,,,,0.046875,0.162109375,-1.216796875,0.019348886729257758,0.919015708680306,12.118858337402344,1.9510324001312256,3011,3012,23.64428526887241,6.102435056507928,25.809344571484065,0.15059819566620766,0.03886840723792932,0.705078125,,
1.4712750000003725,1400,,,,0.111328125,0.03125,-0.9140625,0.01936976228697496,0.9281625212119773,12.116000175476074,1.9517298936843872,3012,3012,23.647159734361935,6.109016377539917,25.834038616751258,0.15193321868057352,0.0392504863856125,0.701171875,,
1.501410000000149,1400,,,,0.140625,-0.103515625,-1.021484375,0.019540563740110206,0.9385318724781367,12.116667747497559,1.9278970956802368,3013,3012,23.35968855972294,6.163321970781919,26.384435541699787,0.1522769501459403,0.04017741375612194,0.697265625,,
1.5251349999997765,1400,,,,0.25,-0.259765625,-1.126953125,0.019697414432300508,0.9293406039924841,12.114800453186035,1.92724609375,3014,3013,23.348201849963516,6.2156335268734,26.621465613563355,0.14951663414106764,0.03980351934442165,0.69140625,,
1.5479000000003724,1400,,,,0.15625,-0.091796875,-1.107421875,0.019246588741207663,0.9229500606076593,12.11600112915039,1.9873046875,3015,3014,24.078185837715864,6.075044566875007,25.23049123310241,0.1519248213651251,0.03833137873543438,0.69140625,,
1.708515000000596,1400,,,,0.25,-0.0625,-1.16796875,0.019275076866339273,0.9167039990732737,12.114001274108887,1.9962564706802368,3013,3014,24.1826534292685,6.08314141091613,25.154979079151197,0.15069582262681885,0.03790750265493108,0.69140625,,
1.7400800000000745,1400,,,,0.171875,-0.294921875,-0.93359375,0.01933941666933385,0.9216625050404731,12.114444732666016,1.9885705709457397,3012,3013,24.090428278728268,6.101061284618177,25.32566550510596,0.15106593132643045,0.038258452459904856,0.6796875,,
1.769800000000745,1400,,,,0.125,-0.09765625,-0.80078125,0.019485676814126874,0.9371648518932089,12.112364768981934,1.884321689605713,3011,3012,22.823591646608747,6.145569945437854,26.92639283331638,0.15249437565817806,0.04106123463843421,0.666015625,,
1.791580000001937,1400,,,,0.103515625,-0.333984375,-0.58203125,0.019362595331217973,0.9341974169649511,12.117777824401855,2.002495765686035,3011,3011,24.26579878288885,6.105858170999235,25.162403371220616,0.15300018290665077,0.0384985231816768,0.666015625,,
1.8171899999994785,1400,,,,-0.0625,-0.009765625,-0.84765625,0.019297716425800995,0.9240392314802032,12.114287376403809,1.93359375,3009,3011,23.4241103567183,6.0854168279848,25.97928687711904,0.15184485428029437,0.039448210301621045,0.662109375,,
1.8405099999997765,1400,,,,-0.099609375,0.029296875,-0.814453125,0.019142703235427896,0.9240392314802032,12.113000869750977,1.9927978515625,3011,3011,24.13876210921444,6.036251261031283,25.00646567425708,0.15308163817593184,0.038280307304054816,0.654296875,,
1.8676150000002236,1400,,,,0.091796875,-0.310546875,-0.791015625,0.019351116604086574,0.9257285577314962,12.115500450134277,1.9549560546875,3012,3011,23.685270960559137,6.101920494720056,25.762510823207435,0.15171101598792083,0.03908456691388607,0.6484375,,
1.8902050000000745,1400,,,,-0.298828125,0.029296875,-0.888671875,0.01943915515883323,0.9282736610969308,12.115501403808594,1.9287109375,3011,3011,23.36730007082224,6.12980019070788,26.232385308227812,0.15143620219531692,0.039725328056022476,0.64453125,,
1.9153849999997765,1400,,,,-0.046875,-0.05859375,-0.90625,0.01954333508410569,0.924928350559831,12.114999771118164,1.961669921875,3011,3011,23.765630654525012,6.1630562034356675,25.932643206597223,0.15007624789211219,0.03891873790370984,0.640625,,
1.940635000001639,1400,,,,-0.0859375,0.03515625,-1.033203125,0.01925729823278745,0.9190268226688014,12.115429878234863,1.9133650064468384,3010,3011,23.181239567075067,6.072921949107901,26.19757209935155,0.1513319009153089,0.0396452838516073,0.638671875,,
1.965730000000447,1400,,,,0.013671875,-0.142578125,-0.994140625,0.019310609121060775,0.923327936216501,12.116000175476074,2.0052082538604736,3012,3011,24.29510355563957,6.089745679177336,25.065732546605002,0.15162011434625847,0.03800469234888982,0.6328125,,
1.9908099999986588,1400,,,,0.134765625,0.140625,-1.162109375,0.019298850506770455,0.9298963034172515,12.113142967224121,1.9747488498687744,3012,3011,23.920415142821867,6.086039530729289,25.442867502053417,0.1527916962619239,0.038874588834061204,0.62890625,,
2.018734999999404,1400,,,,0.0234375,0.0859375,-1.224609375,0.019302487083560776,0.9291183242225771,12.117500305175781,1.976318359375,3011,3012,23.948038322851062,6.087439512477337,25.41936600572725,0.15262875669124543,0.038797262293338595,0.626953125,,
2.0429550000000747,1400,,,,-0.166015625,0.1953125,-1.126953125,0.01932296621598099,0.9237169258138381,12.114666938781738,1.9590928554534912,3013,3012,23.73375744596592,6.09487041157811,25.68017485412563,0.15155645049632244,0.038919961490161956,0.630859375,,
2.2109049999993293,1400,,,,0.015625,0.166015625,-1.279296875,0.01963399155493944,0.91946026822012,12.108500480651855,2.0855712890625,3015,3013,25.25314095604699,6.195925078721697,24.535265096352504,0.1483975768812584,0.03640973888438027,0.63671875,,
2.240019999999553,1400,,,,-0.03125,0.064453125,-0.923828125,0.019315471088862144,0.9221387394474988,12.11578369140625,1.9420515298843384,3018,3018,23.529476253643224,6.104457844603209,25.943874733114875,0.15105989146320956,0.03919078901319437,0.62109375,,
2.271660000000149,1400,,,,0.009765625,0.099609375,-0.87890625,0.01918934685665133,0.9338195413561092,12.11422348022461,1.9222005605697632,3014,3014,23.28596716455513,6.056608873778264,26.009694297763016,0.15418191281907387,0.040102244186684594,0.591796875,,
2.293675000000745,1400,,,,-0.134765625,-0.232421875,-0.71484375,0.019288105640660677,0.9223721332059011,12.115636825561523,2.022372245788574,3013,3012,24.50232765606961,6.084560136438544,24.832580079106496,0.15159224537565177,0.03764426572662434,0.583984375,,
2.3199900000002236,1400,,,,0.0625,0.015625,-0.78125,0.019214875835320357,0.9165261752573481,12.116000175476074,2.0100910663604736,3011,3013,24.354263712746388,6.062115769631415,24.89139413588045,0.1511891573976117,0.03763308905855619,0.578125,,
2.3549150000009687,1400,,,,0.037109375,-0.19140625,-0.880859375,0.019258433042120274,0.919526952151092,12.115499496459961,1.9415283203125,3012,3012,23.522585387108847,6.074990142606494,25.82620083052516,0.1513627068630215,0.03909123665696302,0.5703125,,
2.380010000001639,1400,,,,-0.04296875,-0.068359375,-0.98046875,0.019233615419442292,0.9092798547583815,12.116667747497559,1.988525390625,3012,3012,24.09430146566592,6.066538188029044,25.178311131674786,0.14988446896331117,0.03773837793364102,0.564453125,,
2.401620000001043,1400,,,,-0.048828125,-0.1953125,-0.99609375,0.019189804345696917,0.9086241294371559,12.114858627319336,1.9363839626312256,3012,3012,23.459017955485706,6.05189903873475,25.79775099801039,0.15013867938337563,0.038732402659024404,0.5625,,
2.4238149999994785,1400,,,,-0.203125,0.10546875,-1.09765625,0.019251240485351744,0.9087019273566234,12.112000465393066,1.96533203125,3013,3012,23.8041024771519,6.0720739765994995,25.508518888404687,0.14965264436147685,0.03817417305394441,0.55859375,,
2.4473799999989567,1400,,,,-0.13671875,0.138671875,-1.216796875,0.019186170144384233,0.9191601905307456,12.110668182373047,2.49267578125,3017,3014,30.187969272956252,6.056446034796842,20.06244931560362,0.15176560399445185,0.030447897379906597,0.55859375,,
2.4700400000009686,1400,,,,-0.15625,0.15234375,-0.859375,0.022412997443931746,0.9191601905307456,12.117500305175781,1.8182373046875,3048,3029,22.03249109443277,7.109026602421716,32.266104508799934,0.12929480250047598,0.04171839609925005,0.55859375,,
2.4964749999996276,1400,,,,0.13671875,-0.265625,-1.07421875,0.022848471820413187,0.9351309919985603,12.113333702087402,1.8229166269302368,3048,3045,22.081597413089526,7.286222129546756,32.99680722024046,0.1283423666438139,0.04234888330335348,0.56640625,,
2.5200250000003726,1400,,,,-0.17578125,0.06640625,-0.8359375,0.01787672373058119,0.9313818269045109,12.117778778076172,1.9580078125,3037,3043,23.72670551761985,5.697105153733824,24.01136200515937,0.16348334843250922,0.039254578610285834,0.568359375,,
2.5486199999991803,1400,,,,-0.296875,-0.017578125,-0.755859375,0.018052188805248687,0.9283292310394075,12.113715171813965,1.9635881185531616,3027,3033,23.786347182911072,5.73426300502628,24.10737117780729,0.1618916380754937,0.03902781809669166,0.572265625,,
2.5706300000008198,1400,,,,-0.259765625,0.115234375,-0.80078125,0.018410671017185416,0.9234279621129592,12.114400863647461,1.890625,3023,3026,22.90378913283348,5.8332264321438725,25.468390397385004,0.15830483744372215,0.04031769401811288,0.578125,,
2.5984650000017138,1400,,,,-0.1875,-0.09375,-0.8671875,0.018757911490818274,0.9197047759670176,12.114666938781738,2.03369140625,3020,3020,24.637494042981416,5.933016488258369,24.081249813426265,0.15501470083340288,0.03732947735522711,0.578125,,
2.6208149999994785,1400,,,,-0.09375,-0.01171875,-0.95703125,0.019017123889752855,0.9153592064653366,12.116400718688965,1.97412109375,3016,3018,23.919242239091545,6.0092679344251945,25.12315346095775,0.15232457870975155,0.03826873766800825,0.576171875,,
2.6463650000002237,1400,,,,-0.171875,0.189453125,-0.9765625,0.019273067072526583,0.9171707865900784,12.114666938781738,1.94091796875,3015,3016,23.513574746903032,6.087384053393273,25.888807290754634,0.1506674753137717,0.039006012333827667,0.576171875,,
2.66902499999851,1400,,,,-0.1875,-0.05859375,-0.78515625,0.019434539885257528,0.9167817969927412,12.117500305175781,1.9647216796875,3017,3016,23.807515553198755,6.138445790368112,25.783647086784562,0.14935080121278765,0.03850808350599033,0.576171875,,
2.6945749999992548,1400,,,,-0.34375,0.048828125,-0.95703125,0.019074981302484462,0.9180599056697061,12.11257266998291,1.9349888563156128,3013,3015,23.43769313772998,6.023142558214087,25.69852981186974,0.15242207814219802,0.03917023319124415,0.57421875,,
2.7211950000002982,1400,,,,-0.13671875,-0.001953125,-0.93359375,0.019075774991482317,0.9197270039440083,12.11600112915039,1.947021484375,3014,3014,23.59011450316757,6.021394442556229,25.525075097654586,0.152743191418226,0.03898781431605649,0.572265625,,
2.747030000001192,1400,,,,-0.3984375,0.4765625,-1.08984375,0.019261586948055402,0.9187267449794271,12.11644458770752,1.9173177480697632,3013,3013,23.23107425151545,6.078189778542894,26.164049551631862,0.1511513754017188,0.039547320758078805,0.58203125,,
2.76925,1400,,,,-0.375,0.03515625,-0.74609375,0.01925576437290551,0.9181414545602907,12.116499900817871,1.934814453125,3013,3013,23.443179129390046,6.074923150793824,25.91339304820593,0.15113630769803485,0.03916454545233768,0.583984375,,
2.794594999998808,1400,,,,-0.265625,0.224609375,-0.888671875,0.019074163718976286,0.9179932217387341,12.115429878234863,1.9468470811843872,3012,3012,23.58688929573566,6.0167704845590935,25.508961394272887,0.15257241805958702,0.03891963922112869,0.583984375,,
2.8192050000000743,1400,,,,-0.375,-0.126953125,-0.7109375,0.019116470696177144,0.925661873800524,12.118500709533691,1.9647216796875,3011,3012,23.809481069329195,6.029048597223339,25.322049563649728,0.15353365607748376,0.038877868488823956,0.587890625,,
2.8451150000002237,1400,,,,0.125,0.177734375,-0.796875,0.019184541684598856,0.9210384545864593,12.116572380065918,1.9719587564468384,3012,3011,23.893381002992896,6.050019281617037,25.320900716642857,0.15223727590175315,0.03854784948480459,0.58984375,,
2.8687599999997766,1400,,,,-0.2109375,-0.041015625,-0.833984375,0.019240153013360142,0.9204160712307199,12.115557670593262,2.0377604961395264,3012,3011,24.68860480983517,6.067408048821186,24.575742920896527,0.15169839638683014,0.03728100791114996,0.595703125,,
2.8986199999991804,1400,,,,-0.486328125,0.36328125,-0.69140625,0.01943308609294527,0.9243170811925869,12.114858627319336,2.03125,3013,3013,24.6083065867424,6.131403385667396,24.915990720672582,0.15075130815128648,0.03756118195026707,0.6015625,,
2.92,1400,,,,-0.072265625,-0.12890625,-0.7421875,0.019561864067288597,0.9255433708981924,12.11400032043457,1.8974609375,3016,3015,22.98584240488708,6.176811256931419,26.872242261689532,0.14984161445107738,0.0402658016441203,0.607421875,,
2.944410000000149,1400,,,,-0.25,0.177734375,-0.79296875,0.019288542750378845,0.9208384027935431,12.112667083740234,2.0149738788604736,3015,3015,24.40670777706964,6.090915140416839,24.95590636824569,0.15118227418458574,0.037728906790889694,0.615234375,,
2.9662949999999255,1400,,,,0.03125,-0.177734375,-0.84765625,0.01906564637405113,0.9226388689297894,12.111499786376953,1.9622802734375,3013,3014,23.76615711254999,6.017893480286005,25.321272815739267,0.15331591892615892,0.03882154210125033,0.6171875,,
2.9919150000009687,1400,,,,-0.3359375,0.203125,-0.72265625,0.019201182045161864,0.9213941022183104,12.114286422729492,1.9503347873687744,3013,3013,23.626914234398555,6.058618820107653,25.642869652808393,0.15207989305422892,0.03899764874402632,0.619140625,,
3.015815000001341,1400,,,,-0.38671875,-0.01171875,-0.8203125,0.019358708490872165,0.922750008814743,12.114999771118164,1.9769287109375,3011,3012,23.95049088052474,6.1067713732567235,25.497478960744075,0.15110275993886488,0.0385273944245157,0.625,,
3.0532249999996273,1400,,,,0.03125,0.08203125,-0.8046875,0.018994463230460387,0.9257841276739728,12.114500999450684,1.947021484375,3009,3010,23.58719371841289,5.987987774220769,25.38660531518152,0.15460688341075435,0.03924943928159107,0.626953125,,
3.0773499999996274,1400,,,,-0.1171875,0.203125,-0.939453125,0.019110181401679045,0.9138810459954554,12.11500072479248,1.922607421875,3009,3009,23.292390309507027,6.0222468367027915,25.854997089949798,0.15175084495470625,0.039235176547013535,0.625,,
3.100105000000447,1400,,,,0.03125,0.0390625,-1.107421875,0.01957482190041579,0.9147590510865878,12.114500999450684,1.9683837890625,3009,3010,23.84598737990018,6.1698921267414875,25.873921798441017,0.1482617576281193,0.03836113122569375,0.62890625,,
3.122070000000298,1400,,,,0.0859375,0.091796875,-1.251953125,0.019474211619357955,0.9147590510865878,12.114287376403809,2.0096261501312256,3013,3011,24.34518870182569,6.139551824564261,25.2187481467492,0.14899443432119094,0.03757453114413479,0.63671875,,
3.1462449999991806,1400,,,,-0.28125,0.19140625,-0.93359375,0.019512158058025905,0.9247949826978868,12.116667747497559,1.9563802480697632,3014,3011,23.704809453628172,6.153218582102388,25.957679997974413,0.15029451178409292,0.039012968423432784,0.646484375,,
3.1689350000005216,1400,,,,0.25,-0.142578125,-1.2734375,0.019712746882824803,0.9247949826978868,12.11350154876709,1.90673828125,3013,3013,23.097277123015374,6.219496554826017,26.92740153612555,0.14869290055001194,0.04003913438681355,0.65625,,
3.1944399999994784,1400,,,,-0.0625,-0.009765625,-1.099609375,0.019644904918393845,0.9269955524199657,12.116000175476074,1.9893972873687744,3013,3013,24.103537882851697,6.198635730783597,25.716704995384,0.1495483188044638,0.03845889997250032,0.66796875,,
3.221480000000447,1400,,,,0.1875,-0.236328125,-1.236328125,0.019527667441460454,0.9198937137714386,12.116499900817871,1.951904296875,3011,3012,23.650248219491914,6.160198861820057,26.047079103140163,0.14932857435379157,0.03889573188552357,0.671875,,
3.2457900000009685,1400,,,,0.0625,0.068359375,-1.1640625,0.019465217340530763,0.915429641367426,12.114666938781738,1.9645181894302368,3011,3012,23.79948356012585,6.139232121801143,25.795652692594306,0.14911142357960802,0.038464264951578855,0.677734375,,
3.269304999999702,1400,,,,0.099609375,-0.2265625,-1.25,0.019494580920871078,0.9181932735316504,12.112000465393066,1.9566127061843872,3012,3012,23.698494007899285,6.147890629276628,25.94211525520308,0.14935094472226915,0.03874479421458571,0.6875,,
3.2938250000011178,1400,,,,0.328125,-0.32421875,-1.068359375,0.019554249146229993,0.92361689991738,12.118000984191895,2.01171875,3011,3012,24.378009792417288,6.166969965903707,25.297265931125875,0.14976834734463204,0.03788729710842386,0.69921875,,
3.3189199999999257,1400,,,,0.08203125,0.08984375,-1.203125,0.019526650148403536,0.9287515626022307,12.118857383728027,1.9496372938156128,3012,3012,23.62737631374887,6.1598008162012885,26.0706086634633,0.15077623291965245,0.03930828164199452,0.701171875,,
3.3475600000005215,1400,,,,0.0625,0.01171875,-0.892578125,0.019095381904408765,0.9082017978743328,12.113500595092773,2.005615234375,3009,3010,24.295021335128695,6.01984958772251,24.778120194602508,0.15086785552360166,0.03738221857665727,0.69921875,,
3.500879999998957,1400,,,,0.26953125,-0.283203125,-1.09765625,0.018927907237833514,0.9080906579893792,12.11600112915039,1.9601778984069824,3008,3010,23.74951763043464,5.966180364044429,25.12126964801534,0.15220637033738474,0.038236172713911255,0.6953125,,
3.5223600000012665,1400,,,,0.0234375,-0.03125,-0.853515625,0.019476447516721247,0.9182634305840273,12.114617347717285,1.9761306047439575,3010,3010,23.940066105586197,6.138907095988985,25.642815976003202,0.14958092967134143,0.03835676253081686,0.6796875,,
3.5470099999997764,1400,,,,-0.2734375,-0.064453125,-0.81640625,0.019336765784761206,0.9056789224858888,12.11733341217041,1.953125,3011,3011,23.666666820645332,6.0972446893654935,25.763005562095607,0.14853904814834284,0.03826812323634145,0.654296875,,
3.587620000001043,1400,,,,-0.078125,0.03515625,-1.03125,0.019311191951485077,0.9114804244804603,12.11400032043457,1.9781494140625,3012,3011,23.963302635820583,6.088972780508565,25.40957259959113,0.14969362769993058,0.03803651100737552,0.646484375,,
3.7522050000000746,1400,,,,-0.15234375,0.18359375,-1.05078125,0.019281635949596337,0.915164711666668,12.11476993560791,1.941481351852417,3011,3011,23.520599911965064,6.080040637932761,25.849853578096067,0.15051950573439388,0.03890907183881473,0.6484375,,
3.775664999999106,1400,,,,-0.025390625,0.138671875,-1.15625,0.01925469970653654,0.9245539480723941,12.114906311035156,1.9444247484207153,3011,3011,23.55652365597507,6.072136090905292,25.776876841354753,0.15226173034184298,0.03924831870673255,0.6640625,,
3.801385000001639,1400,,,,0.13671875,0.013671875,-1.224609375,0.01945215740553215,0.921282962333357,12.117501258850098,1.9964599609375,3018,3014,24.192106089903973,6.139627165023177,25.378638561714194,0.15005519676859388,0.03808196603097048,0.6953125,,
3.8260050000008197,1400,,,,-0.13671875,0.3828125,-1.26953125,0.020704702466484454,0.9256396458235333,12.116000175476074,1.9622802734375,3025,3021,23.77498813730199,6.55051051398481,27.552108443357437,0.14130801619925157,0.03893333786237489,0.69921875,,
3.848780000001192,1400,,,,0.111328125,-0.09765625,-1.03125,0.019428719685585273,0.9365869244914509,12.115001678466797,1.959228515625,3020,3022,23.736056755296886,6.149183833915672,25.90650965031685,0.15231076997986767,0.039458404323306315,0.69921875,,
3.8701699999999253,1400,,,,0.09375,0.224609375,-1.119140625,0.01873155444859268,0.9197270039440083,12.117143630981445,1.9663783311843872,3016,3019,23.82688867181082,5.922671287738945,24.85709053043906,0.1552892198910343,0.03860038197232697,0.69921875,,
3.9116200000010433,1400,,,,-0.015625,-0.015625,-1.140625,0.018909317588270504,0.9197270039440083,12.118667602539062,1.9490560293197632,3015,3017,23.61996215805084,5.974028618798216,25.29228700208554,0.1539542346767378,0.03893854688630482,0.6953125,,
3.9333499999996273,1400,,,,-0.076171875,0.150390625,-1.115234375,0.01921766098328624,0.9166984420790261,12.114286422729492,1.9461495876312256,3013,3014,23.576213526041556,6.065785659679125,25.728413313609693,0.15112608547521916,0.038882343895743444,0.693359375,,
3.9554350000005214,1400,,,,0.140625,0.076171875,-1.013671875,0.019268521665940137,0.9161482996485063,12.116000175476074,1.9419642686843872,3012,3013,23.5288394201483,6.0789266250338,25.836066609508464,0.15070889256594908,0.03893724986979115,0.689453125,,
3.9774949999991804,1400,,,,0.25,-0.046875,-1.12890625,0.019252715936430673,0.9193046723811851,12.114858627319336,1.9977678060531616,3012,3012,24.202674540543967,6.073429082741578,25.094041043139505,0.15136501305226505,0.03798359850028886,0.6875,,
3.9994199999999256,1400,,,,0.03125,0.09375,-1.228515625,0.019380079685011084,0.9090353470114838,12.115429878234863,1.9580078125,3015,3013,23.722106353379786,6.114022391093359,25.773522384626986,0.14868040855325076,0.038320178380026944,0.685546875,,
4.021484999999404,1400,,,,0.0625,0.068359375,-1.14453125,0.019502515994307846,0.9227611228032383,12.113714218139648,1.9928849935531616,3014,3014,24.141239281522076,6.15461519997124,25.49419741132361,0.14992994571091142,0.038223436338230075,0.6875,,
4.0472050000000745,1400,,,,0.037109375,0.123046875,-1.193359375,0.01956248059543515,0.9189712527263246,12.11733341217041,1.9620767831802368,3016,3015,23.77513856207372,6.175942809978808,25.97647451708533,0.1487985366771034,0.038652613961723634,0.685546875,,
4.072320000000298,1400,,,,0.1875,-0.208984375,-0.951171875,0.01960992908437471,0.9171707865900784,12.114666938781738,1.9118924140930176,3014,3015,23.161939819520285,6.191998125166144,26.73350407355643,0.1481219419079635,0.03959818537379631,0.68359375,,
4.0972349999994035,1400,,,,0.01171875,0.13671875,-1.09375,0.019572855144668482,0.9014556068576566,12.116002082824707,1.9859095811843872,3014,3014,24.061284621931577,6.1781645011365836,25.676785750272284,0.1459099392209155,0.03746498248210698,0.68359375,,
4.1188949999995526,1400,,,,0.162109375,-0.16015625,-1.15625,0.01964575338311127,0.9147479370980925,12.11600112915039,1.90673828125,3012,3013,23.102043168619275,6.19965440666328,26.835957155013013,0.147548214319001,0.03959597557763389,0.689453125,,
4.151599999999627,1400,,,,-0.0625,0.12890625,-1.08984375,0.01943479503950226,0.9139032739724461,12.113143920898438,1.9203404188156128,3011,3013,23.2613598702319,6.1312149463481544,26.3579385751837,0.14905745141373342,0.039288471485366135,0.693359375,,
4.174490000000223,1400,,,,-0.017578125,0.2265625,-1.20703125,0.019513189552421723,0.9133993935190383,12.11745548248291,2.002840995788574,3012,3012,24.26933660495979,6.154219198034345,25.35800338595428,0.14841840437057843,0.037635944005670594,0.705078125,,
4.196964999999851,1400,,,,0.19921875,-0.03515625,-1.046875,0.01942733911387775,0.9162816675104506,12.118000030517578,2.0035808086395264,3011,3012,24.279392300238214,6.126733854424355,25.234296553477755,0.14955467126236724,0.037739069255924525,0.712890625,,
4.223220000000671,1400,,,,-0.046875,0.2109375,-1.158203125,0.01933837957247883,0.921505242103264,12.114500045776367,1.9476318359375,3012,3012,23.594585965620354,6.099042629218515,25.84933102070714,0.15109014613025235,0.039055792012879065,0.716796875,,
4.247205000000075,1400,,,,-0.03125,0.208984375,-1.03125,0.019421278292294526,0.921505242103264,12.116999626159668,1.943359375,3011,3011,23.547684820368886,6.12468481736908,26.009711205541496,0.15045757774995283,0.03913358145961579,0.71875,,
4.269025000000372,1400,,,,-0.03125,-0.017578125,-1.0703125,0.019431906598432802,0.9179709937617434,12.113715171813965,1.9524275064468384,3013,3011,23.651150706711974,6.1274996582841785,25.907828901302683,0.14981167604320902,0.03881295270344846,0.716796875,,
4.296324999999255,1400,,,,-0.474609375,0.35546875,-0.9609375,0.019466552380794738,0.9112914866760393,12.113715171813965,1.9956752061843872,3011,3011,24.175041023168774,6.138838901045276,25.393292591156154,0.14844688081338497,0.037695550787387684,0.71875,,
4.321160000000149,1400,,,,-0.2734375,0.0078125,-0.86328125,0.01944698754962924,0.9218831177121058,12.11644458770752,1.9959852695465088,3011,3012,24.18424491634073,6.133123831796461,25.359997192438506,0.15031216440351503,0.03811916067262496,0.71875,,
4.346144999999553,1400,,,,-0.32421875,0.142578125,-0.927734375,0.019289787500659274,0.9222276513554616,12.115500450134277,1.949462890625,3012,3011,23.618718528887257,6.082991711317678,25.754960853942084,0.15160757980972023,0.039046472831602445,0.71484375,,
4.3690850000008945,1400,,,,-0.32421875,-0.109375,-0.6640625,0.019309547701760126,0.9225499570218266,12.114501953125,1.9830322265625,3011,3011,24.023447781801224,6.088875206431955,25.345550987250608,0.15151401954293547,0.03840206307608757,0.7109375,,
4.396635000001639,1400,,,,-0.265625,0.31640625,-0.955078125,0.019403710657050224,0.9228055787572196,12.115429878234863,1.9552175998687744,3011,3011,23.688301727900807,6.118507042913776,25.82923467116771,0.15082201790156935,0.03895617293958692,0.708984375,,
4.4196300000008195,1400,,,,0.0625,0.0390625,-0.78515625,0.019603864489974063,0.9230612004926126,12.1182222366333,1.9585503339767456,3011,3011,23.734148208762576,6.181481927890751,26.044675686353752,0.14932684609620467,0.0388916927784171,0.705078125,,
4.444584999999031,1400,,,,-0.125,-0.181640625,-0.74609375,0.01969392485565556,0.9187600869449132,12.112571716308594,2.0458984375,3013,3011,24.781091548502445,6.210242902774285,25.06040902443451,0.1479426974642937,0.03707504510633371,0.703125,,
4.468940000001341,1400,,,,-0.26953125,0.208984375,-0.91796875,0.019981165654932513,0.9209273147015059,12.11500072479248,1.96044921875,3023,3016,23.750843706075102,6.311049727568874,26.571897005724495,0.14592300084066412,0.03877450949104375,0.701171875,,
4.494365000000223,1400,,,,-0.2109375,0.263671875,-1.08203125,0.021494723167930368,0.9397099552586436,12.116000175476074,1.8596540689468384,3026,3025,22.53156902568469,6.808456114465133,30.217407880933127,0.13802100497675993,0.041706370035190565,0.701171875,,
4.518919999999926,1400,,,,-0.125,0.17578125,-0.978515625,0.019528751607706122,0.9450780117018965,12.113499641418457,1.9097900390625,3023,3026,23.134240953368135,6.187522409007057,26.74616565756055,0.15273932750953187,0.04085191355994335,0.705078125,,
4.541570000000298,1400,,,,-0.0234375,0.330078125,-1.2734375,0.018881861678038042,0.9516908348566284,12.113500595092773,1.962890625,3018,3021,23.777476754039526,5.973787234876398,25.12372232205639,0.15931113671080044,0.04002488761533315,0.71484375,,
4.568669999999925,1400,,,,0.234375,-0.078125,-1.283203125,0.01912047379519306,0.9369870280772833,12.115429878234863,1.9845144748687744,3015,3017,24.04324596261472,6.040952636342108,25.12536221496588,0.15510583917516751,0.038970903909323285,0.724609375,,
4.592615000000223,1400,,,,0.0625,0.09375,-1.068359375,0.01914852427350402,0.9246616148359428,12.115555763244629,1.9075521230697632,3014,3015,23.111054118347397,6.0450809118697615,26.156664602635733,0.1529609989206815,0.04000949546052392,0.732421875,,
4.616550000000745,1400,,,,0.125,0.1171875,-1.126953125,0.01930276417604013,0.9101022899070372,12.112500190734863,1.9366455078125,3013,3013,23.457619082764722,6.0904889585777715,25.96379852997402,0.14943008617153145,0.038797726516742986,0.7421875,,
4.640544999999926,1400,,,,-0.05078125,0.173828125,-0.99609375,0.01940697009183259,0.9053121608655422,12.11485767364502,1.9810267686843872,3011,3012,23.999857350292245,6.121519136364219,25.50648133868878,0.14789011366274,0.0377215642431524,0.74609375,,
4.66522500000149,1400,,,,0.046875,0.013671875,-1.197265625,0.019423936591501406,0.9005220318240474,12.114001274108887,1.9793701171875,3013,3012,23.97809212154243,6.125942198138364,25.548080168708193,0.14700139222627837,0.03755603353508677,0.74609375,,
4.690324999999255,1400,,,,0.01171875,0.11328125,-0.99609375,0.01942342139232269,0.9086685853911373,12.113142967224121,1.953125,3010,3011,23.65848235785961,6.125402462574549,25.890935732568753,0.14834430732396606,0.038407729272172335,0.740234375,,
4.715429999999702,1400,,,,-0.224609375,0.177734375,-1.126953125,0.019395860681606356,0.9098577821601395,12.1151123046875,2.0431857109069824,3012,3011,24.75342434697086,6.11607394136841,24.70799132935662,0.14876500691169997,0.0367568450088596,0.73828125,,
4.743979999998585,1400,,,,-0.236328125,0.03125,-0.7890625,0.01942559551329409,0.9238836356412684,12.116000175476074,1.9852120876312256,3011,3011,24.052830002097153,6.124894878709715,25.464341943029943,0.15084073342266013,0.038410600148120436,0.734375,,
4.766535000000149,1400,,,,-0.447265625,0.03125,-0.794921875,0.019532147842053434,0.9264065110297124,12.113779067993164,1.9341362714767456,3010,3011,23.429699480061345,6.15839506381104,26.284567025931466,0.15042986060988725,0.039539837539021086,0.73046875,,
4.790910000000149,1400,,,,-0.0625,0.056640625,-0.931640625,0.01975980900731383,0.9289293864181563,12.113142967224121,1.9287109375,3012,3012,23.362751328386366,6.231935288354074,26.674663445063107,0.1490595366344854,0.03976112973001953,0.7265625,,
4.81538000000082,1400,,,,-0.236328125,0.12109375,-0.83984375,0.019815551546280917,0.9207272629085896,12.114001274108887,1.982421875,3014,3013,24.015061119571328,6.252065713269138,26.033936295810427,0.14726768801461482,0.03833957608203767,0.720703125,,
4.840270000001416,1400,,,,0.078125,-0.158203125,-0.978515625,0.019440011308919466,0.9285181688438284,12.115501403808594,2.0001220703125,3012,3013,24.232481750659645,6.133333044537534,25.310379298523873,0.15138883900504715,0.03831708936780909,0.716796875,,
4.865210000000894,1400,,,,-0.25,0.255859375,-0.8671875,0.019439409195206137,0.9335750336092117,12.11600112915039,1.9390869140625,3011,3012,23.493979240301996,6.132089007646654,26.10068283846764,0.1522442078784331,0.03973677783828719,0.71484375,,
4.8903700000010435,1400,,,,-0.162109375,0.15234375,-0.91796875,0.019610696922586542,0.9376983233409856,12.11600112915039,1.92626953125,3013,3012,23.338683815672994,6.1857096781770995,26.504106774106567,0.1515910658803051,0.0401778579609223,0.71875,,
4.918660000000149,1400,,,,-0.07421875,-0.0390625,-0.673828125,0.019342559714445505,0.9418216130727597,12.119500160217285,1.917724609375,3012,3012,23.241863710572943,6.100492549691624,26.24786301847408,0.15438451984018373,0.04052263728938038,0.720703125,,
4.943365000000224,1400,,,,-0.0625,0.064453125,-0.9453125,0.01927185949148444,0.9377538932834624,12.116889953613281,1.9661458730697632,3010,3011,23.823573176737227,6.077420672989708,25.5101139862767,0.15430129716891008,0.0393624367900925,0.720703125,,
4.967075000001118,1400,,,,-0.07421875,0.09765625,-1.083984375,0.019253877684727878,0.9283403450279029,12.11485767364502,1.9691685438156128,3011,3011,23.856196643744966,6.07133469124366,25.44971766417573,0.15290547997078718,0.03891401294561811,0.71875,,
5.142615000000223,1400,,,,-0.13671875,0.17578125,-0.923828125,0.01943148068926635,0.9111470048255998,12.11400032043457,1.97998046875,3012,3011,23.98548403289169,6.12777446818872,25.547845771157263,0.1486913412945698,0.03798743454900176,0.716796875,,
5.173645000001415,1400,,,,0.1015625,-0.087890625,-1.09375,0.01951562982732197,0.9223387912404151,12.115119934082031,1.97133207321167,3011,3011,23.88292449686196,6.15346441182782,25.765121070647524,0.14988935167440812,0.03861917293091989,0.716796875,,
5.205535000002012,1400,,,,0.375,0.0546875,-1.177734375,0.0196573345352489,0.9250543554043971,12.116400718688965,1.9384765625,3011,3011,23.487358815036714,6.197754169287158,26.38761649657827,0.1492563806400203,0.039385201319961656,0.705078125,,
5.228000000001862,1400,,,,0.2578125,-0.150390625,-1.03515625,0.01939991352591861,0.9216830659191896,12.114400863647461,2.00439453125,3011,3010,24.282038840465248,6.115249156758542,25.184249135487224,0.15071880839075055,0.03795740019916425,0.712890625,,
5.249970000000671,1400,,,,0.234375,-0.306640625,-0.966796875,0.01945716295610979,0.9221387394474988,12.11542797088623,1.9642857313156128,3010,3010,23.79816229199389,6.133611027749751,25.773464994871485,0.15034190059910035,0.03874831712353362,0.716796875,,
5.2719149999991055,1400,,,,0.099609375,0.080078125,-0.896484375,0.019771393233598986,0.9276179357757053,12.11600112915039,1.9759114980697632,3010,3011,23.94014594171449,6.233533951867614,26.037994785177965,0.1488109221732536,0.03874738015524701,0.724609375,,
5.299515000000596,1400,,,,-0.015625,-0.08203125,-0.931640625,0.019727347686237705,0.9295073138199144,12.114286422729492,1.9880021810531616,3011,3011,24.083227830288934,6.219577983554424,25.8253504363406,0.14944861472557833,0.03859562847513712,0.73046875,,
5.320875,1400,,,,0.224609375,-0.23046875,-0.66796875,0.019459369076162258,0.9303853189110468,12.115555763244629,1.8983290195465088,3011,3011,22.99931109330123,6.135369834545082,26.676320041307967,0.15164290727390714,0.040452747264331346,0.736328125,,
5.347294999999925,1400,,,,0.173828125,-0.076171875,-1.005859375,0.01928783681431949,0.9228055787572196,12.116571426391602,1.9210379123687744,3010,3011,23.276393078022465,6.081334900054749,26.126620562172647,0.15174391707138374,0.03964555743941837,0.744140625,,
5.370075000001117,1400,,,,-0.0625,-0.240234375,-0.6953125,0.01928112553106637,0.9309632463128049,12.11600112915039,1.9818115234375,3010,3011,24.011630655732006,6.07917133638954,25.31761138404123,0.15313982692675843,0.03877134625551003,0.74609375,,
5.393640000000596,1400,,,,-0.2109375,0.125,-0.8203125,0.019356272089223133,0.932085759150835,12.113715171813965,1.9419642686843872,3010,3011,23.524402024682672,6.102406225586431,25.940749606232544,0.15274069353868083,0.0396220808576922,0.740234375,,
5.416144999999553,1400,,,,0,0.087890625,-0.962890625,0.019287443323436047,0.9177487139918364,12.1170015335083,1.9952392578125,3011,3011,24.176317146630026,6.080843341570627,25.152066399072055,0.15092457779956395,0.03796065002066549,0.732421875,,
5.458254999998957,1400,,,,-0.162109375,-0.0703125,-0.88671875,0.019498057502256017,0.9149813308564948,12.117714881896973,1.9670759439468384,3011,3011,23.83646543978614,6.1478017738515245,25.791583023840648,0.1488306494767267,0.03838578052471121,0.720703125,,
5.483469999998808,1400,,,,-0.15234375,0.12109375,-0.94921875,0.019527246363596307,0.9265880858167551,12.116570472717285,1.9646345376968384,3012,3011,23.804632829138086,6.157900046967428,25.868494133754687,0.15047143973586752,0.038924695561049105,0.712890625,,
5.50575,1400,,,,-0.1484375,0.130859375,-0.94140625,0.01967490803932029,0.9258619255934403,12.11542797088623,1.9587053060531616,3013,3013,23.73055305167975,6.207880234078996,26.15986328072356,0.14914300706234576,0.039015606740269534,0.712890625,,
5.528154999999329,1400,,,,-0.03125,0.130859375,-1.03515625,0.019434104334446565,0.9231612263890707,12.114999771118164,1.937255859375,3012,3013,23.469854292925447,6.132083816014661,26.12748992593049,0.15054608744553136,0.039333913831213714,0.7109375,,
5.5491199999991805,1400,,,,0.037109375,0.0234375,-1.123046875,0.01946456801856613,0.936786976284367,12.11600112915039,2.0499675273895264,3012,3012,24.837408876573136,6.139992101569531,24.72074334356522,0.15257136504213117,0.03771677556783924,0.70703125,,
5.570875,1400,,,,-0.291015625,-0.01171875,-0.81640625,0.01937895650329195,0.9331304740693976,12.116571426391602,1.962890625,3011,3012,23.783504460006952,6.111430681921111,25.696089876905067,0.1526860930992464,0.0392343557123173,0.703125,,
5.596179999999702,1400,,,,0.0859375,-0.060546875,-1.11328125,0.01941147120274786,0.9278068735801261,12.115429878234863,1.9817243814468384,3011,3011,24.00944278140753,6.120559174943135,25.492299969921767,0.15158857990924435,0.03864341551060913,0.697265625,,
5.620559999998659,1400,,,,-0.0234375,0.0703125,-1.185546875,0.019541698659483533,0.9161927556024877,12.114500999450684,1.925048828125,3011,3011,23.32100595231168,6.161427245100203,26.420074921722904,0.148698137486096,0.03928615933103309,0.69140625,,
5.647790000000969,1400,,,,0.3984375,-0.1015625,-1.09765625,0.019496825607501614,0.9236391278943707,12.115429878234863,1.9740513563156128,3010,3011,23.91648078347623,6.146865651924929,25.70138018036402,0.15026180499082933,0.03861935776657024,0.685546875,,
5.670339999999851,1400,,,,0.14453125,-0.041015625,-1.201171875,0.019446811323248926,0.9231278844235848,12.116889953613281,1.9699435234069824,3010,3010,23.869588887955615,6.129429744722884,25.678824103316423,0.15060583494220636,0.03867380744414023,0.68359375,,
5.695185000000522,1400,,,,-0.0625,0.171875,-1.013671875,0.019432103343874522,0.932563660656135,12.114286422729492,2.0005581378936768,3009,3010,24.235334287766364,6.126118964304694,25.277633440348573,0.1522274813940019,0.03847950474225063,0.681640625,,
5.719554999999702,1400,,,,-0.0859375,0.17578125,-0.97265625,0.019751916133538563,0.9226833248837708,12.112000465393066,2.23876953125,3013,3011,27.115977604407817,6.2287082612994835,22.970620319021727,0.14813397676957069,0.03402729336720593,0.6796875,,
5.743529999999329,1400,,,,-0.0859375,-0.00390625,-1.00390625,0.020576140359304475,0.9276512777411913,12.112500190734863,1.9842529296875,3036,3023,24.034263989306055,6.513044217031957,27.098995916537778,0.14242975278984502,0.03859703289245494,0.673828125,,
5.765520000001415,1400,,,,0.162109375,-0.275390625,-0.978515625,0.0241783645291515,0.9413770535329458,12.116571426391602,1.8387277126312256,3044,3040,22.279075663781896,7.696554723885864,34.546113312940584,0.12231148706205262,0.04225386491519936,0.66796875,,
5.793120000001043,1400,,,,0.34375,-0.068359375,-1.052734375,0.01891365227601739,0.9524688140513028,12.11485767364502,1.8833705186843872,3036,3041,22.81676578060035,6.022644967089355,26.395699657880645,0.15814792657645488,0.04174425171428663,0.669921875,,
5.816310000000522,1400,,,,0.0625,0.068359375,-1.119140625,0.018006482379819017,0.938987546006446,12.114666938781738,1.982421875,3026,3032,24.016380747780204,5.71744079044113,23.806421335860875,0.16423214169114259,0.03909779561990143,0.673828125,,
5.840565000001341,1400,,,,0.21875,0.033203125,-1.310546875,0.018736299954236337,0.9329971062074536,12.115999221801758,1.9670759439468384,3028,3027,23.833090606084852,5.9393630063313845,24.920658023324087,0.15708706560162683,0.03914713041745618,0.673828125,,
5.867169999999925,1400,,,,-0.19921875,0.1328125,-0.96484375,0.02044773447471245,0.9394543335232506,12.112500190734863,1.966552734375,3030,3029,23.819870370207354,6.48578941615506,27.22848325936797,0.14484810918825405,0.039439943161834794,0.67578125,,
5.903060000000521,1400,,,,0.0625,0.064453125,-0.841796875,0.01900794169055802,0.9388652921329972,12.114999771118164,1.956787109375,3024,3027,23.7064753822051,6.025110078840814,25.41546131047161,0.15582541726999083,0.03960374863813546,0.67578125,,
5.929140000000596,1400,,,,-0.1875,0.087890625,-0.779296875,0.01894291202003828,0.9241799623595256,12.116000175476074,1.9718424081802368,3018,3021,23.890842963522914,5.992715954615955,25.083735905701488,0.15421721459160198,0.03868343882928638,0.6796875,,
5.95961999999918,1400,,,,-0.224609375,-0.068359375,-0.689453125,0.01923525841156143,0.9198270298404664,12.113499641418457,1.959228515625,3015,3016,23.733113921480253,6.075626075929001,25.59978473970962,0.15139625420411001,0.03875711518023573,0.6875,,
5.9830450000017885,1400,,,,-0.33203125,0.33984375,-0.7578125,0.019310823870352288,0.922816692745715,12.114401817321777,1.876953125,3012,3014,22.73816434852779,6.094732402350719,26.8039772645294,0.1514121756009809,0.04058448512381625,0.697265625,,
6.004370000001043,1400,,,,-0.2109375,-0.0390625,-0.783203125,0.01951767643230462,0.9347753443667092,12.116571426391602,1.9210379123687744,3011,3012,23.276393078022465,6.156312995628157,26.44874132771429,0.15184012655473014,0.040159802304134594,0.703125,,
6.026465000001713,1400,,,,-0.140625,0.107421875,-0.810546875,0.019511224495315584,0.9264954229376751,12.11485767364502,1.9831193685531616,3011,3011,24.025208899870336,6.152727975839367,25.60946712880642,0.15058286772564178,0.038563470011812276,0.703125,,
6.04972500000149,1400,,,,-0.0234375,0.044921875,-1.0859375,0.019688525115524592,0.9288404745101935,12.112667083740234,1.9539388418197632,3012,3011,23.667410692951762,6.208066490582589,26.230442236046436,0.14961831931394592,0.03924554682218809,0.703125,,
6.072625,1400,,,,0.03125,-0.17578125,-1.130859375,0.01972076411984093,0.9288404745101935,12.115500450134277,1.9952392578125,3009,3011,24.173322126152925,6.2173969943766965,25.72007671072295,0.14939378575154202,0.038424196296349696,0.69921875,,
6.098555000001564,1400,,,,0.173828125,-0.173828125,-1.0390625,0.019615549324723744,0.9340084791605301,12.114858627319336,1.9810267686843872,3011,3011,23.999859239546595,6.18452142066534,25.768990388387703,0.15102356603367512,0.038917248215418095,0.69921875,,
6.122330000000074,1400,,,,0.236328125,-0.21484375,-1.140625,0.019883465194242844,0.9325525466676396,12.118499755859375,2.0166015625,3012,3012,24.438185542821884,6.270671262155845,25.659316037060286,0.14871654208628216,0.038159647533306904,0.697265625,,
6.146234999999404,1400,,,,0.162109375,0.19921875,-1.130859375,0.01960442440402589,0.9293739459579702,12.117714881896973,1.9321986436843872,3012,3012,23.413832259355445,6.183992199339232,26.41170454643665,0.15028705017727464,0.039693371664376774,0.69921875,,
6.169269999999553,1400,,,,0.111328125,-0.212890625,-1.30078125,0.019336937098618834,0.9264954229376751,12.113500595092773,1.983642578125,3012,3012,24.02885555056855,6.098575445564757,25.380216018737762,0.15191997396891713,0.03855761756892134,0.703125,,
6.198630000000819,1400,,,,0.1484375,-0.09765625,-1.25390625,0.01938341317880206,0.9246616148359428,12.113142967224121,1.953125,3011,3011,23.65848235785961,6.112082070728971,25.834632916335266,0.151284227557118,0.03908372484969476,0.6953125,,
6.221345000000671,1400,,,,0.197265625,-0.11328125,-1.24609375,0.019585508453789667,0.9177487139918364,12.116801261901855,1.974609375,3010,3011,23.925949366763234,6.174945341252327,25.808569794226266,0.1486245890891902,0.038357880806465655,0.6875,,
6.2461199999991805,1400,,,,0.265625,-0.19140625,-1.046875,0.019575273101432353,0.9131808647202485,12.117143630981445,1.9684709310531616,3013,3010,23.852245004982933,6.1709034284989315,25.871373647259528,0.14798171374760588,0.03828490209326114,0.685546875,,
6.269075000001117,1400,,,,0.0859375,0.11328125,-1.083984375,0.019495124066845483,0.9286848786712586,12.11500072479248,1.9866943359375,3009,3010,24.068803319823928,6.145498301808304,25.533044664279803,0.15111628594836557,0.038584588786196965,0.68359375,,
6.294089999999851,1400,,,,0.125,-0.103515625,-0.986328125,0.019605672927123743,0.9319635052773863,12.116000175476074,1.9698660373687744,3010,3010,23.86689725442443,6.180322749204205,25.894956865658358,0.15079528094182273,0.03904837295533334,0.685546875,,
6.315855000000447,1400,,,,-0.0234375,-0.115234375,-0.857421875,0.01945596096442678,0.9352421318835138,12.11400032043457,1.9573974609375,3010,3010,23.71191346901469,6.1328058929010805,25.86381694128171,0.1524982443951286,0.039441866769024454,0.689453125,,
6.34274499999918,1400,,,,-0.0859375,-0.25,-0.802734375,0.01941607040691603,0.9158148799936459,12.115334510803223,2.0133464336395264,3011,3010,24.392365529675544,6.119985858403019,25.08975954364695,0.1496433000308637,0.03754514415092187,0.697265625,,
6.505349999999628,1400,,,,0.162109375,-0.203125,-0.978515625,0.019326760133231095,0.9260730913748519,12.112444877624512,1.943359375,3010,3010,23.538833307102323,6.092165480344502,25.88134000042528,0.15201049517822424,0.03934235309340628,0.703125,,
6.540125,1400,,,,-0.0390625,-0.099609375,-0.810546875,0.019551738054149437,0.9246718952753009,12.114256858825684,1.9732776880264282,3010,3010,23.904792766541846,6.163053451953296,25.78166442245575,0.15003470316848197,0.038681443688125615,0.705078125,,
6.5724199999999255,1400,,,,0,0.017578125,-1.107421875,0.019556242870635152,0.9410547478665806,12.116000175476074,1.9562321901321411,3010,3010,23.701709558912967,6.163694399325444,26.005273518372025,0.1526770613367155,0.03970408740042548,0.6875,,
6.596429999999702,1400,,,,-0.025390625,0.216796875,-1.14453125,0.019702174168976534,0.9412807786076047,12.112401962280273,1.93701171875,3010,3010,23.461864543147385,6.209525499840438,26.466462153597604,0.15158658719282048,0.04011960672931806,0.685546875,,
6.6193849999997765,1400,,,,0.203125,0.1015625,-1.263671875,0.019672382207925023,0.9294184019119516,12.114001274108887,1.92138671875,3009,3010,23.275681158993393,6.200107960442373,26.637707906764046,0.14990358358947645,0.039930878738336624,0.685546875,,
6.641799999998883,1400,,,,0.099609375,-0.04296875,-1.177734375,0.019610892689890413,0.9286404227172772,12.116572380065918,1.9691685438156128,3010,3010,23.859573189690877,6.181161748390667,25.9064221277076,0.15023719820292017,0.03892108275928923,0.689453125,,
6.6675250000003725,1400,,,,-0.046875,0.177734375,-1.068359375,0.019614306530719015,0.9281625212119773,12.116572380065918,1.9768415689468384,3010,3010,23.952543954067437,6.182387476431392,25.81098478845103,0.15013011150632907,0.03875006024378316,0.689453125,,
6.691085000000894,1400,,,,-0.173828125,0.060546875,-1.015625,0.01963744717622761,0.9276846197066773,12.11350154876709,1.990966796875,3011,3010,24.117579377489164,6.189878725624243,25.665422838420277,0.1498712108633633,0.03846507998114265,0.693359375,,
6.715724999999628,1400,,,,-0.19921875,0.271484375,-1,0.01956410486320117,0.9348198003206906,12.116571426391602,1.9356863498687744,3010,3010,23.45388191727625,6.167136238420121,26.29473560143311,0.1515808576591734,0.039857785743864324,0.689453125,,
6.740320000000298,1400,,,,-0.224609375,0.13671875,-0.9296875,0.019507909166941822,0.9348198003206906,12.114500999450684,2.0166015625,3010,3010,24.43012164440006,6.1498687504697,25.173303841814437,0.15200646359311215,0.03826504893949116,0.689453125,,
6.761640000000596,1400,,,,-0.298828125,0.259765625,-0.921875,0.019339487942396254,0.9153592064653366,12.11500072479248,1.9635009765625,3012,3011,23.78781575418543,6.097981114721321,25.634892996211267,0.1501085669576018,0.03848017051772736,0.689453125,,
6.782639999998733,1400,,,,-0.25,0.16796875,-0.8125,0.019235110712746157,0.9149035329370273,12.113715171813965,1.9914900064468384,3011,3011,24.124342705610957,6.065783165694467,25.143827708448434,0.15083024037379694,0.03792449577182613,0.689453125,,
6.805419999999925,1400,,,,0,-0.017578125,-0.796875,0.01946554238359817,0.9083351657362769,12.115333557128906,2.0149738788604736,3011,3011,24.412080651296492,6.138580044046547,25.145665098073216,0.14797154378026212,0.0372084288394335,0.689453125,,
6.828675000000745,1400,,,,-0.140625,0.12890625,-0.84375,0.0194808330536629,0.9216052679997221,12.116000175476074,1.9594029188156128,3011,3011,23.740126108198297,6.143424637385841,25.877809618139736,0.15001490575652032,0.038820571710504084,0.6875,,
6.849575000001118,1400,,,,0.0234375,0.130859375,-0.8828125,0.019351403198476468,0.9225388430333313,12.113715171813965,1.9566127061843872,3012,3011,23.70184902426979,6.102395102273369,25.74649385381178,0.1511765180018664,0.03892265291575719,0.68359375,,
6.870625,1400,,,,-0.28125,0.216796875,-0.642578125,0.01930479213527002,0.9151480406839251,12.113715171813965,2.0284597873687744,3011,3011,24.57218410166365,6.087373359403394,24.77343216304183,0.15033545449783553,0.0372432518370219,0.6875,,
6.8954900000002235,1400,,,,0.09375,-0.255859375,-0.69140625,0.01927822465367282,0.9138365900414741,12.113716125488281,1.9545201063156128,3011,3011,23.67650172946651,6.078937567800919,25.674982044477453,0.1503283394259399,0.03859677415537118,0.697265625,,
6.919564999999478,1400,,,,-0.099609375,0.171875,-0.96484375,0.019304141533866153,0.9077127823805373,12.116000175476074,1.9549560546875,3012,3012,23.686247901641764,6.08796725134008,25.702539619701035,0.1490994850835855,0.03832235422637881,0.697265625,,
6.947084999999031,1400,,,,-0.173828125,0.00390625,-0.90234375,0.019687883037893407,0.9153925484308227,12.116000175476074,1.9391740560531616,3014,3013,23.495033203418757,6.21160229088359,26.437937912680802,0.14736818385399392,0.038961108950364205,0.69140625,,
6.969910000000149,1400,,,,0.1484375,-0.017578125,-0.890625,0.019477260195566774,0.9233835061589777,12.117778778076172,1.9851346015930176,3013,3013,24.055421946808565,6.145685591772005,25.548026575303346,0.15024906373264948,0.03838567073156175,0.689453125,,
6.997900000000373,1400,,,,-0.125,0.037109375,-0.884765625,0.019051606043625973,0.923038972515622,12.115999221801758,1.9566127061843872,3013,3013,23.706318025497467,6.010636173631946,25.354574958317745,0.15356760014271045,0.03893641228987319,0.68359375,,
7.020525000000372,1400,,,,-0.25,0.177734375,-0.82421875,0.019617146484097937,0.9285848527748004,12.115556716918945,1.9314236640930176,3014,3014,23.40027294671836,6.1908604926693265,26.456360174796718,0.14999285703083587,0.03968265049254584,0.67578125,,
7.045804999999702,1400,,,,-0.01171875,-0.07421875,-0.87890625,0.019409587169515814,0.9341307330339791,12.112001419067383,2.100306987762451,3017,3015,25.43892121625595,6.127576565566418,24.087407297958773,0.15244701115336132,0.03672053249007477,0.671875,,
7.069289999999106,1400,,,,-0.1484375,0.169921875,-0.83984375,0.019949930639251656,0.9251728583067288,12.116501808166504,1.9744873046875,3028,3020,23.9238789974479,6.309391833982793,26.372779408622876,0.1466342371262612,0.03867152389482585,0.67578125,,
7.091665000000969,1400,,,,-0.265625,0.064453125,-0.833984375,0.02141838202399145,0.924606044893466,12.114001274108887,1.9512939453125,3029,3028,23.63797733967658,6.791747951466501,28.73235663893494,0.136136684031954,0.039115277572481025,0.67578125,,
7.115509999999777,1400,,,,-0.07421875,0.083984375,-0.99609375,0.018883602903144062,0.9240392314802032,12.116000175476074,2.00439453125,3024,3027,24.285244492348284,5.985977583023574,24.648619802487957,0.15436730570137921,0.03804941028167728,0.677734375,,
7.140970000000671,1400,,,,0.015625,0.291015625,-1.1171875,0.018783437674807727,0.9200270816333826,12.11350154876709,1.9696044921875,3019,3022,23.8588070665719,5.944658547928661,24.91599236852711,0.15476533668261808,0.03856131947696641,0.677734375,,
7.1685749999992545,1400,,,,0.0234375,0.14453125,-1.216796875,0.018912110730766638,0.927640163752696,12.113500595092773,1.9415283203125,3017,3018,23.51870446349494,5.978046135260461,25.418262917242796,0.15517447386047634,0.03944265574630407,0.673828125,,
7.190790000000969,1400,,,,0.1875,-0.013671875,-1.146484375,0.019354470660605815,0.9288627024871842,12.114667892456055,2.0166015625,3017,3017,24.430458201095462,6.11524209789144,25.031221467705556,0.15189303834879403,0.038020682823113564,0.671875,,
7.215625,1400,,,,0.0625,0.091796875,-1.1640625,0.019357278313602275,0.9236391278943707,12.115333557128906,1.8098958730697632,3014,3016,21.92749220591122,6.1132926246043935,27.87957951231819,0.15108701392388227,0.042122424179696014,0.671875,,
7.241894999999553,1400,,,,0.173828125,0.173828125,-1.40234375,0.01930313461081712,0.9275845938102192,12.114500999450684,1.9476318359375,3015,3015,23.594587823026814,6.093653880644771,25.8264900677678,0.15222141132047218,0.039313447675697714,0.671875,,
7.2664199999999255,1400,,,,-0.01171875,0.109375,-1.216796875,0.019327341985517544,0.9315300597260677,12.113333702087402,1.9118924140930176,3012,3013,23.159390814398193,6.098889913309131,26.33441424338956,0.15273764127030107,0.04022256315770341,0.669921875,,
7.291610000001267,1400,,,,-0.236328125,0.31640625,-1.107421875,0.019293373912951318,0.9175486621989202,12.115429878234863,1.9621931314468384,3012,3013,23.772813291598254,6.086493028856447,25.602746104128638,0.1507516163821702,0.03859655359019703,0.669921875,,
7.31572000000067,1400,,,,0.099609375,-0.083984375,-1.017578125,0.01948577726102398,0.9113581706070115,12.115500450134277,1.922607421875,3011,3012,23.293351085158065,6.146069645374493,26.38551071035294,0.148283085482589,0.039125249401650325,0.66796875,,
7.344644999999553,1400,,,,-0.2109375,0.2109375,-1.04296875,0.019423236244801186,0.9051676790151028,12.112500190734863,1.962890625,3011,3012,23.775513069704175,6.125515206740149,25.763966433790884,0.14777004847185926,0.03807142568748634,0.669921875,,
7.369995000001043,1400,,,,-0.353515625,-0.041015625,-0.85546875,0.01949163351206269,0.9234613040784452,12.116889953613281,2.025282144546509,3012,3011,24.540120870487954,6.146540874810077,25.046905462482588,0.15024081396139408,0.037630674638974716,0.671875,,
7.523515000000596,1400,,,,-0.162109375,-0.001953125,-0.90234375,0.01944224523603366,0.9295073138199144,12.11350154876709,1.9287109375,3012,3011,23.363442928530276,6.1309033571053675,26.241437855970336,0.1516101722175523,0.03978468912579859,0.67578125,,
7.556710000000894,1400,,,,-0.1328125,0.15625,-0.943359375,0.019545755529007718,0.9255173919500845,12.11476993560791,1.990215539932251,3017,3016,24.1110033885509,6.1735520389964895,25.604708105710767,0.14991651258527777,0.03838568544972153,0.677734375,,
7.584210000000894,1400,,,,-0.20703125,0.216796875,-1.16015625,0.01880162533154804,0.921053319546072,12.114910125732422,1.884321689605713,3015,3017,22.828387917541477,5.94080320149275,26.023752631817686,0.1550385172352853,0.04034684020934867,0.669921875,,
7.60647500000149,1400,,,,0.17578125,0.119140625,-1.296875,0.01916156564571693,0.9164261493608901,12.115999221801758,1.9598388671875,3014,3015,23.74540618970059,6.050821757487743,25.482073076148286,0.15145482483050096,0.03859382914066063,0.67578125,,
7.628195000000298,1400,,,,0.09375,0.19921875,-1.263671875,0.019327811631419268,0.920482755161692,12.116572380065918,1.9168527126312256,3016,3015,23.22568463452194,6.102231023445813,26.273632486922022,0.15084364253418792,0.03963210426931892,0.677734375,,
7.650415000000969,1400,,,,0.2109375,0.234375,-1.146484375,0.019496354284792145,0.9267510446730681,12.117142677307129,1.9461495876312256,3015,3015,23.581772224709994,6.156416751602041,26.106675498930837,0.15053416330723648,0.03929946552965084,0.6796875,,
7.674950000001117,1400,,,,0,0.26171875,-1.267578125,0.01937026183594808,0.9285403968208191,12.117142677307129,1.9489396810531616,3014,3015,23.61558018478661,6.115318844107672,25.89527251186156,0.1518384274788061,0.03931897457336213,0.6796875,,
7.696889999998733,1400,,,,0.037109375,0.083984375,-1.224609375,0.019312463530689373,0.9177042580378549,12.116000175476074,1.9903564453125,3012,3013,24.115159040666185,6.094341874667681,25.271829492770888,0.1505829959839423,0.03805507799016793,0.6796875,,
7.718914999999106,1400,,,,-0.140625,0.3125,-1.146484375,0.019427572469621835,0.9138588180184647,12.117142677307129,1.953125,3011,3012,23.666294291615486,6.12877821066614,25.896653422574268,0.14910946139771256,0.038614360438432783,0.67578125,,
7.745575000001118,1400,,,,0,0.408203125,-1.232421875,0.019668818991473408,0.9140366418343903,12.116667747497559,1.9832357168197632,3013,3012,24.030208245675226,6.203823466160098,25.81676947088719,0.1473344054388672,0.038036983803454626,0.677734375,,
7.769915000000968,1400,,,,-0.0859375,0.140625,-1.103515625,0.019709532442383514,0.9247616407324009,12.116888999938965,1.9270833730697632,3011,3011,23.35025532511429,6.215484629094745,26.61848678977699,0.14878351342123547,0.039603919865397644,0.677734375,,
7.796304999999702,1400,,,,-0.099609375,0.08203125,-1.0859375,0.019573151101234927,0.926395397041217,12.116500854492188,1.9439697265625,3011,3011,23.554110853001475,6.171698023985658,26.20221184532298,0.1501038115346665,0.03933051868621767,0.673828125,,
7.821755000000819,1400,,,,-0.224609375,0.255859375,-1.130859375,0.01953424399146483,0.9286515367057726,12.112500190734863,1.97998046875,3011,3011,23.98251380538568,6.158705462014057,25.67998297422439,0.1507868077851022,0.038722026566590705,0.67578125,,
7.982980000000447,1400,,,,-0.1875,0.21875,-0.947265625,0.01947101660193968,0.9255062779615891,12.113999366760254,1.982421875,3011,3011,24.015057338401675,6.138833498678594,25.56243531787114,0.15076256395629684,0.03853858289489249,0.677734375,,
8.006669999999925,1400,,,,-0.103515625,0.01953125,-0.791015625,0.01958737474779314,0.9263492739889613,12.114813804626465,1.947880506515503,3011,3011,23.598209650096805,6.1755049158754725,26.169378980197926,0.15000381128473883,0.03925506585984421,0.67578125,,
8.033634999999776,1400,,,,0.01171875,-0.15625,-0.9453125,0.019876208808739616,0.9325970026216209,12.11542797088623,1.9426618814468384,3013,3012,23.536180096455496,6.270150321390352,26.64047562388692,0.14873598794595178,0.03962397461268867,0.67578125,,
8.056754999998956,1400,,,,-0.111328125,0.27734375,-1.009765625,0.0196244214542203,0.9333416398508093,12.117334365844727,1.9607205390930176,3011,3013,23.75870637016942,6.191113877829427,26.058295352320894,0.15075504315841048,0.03928419440473744,0.666015625,,
8.079255000000819,1400,,,,0.07421875,-0.2734375,-1.02734375,0.019553729475563966,0.9309299043473188,12.115429878234863,1.9489396810531616,3011,3012,23.612242042709,6.167711693730926,26.12082191337436,0.15093602791024552,0.03942573105355626,0.666015625,,
8.101705000001937,1400,,,,-0.125,0.095703125,-1.021484375,0.01949299843356462,0.9309299043473188,12.114286422729492,1.9105747938156128,3012,3012,23.145250284329677,6.147491124945896,26.56048670645834,0.1514324926098225,0.04022120706889042,0.6640625,,
8.123299999998883,1400,,,,0.0859375,0.0234375,-1.01171875,0.019486019280274724,0.9323302668977327,12.116002082824707,2.0145089626312256,3009,3011,24.40779478710897,6.144887356896075,25.175921915491976,0.1517245496536936,0.03819805414744576,0.6640625,,
8.149390000000595,1400,,,,0,0.025390625,-1.25,0.019534522062082033,0.9334083237817814,12.116000175476074,1.973876953125,3013,3011,23.91549351043068,6.160110683555513,25.75782381772217,0.15152460267857293,0.039029440198450345,0.6640625,,
8.171015000000596,1400,,,,0.173828125,-0.1171875,-1.130859375,0.019670912346205244,0.9344863806658302,12.11400032043457,1.98486328125,3013,3012,24.044634425081313,6.205261374353532,25.80726021719312,0.15059581285779208,0.03886465330040759,0.66015625,,
8.196765000000596,1400,,,,-0.19921875,0.02734375,-1.017578125,0.01973419660745964,0.9335750336092117,12.118666648864746,2.0686848163604736,3013,3013,25.069701691040564,6.22668735240679,24.837500777410888,0.14993125248987466,0.0372391760027545,0.658203125,,
8.219574999999255,1400,,,,0.037109375,-0.26953125,-1.140625,0.0194975363242097,0.9246282728704567,12.113500595092773,1.9390869140625,3012,3013,23.489130487432703,6.151058300707375,26.18682843112627,0.1503201933176481,0.03936409112142984,0.654296875,,
8.243474999999627,1400,,,,0.078125,-0.158203125,-1.10546875,0.01930410911558314,0.9193046723811851,12.11400032043457,1.97021484375,3012,3012,23.867183248512447,6.088823586021244,25.511278489055627,0.15098231364293918,0.03851751850266964,0.650390625,,
8.26549499999918,1400,,,,-0.0234375,0.0625,-1.025390625,0.01938948839298506,0.9405990743382714,12.116002082824707,1.9691685438156128,3011,3011,23.85845017830286,6.114506037440842,25.62826165046312,0.15383075404271715,0.03942414814494793,0.650390625,,
8.290554999999703,1400,,,,0.13671875,-0.115234375,-1.1875,0.019513925273651925,0.94055461838429,12.115429878234863,1.9245256185531616,3011,3011,23.316455180447406,6.152968326436692,26.388952689499806,0.15286193077626065,0.04033866259280336,0.654296875,,
8.317525000000373,1400,,,,0.51171875,0.140625,-1.302734375,0.01955609684862762,0.9182932994281084,12.11400032043457,2.008056640625,3010,3011,24.325598787982017,6.165535505756395,25.34587353632774,0.1489397471753674,0.03775007996439488,0.65625,,
8.349,1400,,,,0.19921875,-0.072265625,-1.1953125,0.019513243629471398,0.9167706830042458,12.11600112915039,1.9830322265625,3011,3011,24.026420696172863,6.152458681159808,25.607054662702318,0.1490088321619454,0.03815677310396371,0.65234375,,
8.372460000000894,1400,,,,0.0625,-0.0859375,-1.037109375,0.019389549346693156,0.9366498574513058,12.114546775817871,1.9082919359207153,3011,3011,23.118091919627545,6.113608064866807,26.44512395798668,0.1532073772988442,0.0405158808394597,0.6484375,,
8.395625,1400,,,,0.125,-0.138671875,-1,0.019347671462846792,0.9295628837623912,12.112570762634277,1.9321986436843872,3011,3011,23.403892799093114,6.099738304223824,26.0629219104105,0.15239389583626992,0.03971830206803934,0.646484375,,
8.419120000001042,1400,,,,-0.048828125,0.0078125,-0.8203125,0.01963416328799901,0.922083169505022,12.110857009887695,1.9670759439468384,3011,3011,23.822975484730023,6.189943316085277,25.98308225625673,0.14896471945209633,0.038705625588040256,0.65234375,,
8.444550000000746,1400,,,,0.125,-0.16796875,-0.8671875,0.01964442954339901,0.944133322679792,12.116000175476074,1.9140625,3011,3010,23.190781585872173,6.1929392756952755,26.704314612095757,0.15245318590239124,0.040711578399537776,0.662109375,,
8.470709999999032,1400,,,,-0.0234375,-0.021484375,-0.826171875,0.019594028335759878,0.9304297748650282,12.106500625610352,2.15576171875,3013,3011,26.09873059671372,6.178321037073302,23.672879468901293,0.1505958931693483,0.035650384275095176,0.671875,,
8.496384999999776,1400,,,,0.1875,-0.27734375,-0.931640625,0.020810177755431026,0.9284403709243609,12.116889953613281,1.9108072519302368,3026,3018,23.15304119420489,6.577375926164987,28.408259074886793,0.1411566529489365,0.04010014767117271,0.677734375,,
8.519345000000671,1400,,,,0.26171875,-0.015625,-1.25,0.020370123987312888,0.9234390761014545,12.11350154876709,1.9207763671875,3026,3027,23.267327498761006,6.456531757329104,27.74934834124339,0.14302401208717305,0.03968823132569169,0.67578125,,
8.540815000001341,1400,,,,-0.0625,-0.05078125,-1.04296875,0.018773068016263644,0.9234390761014545,12.116000175476074,1.9635881185531616,3021,3024,23.79083398895284,5.945418375427248,24.990373932195794,0.15531944394663302,0.03881490983167084,0.6796875,,
8.56583999999985,1400,,,,0.162109375,-0.05078125,-1.146484375,0.018905710914551583,0.9226944388722662,12.11542797088623,1.9419642686843872,3017,3020,23.527728219280448,5.978696870447991,25.411279893774797,0.15433035975331652,0.039217319677984835,0.681640625,,
8.591039999999106,1400,,,,0.037109375,-0.3203125,-1.171875,0.019358481982093032,0.927706847683668,12.117000579833984,1.9683837890625,3015,3017,23.850907513406128,6.11520352472248,25.639290753549915,0.15170498315111583,0.03889608171773851,0.681640625,,
8.616099999999628,1400,,,,0.3359375,0.037109375,-1.201171875,0.019419374137369577,0.933686173494165,12.114999771118164,1.9622802734375,3012,3014,23.773025063565,6.129271156301421,25.782462012776243,0.1523323327822191,0.03927502583275153,0.6875,,
8.643594999998808,1400,,,,0.298828125,-0.23828125,-1.333984375,0.019455449677799462,0.9283292310394075,12.114286422729492,1.9077845811843872,3012,3013,23.111448849334693,6.137598494698732,26.55652847517353,0.1512528445516987,0.040167504732881824,0.693359375,,
8.666345000000671,1400,,,,-0.05078125,-0.009765625,-1.09375,0.019559457590544393,0.9201604494953268,12.114666938781738,1.9889322519302368,3012,3012,24.09525179593595,6.1685427217846955,25.600656818307744,0.14916982681269397,0.038188455438781785,0.6953125,,
8.69890499999933,1400,,,,0.3125,-0.142578125,-1.15625,0.019618922083762667,0.9173486104060038,12.114286422729492,1.9719587564468384,3011,3011,23.888873189406468,6.1865400741035215,25.89716151554166,0.14828136558041044,0.0384006647418097,0.693359375,,
8.724910000000149,1400,,,,0.23046875,-0.271484375,-0.99609375,0.01956395339156848,0.9217497498501616,12.115636825561523,1.913618564605713,3011,3011,23.18470755141516,6.168868350583807,26.607488306261896,0.14941958515988257,0.03975679864868079,0.685546875,,
8.747660000000149,1400,,,,0,-0.1015625,-1.017578125,0.019557137727033425,0.915437004384804,12.117502212524414,1.9989013671875,3010,3011,24.221691739512607,6.1659506987204225,25.456317275568196,0.1484664813448441,0.03779409853901578,0.6796875,,
8.770390000000596,1400,,,,0.224609375,-0.390625,-0.810546875,0.019574709135095146,0.924606044893466,12.113142967224121,1.9356863498687744,3011,3011,23.447245495664674,6.171230441623141,26.319639305880017,0.14982523398531178,0.03943346117412482,0.6875,,
8.797894999999553,1400,,,,0.0625,-0.052734375,-0.92578125,0.019575778239764606,0.9330860181154164,12.11485767364502,1.9133650064468384,3011,3011,23.180144730836332,6.172034410671561,26.626384271280934,0.15117965261212632,0.04025367524449235,0.693359375,,
8.820925000000745,1400,,,,0.03125,-0.185546875,-0.703125,0.019747871812998995,0.9255285059385798,12.112889289855957,1.9211153984069824,3011,3011,23.270258133941297,6.226374897421467,26.75679342095421,0.14864644695934864,0.039773022740501186,0.701171875,,
8.847615000000223,1400,,,,0,-0.017578125,-0.916015625,0.019574376149024394,0.9217497498501616,12.116571426391602,1.9684709310531616,3010,3011,23.85111863688121,6.17168664238891,25.875879183484386,0.14935135292179622,0.03864597564094337,0.712890625,,
9.004109999999404,1400,,,,-0.048828125,-0.265625,-0.583984375,0.019544491522511708,0.916170527625497,12.11644458770752,1.9449869394302368,3011,3011,23.566326475421306,6.162265372945905,26.148603938644786,0.14867430598619558,0.03887625543085914,0.72265625,,
9.039199999999255,1400,,,,-0.111328125,-0.021484375,-0.8515625,0.019496748019336707,0.9152018046032714,12.11484432220459,1.9430776834487915,3012,3012,23.54008364093204,6.14982113301469,26.124890747292163,0.14881762978277585,0.03887844319345992,0.751953125,,
9.062220000000671,1400,,,,0.080078125,-0.052734375,-0.912109375,0.0195114046202739,0.9179783567791214,12.113333702087402,1.9071451425552368,3012,3012,23.101885530086633,6.153680464410406,26.63713512213619,0.1491754994573113,0.039736079359565545,0.77734375,,
9.084484999999404,1400,,,,-0.13671875,0.00390625,-1.060546875,0.019613612472047827,0.9188267708758852,12.113143920898438,1.9775390625,3012,3012,23.95421527326107,6.185775940360921,25.823329505040405,0.14853864409810394,0.03835762350777264,0.76953125,,
9.108615000000224,1400,,,,0.0625,0.146484375,-1.119140625,0.01941161149566227,0.9154258903963088,12.116002082824707,1.9677734375,3011,3012,23.841547067277133,6.1221892061295895,25.678657466538247,0.14952590643225733,0.038396245336475836,0.76171875,,
9.132765000000596,1400,,,,0.0625,0.16796875,-1.126953125,0.019463940473268708,0.9153036365228598,12.114500999450684,1.98486328125,3012,3011,24.04562820447609,6.1379204518133825,25.526138887362528,0.14912275968849406,0.03806528275075285,0.751953125,,
9.156460000000894,1400,,,,-0.109375,0.17578125,-1.076171875,0.019390849960871512,0.9191935324962316,12.114286422729492,1.9377790689468384,3011,3011,23.47481066519208,6.11510480507065,26.049644839683367,0.1503152540793799,0.03915658982754613,0.740234375,,
9.178770000001416,1400,,,,-0.0234375,0.22265625,-1.267578125,0.01915863654205972,0.9267621586615635,12.116000175476074,1.9782365560531616,3011,3011,23.96831446027329,6.041768935886994,25.207316709320683,0.153392519392254,0.0386661381716116,0.734375,,
9.200615000000223,1400,,,,0.109375,0.34375,-1.3203125,0.019193359178109826,0.9154925743272808,12.116000175476074,1.9496372938156128,3011,3011,23.621805793984663,6.0517610814813025,25.619383777265643,0.15127705175419678,0.03875624845584044,0.736328125,,
9.222745000001042,1400,,,,0.111328125,0.423828125,-1.2734375,0.019328283373330663,0.915437004384804,12.113715171813965,1.9852120876312256,3011,3011,24.04829378520685,6.094494093450898,25.342729708333344,0.15020721824450145,0.038066609322110374,0.740234375,,
9.247474999999627,1400,,,,0.140625,0.4375,-1.3203125,0.019378067096518833,0.9205827810581501,12.11542797088623,1.9475446939468384,3012,3011,23.59533745959459,6.10993529890649,25.894672239247857,0.15066980843854583,0.03901545305866405,0.73828125,,
9.26950500000082,1400,,,,-0.19921875,0.208984375,-1.26171875,0.019307259977064214,0.9162038695909831,12.113000869750977,1.934814453125,3012,3011,23.436409153509885,6.088502217019318,25.978818585813485,0.1504809946574215,0.03909318460817922,0.734375,,
9.296280000001191,1400,,,,0.0625,0.076171875,-1.19921875,0.019250636275628737,0.9165928591883202,12.115429878234863,1.9649832248687744,3011,3012,23.806616472805445,6.071738190229916,25.504414695661303,0.1509605372417436,0.03850160144493251,0.732421875,,
9.323240000000224,1400,,,,-0.103515625,0.125,-0.986328125,0.01919292949612595,0.9270622363509379,12.116501808166504,1.9036865234375,3011,3012,23.066021203412674,6.053294846118389,26.243342068994497,0.1531500215862452,0.04019168404361723,0.73046875,,
9.34752499999851,1400,,,,-0.173828125,0.314453125,-0.978515625,0.019239935307821643,0.9186896520428237,12.115555763244629,2.005750894546509,3011,3012,24.300786810056024,6.068078435310218,24.97070766778283,0.15139712873468447,0.03780493443375489,0.7265625,,
9.514520000001415,1400,,,,-0.361328125,0.203125,-1.142578125,0.01963700575658955,0.9196158640590549,12.114286422729492,1.9133650064468384,3012,3012,23.17905171932466,6.192880629655022,26.71757544115552,0.14849565477742505,0.0396744385919964,0.73046875,,
9.540145000001415,1400,,,,-0.16796875,0.02734375,-0.83203125,0.01979909192288572,0.925443067152022,12.114855766296387,1.9765799045562744,3015,3013,23.945980454259143,6.24750069977445,26.089976610931547,0.1481301262095789,0.03864711528182252,0.720703125,,
9.574780000001192,1400,,,,0.173828125,0.2109375,-1.271484375,0.020445713222713522,0.9367314063418904,12.114500999450684,1.94580078125,3025,3027,23.572405509185046,6.480774385089788,27.49305488811712,0.14454004269875728,0.03973847327447726,0.716796875,,
9.599435000000522,1400,,,,0.052734375,0.07421875,-1.259765625,0.018542509356918653,0.9253729100996451,12.11199951171875,2.002397060394287,3020,3024,24.253032217762666,5.871576326094486,24.20965870731085,0.1576021256825188,0.0381549367432049,0.712890625,,
9.621800000000745,1400,,,,0.19921875,0.224609375,-1.36328125,0.018775566180331174,0.9225499570218266,12.114500999450684,1.91650390625,3016,3019,23.217488487716764,5.934984023037056,25.56255826799253,0.15544270269993724,0.03973513145101386,0.712890625,,
9.646450000001117,1400,,,,-0.109375,0.072265625,-1.134765625,0.019259616279756697,0.9233835061589777,12.116572380065918,1.9566127061843872,3015,3015,23.707439474239777,6.0816157288108785,25.652773406504277,0.15183193863837305,0.03894910317760445,0.7109375,,
9.673054999999701,1400,,,,0.173828125,0.12890625,-1.265625,0.019409461548669144,0.9304853448075049,12.11400032043457,1.9232177734375,3013,3014,23.297860723687336,6.126080196959517,26.294603910697372,0.1518891876846995,0.039938660284867464,0.70703125,,
9.696544999999926,1400,,,,0.01953125,-0.0625,-1.1171875,0.019280727708429594,0.93838363965658,12.114500045776367,1.964111328125,3012,3012,23.794226774480194,6.082384565032332,25.562438412816242,0.15427890650837067,0.039437450460168604,0.708984375,,
9.719085000000893,1400,,,,0.046875,0.1328125,-1.25,0.019507619358670424,0.9314411478181048,12.117000579833984,1.9464111328125,3011,3012,23.584664824884385,6.15209457222737,26.0851473527673,0.15140228045630902,0.039493507952478225,0.71484375,,
9.744894999999554,1400,,,,0.1875,0.330078125,-1.15625,0.019536042088300096,0.9295962257278771,12.114286422729492,1.9287109375,3011,3011,23.36495672352612,6.1595603021100125,26.36238694980319,0.15091925074740084,0.03978591686377355,0.71484375,,
9.76909500000067,1400,,,,-0.125,0.048828125,-1.1953125,0.019540459358828272,0.92920723613054,12.11500072479248,1.9140625,3010,3011,23.188868574798107,6.161244791415619,26.569837901068276,0.15081485439844755,0.040071262344399665,0.7109375,,
9.79347000000067,1400,,,,-0.099609375,0.19140625,-1.05078125,0.01944825239976914,0.9275179098792472,12.112001419067383,1.9412667751312256,3012,3011,23.512625935177766,6.1324123034515985,26.081358672392092,0.15124845884175112,0.03944765303698243,0.708984375,,
9.818865000000223,1400,,,,-0.3125,0.0625,-0.95703125,0.01945826447906226,0.9243726511350636,12.11600112915039,1.9110107421875,3011,3011,23.153808310162276,6.135164143367978,26.497429974296004,0.15066795761842766,0.03992313656364486,0.70703125,,
9.84850500000082,1400,,,,-0.236328125,0.1640625,-0.86328125,0.01939240156696872,0.9174264083254713,12.115500450134277,1.92626953125,3011,3011,23.33771937293932,6.114011845690622,26.197983393270103,0.1500530963105848,0.0393108852525346,0.701171875,,
9.872160000000148,1400,,,,-0.09375,0.072265625,-0.89453125,0.019448226269515166,0.9170522836877466,12.11720085144043,2.04443359375,3010,3011,24.772812482900918,6.131297141426027,24.750105163303797,0.14956904918075087,0.037018496963989414,0.6953125,,
9.896599999999628,1400,,,,-0.2734375,0.08203125,-0.71875,0.019563006414396227,0.9296629096588492,12.115429878234863,1.9580078125,3010,3010,23.722106353379786,6.16678129163243,25.995926330352294,0.1507533453343462,0.03918972859365823,0.6953125,,
9.919435000000522,1400,,,,-0.111328125,0.03125,-0.619140625,0.01954197323675128,0.9243948791120543,12.116000175476074,1.9244384765625,3011,3010,23.31649691972416,6.160030811428731,26.419195098804778,0.15006335315677652,0.0396455300422972,0.69921875,,
9.945710000000894,1400,,,,-0.015625,-0.134765625,-0.724609375,0.019634150292739006,0.9174264083254713,12.117142677307129,2.0033481121063232,3010,3010,24.274854906706196,6.18778991937841,25.49053307696173,0.1482639876722949,0.037793280818828795,0.708984375,,
9.969375,1400,,,,-0.38671875,-0.021484375,-0.705078125,0.019627271188977717,0.9274401119597797,12.116888999938965,1.9129774570465088,3011,3010,23.179335506418056,6.186160102309943,26.68825471980021,0.14992177645280616,0.040011505580174356,0.71484375,,
9.99875,1400,,,,-0.07421875,-0.134765625,-0.720703125,0.019748433264124583,0.9265176509146658,12.113714218139648,1.9398716688156128,3009,3011,23.499051015897976,6.226182538096743,26.49546372695859,0.14880990803682562,0.039427875206017565,0.71875,,
10.021089999999852,1400,,,,0.17578125,0.11328125,-1.046875,0.019598350028246756,0.9312410960251886,12.115556716918945,2.025282144546509,3010,3010,24.53742069001646,6.177642681581465,25.176414259771658,0.15074376166197956,0.03795187390678282,0.720703125,,
10.046820000000299,1400,,,,-0.21875,0.302734375,-0.9609375,0.01954711642529773,0.9332638419313419,12.113000869750977,2.0306396484375,3010,3010,24.597139827674255,6.161722637108573,25.05056555468297,0.15146151440034336,0.0379419659549736,0.72265625,,
10.070229999998585,1400,,,,-0.11328125,0.419921875,-1.103515625,0.019890058262550154,0.9311966400712072,12.114001274108887,1.8963623046875,3013,3012,22.97253537515644,6.273261969712415,27.30766050532067,0.14843898510329484,0.040535214109551285,0.72265625,,
10.094945000000298,1400,,,,0.078125,-0.001953125,-1.078125,0.019996631271938316,0.9342641008959232,12.116571426391602,1.9454519748687744,3015,3014,23.572207810112104,6.311999776779284,26.777295650989196,0.14801396291757066,0.039634136455183405,0.7265625,,
10.119740000000224,1400,,,,-0.111328125,0.1875,-1.189453125,0.019331008185911307,0.9293183760154934,12.114500999450684,1.9342041015625,3014,3014,23.431917521520518,6.101474455271668,26.03915983259973,0.15231045918951006,0.0396603639101231,0.732421875,,
10.146549999998882,1400,,,,0.224609375,-0.15234375,-1.1484375,0.019393653583416035,0.9213051903103477,12.116000175476074,1.97509765625,3010,3013,23.930283549707383,6.118759791414714,25.56910693809783,0.15057057667193263,0.03849955176655704,0.734375,,
10.171469999998807,1400,,,,0.05078125,0.05078125,-1.255859375,0.019508117370569778,0.9186711750369503,12.115500450134277,1.94580078125,3012,3012,23.574350241106004,6.153036861345576,26.100557590837354,0.1493037008778866,0.03896909843288433,0.73046875,,
10.19716000000015,1400,,,,0.01171875,0.0078125,-1.16015625,0.019542623558687192,0.9268399565810308,12.115500450134277,1.9482421875,3010,3011,23.60392909962684,6.162389123264966,26.107471757159235,0.15040269902494752,0.03926634216994337,0.728515625,,
10.219699999999255,1400,,,,0.125,-0.212890625,-1.162109375,0.019624546935332995,0.9320746451623396,12.11400032043457,1.9842529296875,3011,3011,24.03724062605761,6.187311603353896,25.740523630014884,0.15064291325768997,0.038776274684038506,0.728515625,,
10.243780000001193,1400,,,,0.3359375,-0.162109375,-1.19921875,0.019462120577932798,0.9373093337436486,12.113143920898438,2.01171875,3012,3010,24.368238747119904,6.135315876193203,25.177510528611098,0.1527727915983396,0.03846438568952504,0.734375,,
10.269304999999703,1400,,,,0.3984375,-0.224609375,-1.19140625,0.019343117392753677,0.9250172624677939,12.116500854492188,1.884765625,3009,3010,22.836764305830002,6.097847717676186,26.701890145266617,0.1516956974485264,0.040505618487801535,0.740234375,,
10.291699999999254,1400,,,,0.224609375,-0.1015625,-1.099609375,0.019304838806418836,0.9296073397163725,12.117000579833984,2.0037841796875,3008,3009,24.279854067135602,6.08289324321016,25.053252900081308,0.15282322121204703,0.03828718810030485,0.734375,,
10.31563000000082,1400,,,,0.0625,-0.125,-0.95703125,0.01936130251244894,0.9243059672040916,12.114858627319336,1.9328962564468384,3008,3008,23.416764888128228,6.098277000265644,26.042354823134993,0.15156838024311267,0.03947197538258984,0.73046875,,
10.343705000000075,1400,,,,0.0859375,-0.208984375,-0.876953125,0.019612797962687185,0.913136408766267,12.113715171813965,1.9663783311843872,3008,3008,23.820147023994537,6.177951211890269,25.93582317383301,0.14780570086225633,0.03833462521647937,0.73046875,,
10.365794999999926,1400,,,,-0.0625,-0.029296875,-0.79296875,0.01967575147361449,0.9209606566669919,12.115200996398926,1.99462890625,3009,3009,24.1653301124461,6.199323618397655,25.653792394107448,0.14855824818273214,0.03811082457312101,0.72265625,,
10.397679999999703,1400,,,,-0.25,-0.154296875,-0.66796875,0.019554084539603323,0.931252210013684,12.116667747497559,2.0865886211395264,3010,3009,25.2825010480567,6.161610472321089,24.37104802491323,0.15113779330858604,0.036833864191029596,0.71875,,
10.421290000000969,1400,,,,-0.150390625,-0.158203125,-0.748046875,0.019628058031010618,0.9219386876545825,12.116726875305176,1.904740810394287,3010,3010,23.07922416779502,6.186391442722314,26.80502341735935,0.1490268917171663,0.03994669322294919,0.712890625,,
10.446339999999852,1400,,,,-0.078125,-0.310546875,-0.75390625,0.019760842619552757,0.9152369525918879,12.11485767364502,1.9838169813156128,3009,3010,24.03366037919875,6.228544224570143,25.915920114944203,0.14694235435970626,0.038081463170879695,0.712890625,,
10.470165000000968,1400,,,,-0.236328125,0.2890625,-0.9140625,0.01981854311102651,0.9205605530811594,12.114001274108887,2.0343017578125,3014,3011,24.643534086062573,6.2496393754578055,25.360158789044622,0.1472981875876199,0.037355054265605224,0.71875,,
10.498935000000522,1400,,,,-0.224609375,-0.13671875,-0.8203125,0.020560581400001027,0.9215941540112267,12.113499641418457,1.9561767578125,3018,3015,23.69614645431284,6.492368903119144,27.398416513152053,0.1419503678493166,0.03889215302530725,0.720703125,,
10.520195000000298,1400,,,,-0.2109375,0.177734375,-0.830078125,0.020212127197030975,0.9182043875201458,12.112000465393066,1.9249131679534912,3018,3018,23.314549186093927,6.388042583538496,27.399382816926497,0.1437379878910465,0.03938332155561529,0.71875,,
10.546045000001788,1400,,,,0,-0.18359375,-0.7421875,0.01941088292269839,0.9148146210290646,12.114286422729492,1.9621931314468384,3015,3018,23.7705696110595,6.133804186960824,25.804195218388916,0.14914310811775958,0.03848517877347953,0.71484375,,
10.569670000001787,1400,,,,-0.25,-0.126953125,-0.888671875,0.019386859158445704,0.9308632204163467,12.112001419067383,2.186279296875,3018,3016,26.48021794622764,6.123313377372848,23.12410490656544,0.15201952979511316,0.035153155548289475,0.708984375,,
10.593875,1400,,,,0.1484375,-0.119140625,-0.828125,0.02106225460906032,0.9253729100996451,12.112571716308594,1.9719587564468384,3031,3023,23.88549185906504,6.668197374640855,27.917354241588022,0.13877407312789464,0.03874204959059475,0.701171875,,
10.615830000000075,1400,,,,0.13671875,-0.009765625,-1.103515625,0.020888480734734535,0.938987546006446,12.11250114440918,1.9476318359375,3031,3031,23.59069284168072,6.629269554986098,28.10120753754766,0.14164268600304564,0.03980330515547282,0.6953125,,
10.641080000000075,1400,,,,0.21875,-0.013671875,-1.330078125,0.018837430045694173,0.9349753961596254,12.117715835571289,1.9468470811843872,3026,3030,23.591339705103792,5.9765035932138115,25.33346417762296,0.15644186966126306,0.039632145009439686,0.689453125,,
10.828570000000298,1400,,,,0.0234375,0.109375,-1.16015625,0.01893425563194448,0.9304964587960004,12.115499496459961,1.9293212890625,3020,3025,23.3746911061462,5.997245709056256,25.657005184891297,0.15515396632672332,0.0398078611850119,0.689453125,,
10.851070000000298,1400,,,,0.021484375,-0.029296875,-1.146484375,0.01955111217605305,0.929013852730721,12.115111351013184,1.9648282527923584,3014,3015,23.804113068196102,6.173020690500595,25.932580108385412,0.1504958268097727,0.03902745084722128,0.685546875,,
10.874084999999031,1400,,,,0.25,0.056640625,-1.236328125,0.019839604235467153,0.9265509928801519,12.114288330078125,1.9886997938156128,3011,3013,24.09168270424925,6.259956268907475,25.983889733876303,0.1480123747001605,0.03845937223458153,0.701171875,,
11.041265000000596,1400,,,,0.298828125,-0.375,-1,0.019640493516692774,0.9260619773863565,12.117713928222656,1.9482421875,3012,3011,23.608241491019726,6.193283536894928,26.23356567769257,0.14952681753864092,0.039226215884762904,0.705078125,,
11.07350500000082,1400,,,,0.146484375,-0.177734375,-0.841796875,0.019449706289021852,0.9248441620969788,12.114928245544434,1.9737025499343872,3010,3010,23.91126477050318,6.131593094080159,25.643114878825074,0.1508326054757097,0.03867817829686124,0.69921875,,
11.106849999999627,1400,,,,-0.05078125,-0.01171875,-0.919921875,0.019778493786022727,0.9257730136854775,12.114910125732422,1.9220525026321411,3013,3011,23.28549332632747,6.236376192324541,26.782237786104602,0.14844726891634255,0.039757500548153,0.6875,,
11.127495000001042,1400,,,,0.017578125,-0.13671875,-0.935546875,0.01955590847936458,0.9237651327389367,12.113455772399902,1.9637783765792847,3012,3012,23.788142511488445,6.168139973509053,25.929472931861575,0.14976397045240966,0.03883300818013873,0.685546875,,
11.148769999999553,1400,,,,-0.046875,0.099609375,-0.87109375,0.019319362476675615,0.925150630329738,12.116000175476074,2.068359375,3011,3012,25.060242550447583,6.092690557290306,24.312177126878957,0.15184599014678898,0.03691706608455051,0.6875,,
11.171384999999777,1400,,,,0,-0.03515625,-1.05078125,0.019448151092634734,0.9260397494093658,12.11542797088623,1.9761439561843872,3011,3011,23.9418297612541,6.131847436879359,25.611440303542476,0.15102132904347815,0.03867873753358686,0.689453125,,
11.19885000000149,1400,,,,-0.412109375,0.16015625,-0.8671875,0.01950433211682634,0.9335750336092117,12.114999771118164,1.9622802734375,3010,3011,23.773025063565,6.149086776461523,25.865815393791564,0.1518233629720274,0.039270350790990706,0.697265625,,
11.221695000000299,1400,,,,0.048828125,-0.0234375,-1.015625,0.01951849152243461,0.942921897933799,12.11400032043457,1.9354248046875,3009,3010,23.44573670416139,6.152276420647865,26.240490961224072,0.1532639032227529,0.04021720067198569,0.69921875,,
11.246919999999925,1400,,,,0.01171875,0.0859375,-1.189453125,0.019480312963794946,0.9134142584786508,12.11485767364502,1.9782365560531616,3007,3008,23.96605432138574,6.136987751465671,25.60700092375834,0.14883755605679738,0.03811283435436343,0.6953125,,
11.269959999999031,1400,,,,0.01171875,-0.02734375,-1.09765625,0.019662136353685883,0.9130252688813136,12.117501258850098,1.9757080078125,3009,3008,23.940644271788187,6.193018298027507,25.868219032540406,0.14742815618227942,0.038137038356867804,0.693359375,,
11.295565000001341,1400,,,,0.125,0.158203125,-1.232421875,0.019696781437377922,0.9139477299264275,12.113500595092773,1.934814453125,3007,3008,23.437376029323786,6.204293088175603,26.471790529848864,0.14730892253756786,0.03899530940592229,0.693359375,,
11.319294999999926,1400,,,,-0.05078125,0.1875,-1.041015625,0.019827070796266083,0.9344641526888394,12.112000465393066,1.9415283203125,3010,3008,23.51579191919882,6.246043047978217,26.56105764772824,0.1496089837215125,0.039737728412451295,0.68359375,,
11.342140000000596,1400,,,,-0.03125,-0.11328125,-0.984375,0.01976789667025512,0.9272511741553587,12.116500854492188,1.93359375,3008,3008,23.428390324115753,6.227652132742254,26.581647507946325,0.14889257691197622,0.039578099960239393,0.67578125,,
11.36758999999985,1400,,,,-0.2109375,0.005859375,-0.755859375,0.019914818844071445,0.9196158640590549,12.116002082824707,1.9363839626312256,3008,3009,23.46123212438829,6.274652068360095,26.744767858280998,0.14656045531133333,0.03919725354505576,0.677734375,,
11.390650000000372,1400,,,,-0.125,0.0234375,-0.96484375,0.019679630488857493,0.9358756292277487,12.118000030517578,1.95556640625,3009,3009,23.69755377061665,6.201233656824378,26.168243848500026,0.15091765300567728,0.039492499448958766,0.677734375,,
11.415705000000074,1400,,,,-0.1875,0.1328125,-0.69140625,0.01960111019352396,0.9243948791120543,12.117143630981445,1.9217355251312256,3009,3009,23.285945378774613,6.177222140841914,26.527684576948797,0.1496457239250369,0.03969754562572538,0.6796875,,
11.440990000000223,1400,,,,-0.01171875,-0.03125,-0.828125,0.019789118768238988,0.9243948791120543,12.113142967224121,1.9761439561843872,3010,3009,23.93731426507736,6.236432405398822,26.053183478888776,0.1482249496221292,0.03861731808654378,0.677734375,,
11.466105000000447,1400,,,,-0.111328125,-0.017578125,-0.81640625,0.019792454328346164,0.9198825997829432,12.115111351013184,1.9970703125,3009,3009,24.194729211740196,6.237347042033121,25.77977619607548,0.1474797848482548,0.03801995846833373,0.673828125,,
11.490490000000223,1400,,,,-0.0625,0.072265625,-1.140625,0.019694162822620938,0.9385763284321181,12.114858627319336,1.8917410373687744,3009,3009,22.918175227221127,6.20634837820119,27.08046481305188,0.15122843115425458,0.0409533620860583,0.669921875,,
11.518070000000298,1400,,,,0.111328125,0.021484375,-0.966796875,0.019671763745336204,0.9447890480010175,12.115501403808594,1.9439697265625,3009,3009,23.552167951129377,6.199285612699758,26.321507326048465,0.15240289075656357,0.040114738055598516,0.673828125,,
11.54061999999918,1400,,,,-0.0859375,0.197265625,-1.23046875,0.019772915775028668,0.9510017675699168,12.114665985107422,1.9905599355697632,3009,3009,24.11496874276463,6.2307988442274445,25.837888950600075,0.1526291879011593,0.039436160076104274,0.681640625,,
11.56575,1400,,,,-0.287109375,-0.03125,-0.94140625,0.01973795223759964,0.9252395422377008,12.113142967224121,1.9998605251312256,3010,3009,24.224596455422443,6.219736573695996,25.675294881140392,0.14875863813117884,0.03819421900134873,0.689453125,,
11.590955000000074,1400,,,,-0.1875,-0.01953125,-1.171875,0.019876205455124137,0.9221609674244895,12.117714881896973,1.9321986436843872,3009,3010,23.413832259355445,6.264813667742298,26.756891389443826,0.147196870702272,0.03938530682246698,0.701171875,,
11.615544999999926,1400,,,,0.236328125,-0.1875,-1.09375,0.019914082306270797,0.9468006799186754,12.112001419067383,2.0529513359069824,3012,3011,24.86534949378165,6.278968786376956,25.251882294866622,0.1507891999674984,0.03807711128916375,0.7109375,,
11.638810000000522,1400,,,,-0.099609375,-0.025390625,-1.060546875,0.019843591824011457,0.948034332641659,12.111429214477539,2.027064800262451,3017,3012,24.55065184153773,6.25970830237701,25.497116503383783,0.15145024126470244,0.03861544445991699,0.720703125,,
11.663495000001044,1400,,,,0.099609375,-0.0234375,-1.115234375,0.021406867105759623,0.9536357828433143,12.117500305175781,1.920166015625,3021,3019,23.2676122803241,6.766928978641868,29.083039966091484,0.1409259334408901,0.04098554554520155,0.73046875,,
11.687794999999925,1400,,,,-0.015625,0.123046875,-1.1328125,0.019652487722470833,0.9507128038690379,12.116571426391602,1.9712611436843872,3019,3021,23.884926447522275,6.216761600268402,26.027970460479704,0.15292733821866225,0.0398038824175513,0.732421875,,
11.709990000000223,1400,,,,-0.111328125,0.134765625,-1.125,0.01922740116995068,0.9394765615002413,12.11150074005127,1.956787109375,3016,3018,23.699628523318097,6.076186302400536,25.638318745891596,0.15461615472999565,0.039640982582317234,0.73828125,,
11.731644999999553,1400,,,,0.26171875,-0.166015625,-1.10546875,0.019357720431910228,0.9367758622958718,12.115429878234863,1.93359375,3013,3015,23.426319491118193,6.111404301416255,26.087769799832706,0.15328324164035156,0.03998817922085623,0.744140625,,
11.753730000000447,1400,,,,0.046875,0.01171875,-1.234375,0.019371473469275605,0.9402100847409343,12.114286422729492,1.9705636501312256,3011,3013,23.871972471908975,6.111365711722449,25.60058964090176,0.1538461497955327,0.03938552148748135,0.74609375,,
11.777080000000074,1400,,,,-0.2109375,0.0859375,-1.15625,0.019475137915901396,0.9351309919985603,12.11733341217041,2.0817058086395264,3011,3011,25.224723349336955,6.140816542933098,24.34443564707921,0.1522812130049247,0.03707200190257551,0.755859375,,
11.798745000001043,1400,,,,0.486328125,-0.18359375,-1.318359375,0.019658648593582666,0.9445334262656245,12.116000175476074,1.9391740560531616,3010,3010,23.495033203418757,6.196068712536785,26.371823605830002,0.1524407604380674,0.04020140844611302,0.76953125,,
11.821634999999777,1400,,,,0.359375,-0.154296875,-1.140625,0.019670499292564814,0.940743556188711,12.116000175476074,1.9280134439468384,3009,3010,23.359811225180124,6.199559894219335,26.53942634406512,0.15174360313316596,0.040271881785357067,0.775390625,,
11.84902999999933,1400,,,,0.203125,-0.19921875,-1.025390625,0.01969598551263642,0.9346308625162697,12.116500854492188,1.9677734375,3009,3010,23.84252853691578,6.207475984880013,26.0353090288594,0.15056536099258636,0.03920015702483759,0.76953125,,
11.871520000001416,1400,,,,0.197265625,-0.1484375,-1.033203125,0.019675608547587924,0.9397655252011202,12.116500854492188,1.9635009765625,3008,3009,23.790761260315776,6.200592078766904,26.06302510004089,0.15156061119053793,0.03950128013636529,0.76171875,,
11.898964999999851,1400,,,,0.25,-0.2109375,-0.859375,0.019661107911604164,0.9339973651720348,12.115501403808594,1.99462890625,3010,3009,24.165929313749075,6.195576921876285,25.63765225594426,0.15075228295110582,0.038649346070901654,0.75390625,,
11.920754999998957,1400,,,,0.125,-0.40234375,-0.9765625,0.01971555302058093,0.9321857850472932,12.113500595092773,1.92626953125,3010,3009,23.333867113105953,6.212566370951085,26.62467537351178,0.1500484227268842,0.03994990545410759,0.75,,
11.946825000001118,1400,,,,0.15625,-0.333984375,-0.693359375,0.019701113050977277,0.9286515367057726,12.114287376403809,2.006138324737549,3009,3009,24.302936182687972,6.208592153440401,25.54667512916834,0.14957521991377287,0.03821149550511065,0.74609375,,
11.970414999999106,1400,,,,0.05078125,-0.18359375,-0.7265625,0.01968950646725556,0.9233946201474731,12.114501953125,1.92138671875,3010,3010,23.27664315700531,6.205401745052733,26.65934990366153,0.1488049699414951,0.03967043761074154,0.73828125,,
11.996115000000223,1400,,,,-0.09375,0.1328125,-0.896484375,0.019701717120966314,0.9289627283836422,12.118500709533691,1.97509765625,3009,3010,23.935222348663956,6.20933077075642,25.942231412372983,0.1496075443039212,0.038811535353691674,0.734375,,
12.021990000000223,1400,,,,-0.0234375,0.015625,-0.85546875,0.019565548454933,0.9249394645483264,12.113500595092773,1.971435546875,3010,3010,23.88098567025736,6.166542348188336,25.82197583187897,0.14999320726631576,0.038731209729768186,0.720703125,,
12.047625,1400,,,,-0.26171875,0.11328125,-0.8828125,0.019584504626721594,0.9241059154111754,12.113499641418457,2.0135498046875,3011,3010,24.391134837060235,6.174176117583166,25.313197433528334,0.1496727494992335,0.03788695858493126,0.71484375,,
12.06931500000134,1400,,,,-0.037109375,-0.0078125,-0.931640625,0.01968033041635578,0.9263509410872356,12.115001678466797,1.9134521484375,3012,3012,23.18147598998621,6.2069658871413615,26.775542203708717,0.14924376223918148,0.03996082654475474,0.70703125,,
12.094410000000149,1400,,,,-0.173828125,0.01171875,-0.93359375,0.019380675790163344,0.9281291792464912,12.116002082824707,1.9517298936843872,3011,3012,23.64716345699128,6.112119203817362,25.84715589645199,0.15185063450117633,0.039249070229270565,0.69921875,,
12.115825000001118,1400,,,,-0.224609375,0.029296875,-1.015625,0.0195623366694373,0.92313899841208,12.116499900817871,1.9342041015625,3009,3011,23.43578380474355,6.1675271904198565,26.316709702585285,0.14967732932673736,0.03939014824950002,0.69140625,,
12.136800000000745,1400,,,,0.265625,-0.03125,-1.0859375,0.019327257725928512,0.9222609933209476,12.11600112915039,1.9986978769302368,3010,3010,24.216225733717238,6.092707344395099,25.159607493714326,0.15137129377621736,0.038084423372253505,0.685546875,,
12.298179999999702,1400,,,,-0.07421875,0.244140625,-1.240234375,0.01937693315528334,0.9222609933209476,12.116665840148926,2.0296223163604736,3009,3010,24.592255389048887,6.107866299014821,24.836543872810864,0.15099560929644207,0.03750209074892892,0.685546875,,
12.319259999999776,1400,,,,0.142578125,0.16015625,-1.279296875,0.019677603368031475,0.9231414990594916,12.115409851074219,1.972294569015503,3012,3012,23.895157050670605,6.205719464491175,25.970615934148107,0.1487565630933951,0.038632995677824356,0.712890625,,
12.362175000000745,1400,,,,0.1875,-0.072265625,-0.880859375,0.019649796026843094,0.9138921599839507,12.113715171813965,1.9287109375,3011,3012,23.363854945637286,6.197118040982058,26.52438159456747,0.14747051031468267,0.039115640895322414,0.740234375,,
12.522994999999181,1400,,,,-0.046875,0.23046875,-1.052734375,0.019742072962931973,0.9156963770913142,12.116000175476074,1.9363839626312256,3013,3012,23.461228431028985,6.227970351846251,26.54579818850985,0.14702966221087752,0.03903019740774728,0.744140625,,
12.557155000001192,1400,,,,-0.2421875,0.134765625,-0.923828125,0.019434031444836696,0.9259098546688265,12.114441871643066,1.9648798704147339,3012,3012,23.803422974900855,6.13055720696471,25.754939587592002,0.15103192473547639,0.038898180973599365,0.732421875,,
12.581609999999404,1400,,,,-0.1953125,0.087890625,-0.826171875,0.01948059730060775,0.9222016724073536,12.115273475646973,2.0201528072357178,3011,3011,24.474703722256663,6.142146956585605,25.09589912216218,0.15014321196248323,0.03767978901287893,0.720703125,,
12.604064999999478,1400,,,,-0.203125,0.091796875,-0.79296875,0.019562729042448913,0.9281958631774634,12.114001274108887,1.951904296875,3011,3011,23.64537113928236,6.1677294360120705,26.08429954294751,0.1504923120910466,0.039254865474936,0.71875,,
12.625234999999403,1400,,,,-0.162109375,0.36328125,-0.884765625,0.019520994275889995,0.9281958631774634,12.115334510803223,1.9742838144302368,3011,3011,23.919108831086874,6.154806764283399,25.73175617765575,0.15080828671402371,0.03880562063295259,0.71875,,
12.650275000000372,1400,,,,-0.328125,0.16796875,-0.859375,0.019563376569705252,0.9094354505973163,12.116572380065918,1.9510324001312256,3010,3011,23.639825292043724,6.168212520103279,26.092462376104226,0.14743905914935773,0.03847048103622822,0.716796875,,
12.673565000001341,1400,,,,-0.0859375,0.078125,-1.017578125,0.019615811745135357,0.9144367454202228,12.11250114440918,1.923828125,3011,3011,23.302370365709066,6.18443260080607,26.539929216415082,0.14786105766615298,0.03924222004323969,0.716796875,,
12.699009999999776,1400,,,,-0.0859375,0.111328125,-0.869140625,0.019465204227370216,0.9220720555165266,12.113715171813965,2.002650737762451,3011,3011,24.259540625877435,6.136703853765894,25.29604310487202,0.15025526365439343,0.03800863626135446,0.716796875,,
12.72181500000134,1400,,,,-0.048828125,0.119140625,-1.138671875,0.0192382462034896,0.9243726511350636,12.113500595092773,1.898193359375,3011,3011,22.993766388390213,6.065990923566475,26.38102353962009,0.152386092030547,0.04020101080968574,0.712890625,,
12.746990000000224,1400,,,,0.09375,0.078125,-1.171875,0.019419668836330225,0.9167929109812366,12.117713928222656,1.9489396810531616,3011,3011,23.616693518363718,6.122742041392676,25.925483754242705,0.14973567476520755,0.038819698035559576,0.7109375,,
12.770099999999628,1400,,,,0.13671875,-0.0703125,-1.1484375,0.019503717427054944,0.925661873800524,12.116499900817871,1.9622802734375,3011,3011,23.775968738482334,6.148871611933907,25.86170801100406,0.15054174687986213,0.038932667012734755,0.708984375,,
12.79626000000164,1400,,,,0.162109375,-0.22265625,-1.15625,0.019268266232227448,0.9228944906651825,12.113500595092773,1.96044921875,3009,3011,23.747902777977288,6.074578738202336,25.579432402913575,0.15192732376011586,0.0388621470827745,0.701171875,,
12.818990000000223,1400,,,,0.236328125,0.19921875,-1.30078125,0.019496302024284193,0.9208606307705337,12.115500450134277,1.9281005859375,3012,3011,23.359903516829945,6.1469051204377045,26.313914849901188,0.1498088245593356,0.03942056653218143,0.6953125,,
12.843195000000298,1400,,,,0.0234375,-0.078125,-1.21484375,0.01936387683153475,0.9240503454686986,12.115429878234863,1.9566127061843872,3011,3011,23.705204040640297,6.105290847063442,25.75506558220932,0.15135238739906284,0.038980906634868154,0.69140625,,
12.865849999999627,1400,,,,0.287109375,-0.255859375,-0.984375,0.019279447046516695,0.9191046205882688,12.113500595092773,1.922607421875,3011,3011,23.289506149012595,6.078478736024655,26.09964632625911,0.1512063561464996,0.03946432417706015,0.6875,,
12.891070000000298,1400,,,,0.15625,-0.142578125,-0.9921875,0.019330509056140123,0.9134920563981181,12.115429878234863,1.9866071939468384,3011,3011,24.068600153859848,6.094544680443825,25.321558551324603,0.14988684213429945,0.037953684491768114,0.69140625,,
12.915384999999777,1400,,,,-0.2734375,0.140625,-0.984375,0.01971185524030803,0.9102801137229628,12.115499496459961,2.021484375,3013,3012,24.49129292741418,6.217705733252176,25.38741319896764,0.14640128574351813,0.03716749934030826,0.69140625,,
12.93681500000134,1400,,,,0.349609375,-0.037109375,-1.193359375,0.019859278080969302,0.9177709419688271,12.114858627319336,2.001255512237549,3015,3015,24.244927607901445,6.270273286997943,25.862206678457788,0.14636857118682844,0.03785414239264318,0.697265625,,
12.958460000000894,1400,,,,-0.03125,0.154296875,-1.041015625,0.019463364769277316,0.9299185313942423,12.112571716308594,1.9419642686843872,3015,3015,23.52218147494841,6.145604191819147,26.12684626366112,0.15131441960289654,0.03953368578439988,0.703125,,
12.980335000000894,1400,,,,0.0625,-0.00390625,-0.99609375,0.01926308643337863,0.9274401119597797,12.116000175476074,1.962890625,3014,3014,23.78238315694034,6.08012285012922,25.565658454017782,0.15253641000692428,0.03899693760039046,0.705078125,,
13.00504000000097,1400,,,,0.21875,-0.205078125,-1.185546875,0.019299020563022285,0.9238391796872869,12.1102876663208,2.154017925262451,3012,3014,26.085776713339783,6.09049236050503,23.347943315755153,0.15168546728308863,0.035415436919493865,0.705078125,,
13.027195000000297,1400,,,,-0.01171875,0.015625,-1.1875,0.02031440590179203,0.9243281951810823,12.116499900817871,1.942138671875,3029,3020,23.53192302514799,6.4246194559542085,27.301718814430824,0.14387283192694525,0.03927975602305325,0.705078125,,
13.049230000000447,1400,,,,-0.037109375,0.154296875,-1.037109375,0.021266633159089967,0.9367980902728624,12.114666938781738,1.8123372793197632,3030,3029,21.95586251969678,6.746598011530713,30.728002625623503,0.13885488488743017,0.04266733267401603,0.701171875,,
13.07052499999851,1400,,,,-0.109375,0.126953125,-0.904296875,0.018464241391456807,0.9393209656613064,12.11485767364502,1.89453125,3026,3029,22.95197645202279,5.857053931721269,25.518734493146788,0.16037430705120026,0.040925493611619776,0.701171875,,
13.096310000000521,1400,,,,-0.125,0.08203125,-0.755859375,0.018555486421807973,0.9415548773488713,12.11485767364502,1.9154576063156128,3020,3024,23.205496280414422,5.876430163976343,25.323441020031467,0.1602256558957827,0.0405746494697271,0.703125,,
13.11956500000134,1400,,,,0.0859375,-0.021484375,-0.791015625,0.018864046713651807,0.9403879085568598,12.117500305175781,1.942138671875,3017,3019,23.533865949139,5.964173305914566,25.342939059839292,0.15767280062507466,0.03995892177635457,0.703125,,
13.14210000000149,1400,,,,0.048828125,0.0546875,-0.974609375,0.018985512570467912,0.9370759399852462,12.113143920898438,1.8882533311843872,3015,3016,22.872684359752384,5.99642577646721,26.216537080443175,0.15627241542166204,0.04096921573552423,0.69921875,,
13.16825,1400,,,,-0.037109375,0.060546875,-0.7890625,0.019210782887356274,0.9340862770799976,12.11257266998291,1.9747488498687744,3012,3014,23.919288949000702,6.063756456110628,25.350905994903993,0.1540441612127563,0.03905159049968422,0.705078125,,
13.19125,1400,,,,-0.2109375,0.103515625,-0.83203125,0.019300955599156476,0.930774308508384,12.114222526550293,1.9829643964767456,3012,3013,24.022071961145798,6.089548647085959,25.34980603228324,0.15284783199060065,0.03874662893416744,0.70703125,,
13.215935000000522,1400,,,,0.109375,-0.083984375,-0.892578125,0.01928571732933368,0.9312410960251886,12.116000175476074,1.9845144748687744,3012,3012,24.04437772574488,6.083470160625087,25.30100895109201,0.15307728507531662,0.0387300975989945,0.7109375,,
13.240975000001491,1400,,,,-0.1875,0.05078125,-0.86328125,0.01927193410942895,0.9312299820366933,12.114286422729492,2.0005581378936768,3011,3012,24.235334287766364,6.077694876333765,25.077825641553847,0.1532209169734492,0.038424474404991575,0.708984375,,
13.265685000000522,1400,,,,-0.0234375,0.1484375,-1.001953125,0.019400940989862486,0.9257507857084869,12.112500190734863,1.9525146484375,3011,3011,23.649834051611833,6.117751218830513,25.868051359174604,0.15132207123084943,0.03914407110376291,0.70703125,,
13.290810000000521,1400,,,,0.25,-0.119140625,-1.13671875,0.019398874464054527,0.9248838946058496,12.116499900817871,2.01416015625,3013,3012,24.404571333434433,6.117945550389701,25.0688506952305,0.15117556816878447,0.03789797747189898,0.705078125,,
13.315880000000819,1400,,,,-0.125,0.1171875,-0.859375,0.019330996448257115,0.924928350559831,12.11600112915039,2.0208740234375,3013,3013,24.484911949839443,6.099029065156317,24.909336319652603,0.15165173680577065,0.0377754411555438,0.703125,,
13.34497000000067,1400,,,,-0.048828125,0.02734375,-1.083984375,0.019036087746910273,0.925984179466889,12.11299991607666,1.962890625,3012,3013,23.776493975892663,6.005780229902483,25.259318030622314,0.1541821618540851,0.03894536260921219,0.701171875,,
13.370294999999926,1400,,,,0.416015625,-0.259765625,-1.166015625,0.01914408380713542,0.9320042102602505,12.112889289855957,1.9146050214767456,3011,3012,23.191398658950106,6.037859920308588,26.03491065416374,0.15436002533371407,0.04018749468137697,0.703125,,
13.39750500000082,1400,,,,0.0234375,0.005859375,-1.162109375,0.019272131972742496,0.9364424426410113,12.113500595092773,1.9610595703125,3010,3011,23.755296271992847,6.0758971179011265,25.577021007582722,0.15412414405142175,0.039420364701789196,0.697265625,,
13.420710000000893,1400,,,,0,-0.220703125,-1.107421875,0.019398193121175383,0.9143033775582786,12.116889953613281,1.9943575859069824,3009,3010,24.165411396588752,6.11503918111165,25.304924798320886,0.149517174048927,0.03783520845365554,0.69140625,,
13.446195000000298,1400,,,,0.162109375,-0.2578125,-1.00390625,0.01942390822550377,0.9163372374529273,12.113143920898438,1.9224330186843872,3011,3010,23.286707833611217,6.123041300718242,26.294147478762365,0.14965393706317798,0.03935022691916624,0.68359375,,
13.471554999999702,1400,,,,-0.0859375,0.0703125,-1.064453125,0.019419894366971512,0.916359465429918,12.11400032043457,1.929931640625,3011,3010,23.379192512948066,6.1221390501515325,26.18627245898641,0.14967962307344795,0.03919551391359697,0.681640625,,
13.499035000000148,1400,,,,0.375,-0.24609375,-1.09765625,0.019611679112721377,0.9109691810096743,12.11500072479248,1.968994140625,3011,3010,23.854365440784022,6.182341431669968,25.917023225861897,0.14735018941902794,0.03818878281508097,0.685546875,,
13.521355000000447,1400,,,,0.287109375,-0.025390625,-1.1171875,0.019445923711184095,0.9097577562636814,12.113779067993164,1.9032118320465088,3012,3011,23.05508765300192,6.131340590891744,26.594306138295703,0.1483782776013371,0.039460173388029825,0.689453125,,
13.546820000000299,1400,,,,0.375,-0.267578125,-1.021484375,0.01956827410591751,0.9198937137714386,12.11542797088623,1.8952287435531616,3012,3012,22.96150733087154,6.173018077308346,26.884202279737874,0.14901847074657276,0.04006242710968063,0.693359375,,
13.569595000000671,1400,,,,0.1484375,0.1171875,-1.216796875,0.019596425052959013,0.9275179098792472,12.114500999450684,1.95556640625,3012,3013,23.690711183007807,6.182155274330766,26.09527095482437,0.1500314807249246,0.03915112141270417,0.697265625,,
13.596895000001416,1400,,,,0.298828125,-0.27734375,-0.99609375,0.019503197057719024,0.9242615112501102,12.117142677307129,1.9405691623687744,3011,3012,23.514153415604824,6.151385667022744,26.160353546645087,0.15025257092967326,0.039306603768126204,0.703125,,
13.619509999999776,1400,,,,-0.236328125,0.140625,-0.91015625,0.01958177995387493,0.9168707089007039,12.116445541381836,2.003038167953491,3011,3012,24.26970287931772,6.175549695821801,25.44551009351051,0.14846786991626545,0.03777840682516338,0.7109375,,
13.644544999999926,1400,,,,0.1484375,-0.259765625,-0.84375,0.01951343396898354,0.9182599574626223,12.11542797088623,1.9405691623687744,3011,3011,23.510825909201913,6.152479969687972,26.168710505741743,0.14925037740662367,0.03905689919226633,0.71875,,
13.67139999999851,1400,,,,-0.111328125,0.091796875,-0.95703125,0.01935772224845195,0.9248727806173542,12.116499900817871,1.95068359375,3010,3010,23.635457570198923,6.102557180963675,25.81950090383765,0.1515549552738979,0.039130733046754816,0.72265625,,
13.698265000000596,1400,,,,0.037109375,-0.474609375,-0.55859375,0.019431230425710867,0.9314856037720862,12.11500072479248,2.117919921875,3014,3010,25.65860138856806,6.125839899535616,23.87441079413208,0.15205843101493718,0.03630305446761804,0.728515625,,
13.723164999999106,1400,,,,0.01953125,-0.173828125,-0.794921875,0.020793285285077342,0.9417327011647968,12.113333702087402,1.9259982109069824,3022,3018,23.33025903833959,6.57136607785402,28.166708595284,0.14330851302570166,0.040365291256183995,0.736328125,,
13.873445000000299,1400,,,,0.1484375,0.0078125,-1.00390625,0.019900688524964134,0.9356533494578416,12.113500595092773,1.9659423828125,3022,3019,23.814444224117324,6.290727798681445,26.415597775364873,0.14873531003105195,0.039289321247744605,0.740234375,,
13.906790000000969,1400,,,,0.138671875,-0.220703125,-0.884765625,0.01929019009608475,0.9288108835158245,12.114956855773926,1.9490234851837158,3015,3015,23.61233543389085,6.089535022437605,25.789634572517883,0.15252574787623555,0.03933583300628111,0.755859375,,
13.933230000000448,1400,,,,0.087890625,-0.212890625,-0.771484375,0.019463927058806778,0.9236391278943707,12.116000175476074,1.982421875,3010,3011,24.019023785367608,6.1371441643422555,25.55118067738042,0.15049982584095956,0.03845448241976644,0.771484375,,
13.955949999999255,1400,,,,-0.2109375,-0.0390625,-0.64453125,0.019641580926513413,0.921282962333357,12.114500999450684,1.9482421875,3013,3011,23.601981927640736,6.194211884680611,26.244456519248704,0.14873287828785028,0.03903413557208198,0.765625,,
13.978689999999478,1400,,,,0.01171875,-0.076171875,-0.703125,0.019672874211263305,0.9196158640590549,12.117000579833984,1.9384765625,3011,3012,23.48852163180709,6.205678498540902,26.420047186526435,0.14818941462650342,0.039151713269759504,0.7578125,,
14.001705000000074,1400,,,,0.015625,0.013671875,-0.9609375,0.01953502957589193,0.9296740236473445,12.11485767364502,1.9405691623687744,3012,3012,23.509719207962235,6.160957132911311,26.206000498826576,0.15089766144956676,0.03954424191219111,0.748046875,,
14.025724999999628,1400,,,,0.0859375,-0.16796875,-0.837890625,0.019458750334105487,0.9325970026216209,12.115429878234863,1.9663783311843872,3011,3011,23.823518785544934,6.135309798244078,25.753163726454698,0.15200487559544745,0.03914606448428937,0.740234375,,
14.04813500000164,1400,,,,-0.236328125,0.130859375,-0.875,0.019534524577293644,0.9471452135620312,12.11500072479248,1.9976806640625,3009,3010,24.20190269302111,6.158178293861988,25.445017162381067,0.15380282420632008,0.03913515501552492,0.73046875,,
14.070580000000074,1400,,,,0.125,-0.203125,-0.974609375,0.019658629869229546,0.9365980384799463,12.11543083190918,1.923828125,3012,3010,23.308006580919027,6.19654820435156,26.585491911712133,0.151148350273821,0.04018353243673301,0.728515625,,
14.09235000000149,1400,,,,-0.21875,0.251953125,-1.228515625,0.01951382173077387,0.9286626506942679,12.114286422729492,1.9175502061843872,3009,3010,23.22975242768166,6.1507736921251475,26.477999329840458,0.15098306281098217,0.03997729435926446,0.724609375,,
14.115804999999702,1400,,,,0.1484375,0.26953125,-1.291015625,0.019527450963834295,0.9279958113845471,12.10914421081543,2.0877511501312256,3011,3010,25.280879753234785,6.154663623832702,24.34513230515718,0.1507792899990617,0.0367074176390482,0.72265625,,
14.14234500000067,1400,,,,0.109375,0.189453125,-1.220703125,0.019676381953325453,0.9284625989013516,12.117714881896973,2.071010112762451,3021,3014,25.095910063980682,6.209667800637,24.743744238825304,0.14951888389361315,0.0369965702193818,0.71484375,,
14.165805000001564,1400,,,,-0.03125,-0.01171875,-0.9140625,0.02186545306308214,0.9342863288729139,12.113778114318848,1.9194878339767456,3029,3025,23.25224971392879,6.925831193551803,29.785639147867155,0.13489880171245985,0.04018047029287013,0.708984375,,
14.19366500000097,1400,,,,-0.07421875,-0.19921875,-0.76953125,0.019527589300473002,0.9491790734566798,12.116572380065918,1.9733537435531616,3024,3028,23.91028346523592,6.191280894614568,25.893799643221747,0.15330899851148974,0.039697524909594974,0.70703125,,
14.216025000000373,1400,,,,-0.125,-0.0390625,-0.80078125,0.01858125420584625,0.9241725993421475,12.114222526550293,1.9129774570465088,3020,3022,23.174234602935712,5.880138179416754,25.37360253819066,0.1571685173279066,0.03987931490195035,0.7109375,,
14.240809999998659,1400,,,,0.38671875,-0.37890625,-0.849609375,0.019167852417143375,0.9187267449794271,12.116571426391602,1.9454519748687744,3017,3019,23.572207810112104,6.058989846651704,25.70395567297049,0.15163034899078603,0.03897499769136211,0.720703125,,
14.265919999999925,1400,,,,-0.0234375,-0.158203125,-0.830078125,0.0194274070245913,0.9266510187766099,12.114500045776367,1.954345703125,3013,3016,23.67592110997066,6.136523252578448,25.918836374202016,0.1510058677586285,0.03913896377980279,0.732421875,,
14.29106499999948,1400,,,,0.173828125,-0.298828125,-0.818359375,0.01935295536350959,0.9345752925737929,12.116500854492188,1.993408203125,3013,3014,24.1531321965158,6.107848486909994,25.288018287711267,0.1530121931768156,0.03869375139298123,0.73828125,,
14.31585000000149,1400,,,,0,-0.20703125,-0.67578125,0.01935810456061711,0.9231278844235848,12.11600112915039,1.9573974609375,3013,3012,23.715829846914858,6.105985038065677,25.746453223351963,0.15118410521294426,0.03892454492979391,0.7421875,,
14.336820000000298,1400,,,,0.203125,-0.115234375,-0.751953125,0.019392558907428505,0.9224054751713872,12.11600112915039,1.954345703125,3012,3011,23.678854745812714,6.115064184987866,25.82499977567214,0.15084150341967628,0.03895481791975189,0.744140625,,
14.361269999999553,1400,,,,-0.0234375,-0.1484375,-0.744140625,0.019439967991386132,0.918882340818362,12.116667747497559,1.953125,3010,3011,23.66536669433117,6.129434087188529,25.90043993975712,0.1499130796983312,0.0388281471691065,0.7421875,,
14.382825000001118,1400,,,,0,-0.10546875,-0.7734375,0.01942900124955194,0.9213496462643291,12.11500072479248,1.939697265625,3010,3011,23.499433778924868,6.125511803392699,26.06663573692689,0.15041186366729828,0.03920731260727773,0.740234375,,
14.404685000000521,1400,,,,-0.375,0.1875,-0.87109375,0.019457856735313014,0.9250728324102705,12.11600112915039,2.1044921875,3012,3011,25.498029720038176,6.134384572427104,24.058268971293362,0.15080124525747826,0.03628016919610389,0.734375,,
14.426875,1400,,,,-0.265625,-0.01953125,-0.7890625,0.019711005378250823,0.9287960185562121,12.11400032043457,1.925048828125,3013,3011,23.320042120758444,6.215916658451254,26.654826034461266,0.14942221229646105,0.03982823074446508,0.732421875,,
14.448804999999702,1400,,,,-0.32421875,0.2421875,-0.845703125,0.019773161986298776,0.9224943870793499,12.118858337402344,1.9475446939468384,3012,3012,23.602018251701338,6.237663472615105,26.428517282268714,0.14789101578328648,0.039085402665208616,0.728515625,,
14.470815000001341,1400,,,,0.0625,0.083984375,-0.9375,0.019389193554290442,0.9272400601668634,12.118000030517578,2.0515949726104736,3012,3012,24.86122794070343,6.116256103631867,24.601584918571852,0.15160255627887512,0.03729663162167315,0.7265625,,
14.49599499999918,1400,,,,-0.666015625,0.076171875,-0.9296875,0.019380091422665287,0.9272400601668634,12.113715171813965,1.9691685438156128,3011,3012,23.853946865078,6.112802831388434,25.625959787550006,0.15168820028115554,0.038871557206507236,0.7265625,,
14.521320000000298,1400,,,,0.103515625,0.041015625,-1.033203125,0.019497776497225266,0.9249950344908032,12.11299991607666,1.907958984375,3011,3011,23.111107017612085,6.148588475306501,26.60447407655937,0.15044022513552482,0.04002383069689826,0.724609375,,
14.547080000000074,1400,,,,0.0859375,-0.052734375,-0.990234375,0.019618299009952555,0.9230945424580987,12.116000175476074,2.0025634765625,3012,3011,24.263059433433227,6.185402269197316,25.493084605291592,0.14923759236404352,0.0380452656842658,0.716796875,,
14.569419999999926,1400,,,,-0.0859375,0.123046875,-1.18359375,0.019439283714093442,0.9152147246148972,12.115501403808594,1.9793701171875,3010,3011,23.981061433441937,6.128564613582511,25.555852190246004,0.1493359020130979,0.03816406238543791,0.7109375,,
14.594265000000597,1400,,,,0.328125,-0.01171875,-1.3125,0.01945187164954613,0.9213274182873384,12.112570762634277,1.9782365560531616,3010,3010,23.96153027042385,6.131699598858973,25.589766303145677,0.15025645066806356,0.03845027458135883,0.7109375,,
14.61697000000067,1400,,,,0.15625,0.08203125,-1.171875,0.019552412622550634,0.9213941022183104,12.114500999450684,1.9683837890625,3011,3010,23.84598737990018,6.162738089486739,25.843920787617797,0.14951050796563192,0.03863937724780292,0.708984375,,
14.642230000000447,1400,,,,0.03125,0.2265625,-1.279296875,0.01969054510991771,0.9240503454686986,12.117144584655762,1.9684709310531616,3009,3010,23.852246882263103,6.206419302887703,26.020271102857368,0.1488862257564131,0.038740599576630945,0.712890625,,
14.666390000000597,1400,,,,0.037109375,0.212890625,-1.068359375,0.019724930148675775,0.9223721332059011,12.114999771118164,1.9195556640625,3012,3010,23.255416430765763,6.2184447595987224,26.73976954191209,0.1483284275834625,0.03966267970095983,0.708984375,,
14.694084999999031,1400,,,,-0.140625,0.212890625,-1.16015625,0.01978238666462307,0.930996588278291,12.113000869750977,1.9207763671875,3011,3012,23.26636580633931,6.2387727515883915,26.81455627199214,0.14922752043521048,0.04001469744039809,0.70703125,,
14.717055000001565,1400,,,,-0.0859375,-0.0234375,-0.904296875,0.01962990335793062,0.9366091524684415,12.115111351013184,2.0491535663604736,3017,3013,24.82572363178292,6.1940247823018675,24.950027133839594,0.1512117218427357,0.03772736562930861,0.703125,,
14.743290000000968,1400,,,,0.0859375,0.267578125,-1.24609375,0.020447786176284493,0.9155036883157762,12.116572380065918,1.9182478189468384,3020,3018,23.24258854117295,6.462438522826865,27.80429775013663,0.14166536131554677,0.0393890588689815,0.701171875,,
14.76615499999933,1400,,,,0.044921875,0.04296875,-1.09375,0.020279620105983654,0.918404439313062,12.117777824401855,2.003038167953491,3019,3020,24.272371493057335,6.413452407751663,26.422850398388608,0.14319969665683122,0.037837441618580804,0.69921875,,
14.791870000001044,1400,,,,0.037109375,0.0546875,-1.17578125,0.019224914044867453,0.9247060707899241,12.11485767364502,1.9573103189468384,3016,3017,23.712535937197686,6.07425820220799,25.61623193021437,0.15223357980630356,0.03899650687885071,0.6953125,,
14.81602999999933,1400,,,,0.373046875,0.015625,-1.306640625,0.01959768140115966,0.9173597243944992,12.118500709533691,2.073974609375,3017,3016,25.133462775265798,6.189761638204088,24.627571988590134,0.14820598562833578,0.036499535802017945,0.69921875,,
14.844859999999404,1400,,,,-0.07421875,0.052734375,-1.146484375,0.020570036639389853,0.9252839981916822,12.11600112915039,1.949462890625,3025,3020,23.619694584049284,6.506216214534495,27.54572541733133,0.1422153779833897,0.0391742575205244,0.693359375,,
14.867445000000298,1400,,,,-0.09375,0.021484375,-0.9609375,0.02020067446041958,0.9295962257278771,12.114222526550293,1.8983290195465088,3021,3023,22.996780171394448,6.39449008062551,27.80602342139869,0.1453745668547419,0.04042288610838643,0.689453125,,
14.893790000000969,1400,,,,0.13671875,0.21875,-1.1328125,0.019024233275110707,0.9265732208571426,12.116572380065918,1.9189453125,3017,3020,23.25103977229446,6.015619042351548,25.872473236743833,0.1540279087378742,0.039850829465322715,0.68359375,,
14.919445000000298,1400,,,,-0.25,0,-0.927734375,0.019254742498320786,0.9231612263890707,12.116499900817871,1.9561767578125,3014,3016,23.70201549201738,6.081262426487204,25.657153200896847,0.1518042080157899,0.03894863821601934,0.68359375,,
14.944875,1400,,,,-0.236328125,0.103515625,-0.8671875,0.019536221506728485,0.9219275736660871,12.116500854492188,2.010498046875,3013,3014,24.36020130291581,6.165818947338174,25.311034464235533,0.14952232323722214,0.037845646766298945,0.685546875,,
15.103735000001267,1400,,,,-0.13671875,0.134765625,-0.921875,0.01955182042994977,0.9286293087287819,12.111000061035156,2.12646484375,3013,3013,25.753615852445364,6.168528899524692,23.95208864987002,0.1505430749948073,0.036058210778996555,0.6875,,
15.126019999999553,1400,,,,-0.033203125,-0.126953125,-0.814453125,0.019617838127117967,0.9230354993942171,12.11629581451416,1.9573748111724854,3018,3018,23.71613223204463,6.199823392693299,26.14179804713796,0.14888093433145944,0.03892015318362221,0.701171875,,
15.149729999998584,1400,,,,-0.125,-0.19921875,-0.859375,0.02045800324532406,0.9268621845580216,12.11543083190918,1.9321986436843872,3014,3017,23.409419021066924,6.462931470471298,27.60825232208919,0.1434120396901612,0.0395935577779144,0.728515625,,
15.197580000000075,1400,,,,0.259765625,-0.318359375,-0.81640625,0.019453580456369145,0.922816692745715,12.113715171813965,1.9663783311843872,3015,3016,23.820147023994537,6.145040247709948,25.797658769779712,0.1501726035219408,0.03874101582228449,0.736328125,,
