Time (s),ESC signal (µs),Servo 1 (µs),Servo 2 (µs),Servo 3 (µs),AccX (g),AccY (g),AccZ (g),Torque (N·m),Thrust (N),Voltage (V),Current (A),Motor Electrical Speed (RPM),Motor Optical Speed (RPM),Electrical Power (W),Mechanical Power (W),Motor Efficiency (%),Propeller Mech. Efficiency (N/W),Overall Efficiency (N/W),Vibration (g),App message,
0,1399,,,,0.099609375,0.01171875,-1.072265625,0.018109097983202236,0.7730112418169226,12.119499206542969,1.9384765625,3015,3015,23.49336516112089,5.717171558756952,24.335260272624904,0.13520868385222876,0.03290338512663043,0.7421875,,
0,1399,,,,0.2734375,-0.125,-1.185546875,0.01805644202808611,0.7679321490745487,12.124571800231934,1.9370814561843872,3019,3016,23.48628319840543,5.703475887519326,24.284284743303083,0.13464283258477203,0.03269704885133491,0.740234375,,
0.023685000000521542,1399,,,,0.015625,-0.263671875,-0.7890625,0.017977436995581176,0.7591187561977379,12.121142387390137,1.9328962564468384,3016,3017,23.42891074444549,5.679397385109234,24.240979220323773,0.13366184908773335,0.03240094106285796,0.736328125,,
0.04618999999947846,1399,,,,0.3125,-0.416015625,-1.04296875,0.01789738465690742,0.7604413208286842,12.120570182800293,1.9426618814468384,3013,3015,23.546169675527267,5.65120262401793,24.00051771431645,0.13456274202534618,0.03229575473666316,0.744140625,,
0.06776999999955297,1399,,,,0.25,-0.111328125,-1.10546875,0.017874489663733013,0.7598745074154215,12.120572090148926,1.9426618814468384,3013,3014,23.54617338086075,5.642311926981914,23.962755373101114,0.13467431741617308,0.03227167723283127,0.748046875,,
0.09341000000014901,1399,,,,0.140625,-0.220703125,-1,0.01807101348736353,0.7581851811641287,12.122857093811035,1.9705636501312256,3017,3015,23.888861524799495,5.705132506105342,23.881977381729694,0.13289527988223893,0.031738020682862675,0.755859375,,
0.11770500000193715,1399,,,,0.23828125,-0.04296875,-0.966796875,0.018122473319623737,0.7540285494668687,12.122000694274902,1.9207763671875,3016,3016,23.2836524565937,5.723045282196212,24.579671479229205,0.13175302872625727,0.03238446162484852,0.759765625,,
0.1432549999989569,1399,,,,0.125,0.0234375,-1.126953125,0.018086536535034493,0.7555511658907312,12.119500160217285,1.94091796875,3017,3016,23.522955633234233,5.71174399641363,24.281574498843312,0.1322802923879532,0.032119737743468615,0.763671875,,
0.1674199999999255,1399,,,,0.111328125,-0.26953125,-1.009765625,0.017952331271133007,0.7599411913463936,12.1225004196167,1.922607421875,3016,3016,23.306809278437868,5.669724129584928,24.326470697257708,0.13403495019819028,0.032605972884046715,0.765625,,
0.19493999999947845,1399,,,,0.228515625,-0.13671875,-1.056640625,0.01779445160761854,0.7578851034747544,12.119429588317871,1.9008091688156128,3014,3015,23.036722882289837,5.61887202572068,24.39093465868079,0.13488207241693628,0.03289899814948943,0.767578125,,
0.2175750000011176,1399,,,,0.07421875,-0.07421875,-1.10546875,0.017717659512437554,0.7562735751429289,12.122223854064941,1.9797091484069824,3015,3015,23.998477462929714,5.593392765480729,23.30728178119135,0.13520838011058756,0.03151339814415892,0.7734375,,
0.24273000000044703,1399,,,,0.25,-0.18359375,-1.125,0.017692896136236695,0.761997279218033,12.120572090148926,1.904296875,3012,3014,23.081167554482818,5.583667669198278,24.191443764783987,0.13646895273182388,0.033013809956508815,0.775390625,,
0.26742500000074504,1399,,,,0.2109375,-0.267578125,-1.06640625,0.017767874895718724,0.7566292227747801,12.120000839233398,1.9598388671875,3015,3013,23.753248715074733,5.606151566296169,23.601620281685037,0.13496410395387584,0.03185371533177244,0.78125,,
0.2928350000008941,1399,,,,0.13671875,0.412109375,-1.439453125,0.018379923952557463,0.7575516838198938,12.122000694274902,1.9415283203125,3017,3015,23.53520764678251,5.803042078560798,24.656855234307358,0.13054388949179788,0.03218801784922677,0.783203125,,
0.31805000000074507,1399,,,,0.07421875,-0.306640625,-0.95703125,0.018394339608448856,0.7671319419028836,12.120999336242676,1.9036865234375,3019,3018,23.074583087000065,5.814051521371063,25.196778201581584,0.13194446920242967,0.03324575525419032,0.79296875,,
0.3454350000005215,1399,,,,0.2109375,-0.005859375,-1.296875,0.017902220849903117,0.7577850775782962,12.122000694274902,1.925048828125,3017,3019,23.335443231044337,5.6588742615626115,24.250125465944958,0.1339109233660628,0.03247356692887564,0.794921875,,
0.3680750000011176,1399,,,,-0.09375,0.013671875,-1.044921875,0.01753493872124325,0.7515723580093968,12.120889663696289,1.9037543535232544,3017,3018,23.075196465836825,5.541427571586562,24.014649581817118,0.13562793130475126,0.03257057243790366,0.798828125,,
0.39313500000163915,1399,,,,0.3125,0.08203125,-1.068359375,0.0179322003557872,0.7639866831587002,12.120000839233398,1.9140625,3017,3018,23.198439106345177,5.666996691815412,24.428353415663167,0.1348133278888431,0.03293267618810339,0.802734375,,
0.4186900000013411,1399,,,,-0.0234375,-0.109375,-1.10546875,0.017722715367247444,0.7693102836479717,12.122000694274902,1.97509765625,3017,3017,23.942135160323232,5.599049417282356,23.38575644899486,0.13740015961876909,0.03213206668897552,0.80859375,,
0.4433250000011176,1399,,,,0.287109375,0.203125,-1.16796875,0.017957243479413007,0.7567292486712381,12.120890617370605,1.9666883945465088,3016,3017,23.838014908750438,5.672602746154858,23.796456071820664,0.13340071260660424,0.0317446419749263,0.8125,,
0.46746000000089405,1399,,,,-0.01171875,0.19921875,-1.271484375,0.01796897023435623,0.7670208020179301,12.12171459197998,1.8666294813156128,3018,3017,22.626749821483486,5.677413464081734,25.09159958400735,0.1351003950778822,0.033898850169354185,0.818359375,,
0.48823000000044703,1399,,,,-0.236328125,0.1484375,-1.099609375,0.01790202578126914,0.7554177980287872,12.119429588317871,1.9182478189468384,3016,3017,23.248069374670536,5.656548888549813,24.33126294225873,0.13354747088952607,0.032493786294867016,0.818359375,,
0.5132799999993295,1399,,,,-0.015625,0.1796875,-1.181640625,0.017756042200586363,0.7589409323818124,12.122858047485352,1.8450056314468384,3018,3017,22.366741366841097,5.610574242133275,25.084450837577098,0.13526974238794578,0.03393167202742146,0.81640625,,
0.5341500000003725,1399,,,,0.111328125,-0.05859375,-1.0703125,0.017665991057347456,0.7647424343763838,12.123001098632812,1.9464111328125,3016,3017,23.596344301477075,5.58227873265223,23.65738803151297,0.13699467027742673,0.0324093607300226,0.810546875,,
0.5563800000008196,1399,,,,-0.1875,-0.087890625,-0.7734375,0.01767652182916874,0.7723999724496785,12.12171459197998,1.9049943685531616,3018,3016,23.091798034930548,5.583782183189195,24.180802961911876,0.1383291731498953,0.033449104798218096,0.810546875,,
0.5793849999997764,1399,,,,0.19921875,0.0078125,-1.154296875,0.01784725034116721,0.7660094290648535,12.121142387390137,1.8952287435531616,3015,3016,22.97233745728238,5.636653038478514,24.53669788265999,0.13589792095339265,0.03334486229315004,0.80859375,,
0.6010650000013411,1399,,,,-0.234375,0.033203125,-0.890625,0.017792535964813894,0.75455090692615,12.120000839233398,1.9022042751312256,3015,3015,23.054717410983812,5.616798197856762,24.362901950733896,0.134338261825762,0.03272869901093058,0.80859375,,
0.6265499999988824,1399,,,,-0.048828125,-0.09375,-1.06640625,0.01795070868017472,0.7535395339730733,12.116667747497559,1.8684896230697632,3013,3013,22.63986795238327,5.664114750925552,25.01832061405331,0.1330374766595151,0.03328374244752383,0.806640625,,
0.6487249999996275,1399,,,,-0.2734375,-0.0234375,-0.94140625,0.017982575433172356,0.7632087039640258,12.121500015258789,1.9525146484375,3013,3013,23.667406340828165,5.673385973623227,23.9713042144216,0.13452437530468486,0.03224724724683625,0.806640625,,
0.677160000000149,1399,,,,-0.140625,0.150390625,-1.13671875,0.01784080119885775,0.764108937032149,12.120999336242676,1.9073486328125,3011,3013,23.118971512303688,5.628520381298306,24.345894359110495,0.13575662612345296,0.033051164781508456,0.8046875,,
0.6998300000000746,1399,,,,0.20703125,0.134765625,-1.140625,0.018021803651625038,0.7523503372040711,12.121000289916992,1.92626953125,3013,3012,23.34831354673952,5.684760555302096,24.347628122785533,0.13234512340231544,0.03222289848463737,0.802734375,,
0.7257949999999255,1399,,,,-0.203125,0.14453125,-1.0390625,0.01801041533237773,0.7553955700517964,12.120499610900879,1.9256591796875,3014,3013,23.33995133813005,5.681978141266644,24.34443011020379,0.13294587752204926,0.03236491623775241,0.8046875,,
0.7494900000002235,1399,,,,-0.14453125,0.142578125,-1.181640625,0.018090510010446967,0.7604783443028594,12.121500968933105,1.905517578125,3017,3015,23.097733169561252,5.7115404462044275,24.72770987644464,0.1331476773150107,0.032924371353680544,0.8046875,,
0.7732650000005961,1399,,,,0.375,0.00390625,-1.044921875,0.01815464497216244,0.7623306988728934,12.121713638305664,1.9063894748687744,3016,3017,23.108707297439196,5.735190492466541,24.81830947377177,0.1329216004026811,0.03298889414542766,0.80859375,,
0.796394999999553,1399,,,,-0.25,0.294921875,-1.248046875,0.017636779808877137,0.761552719678219,12.121000289916992,1.9110107421875,3014,3016,23.163361760089174,5.570450061878378,24.048538893332612,0.136712960572062,0.032877469495398805,0.810546875,,
0.822234999999404,1399,,,,-0.171875,0.1171875,-1.142578125,0.017755099135965506,0.7634643256994189,12.122285842895508,1.9831193685531616,3015,3015,24.03993984618387,5.605745671609911,23.31846796405264,0.1361931793598763,0.03175816289825751,0.81640625,,
0.850265000000596,1399,,,,-0.162109375,0.037109375,-1.12109375,0.018198924853405657,0.7618639113560888,12.122668266296387,1.9211153984069824,3018,3016,23.289044676161666,5.747968538045993,24.68099751609619,0.13254489935240363,0.032713403316878935,0.81640625,,
0.8756500000003725,1399,,,,-0.09375,-0.19921875,-0.92578125,0.018219889840869096,0.7616712920429788,12.119000434875488,1.912841796875,3017,3018,23.181730568176135,5.757653788707926,24.83703178144961,0.13228848416290506,0.03285653285473866,0.8125,,
1.026210000000894,1399,,,,-0.19921875,0.169921875,-0.89453125,0.017594153120333484,0.7621417610684724,12.117500305175781,1.9580078125,3017,3017,23.726160265505314,5.559435760218049,23.431670771864127,0.13708976844775703,0.032122423204589294,0.806640625,,
1.0531349999997766,1399,,,,0.08203125,-0.236328125,-0.810546875,0.017957108047494372,0.7634805104451653,12.119998931884766,1.9586780071258545,3020,3018,23.739175354271538,5.675473648930431,23.907627641788356,0.1345227830612951,0.03216120606766517,0.79296875,,
1.0794650000017136,1399,,,,-0.384765625,0.177734375,-1.03515625,0.020249649027805145,0.7730668117593993,12.119999885559082,2.04345703125,3040,3037,24.7666989848949,6.44057884234214,26.004995038984486,0.12003064176111702,0.031213962435239724,0.787109375,,
1.1014199999999255,1399,,,,0.173828125,-0.041015625,-1.087890625,0.017963645671105692,0.7777346869274453,12.123555183410645,1.8983290195465088,3040,3042,23.014496624741923,5.722640635935729,24.865373895614805,0.1359048621791145,0.033793252123156814,0.794921875,,
1.1268900000005961,1399,,,,0.03125,0.12109375,-0.814453125,0.01764829109402552,0.7846253597945609,12.119429588317871,1.9587053060531616,3035,3038,23.7383910409759,5.6143906337755975,23.651100127571187,0.13975254145558297,0.033053013510485355,0.796875,,
1.149390000000596,1399,,,,0.25,0.1015625,-1.046875,0.016680359414352537,0.7810911114530403,12.12350082397461,1.9293212890625,3026,3031,23.390128237660974,5.294758016299055,22.636720767412662,0.14752158815352426,0.03339404998196581,0.794921875,,
1.1726899999994784,1399,,,,0.0234375,-0.177734375,-1.083984375,0.016958637536514866,0.775422977320413,12.118000030517578,2.0353190898895264,3020,3024,24.66399679339429,5.370781672453269,21.775796183576034,0.14437804859906264,0.03143946959675624,0.7890625,,
1.1981150000002234,1399,,,,0.349609375,0.017578125,-1.40625,0.01746388430234017,0.7612415280003493,12.123001098632812,1.932373046875,3019,3020,23.42616057023406,5.523733816995427,23.579339006213587,0.13781285507606486,0.03249536029252716,0.783203125,,
1.223070000000298,1399,,,,0.01171875,0.0546875,-1.08203125,0.017825329293822915,0.761808341413612,12.118500709533691,1.898193359375,3020,3019,23.00325757241808,5.635351551246273,24.498058735834473,0.13518381852240186,0.033117411262961895,0.775390625,,
1.2470600000005216,1399,,,,0.236328125,-0.244140625,-1.0703125,0.01767171246509692,0.764620180502935,12.121999740600586,1.93115234375,3013,3017,23.409428209997714,5.583126315733418,23.849904686475735,0.13695197587563304,0.03266291571258373,0.767578125,,
1.271179999999702,1399,,,,-0.140625,0.2421875,-1.294921875,0.01771405409632443,0.7645423825834676,12.119500160217285,2.0550537109375,3018,3015,24.906223778962158,5.59296156447616,22.45608011119066,0.13669723522497962,0.030696840651904155,0.763671875,,
1.2968300000000745,1399,,,,0.037109375,0.0703125,-1.046875,0.018572999700534637,0.7628863982976608,12.124500274658203,1.8743896484375,3029,3021,22.72603780729696,5.874894053383849,25.850938483863278,0.12985534570759621,0.03356882553687869,0.76171875,,
1.321179999999702,1399,,,,0.041015625,-0.23046875,-0.962890625,0.019231987937794764,0.7670319160064254,12.120572090148926,1.8359375,3028,3029,22.252612821757793,6.099506107489383,27.41029179964659,0.1257531187754058,0.03446929680349489,0.775390625,,
1.3430600000005215,1399,,,,-0.037109375,-0.125,-0.779296875,0.017279970212662994,0.7698770970612345,12.121500015258789,1.9293212890625,3025,3027,23.3862680348102,5.477489658853566,23.42182023527817,0.14055290744672427,0.03292004931762866,0.78515625,,
1.372535000000149,1399,,,,0.0625,0.037109375,-0.97265625,0.01775121047907798,0.7687323562462137,12.12114429473877,1.9384765625,3022,3024,23.496554126031697,5.62117429684186,23.923398583004108,0.13675654154294947,0.0327168125216514,0.7734375,,
1.3980700000002981,1399,,,,0.14453125,-0.017578125,-0.86328125,0.01772867502143024,0.7664206466391814,12.120444297790527,1.9080946445465088,3022,3022,23.126954854138376,5.6100773347943385,24.257743270469792,0.13661498779807424,0.03313971300904048,0.7578125,,
1.4225999999996275,1399,,,,0.236328125,0.09765625,-0.861328125,0.0176457532455081,0.7656871233984884,12.122501373291016,1.8902587890625,3017,3020,22.91466476628557,5.580589944607999,24.353792654295084,0.13720540856765515,0.03341472071304516,0.751953125,,
1.4486050000004471,1399,,,,0.298828125,-0.146484375,-0.94921875,0.017429033111029852,0.7616082896206957,12.122501373291016,1.9122314453125,3017,3018,23.181028321851045,5.50805824496495,23.761060848939604,0.13827164778384476,0.0328548103667508,0.75,,
1.4738350000008942,1399,,,,0.361328125,0.041015625,-0.91015625,0.017588782584604022,0.7552844301668429,12.120499610900879,1.8756103515625,3014,3016,22.733334536314942,5.5546095884923945,24.43376522533149,0.13597435033626523,0.03322365352783279,0.75,,
1.4975250000003726,1399,,,,0.375,-0.09765625,-1.037109375,0.017718845574447018,0.7584074609340357,12.1225004196167,1.898193359375,3014,3014,23.01084979553707,5.592795542858186,24.305036939326346,0.13560436013122215,0.03295868982123067,0.751953125,,
1.5195600000005216,1399,,,,0.07421875,0.08984375,-0.8515625,0.01775414461315841,0.7620417351720143,12.121999740600586,1.9183349609375,3013,3013,23.25405589886941,5.602374052629783,24.092029695783804,0.13602121672227652,0.0327702719252973,0.744140625,,
1.5465050000008196,1399,,,,0.234375,-0.009765625,-1.125,0.0177629411465726,0.7660094290648535,12.119429588317871,1.93359375,3011,3013,23.43405330553651,5.604896315403891,23.91774159735176,0.13666790355418995,0.03268787601860907,0.734375,,
1.5688699999991804,1399,,,,0.01953125,0.119140625,-1.03125,0.017976033926703112,0.767909921097558,12.123001098632812,1.9683837890625,3015,3013,23.862718837335706,5.6726809729312935,23.772148561947574,0.13536984095559831,0.03218031970003699,0.71875,,
1.5931199999991805,1399,,,,0.265625,0.005859375,-1.095703125,0.018541850760984538,0.7658427192374233,12.119430541992188,1.9001115560531616,3014,3014,23.028270025622987,5.852088536372982,25.41262773912894,0.13086656404417266,0.03325663275553435,0.708984375,,
1.618245000001043,1399,,,,0.25,0,-1.01953125,0.017856270588680976,0.7641978489401119,12.123498916625977,2.0068359375,3017,3015,24.329873314127326,5.638264823686196,23.174246535892543,0.13553777143097956,0.03140985730066973,0.69921875,,
1.6434550000000745,1399,,,,-0.0859375,0.064453125,-0.779296875,0.018473343942283903,0.7660094290648535,12.123000144958496,1.9293212890625,3020,3019,23.3891622669762,5.83939256841832,24.966232230827345,0.13117964241824176,0.03275061416570713,0.693359375,,
1.668195000000298,1399,,,,0.07421875,-0.4921875,-1.06640625,0.018139773504033195,0.7676987553161464,12.119500160217285,1.9110107421875,3019,3020,23.16049499611836,5.736725137680926,24.76944097542987,0.13382177756323338,0.033146906205796155,0.689453125,,
1.6936150000002235,1399,,,,0.099609375,-0.134765625,-1.07421875,0.01744030852522254,0.7667096103400604,12.120000839233398,1.86279296875,3018,3018,22.577052344568074,5.512405969455781,24.415968414858362,0.13908801612007446,0.033959686084730496,0.693359375,,
1.7205149999987335,1399,,,,0.412109375,-0.2109375,-1.177734375,0.017626517186560577,0.7569626424296404,12.121500968933105,1.8988037109375,3015,3016,23.016351021942683,5.56776551930752,24.190478820902065,0.1359544757775263,0.03288803866903092,0.689453125,,
1.7444550000000745,1399,,,,-0.103515625,-0.287109375,-0.8984375,0.017852968814503125,0.7536506738580269,12.123000144958496,1.9061279296875,3015,3015,23.107989167911,5.636970457438175,24.394032801720265,0.13369782218098358,0.03261429059801477,0.69140625,,
1.7697150000017137,1399,,,,0.1875,-0.09375,-1.0546875,0.01801838855319063,0.7550954923624219,12.123428344726562,1.8910435438156128,3016,3015,22.925930900206367,5.689852354946445,24.818413610830643,0.13270915399166439,0.032936306737085426,0.6875,,
1.7934900000002236,1399,,,,0.13671875,-0.22265625,-1.08984375,0.01781846178798184,0.7564513989588545,12.122221946716309,1.8923611640930176,3015,3016,22.939622034482,5.626855352860228,24.528980226449,0.134435906296105,0.032975756872619104,0.685546875,,
1.817695000000298,1399,,,,0.046875,-0.361328125,-0.953125,0.01773828536553518,0.7561735492464707,12.122285842895508,1.9426618814468384,3014,3015,23.54950262299576,5.600511059597643,23.78186558440866,0.1350186690463917,0.03210995838647046,0.685546875,,
1.842769999999553,1399,,,,0.01171875,-0.07421875,-1.099609375,0.017782341672412813,0.7785126661221198,12.120000839233398,1.9305419921875,3013,3014,23.398170565487817,5.612934595324958,23.98877544556414,0.1386997573017414,0.0332723733226572,0.6875,,
1.8718100000005216,1399,,,,0.14453125,-0.1953125,-1.158203125,0.017880918125413658,0.7609303363224795,12.117142677307129,1.9154576063156128,3014,3013,23.20987310805947,5.641179597335856,24.30508590491602,0.13488851457270426,0.032784769342760936,0.689453125,,
1.8967150000017137,1399,,,,0.099609375,-0.302734375,-1.091796875,0.01824823907042608,0.7571738082110521,12.119600296020508,1.9599609375,3015,3013,23.753943158313632,5.758522558868227,24.242385866166412,0.13148751272060066,0.03187571019955267,0.69140625,,
1.9212900000009685,1399,,,,0.037109375,0.09375,-1.171875,0.018393372509583693,0.758963160358803,12.118500709533691,1.927490234375,3014,3015,23.3582917728927,5.8067008070313,24.859269947856276,0.1307047126381609,0.032492237349290236,0.6953125,,
1.9462900000009686,1399,,,,-0.099609375,-0.00390625,-1.236328125,0.017781969560828084,0.761008134241947,12.120572090148926,1.9468470811843872,3014,3014,23.596900395991383,5.612911005107136,23.786645325928703,0.13558172106229954,0.03225034311587916,0.693359375,,
1.968679999999702,1399,,,,0.13671875,0.048828125,-1.080078125,0.017775068518832166,0.7582852070605868,12.121999740600586,1.8780517578125,3015,3014,22.7657429210376,5.610775029665507,24.645692649373828,0.13514803267843603,0.03330816875560265,0.689453125,,
2.0016300000008194,1399,,,,-0.037109375,-0.1640625,-1.15625,0.0182807972271493,0.7613637818737982,12.120000839233398,1.9363839626312256,3016,3015,23.468975252168548,5.772098217377811,24.594589901595576,0.1319041626113694,0.03244128785740007,0.693359375,,
2.029355000000447,1399,,,,0.103515625,-0.296875,-0.896484375,0.017804551689624637,0.7645090406179815,12.12109088897705,1.9695490598678589,3015,3015,23.87308316495762,5.6212162915579595,23.54625187168588,0.13600420282103973,0.03202389215232052,0.6953125,,
2.0509100000001492,1399,,,,0.291015625,-0.087890625,-1.1796875,0.01779118015571402,0.7609414503109749,12.120499610900879,1.9464111328125,3013,3014,23.591475377907045,5.615472175068508,23.80297156119065,0.13550800833621646,0.03225493268740546,0.6953125,,
2.0749300000015647,1399,,,,-0.296875,-0.107421875,-0.921875,0.017993698956530416,0.7631086780675678,12.123428344726562,1.9391740560531616,3015,3014,23.509437716513276,5.679391974520486,24.157923481645934,0.13436450265998717,0.03245967373909382,0.701171875,,
2.0996500000003726,1399,,,,-0.111328125,0.0078125,-1.03125,0.018148014734616847,0.7675653874542021,12.12171459197998,1.9287109375,3016,3015,23.379283514805138,5.730403867151867,24.510605141184236,0.13394612408631132,0.032831005576716435,0.70703125,,
2.255385000001639,1399,,,,-0.0234375,-0.16796875,-1.10546875,0.01820423488432243,0.7671986258338557,12.120499610900879,1.951904296875,3016,3016,23.65805527078919,5.748730555886909,24.299252369170503,0.13345531128576144,0.03242864288938925,0.708984375,,
2.286324999999255,1399,,,,0.115234375,-0.14453125,-1.119140625,0.017926043874068973,0.7580202078974008,12.121131896972656,1.9182082414627075,3014,3014,23.25085510062945,5.657857358902377,24.333975393228467,0.1339765497454069,0.032601820647743814,0.70703125,,
2.311730000000447,1399,,,,0.228515625,-0.0078125,-1.123046875,0.017899279449655806,0.7565736528323033,12.120444297790527,1.8950737714767456,3013,3013,22.96913608738771,5.646707982949252,24.583893627805374,0.1339849085727199,0.03293870740082975,0.7109375,,
2.333269999999553,1399,,,,0.404296875,-0.0078125,-1,0.017881642785826133,0.7507721508377317,12.121000289916992,1.9091796875,3010,3012,23.141167545691133,5.640520965857301,24.37440096624495,0.13310333484836576,0.03244314053538431,0.703125,,
2.3551300000008197,1399,,,,-0.125,0.080078125,-0.767578125,0.018022770331288265,0.7514389901474525,12.12171459197998,1.9133650064468384,3013,3012,23.19326451843051,5.684338964351872,24.508576443970686,0.1321946131045216,0.032399017807532966,0.697265625,,
2.3759900000002236,1399,,,,0.265625,0.19921875,-1.1328125,0.018021562470778157,0.7527170988244175,12.119429588317871,1.9308035373687744,3014,3012,23.400237520015935,5.685172946349401,24.29536427348849,0.13240003530723846,0.03216707087612096,0.693359375,,
2.3979150000009684,1399,,,,-0.25,0.158203125,-1.017578125,0.0182716622580392,0.7539952075013826,12.119999885559082,1.89697265625,3015,3014,22.991308376658708,5.766748215112101,25.082296842952328,0.1307487650536734,0.03279479336925668,0.6875,,
2.4230449999999255,1399,,,,0.0859375,0.013671875,-0.84765625,0.01824286126852974,0.7528393526978664,12.123429298400879,1.9008091688156128,3014,3015,23.044325567888222,5.759087501800792,24.99134758721669,0.13072198546427075,0.03266918576028678,0.681640625,,
2.4465550000015646,1399,,,,0.1875,-0.162109375,-0.94140625,0.017821406122642703,0.7623973828038655,12.117000579833984,1.9891357421875,3013,3014,24.10235894145444,5.625050576671494,23.338174451450826,0.13553609383811055,0.03163165002462033,0.67578125,,
2.4715250000003723,1399,,,,0.421875,-0.1015625,-0.900390625,0.017979733523517734,0.7583518909915589,12.122000694274902,1.9073486328125,3021,3017,23.12088145117741,5.679760942290347,24.565503500737467,0.13351827633184782,0.0327994368464244,0.666015625,,
2.493085000000894,1399,,,,0.09375,-0.044921875,-1.00390625,0.019596529294506972,0.754806528661543,12.120499610900879,1.910400390625,3022,3021,23.1550071912352,6.200455280221852,26.77803219412902,0.12173404928331909,0.032597982908304075,0.662109375,,
2.517730000000447,1399,,,,-0.09375,-0.1953125,-1.140625,0.017643370920908747,0.7631309060445585,12.118667602539062,1.8229166269302368,3020,3022,22.091320668909248,5.582997726144356,25.2723583610903,0.1366883784442413,0.03454437683839197,0.66015625,,
2.550839999999851,1399,,,,0.125,-0.22265625,-1.2578125,0.017572620952651337,0.7637644033887933,12.123501777648926,1.90673828125,3018,3019,23.116344942245632,5.555528635731111,24.032902474898872,0.13747825877028916,0.0330400158544527,0.66796875,,
2.5763450000006705,1399,,,,-0.0625,-0.080078125,-1.083984375,0.0177083396752739,0.7606413726216006,12.119272232055664,1.9371448755264282,3015,3017,23.476786099436367,5.59388106293826,23.8272864064326,0.13597739459659938,0.032399723258536746,0.66796875,,
2.598875,1399,,,,-0.134765625,-0.095703125,-0.990234375,0.018055071355657624,0.7679988330055207,12.122857093811035,2.022181987762451,3017,3016,24.51462325532293,5.701734514471499,23.258503527005928,0.13469564937761883,0.031328192361217005,0.669921875,,
2.6214900000002235,1399,,,,0.171875,0,-1.392578125,0.018119896625060295,0.7638755432737466,12.123000144958496,1.9073486328125,3016,3016,23.122787752072327,5.723088653877077,24.750859261613723,0.13347260360125002,0.03303561627015696,0.673828125,,
2.6465449999999255,1399,,,,-0.19921875,0.361328125,-1.03125,0.018082927625571912,0.7624974087003236,12.123428344726562,1.9768415689468384,3018,3017,23.96609711000383,5.712535902227423,23.835904010598874,0.1334779197454167,0.031815668825861725,0.67578125,,
2.6715499999988825,1399,,,,-0.3359375,0.314453125,-1.22265625,0.017896433627449786,0.7526170729279594,12.122000694274902,1.90185546875,3016,3016,23.05429331259802,5.652785243760346,24.51944705965626,0.1331409279626734,0.03264541934654279,0.673828125,,
2.6960999999996274,1399,,,,0.01171875,0.17578125,-1.208984375,0.017606811202243375,0.7506276689872922,12.122000694274902,1.9915771484375,3016,3015,24.141899576061405,5.559510291642905,23.028470788419636,0.13501686832303214,0.031092320081208467,0.677734375,,
2.7188250000011176,1399,,,,-0.537109375,0.4453125,-1.10546875,0.018320963479799623,0.7549510105119824,12.120573043823242,1.9029017686843872,3019,3017,23.064259882559554,5.789198773385597,25.100301517861418,0.13040682140379808,0.03273250537221235,0.681640625,,
2.7453350000008943,1399,,,,-0.3125,0.396484375,-1.046875,0.01839190027238628,0.76126375597734,12.120572090148926,1.8596540689468384,3020,3021,22.540071205408935,5.81798222871928,25.811729589049126,0.13084669668111346,0.03377379552353232,0.68359375,,
2.7674900000002234,1399,,,,-0.099609375,0.08203125,-1.02734375,0.01760726561714144,0.7623751548268748,12.122666358947754,1.9514974355697632,3017,3018,23.65735231175438,5.565459478271754,23.525284676537968,0.13698332685796782,0.03222571760272942,0.6796875,,
2.793260000001639,1399,,,,-0.109375,0.208984375,-1.12109375,0.017687504221208523,0.7639533411932141,12.121142387390137,1.9147599935531616,3017,3016,23.209078519536092,5.586922770272054,24.07214386202062,0.1367395563901832,0.03291614273053371,0.67578125,,
2.817460000000894,1399,,,,0.0234375,0.365234375,-1.044921875,0.017872691007961832,0.7659760870993674,12.119999885559082,1.9488525390625,3013,3015,23.620092550409026,5.642705111614363,23.88942845830064,0.13574625502274806,0.03242900447848174,0.671875,,
2.8428949999995528,1399,,,,-0.162109375,0.10546875,-0.962890625,0.017923283371683547,0.7535284199845779,12.122000694274902,1.9403076171875,3014,3014,23.520410282653756,5.656372032501906,24.048781311750613,0.13321761999648385,0.03203721410167335,0.666015625,,
2.867964999999851,1399,,,,-0.3984375,0.462890625,-1.04296875,0.017837706230968073,0.7548843265810105,12.119501113891602,1.90673828125,3013,3013,23.108716723509133,5.627949817750512,24.35422912093186,0.1341313179801481,0.032666648503810944,0.6640625,,
2.8956650000009687,1399,,,,-0.111328125,0.205078125,-1.138671875,0.01784368810285345,0.755128834327908,12.120498657226562,1.888427734375,3012,3013,22.888685818761587,5.6293020095585495,24.594256105976502,0.13414253366504408,0.03299135827662669,0.6640625,,
2.917859999999404,1399,,,,0.15625,0.298828125,-1.205078125,0.0176165256481623,0.755451139994273,12.121500968933105,1.9171142578125,3013,3012,23.23830233362969,5.557257865003391,23.914216216049113,0.13593955118615178,0.0325088781937831,0.6640625,,
2.9434900000002235,1399,,,,-0.32421875,0.63671875,-1.068359375,0.017675260869746804,0.7651091959967303,12.119429588317871,1.8875558376312256,3014,3013,22.87610006819,5.5761182095972375,24.375300829143605,0.13721179631376468,0.03344578812455192,0.6640625,,
2.9675950000006703,1399,,,,-0.125,0.375,-1.171875,0.018200418889103724,0.7679210350860532,12.119500160217285,1.915283203125,3013,3014,23.212275087134913,5.744308638029725,24.746857498743974,0.13368380487115455,0.033082540690363565,0.671875,,
2.995655000001192,1399,,,,-0.0625,0.310546875,-1.140625,0.01790697040783215,0.763786631365784,12.123000144958496,1.8829345703125,3015,3015,22.8268160688458,5.653118208495991,24.76525062210234,0.13510890860514818,0.03346005982885214,0.671875,,
3.017785000000149,1399,,,,0.0625,0.28515625,-1.26953125,0.017737816138835398,0.7656648954214977,12.120890617370605,1.9265408515930176,3013,3014,23.351390932054983,5.598199872314437,23.973731965703426,0.13676983903487402,0.032788834620144716,0.671875,,
3.053565000001341,1399,,,,-0.162109375,0.287109375,-0.97265625,0.017888978540229142,0.7652870198126559,12.121334075927734,1.8603515625,3014,3013,22.549942787736654,5.644633212828415,25.03169638150097,0.13557781187153267,0.03393742622836464,0.671875,,
3.077690000001341,1399,,,,-0.017578125,-0.091796875,-1.048828125,0.017904376525989356,0.7581740671756333,12.121668815612793,1.849365234375,3013,3013,22.41739289020188,5.648526138349655,25.19706981991868,0.13422511441137652,0.03382079579410028,0.669921875,,
3.2196650000009686,1399,,,,0.0234375,0.0234375,-1.25390625,0.01795283305584978,0.756595880809294,12.119428634643555,1.9273158311843872,3012,3012,23.357966672457906,5.6634518164581245,24.246339143621068,0.13359271082886387,0.032391341738723316,0.669921875,,
3.252984999999404,1399,,,,0.11328125,-0.064453125,-1.103515625,0.017920123207412854,0.7599782148205688,12.120582580566406,1.9462076425552368,3012,3012,23.589170450520214,5.652671342427002,23.962993333249425,0.1344458520198113,0.03221725055633776,0.67578125,,
3.279625,1399,,,,0.16015625,-0.1640625,-0.921875,0.01819203525562258,0.7522391973191176,12.120362281799316,1.8279474973678589,3016,3014,22.155385900206852,5.742492438860816,25.919171368652176,0.13099524384717262,0.03395288173753247,0.681640625,,
3.301890000000596,1399,,,,0.0625,0.134765625,-0.9765625,0.01775007597890658,0.7593966059101216,12.122501373291016,1.9061279296875,3013,3014,23.10703844530508,5.6028529587304305,24.247386665290403,0.13553748625989212,0.03286429836985089,0.677734375,,
3.324370000001043,1399,,,,0.162109375,-0.283203125,-1.029296875,0.01763288430502466,0.7567514766482288,12.121142387390137,1.9189453125,3010,3012,23.259809366427362,5.561572876362446,23.91065545184512,0.13606788825235772,0.032534723940622894,0.673828125,,
3.346460000000894,1399,,,,-0.125,0.12109375,-0.693359375,0.01769466936042379,0.7599411913463936,12.12114429473877,1.9294084310531616,3012,3011,23.38663799628091,5.579077117172656,23.855832198111916,0.13621270604187558,0.03249467458585728,0.66796875,,
3.3727999999988825,1399,,,,0.048828125,-0.08984375,-1.064453125,0.018112105757089325,0.7674097916152672,12.120572090148926,1.9070870876312256,3014,3012,23.11498652782643,5.712553037575795,24.713633428680016,0.13433744712170387,0.03319966423910475,0.6640625,,
3.396675000000745,1399,,,,0.048828125,0,-0.890625,0.018374222247298972,0.7662872787772372,12.121000289916992,1.9000244140625,3016,3015,23.030196473700926,5.800977166791655,25.188570029856304,0.13209624115811638,0.03327315421092002,0.658203125,,
3.418925000000745,1399,,,,0.0625,0.140625,-0.978515625,0.01818549683727426,0.7580406993136892,12.119501113891602,1.966552734375,3016,3017,23.833638054784387,5.744569723674249,24.102781583196354,0.13195778548734255,0.03180549681803695,0.6484375,,
3.4428100000005215,1399,,,,0.0625,-0.013671875,-0.861328125,0.01759038868695284,0.7541730313173082,12.122284889221191,1.8443080186843872,3015,3015,22.357227225967222,5.554604139851884,24.84478099055318,0.13577439765805138,0.03373285173938563,0.638671875,,
3.467795000001788,1399,,,,-0.13671875,0.1640625,-0.90625,0.01775931477036271,0.7560290673960312,12.122857093811035,1.8966238498687744,3014,3014,22.992499892672868,5.606002399763501,24.381874202160997,0.13486063927263492,0.032881551415683975,0.6328125,,
3.4909700000006705,1399,,,,0.048828125,0.03125,-1.10546875,0.01770148837857433,0.7653314757666373,12.119500160217285,1.9329833984375,3014,3014,23.426792607060634,5.587070366970882,23.849062313750053,0.13698260904159218,0.032669067789329945,0.625,,
3.515054999999702,1399,,,,-0.0625,0.130859375,-0.849609375,0.017790936150494104,0.7747116820567108,12.118999481201172,1.8988037109375,3013,3013,23.011601187754422,5.613722232758569,24.395183051172904,0.13800320891117895,0.03366613543037466,0.62109375,,
3.674269999999553,1399,,,,-0.13671875,0.10546875,-0.958984375,0.017810371889296895,0.7664317606276767,12.121713638305664,1.9203404188156128,3012,3013,23.277816644946824,5.619313341631051,24.140207938491937,0.13639242270928673,0.03292541445436871,0.615234375,,
3.703105000000447,1399,,,,0.10546875,-0.10546875,-0.875,0.017949800950783676,0.7602309885964098,12.120453834533691,1.9300928115844727,3017,3016,23.393600819174935,5.669590773807662,24.235648105786655,0.13408921718098596,0.03249739082378778,0.61328125,,
3.729429999999702,1399,,,,-0.134765625,0.06640625,-1.248046875,0.017969759900762175,0.7602634970127587,12.116799354553223,1.9248046875,3017,3017,23.322472195141017,5.678073970874602,24.345935213753055,0.1338946094947851,0.032597894882308034,0.626953125,,
3.753245000001043,1399,,,,-0.0625,0.140625,-1.052734375,0.01817316838781964,0.7599856473003751,12.120500564575195,1.91162109375,3024,3020,23.169804546050727,5.748045819454932,24.80834833125375,0.13221635163869344,0.0328006930654024,0.62890625,,
3.775339999999851,1399,,,,-0.109375,0.294921875,-1.072265625,0.018787476266254176,0.7615082637242376,12.120999336242676,1.8524169921875,3027,3026,22.45314513274934,5.953546603395533,26.51542386688583,0.1279083400959557,0.03391543853754053,0.625,,
3.7975800000000746,1399,,,,-0.0859375,-0.033203125,-0.837890625,0.017358537458613304,0.7679321490745487,12.121334075927734,1.9523111581802368,3022,3025,23.664615768464046,5.497918289716844,23.232653948446874,0.13967689380012577,0.032450649382522866,0.615234375,,
3.8217949999999257,1399,,,,0.203125,-0.04296875,-0.86328125,0.017374434574144695,0.769443651509916,12.122857093811035,1.8729074001312256,3018,3021,22.70498876173201,5.496366660411551,24.207748870042913,0.13999132500601813,0.03388874839730246,0.61328125,,
3.8490950000006707,1399,,,,-0.0625,-0.236328125,-0.90234375,0.01751032279408317,0.7585074868304937,12.119999885559082,1.903076171875,3015,3018,23.065282985335216,5.533847034779916,23.992105530629328,0.1370669413273112,0.032885245210854286,0.611328125,,
3.872640000000596,1399,,,,0.099609375,-0.11328125,-0.8515625,0.01757756935203177,0.7574183159579496,12.123556137084961,1.9330512285232544,3014,3016,23.435455084862724,5.550796865980913,23.685466511662696,0.13645217691173822,0.03231933466686449,0.6171875,,
3.896820000000298,1399,,,,-0.287109375,0.330078125,-0.759765625,0.01779459899727238,0.7566403367632754,12.121142387390137,1.8924386501312256,3014,3014,22.93851833764097,5.616949626075413,24.486976636404094,0.13470662675177722,0.03298558022039575,0.619140625,,
3.9214150000009687,1399,,,,-0.26171875,0.091796875,-0.912109375,0.017875599850192155,0.7535506479615686,12.120500564575195,1.9342041015625,3013,3014,23.44352190499194,5.6414018483090596,24.06379839672387,0.13357507020838022,0.03214323560322698,0.62109375,,
3.9466450000014155,1399,,,,0.162109375,-0.2109375,-0.806640625,0.017852807561491945,0.7670208020179301,12.121142387390137,1.9503347873687744,3013,3013,23.64028566077718,5.632962523251502,23.82781072987388,0.13616650188100035,0.03244549634569492,0.623046875,,
3.9712249999996274,1399,,,,-0.048828125,0.08984375,-1.0703125,0.017999969379081385,0.7587742225543822,12.120500564575195,1.904296875,3015,3013,23.08103134855628,5.680007438549768,24.608984550012547,0.133586836067263,0.03287436384864334,0.626953125,,
3.9963250000011175,1399,,,,0.13671875,-0.0859375,-1.029296875,0.018163566707221364,0.7657093513754791,12.121000289916992,1.97021484375,3015,3015,23.88097469229251,5.734362150237654,24.012261744443776,0.1335299953707572,0.03206357199576987,0.625,,
4.023359999999404,1399,,,,-0.2109375,-0.04296875,-0.958984375,0.017966098421630206,0.7687434702347091,12.118000984191895,1.8914794921875,3016,3016,22.92095034790691,5.673782687725846,24.753697388659816,0.13549046774345797,0.03353890037569533,0.62890625,,
4.046464999999851,1399,,,,-0.037109375,-0.1875,-0.833984375,0.01811669671695277,0.7641645069746258,12.119555473327637,1.8869357109069824,3014,3016,22.868822022940094,5.722243071670934,25.022028095416793,0.1335428253227776,0.03341512327167878,0.62890625,,
4.072310000000521,1399,,,,0.037109375,0.23828125,-1.072265625,0.017828935688073883,0.7592521240596821,12.12171459197998,1.9377790689468384,3015,3015,23.48920481608627,5.629161027017455,23.96488544883562,0.13487838070639863,0.032323449431532834,0.626953125,,
4.096130000000819,1399,,,,0.037109375,-0.189453125,-0.796875,0.01787092393206979,0.7594188338871123,12.121000289916992,1.92138671875,3016,3015,23.28912897501141,5.64215765808772,24.226572252408406,0.1345972374236171,0.03260829697417828,0.626953125,,
4.118525000000372,1399,,,,-0.32421875,0.197265625,-0.75390625,0.018063118797046536,0.7594188338871123,12.122499465942383,1.944580078125,3016,3016,23.57317095855251,5.704269972640251,24.19814450363837,0.13313164305503783,0.03221538736652609,0.625,,
4.142939999999478,1399,,,,0.037109375,-0.169921875,-0.828125,0.01806108161537406,0.7583630049800543,12.119428634643555,1.8498884439468384,3018,3017,22.41959097846552,5.705396618050087,25.4482636348283,0.13292029559887764,0.03382590724819545,0.62109375,,
4.167775000000373,1399,,,,-0.0625,0.080078125,-0.7109375,0.017917688283450642,0.7633309578374746,12.121001243591309,1.9195556640625,3016,3017,23.266936591244303,5.660064499289138,24.326642560323585,0.13486258998167658,0.03280754021243723,0.623046875,,
4.194935000000521,1399,,,,-0.26171875,-0.0234375,-0.81640625,0.017590126406275206,0.7654092736861048,12.119001388549805,1.9122314453125,3014,3015,23.174335540970787,5.554337047438505,23.967621585606118,0.13780389399290932,0.03302831584245031,0.619140625,,
4.221485000001267,1399,,,,0.072265625,-0.14453125,-0.83984375,0.017573453767163166,0.7598411654499354,12.121000289916992,1.944580078125,3014,3014,23.570255690719932,5.546703171879788,23.53263895250671,0.13698969313918127,0.03223728988859038,0.623046875,,
4.2429350000005215,1399,,,,-0.048828125,-0.162109375,-0.796875,0.017968746240788702,0.7582963210490821,12.119999885559082,1.8975830078125,3015,3015,22.99870583752636,5.67283530074452,24.66588920620181,0.1336714853945365,0.032971260487700604,0.625,,
4.267550000000745,1399,,,,-0.3359375,0.298828125,-0.87109375,0.01817777918990803,0.7591743261402146,12.122285842895508,1.9231306314468384,3015,3015,23.312739227626707,5.7398600701726314,24.62113102252104,0.13226355988803432,0.03256478437508351,0.625,,
4.298759999999777,1399,,,,0.1484375,-0.203125,-0.87890625,0.017958216586839243,0.7612526419888446,12.123000144958496,1.883544921875,3016,3015,22.834215360926464,5.669305954662418,24.828118089678885,0.13427616150488278,0.03333824394472024,0.625,,
4.324510000001639,1399,,,,0.072265625,-0.212890625,-1.015625,0.01789704174972419,0.7673986776267719,12.122800827026367,1.91943359375,3013,3014,23.268911157734692,5.6482911701803,24.27398141619868,0.135863866522709,0.03297956971105136,0.625,,
4.3489900000002235,1399,,,,-0.25,0.181640625,-0.861328125,0.01796466335367107,0.7625974345967818,12.1225004196167,1.961669921875,3012,3013,23.780344451079145,5.668667384332974,23.837616801533464,0.13452852017820688,0.03206839312885458,0.626953125,,
4.373490000000223,1399,,,,0.07421875,-0.107421875,-0.90625,0.01802813569686052,0.7597855955074587,12.121500968933105,1.907958984375,3014,3013,23.127326677786186,5.687960693530475,24.594112293115856,0.1335778561851955,0.03285228794892379,0.625,,
4.398419999999925,1399,,,,-0.25,0.017578125,-0.94140625,0.017980717390460314,0.7593743779331309,12.119501113891602,1.94091796875,3012,3012,23.52295748423785,5.672283943868959,24.11382134950427,0.13387453545126585,0.032282266311197,0.62109375,,
4.422655000001192,1399,,,,0.111328125,0.1015625,-1.017578125,0.017809211097304108,0.7592076681057006,12.121142387390137,1.9796316623687744,3013,3012,23.99539725415775,5.618116430364798,23.4133086894043,0.13513562374790503,0.03163972073744895,0.62109375,,
4.446285000000149,1399,,,,0.09375,0.06640625,-1.0625,0.01842649365450627,0.7611192741269005,12.119501113891602,1.9158935546875,3016,3014,23.219674070132896,5.8168235856424975,25.051271469501746,0.13084792119285685,0.03277906795022228,0.6171875,,
4.472105000000447,1399,,,,0.037109375,0.169921875,-0.853515625,0.018536203691711637,0.7660205430533488,12.120000839233398,1.9412667751312256,3016,3017,23.528154943766367,5.855453142750089,24.887005193330953,0.13082173563318406,0.0325576121410362,0.615234375,,
4.496470000000671,1399,,,,0.041015625,-0.15234375,-0.814453125,0.018040715807210412,0.7671763978568651,12.121500968933105,1.895751953125,3017,3017,22.979359136661515,5.700414700814325,24.80667396733368,0.13458255901053498,0.03338545663063787,0.61328125,,
4.645390000000596,1399,,,,-0.0625,-0.16796875,-0.8046875,0.018029523953936862,0.7613526678853028,12.120499610900879,1.8841552734375,3017,3017,22.836903258576058,5.696726328715155,24.945266283316386,0.13364740097265984,0.03333870005336157,0.611328125,,
4.671179999999702,1399,,,,-0.0703125,0.025390625,-0.90234375,0.017751866390373034,0.75692325723291,12.1215181350708,1.9303710460662842,3014,3014,23.399027642308056,5.603036659816935,23.945596139584957,0.13509161249315127,0.0323484919460631,0.62109375,,
4.7005800000019375,1399,,,,-0.140625,0.21875,-1.005859375,0.017858649699398824,0.7581184972331566,12.120889663696289,1.8967013359069824,3012,3012,22.989707617513886,5.633788578752612,24.505699126250356,0.1345663733446336,0.03297643057694266,0.626953125,,
4.722015000000596,1399,,,,-0.103515625,0.3984375,-1.203125,0.01784394800805345,0.7588186785083635,12.120889663696289,1.8739149570465088,3012,3012,22.713516433510904,5.628496364479091,24.780382997742088,0.13481729921639402,0.033408243093034376,0.625,,
4.7485300000011925,1399,,,,-0.375,0.369140625,-1.111328125,0.017766353450327437,0.7605524607136377,12.120000839233398,1.9594029188156128,3014,3013,23.747965020441598,5.605234916220589,23.603011506020646,0.13568609917003288,0.03202600559917345,0.630859375,,
4.774080000000074,1399,,,,-0.111328125,0.375,-1.103515625,0.018024890205782535,0.759218782094196,12.120888710021973,1.9590928554534912,3015,3014,23.74594647355093,5.689805019122234,23.961163331433173,0.13343493837532602,0.03197256352530907,0.626953125,,
4.798950000001118,1399,,,,-0.20703125,0.4296875,-1.12890625,0.017939025801700748,0.7623084708959027,12.121716499328613,1.9377790689468384,3015,3015,23.48920851210653,5.6632717824868966,24.110100515170615,0.13460566615454791,0.0324535614089765,0.630859375,,
4.822915000000968,1399,,,,-0.1875,0.3359375,-1.052734375,0.018055069700683313,0.7623084708959027,12.122000694274902,1.8841552734375,3019,3016,22.839731532731093,5.70303318508313,24.96979080910055,0.13366719886705183,0.03337641993748727,0.630859375,,
4.846460000000894,1399,,,,-0.109375,0.18359375,-0.845703125,0.018182570947498564,0.7630308801481003,12.121500015258789,1.898193359375,3017,3018,23.008950834628195,5.746254115926914,24.973994499909445,0.1327875281451972,0.033162349975547255,0.626953125,,
4.871245000001043,1399,,,,-0.07421875,0.20703125,-0.947265625,0.01766442086663111,0.7632309319410165,12.122285842895508,1.9161550998687744,3016,3016,23.228179839931272,5.579900546081088,24.02211703427899,0.1367821748143977,0.032857974115946695,0.626953125,,
4.896450000001118,1399,,,,-0.2734375,0.060546875,-0.982421875,0.017887085144820538,0.7600523312313471,12.115500450134277,2.030029296875,3014,3015,24.594820860074833,5.647726594369086,22.963072699330496,0.13457668648286497,0.030902942353410356,0.626953125,,
4.92111999999918,1399,,,,0.3359375,-0.2265625,-0.9609375,0.01837182986185316,0.758196295152624,12.122499465942383,1.922607421875,3022,3018,23.30680744489655,5.805414391488432,24.908664154084445,0.13060158052872992,0.03253110907382748,0.626953125,,
4.945125,1399,,,,-0.173828125,0.205078125,-1.01953125,0.01867142104881936,0.764842460272842,12.118999481201172,1.943359375,3019,3020,23.551571257412434,5.9044570883029825,25.07033192719429,0.12953645844730283,0.032475220099470924,0.623046875,,
4.97084500000067,1399,,,,0.048828125,-0.109375,-0.990234375,0.01735566131413395,0.7647757763418699,12.122285842895508,1.9447544813156128,3019,3019,23.57486971675985,5.487311590361232,23.276105684945488,0.1393716693043714,0.03244029704215822,0.634765625,,
5.124800000000745,1399,,,,-0.5,0.22265625,-0.79296875,0.017742275609025075,0.7614304658047701,12.120999336242676,1.898193359375,3018,3019,23.00800044904463,5.608934203148743,24.378190601876682,0.1357531463601977,0.03309416076773361,0.646484375,,
5.146205000000075,1399,,,,-0.263671875,0.021484375,-0.74609375,0.017822070043314733,0.7590786069142984,12.121919631958008,1.9205416440963745,3014,3015,23.28065145956475,5.626454966231274,24.167944681460668,0.1349124113620599,0.03260555694640729,0.673828125,,
5.169525000000372,1399,,,,-0.03125,0.068359375,-0.794921875,0.01812826417516051,0.7669763460639488,12.12066650390625,1.9873046875,3011,3013,24.087457358837128,5.718993382024291,23.742619641529433,0.13411037482132396,0.031841316193656405,0.681640625,,
5.201705000000074,1399,,,,-0.0859375,-0.2265625,-0.771484375,0.017995530589520522,0.7601523571278053,12.116999626159668,2.0013427734375,3014,3012,24.25026963755954,5.6763567668067445,23.40739650174872,0.13391553567825368,0.03134614041364961,0.681640625,,
5.223455000000074,1399,,,,-0.26953125,0.064453125,-0.9140625,0.019190687993683446,0.7578925359545605,12.117819786071777,2.0836293697357178,3035,3023,25.249045203423748,6.075333793001226,24.061637753246274,0.1247491186126516,0.03001668102094375,0.685546875,,
5.246620000001043,1399,,,,0.015625,0.013671875,-0.900390625,0.023549454869166212,0.772866759966483,12.11733341217041,1.8961588144302368,3056,3043,22.97638855687694,7.505145791000695,32.664601629721176,0.10297824739037256,0.033637434275333944,0.689453125,,
5.271169999999925,1399,,,,-0.1484375,0.0703125,-0.8828125,0.020589768195025115,0.7865369658157608,12.122857093811035,1.9245256185531616,3044,3051,23.330749047098266,6.5785544155534135,28.196927592308114,0.11956076002900924,0.033712460934193,0.6875,,
5.297844999998808,1399,,,,0.099609375,0.087890625,-0.837890625,0.016215074889568946,0.7678876931205674,12.116999626159668,2.1990966796875,3038,3041,26.646453645662405,5.163600396241144,19.37818992690493,0.14871168064816812,0.02881763191949434,0.69140625,,
5.3222750000003725,1399,,,,-0.5,0.2109375,-0.943359375,0.017756260604794755,0.766920776121472,12.12266731262207,1.875,3050,3042,22.730001211166382,5.656203751387801,24.88430906290108,0.13558931216600906,0.03374046349565143,0.693359375,,
5.346214999999851,1399,,,,-0.298828125,0.2109375,-1.12109375,0.019897539200556823,0.7850254633803936,12.120572090148926,1.9398716688156128,3046,3047,23.512354407517137,6.3489697591831815,27.002696748877486,0.12364611789888097,0.03338778625799435,0.703125,,
5.371970000000671,1399,,,,0.310546875,-0.328125,-1.1171875,0.016645572081470387,0.781302277234452,12.123000144958496,1.89208984375,3036,3041,22.93780545005575,5.300823282484125,23.10954853124906,0.14739262857831212,0.034061771032788714,0.712890625,,
5.396695000000298,1399,,,,-0.037109375,0.16796875,-1.22265625,0.016927995691572717,0.7636310355268491,12.115500450134277,2.0745849609375,3031,3035,25.134635028080083,5.3796133631420595,21.403188696123998,0.14194905543933675,0.030381624188046914,0.720703125,,
5.4224600000008945,1399,,,,-0.015625,0.015625,-0.978515625,0.017731670917929165,0.7649758281347862,12.121499061584473,1.904296875,3038,3034,23.082932783290744,5.632955463251517,24.403118599076357,0.13580363507671306,0.03314032212962715,0.728515625,,
5.448520000001416,1399,,,,0.13671875,-0.19921875,-0.994140625,0.019164338247318218,0.7727222781160435,12.120000839233398,1.8386502265930176,3036,3036,22.28444228936405,6.093311921570455,27.343344932974517,0.12681482386952653,0.03467541471678874,0.73046875,,
5.471625,1399,,,,-0.125,0.099609375,-1.1796875,0.017528620958567043,0.7700326929001694,12.1225004196167,1.875,3030,3034,22.72968828678131,5.568301379200812,24.497922316159155,0.13828861630522737,0.033877837794546,0.740234375,,
5.496235000001267,1399,,,,-0.40625,0.560546875,-1.13671875,0.0171484848706529,0.7628086003781934,12.123428344726562,1.9587053060531616,3025,3028,23.746223426371216,5.436854257684014,22.895658648802865,0.1403033011782688,0.032123364910778246,0.74609375,,
5.5214249999988825,1399,,,,0.201171875,0.189453125,-1.02734375,0.017243955875715682,0.7639199992277281,12.123001098632812,1.88720703125,3022,3023,22.87861291319132,5.459574344524248,23.863222675428784,0.13992299601046954,0.03339013611210967,0.744140625,,
5.543349999999627,1399,,,,-0.1875,0.205078125,-0.966796875,0.017630742183134342,0.7625974345967818,12.118666648864746,1.8831380605697632,3021,3021,22.82112240983463,5.578401743870203,24.44402884174629,0.13670536286397045,0.033416298326682865,0.73828125,,
5.567570000000298,1399,,,,0.037109375,-0.060546875,-0.939453125,0.017775430709304426,0.7631197920560631,12.1182861328125,1.8875558376312256,3019,3020,22.873941732075764,5.621624289565244,24.576543716914916,0.1357472062785398,0.033361971495536,0.736328125,,
5.59322000000067,1399,,,,0.0234375,-0.1640625,-0.76171875,0.017589436539623377,0.7675431594772114,12.120500564575195,1.888427734375,3017,3018,22.888689420651644,5.5597945373162405,24.290576166846133,0.1380524323921709,0.03353373124040404,0.73828125,,
5.620544999999925,1399,,,,-0.26171875,0.107421875,-0.87890625,0.017403479678914584,0.7602412690357679,12.120000839233398,1.8646240234375,3013,3016,22.599244728917256,5.496955573369487,24.323625144586188,0.1383022400106029,0.03364011842674494,0.740234375,,
5.646179999999702,1399,,,,0.21875,-0.17578125,-0.97265625,0.01758951143703585,0.7606080306561145,12.121000289916992,1.9171142578125,3015,3015,23.237342474749312,5.553324351638781,23.89827648180191,0.13696445273031094,0.0327321435952766,0.7421875,,
5.672849999999627,1399,,,,-0.26171875,0.03125,-0.77734375,0.017827533876801624,0.7615749476552098,12.123499870300293,1.884765625,3016,3016,22.84995581023395,5.63005494549856,24.639237783457734,0.1352695408886049,0.033329383828134954,0.74609375,,
5.696894999999553,1399,,,,-0.19921875,0.041015625,-0.806640625,0.017875771193743263,0.7673542216727907,12.123001098632812,1.9293212890625,3016,3015,23.38916410692036,5.643683973415058,24.129481274387274,0.1359669012806994,0.032808107983891,0.744140625,,
5.718759999999777,1399,,,,-0.048828125,0.17578125,-0.904296875,0.017710967093271534,0.7701104908196368,12.118499755859375,1.9342041015625,3012,3014,23.439651932567358,5.5893563950526834,23.84573120425376,0.13778160424718774,0.03285503099769307,0.740234375,,
5.74275,1399,,,,0.0625,-0.22265625,-0.927734375,0.01785773458157366,0.7639866831587002,12.125144004821777,1.9384765625,3014,3013,23.504307470284402,5.6347540126376705,23.973282428173963,0.1355847445061887,0.032504113729986704,0.740234375,,
5.767575000001117,1399,,,,-0.25,0.2578125,-0.625,0.01790260721435366,0.75710712428008,12.120500564575195,1.885986328125,3013,3013,22.859098354820162,5.6482162782984435,24.708832302247995,0.1340435788886191,0.033120603119520385,0.744140625,,
5.803029999999329,1399,,,,-0.2734375,0.23046875,-0.953125,0.017978068173962032,0.7575405698313984,12.119500160217285,1.9683837890625,3012,3012,23.855827646912076,5.671494279915257,23.774041143566787,0.13356983758479918,0.03175494814280549,0.73828125,,
5.828234999999404,1399,,,,0.046875,0.0234375,-0.89453125,0.01825639935136932,0.762893830777467,12.12399959564209,2.0001776218414307,3016,3014,24.250152678417862,5.76250789893556,23.762769560061674,0.13238920347829586,0.03145934134494859,0.73046875,,
5.849920000001788,1399,,,,0.140625,-0.15234375,-1.021484375,0.01855275951321765,0.7676765273391557,12.119999885559082,1.9195556640625,3019,3018,23.265014428761788,5.863444859235255,25.202842135298514,0.13092585430048378,0.03299703637364187,0.7265625,,
5.8736200000010435,1399,,,,-0.1875,-0.017578125,-0.845703125,0.018506947728368195,0.7708217860833391,12.122000694274902,1.7887369394302368,3020,3020,21.683070421648495,5.852591503117453,26.99152559719676,0.13170606314702668,0.035549475747389835,0.7265625,,
5.896685000000522,1399,,,,-0.21875,0.126953125,-0.90625,0.018102026863121057,0.7746338841372433,12.118500709533691,1.8798828125,3020,3020,22.78136119712144,5.725082929841013,25.130556863144815,0.13530526869743617,0.03400296748884008,0.734375,,
5.921609999999404,1399,,,,-0.3984375,0.087890625,-0.75,0.017645880962364444,0.7691991437630183,12.12171459197998,1.8882533311843872,3017,3018,22.888867957972593,5.577546974834878,24.3679459599142,0.13790993553860484,0.03360581856539973,0.736328125,,
5.946560000000521,1399,,,,-0.037109375,0.087890625,-0.982421875,0.01770035485654078,0.764553496571963,12.121500015258789,1.91650390625,3014,3016,23.230902128852904,5.590184528012601,24.0635705708112,0.13676713044815605,0.03291105495306545,0.740234375,,
5.973814999999479,1399,,,,-0.19921875,0.251953125,-0.875,0.01787239547059732,0.7588075645198681,12.119999885559082,1.90673828125,3014,3014,23.10966775054112,5.641142267789143,24.41031315847046,0.13451310541353487,0.03283507027062734,0.7421875,,
5.996455000000075,1399,,,,-0.228515625,0.037109375,-0.87890625,0.01806930523947643,0.754295285190757,12.117501258850098,2.05078125,3019,3016,24.850344378501177,5.706694092218192,22.964245506212116,0.13217727689650216,0.03035351436993854,0.7421875,,
6.020320000000298,1399,,,,0,0.208984375,-1.193359375,0.018978451113864696,0.7658427192374233,12.125143051147461,1.9838169813156128,3028,3022,24.054064685747335,6.0057009027642705,24.967509571564452,0.1275192906934352,0.031838391109474534,0.744140625,,
6.047259999999777,1399,,,,0.224609375,-0.404296875,-0.96484375,0.019435976630024415,0.7768677958248082,12.119501113891602,2.0989990234375,3029,3028,25.438821002608165,6.163134026697659,24.22727856006287,0.1260507709972796,0.03053867141661787,0.748046875,,
6.072845000000671,1399,,,,-0.32421875,0.08203125,-0.984375,0.0177396276501326,0.7758786508487223,12.124000549316406,2.08740234375,3043,3033,25.307667162269354,5.6348539994183495,22.265402667454193,0.13769276913453504,0.030657849491772308,0.75,,
6.097035000002012,1399,,,,0.236328125,-0.18359375,-0.982421875,0.01988881661611072,0.7799908265920009,12.119555473327637,1.8359375,3051,3048,22.250746376812458,6.347509235689225,28.527174451567948,0.12288140081883757,0.035054591580120247,0.75,,
6.121644999999553,1399,,,,-0.197265625,0.2890625,-1.125,0.0160365451692851,0.7813245052114427,12.121713638305664,1.8966238498687744,3039,3047,22.990331187690117,5.116300705247603,22.25414094072321,0.15271278023398166,0.03398491734776718,0.75,,
6.145629999998957,1399,,,,0.203125,-0.357421875,-0.841796875,0.016267667125990874,0.7775568631115197,12.119999885559082,1.9012451171875,3030,3035,23.043090602732264,5.170639443894185,22.439001490889822,0.15037924642564424,0.03374360134743919,0.75390625,,
6.167985000001266,1399,,,,-0.0625,0.0546875,-0.859375,0.017349984341789644,0.7707439881638716,12.122286796569824,1.9321986436843872,3028,3029,23.42266610668537,5.503220742872792,23.495278965284168,0.14005325684274253,0.0329059033951683,0.75,,
6.193330000000074,1399,,,,-0.5625,0.314453125,-0.92578125,0.017678458542110677,0.7724666563806505,12.121500968933105,1.8896484375,3024,3025,22.90537536609918,5.600848181443006,24.452112623888596,0.13791958491930267,0.03372425223486756,0.751953125,,
6.217735000001267,1399,,,,-0.3984375,0.091796875,-0.7890625,0.017469705060948342,0.7726778221620622,12.120499610900879,1.92138671875,3019,3022,23.28816697699949,5.528357128563696,23.73891055497741,0.13976626404430734,0.03317898840751167,0.755859375,,
6.24300500000082,1399,,,,-0.55078125,0.669921875,-1.02734375,0.017383295385188995,0.7725555682886134,12.124000549316406,1.9273158311843872,3017,3019,23.366778195985717,5.494818505218953,23.515516170573026,0.14059710389976368,0.03306213470290629,0.765625,,
6.268304999999702,1399,,,,-0.125,0.271484375,-0.92578125,0.017657369191406376,0.7613526678853028,12.122499465942383,1.9036865234375,3016,3016,23.077438863692805,5.576887711594181,24.165973289038448,0.13651927513305917,0.032991211563043986,0.767578125,,
6.295900000000373,1399,,,,-0.44921875,0.13671875,-0.998046875,0.017677708170646157,0.7579295594287356,12.121500015258789,1.9036865234375,3014,3015,23.075536222895607,5.580552862005409,24.18384911232689,0.1358162135850405,0.032845588163481806,0.767578125,,
6.454605000000447,1399,,,,-0.298828125,0.26953125,-0.84375,0.017722893528070025,0.7562735751429289,12.122222900390625,1.9607205390930176,3013,3014,23.76829142025963,5.593527261832148,23.533569001364288,0.135205129025368,0.03181859233256859,0.765625,,
6.477820000000298,1399,,,,-0.353515625,0.064453125,-0.759765625,0.017983647943857546,0.7555049733760474,12.120527267456055,1.9158129692077637,3013,3013,23.220663332628646,5.674349643003976,24.43663887512908,0.1331438880061833,0.032535891096377306,0.759765625,,
6.500240000000224,1399,,,,-0.25,0.080078125,-0.935546875,0.01790963108251667,0.7622195589879399,12.120000839233398,1.8952287435531616,3014,3014,22.970173962403578,5.653289811768761,24.61143664397919,0.13482761088971346,0.033183012032712615,0.759765625,,
6.538759999999776,1399,,,,-0.4375,0.064453125,-0.69140625,0.017958379796126123,0.7599300773578983,12.121716499328613,1.8798828125,3013,3014,22.787406505085528,5.667636147560918,24.871791119783886,0.13408236830533593,0.033348686573362464,0.76171875,,
6.694710000000894,1399,,,,-0.171875,0.06640625,-0.93359375,0.017992228845036148,0.7546898317823417,12.121232032775879,1.9091796875,3013,3014,23.141609984450042,5.67799322218621,24.53586084114945,0.13291488775179655,0.032611811895950804,0.751953125,,
6.719470000000671,1399,,,,-0.25,0.078125,-0.802734375,0.017966745661558557,0.7581407252101473,12.120229721069336,1.9045785665512085,3016,3015,23.08392974842559,5.673569334474571,24.57800468250658,0.1336267665935484,0.03284279295044447,0.73828125,,
6.752865000000224,1399,,,,-0.44921875,0.21484375,-0.7578125,0.017651473535385733,0.7599634193233843,12.121499061584473,1.9256591796875,3014,3015,23.341875939513557,5.573291141641127,23.876791891463004,0.1363581051141002,0.032557940985236074,0.734375,,
6.773839999999851,1399,,,,-0.4453125,0.0625,-0.705078125,0.017832547112748075,0.7623454943700778,12.118908882141113,1.9513493776321411,3013,3013,23.64822530474669,5.627213990863972,23.795502277012194,0.135474765240451,0.03223690084756844,0.73828125,,
6.796259999999776,1399,,,,-0.234375,0.27734375,-0.984375,0.018155408478620932,0.7658427192374233,12.12399959564209,2.021484375,3016,3014,24.508475745096803,5.730356929399822,23.381123285670856,0.13364659979699295,0.031248076265642053,0.7421875,,
6.8213400000017135,1399,,,,-0.421875,0.001953125,-0.599609375,0.01834547058388392,0.7709329259682925,12.122857093811035,1.9705636501312256,3016,3015,23.888861524799495,5.7931188147038455,24.250292583804782,0.13307735446605093,0.032271647820804356,0.7421875,,
6.847449999999255,1399,,,,-0.09375,0.19140625,-1.15625,0.01824930789562759,0.7593521499561402,12.121001243591309,1.9482421875,3016,3016,23.61464597750455,5.764154581617831,24.409235637531037,0.1317369510487715,0.03215598280319355,0.748046875,,
6.8718900000005965,1399,,,,-0.6875,0.23046875,-0.68359375,0.017843345195670227,0.7564291709818637,12.118499755859375,1.9287109375,3016,3016,23.373083025217056,5.6355909093624,24.1114571975045,0.1342235771097595,0.03236326034377911,0.75390625,,
6.8963300000000745,1399,,,,-0.423828125,0.26171875,-0.845703125,0.017788278969159046,0.7659872010878628,12.12299919128418,1.9024658203125,3014,3015,23.06359160109423,5.615869903673512,24.349502890985427,0.13639689206240466,0.033211965175949494,0.76171875,,
6.921285000000149,1399,,,,-0.111328125,-0.01171875,-0.923828125,0.017875162622573444,0.7645312685949722,12.12171459197998,1.9182478189468384,3013,3013,23.252452577961662,5.640248517482418,24.256574649799152,0.13554921671008716,0.03287959693850032,0.76171875,,
6.946220000000671,1399,,,,-0.2109375,0.26953125,-1.00390625,0.01783883945170023,0.7612081860348633,12.123499870300293,1.8878173828125,3012,3013,22.886953795677982,5.628674301642182,24.59337468800724,0.13523756132288178,0.03325948017505988,0.76171875,,
6.97125500000082,1399,,,,-0.298828125,0.0546875,-0.88671875,0.01798515813629687,0.7608525384030121,12.12350082397461,1.9683837890625,3012,3013,23.863702488597482,5.675353962320247,23.78236975185236,0.13406257009773428,0.031883256119479425,0.759765625,,
6.993500000001863,1399,,,,-0.07421875,-0.12890625,-0.890625,0.01794645699441107,0.7581296112216519,12.120500564575195,1.937255859375,3015,3014,23.480510737281293,5.663522569306125,24.120099569699054,0.13386185045511972,0.032287611615616524,0.763671875,,
7.019254999998957,1399,,,,-0.453125,0.1796875,-0.82421875,0.018124363361416852,0.7618861393330795,12.124000549316406,1.9112722873687744,3015,3015,23.172266261952245,5.722256720372595,24.694419853824428,0.13314434786202156,0.03287922427268412,0.76171875,,
7.043460000000894,1399,,,,-0.203125,0.056640625,-0.66015625,0.017802312033417325,0.7610637041844237,12.122222900390625,1.9216580390930176,3013,3014,23.29476708821312,5.6196469812322345,24.12407456125934,0.13542909487484273,0.03267101582524571,0.759765625,,
7.067605000000447,1399,,,,-0.01171875,-0.10546875,-0.85546875,0.01777012822402249,0.7540174354783733,12.122285842895508,1.8994140625,3014,3013,23.025240199640393,5.6075200698291265,24.353796187180293,0.1344654011200623,0.03274742973105442,0.751953125,,
7.092675000000745,1399,,,,-0.0625,-0.09765625,-0.703125,0.017836843792852802,0.7581851811641287,12.120999336242676,1.951904296875,3013,3013,23.6590306868311,5.627940182733217,23.787703973289975,0.1347180596357929,0.03204633322472267,0.748046875,,
7.117420000001788,1399,,,,-0.4375,-0.111328125,-0.607421875,0.017947173969454725,0.7640089111356909,12.12299919128418,1.9354248046875,3015,3014,23.463153342017904,5.663703214716752,24.138712866757643,0.13489564727729114,0.032562072966019484,0.744140625,,
7.143585000000894,1399,,,,0.029296875,-0.119140625,-0.9375,0.018163096781851684,0.7668874341559859,12.120999336242676,1.922607421875,3013,3015,23.303923284402117,5.734035250926668,24.605450253797382,0.13374306236294073,0.0329080826776186,0.7421875,,
7.170060000000522,1399,,,,-0.287109375,-0.107421875,-0.658203125,0.017680802859067882,0.7656537814330023,12.121000289916992,1.888427734375,3014,3014,22.889633115846664,5.579822800110491,24.377073987470503,0.1372182968638074,0.033449805750837246,0.744140625,,
7.193654999999329,1399,,,,-0.298828125,0.00390625,-0.767578125,0.017999946632136356,0.7616638595631725,12.122222900390625,1.9558377265930176,3015,3014,23.709100878753816,5.680435023535108,23.9588799785548,0.1340854804970845,0.03212537934096498,0.740234375,,
7.217855000000447,1399,,,,0.390625,0.19921875,-1.166015625,0.018242312253728233,0.7513945341934712,12.123001098632812,1.9537353515625,3015,3016,23.68513581342995,5.761284205945409,24.324471902241086,0.13042136220568026,0.03172430760424077,0.740234375,,
7.242685000000521,1399,,,,0.01953125,0.076171875,-0.810546875,0.01789979912032183,0.7624196107808562,12.119429588317871,1.9280134439468384,3014,3015,23.366423179243952,5.651309861980108,24.185600930997786,0.13491024725261114,0.03262885401553894,0.73828125,,
7.267405000001192,1399,,,,-0.287109375,0.30078125,-0.96875,0.017762799596052384,0.7632531599180072,12.122000694274902,1.8988037109375,3014,3014,23.017299902276136,5.607282726235242,24.361166383728396,0.13611818721872426,0.03315997806686833,0.734375,,
7.298880000000819,1399,,,,0.3125,-0.373046875,-0.927734375,0.0181621077447519,0.7682322267639231,12.120499610900879,1.917724609375,3016,3015,23.243780381744727,5.734252446844528,24.670050881000893,0.13397251583973593,0.03305108782421984,0.73046875,,
7.326785000000149,1399,,,,-0.05078125,0.087890625,-0.943359375,0.018266815165793177,0.7630642221135864,12.121600151062012,1.87109375,3017,3016,22.680650282651186,5.7694588963177305,25.437801934324995,0.132259235367913,0.033643842332742424,0.728515625,,
7.34924499999918,1399,,,,-0.33203125,-0.029296875,-0.771484375,0.01812575203769513,0.7578073055552869,12.119112014770508,1.9368489980697632,3015,3016,23.472889963303487,5.725329648121911,24.39124307689699,0.1323604669302966,0.03228436322668451,0.724609375,,
7.371615000000223,1399,,,,-0.25,0.099609375,-0.67578125,0.017960112357725478,0.7612415280003493,12.118857383728027,1.9398716688156128,3014,3015,23.5090280971109,5.670781825114286,24.12171954403843,0.1342392550933676,0.03238081663162846,0.72265625,,
7.396825000001118,1399,,,,-0.19921875,0.03515625,-0.888671875,0.017921425468705482,0.7648535742613374,12.1182861328125,1.8470982313156128,3014,3014,22.383664882494486,5.656136125208266,25.269035052574168,0.13522545379566417,0.034170167319628866,0.72265625,,
7.421834999999032,1399,,,,-0.1484375,0.00390625,-0.65625,0.017858415623151408,0.7618305693906027,12.122000694274902,1.9451904296875,3013,3013,23.57959973916877,5.634778465020086,23.89683678837003,0.13520151220140061,0.0323088847061769,0.71875,,
7.443455000001937,1399,,,,-0.125,0.076171875,-0.89453125,0.017755011243293033,0.7586519686809332,12.122000694274902,1.9183349609375,3014,3013,23.254057728336193,5.601960954425867,24.09025134396053,0.1354261436045096,0.032624498379759295,0.712890625,,
7.467990000000223,1399,,,,-0.224609375,-0.103515625,-0.70703125,0.017932147256875374,0.749660751988197,12.122000694274902,1.8294271230697632,3015,3014,22.176316855977007,5.660464400502387,25.524817476517825,0.1324380296290993,0.0338045653323242,0.71484375,,
7.496105000000447,1399,,,,-0.287109375,-0.001953125,-0.80078125,0.017929509079361396,0.7627752584127073,12.120500564575195,1.89208984375,3013,3015,22.933076019398868,5.660551317261192,24.682913502196506,0.1347528209993809,0.03326092224904688,0.708984375,,
7.519544999999925,1399,,,,0.09375,-0.166015625,-0.94140625,0.017666389997856052,0.7606191446446098,12.120000839233398,1.8891059160232544,3014,3014,22.89596528760262,5.576425962131568,24.355496228634703,0.1363990394223518,0.03322066290240486,0.712890625,,
7.543325000001118,1399,,,,-0.03125,-0.12109375,-0.755859375,0.017769918762788727,0.7568626165331822,12.121499061584473,1.9244384765625,3013,3013,23.327079187729396,5.607442172627412,24.03833813697971,0.1349746628200266,0.03244566584792622,0.712890625,,
7.569540000000969,1399,,,,-0.037109375,0.216796875,-0.966796875,0.017900507571592793,0.7468155709333879,12.125144004821777,1.9112722873687744,3013,3013,23.1744517167715,5.647849818084217,24.371018081074304,0.13223006896219347,0.03222581401539319,0.71484375,,
7.5937050000000745,1399,,,,0.173828125,-0.15234375,-1.02734375,0.017906372978700447,0.7559957254305452,12.120445251464844,1.953125,3012,3012,23.672744631767273,5.648682103381719,23.861542847049336,0.1338357711753597,0.031935279883687356,0.71484375,,
7.619220000000671,1399,,,,-0.38671875,0.275390625,-0.95703125,0.01789152966347452,0.7649313721808048,12.119428634643555,1.9008091688156128,3013,3012,23.036721069536952,5.643472389193326,24.49772418634733,0.13554268000771483,0.03320487190307332,0.7265625,,
7.647044999999926,1399,,,,-0.287109375,0.205078125,-0.947265625,0.017783338394881415,0.7628086003781934,12.122501373291016,1.9476318359375,3012,3012,23.610169605817646,5.6087898568646315,23.755821963610977,0.13600234985530565,0.032308476097953745,0.73046875,,
7.6702400000002235,1399,,,,-0.15625,0.232421875,-1.130859375,0.017913453233890465,0.7498385758041226,12.118666648864746,1.9590928554534912,3012,3012,23.741593249413427,5.649940182658755,23.79764543728903,0.13271619726268724,0.0315833300624274,0.734375,,
7.693910000000149,1399,,,,-0.111328125,0.53515625,-1.14453125,0.017856432680096027,0.751739067836827,12.123429298400879,1.9398716688156128,3014,3013,23.517897024857007,5.633640280915119,23.95469405687379,0.13343753423225588,0.03196455308237313,0.73828125,,
7.718795000001788,1399,,,,-0.203125,0.3125,-1.06640625,0.018208364582322865,0.7543397411447383,12.121001243591309,1.8804931640625,3017,3015,22.793459980166517,5.749753839638009,25.225454339275803,0.131195136728189,0.03309456931071978,0.740234375,,
7.7438500000014905,1399,,,,0,0.224609375,-0.94921875,0.018048894995907616,0.7576183677508659,12.120999336242676,1.8798828125,3016,3017,22.786058322526515,5.701685845720658,25.022694864622185,0.13287620332843988,0.03324920690657046,0.744140625,,
7.7695,1399,,,,0.048828125,0.2421875,-1.046875,0.0177507444662597,0.7688990660736439,12.124000549316406,1.9175502061843872,3014,3015,23.2483797531213,5.605317503222975,24.11057270548246,0.13717315132131913,0.03307323238172813,0.7421875,,
7.793540000000968,1399,,,,0.0625,0.185546875,-0.96875,0.017769069180199486,0.7724555423921553,12.121333122253418,1.9227430820465088,3015,3014,23.306209405993968,5.608979437501495,24.066459456332524,0.13771766343580027,0.033143765634985355,0.744140625,,
7.821015000000596,1399,,,,-0.361328125,0.390625,-1.05078125,0.017928539884486557,0.7598967353924122,12.120572090148926,1.9440568685531616,3015,3015,23.56308142264777,5.659807215404468,24.01980926808884,0.13426194682465126,0.03224946354690409,0.755859375,,
7.984065000001341,1399,,,,0.103515625,0.224609375,-1.0625,0.018037064963580884,0.7599634193233843,12.12266731262207,1.9487847089767456,3015,3015,23.624468690850108,5.695010753852251,24.106407760433406,0.13344371980497588,0.03216848722687772,0.759765625,,
8.006584999999031,1399,,,,-0.115234375,0.310546875,-1.146484375,0.01790600197188748,0.7616672632221493,12.121038436889648,1.9146955013275146,3013,3013,23.2080977665305,5.650145930715943,24.34557966600902,0.13480488337150554,0.03281903027488043,0.77734375,,
8.028770000001415,1399,,,,0.09375,-0.017578125,-1.109375,0.01792466282551924,0.7670874859489022,12.121142387390137,1.9252232313156128,3011,3013,23.33590491428788,5.654671232560836,24.23163469910545,0.13565554112710293,0.03287155517501433,0.78125,,
8.075950000001118,1399,,,,0.099609375,0.1875,-1.341796875,0.018002207079012997,0.7595522017490565,12.122284889221191,1.9447544813156128,3011,3012,23.57486786209745,5.678903259889246,24.088802079860294,0.13374980466983158,0.032218725729115466,0.779296875,,
8.231214999999851,1399,,,,0.076171875,-0.150390625,-1.23828125,0.01792890626697817,0.764427561189825,12.120750427246094,1.87896728515625,3011,3012,22.77449352433905,5.65555457294101,24.832844545574336,0.13516403233861934,0.033565074032179155,0.779296875,,
8.254560000000522,1399,,,,0.119140625,-0.03515625,-0.97265625,0.017951094118014318,0.7585622232238334,12.121153831481934,1.9357534646987915,3013,3013,23.463565525438185,5.663034137762253,24.135437266014133,0.1339497881825553,0.03232936709475944,0.78125,,
8.279820000000297,1399,,,,0.2734375,-0.162109375,-1.025390625,0.017825626368261193,0.7589965023242891,12.122284889221191,1.9984654188156128,3011,3013,24.225967148139603,5.625007349459965,23.218917598061424,0.1349325352254264,0.031329874166966955,0.767578125,,
8.30188500000164,1399,,,,0.13671875,0.171875,-0.841796875,0.0178466130144913,0.755451139994273,12.121500015258789,1.89453125,3013,3013,22.964560575783253,5.631137904220205,24.520991314584055,0.13415603610561677,0.032896389961448544,0.755859375,,
8.32560000000149,1399,,,,0.0625,-0.14453125,-0.94140625,0.017854771662293663,0.7585297148074844,12.119429588317871,1.9126673936843872,3013,3013,23.18043780362939,5.632772926055374,24.299683093877736,0.13466364164952804,0.032722838163510466,0.74609375,,
8.348429999999702,1399,,,,-0.0625,-0.09765625,-0.740234375,0.017845167885685707,0.7650758540312443,12.121500015258789,1.9500732421875,3012,3013,23.637812834931538,5.6297144444349385,23.81656240257325,0.13589958453177564,0.03236660935484813,0.748046875,,
8.37171499999985,1399,,,,-0.3125,0.150390625,-0.884765625,0.017942888048866342,0.7640533670896722,12.120000839233398,1.9377790689468384,3011,3012,23.485883941884595,5.659464641039469,24.097303107874136,0.1350045305609223,0.03253245093862802,0.75,,
8.394894999999552,1399,,,,-0.09375,-0.291015625,-0.619140625,0.018113123998590618,0.7631086780675678,12.120000839233398,1.9503347873687744,3015,3013,23.638059259695638,5.714420174030859,24.174658804474277,0.1335408763841885,0.03228305123038233,0.7578125,,
8.418860000001267,1399,,,,0.037109375,-0.07421875,-0.955078125,0.018055818535074063,0.7801130804654498,12.119428634643555,1.9670759439468384,3015,3015,23.839836521587813,5.699964263407318,23.909410025718085,0.13686280201327344,0.0327230885060403,0.7578125,,
8.442870000001044,1399,,,,0.287109375,-0.0625,-0.87890625,0.018075208301397937,0.769254713705495,12.120572090148926,1.8743025064468384,3016,3016,22.717618648135726,5.708469815843275,25.127941023482798,0.13475672790114562,0.03386159111217506,0.763671875,,
8.468050000000746,1399,,,,-0.265625,0.052734375,-0.9375,0.018288227162253822,0.7678876931205674,12.119501113891602,1.920166015625,3016,3016,23.271454165223986,5.775636962395391,24.818547742608597,0.13295290166612084,0.03299697937518966,0.765625,,
8.492785000000149,1399,,,,-0.048828125,-0.041015625,-0.912109375,0.017659251268362725,0.7654870716055722,12.121500015258789,1.966552734375,3014,3015,23.837568999733776,5.575223725919586,23.388390510717983,0.13730158810430726,0.03211263160325289,0.765625,,
8.513709999999032,1399,,,,0.111328125,-0.125,-0.759765625,0.01771172766531648,0.7613526678853028,12.122856140136719,1.8973214626312256,3013,3014,23.000955143072133,5.589588879685402,24.301551152622377,0.13620906372064948,0.033100915294581645,0.76953125,,
8.536560000000522,1399,,,,-0.265625,0,-0.88671875,0.017730624450164222,0.7521725133881455,12.121000289916992,1.93603515625,3011,3013,23.46668269019574,5.593983813904806,23.837982929909156,0.13446097421992745,0.03205278408193585,0.76953125,,
8.560485000001266,1399,,,,0.099609375,-0.146484375,-0.951171875,0.01793851437533946,0.7581184972331566,12.120570182800293,1.8805803060531616,3014,3013,22.7937055839094,5.659774466743957,24.83042718047267,0.13394853482020438,0.03325999339784093,0.7734375,,
8.582699999999255,1399,,,,-0.171875,-0.169921875,-0.796875,0.018270797444446294,0.7620417351720143,12.122501373291016,1.927490234375,3016,3014,23.36600301321596,5.767243919336273,24.68220138495353,0.13213273893567423,0.03261326871955801,0.7734375,,
8.603825000001118,1399,,,,-0.037109375,-0.310546875,-0.859375,0.018053468209555782,0.763308729860484,12.121334075927734,1.8953450918197632,3013,3015,22.974111047117276,5.699265588334196,24.807338907023013,0.13393106849115746,0.033224734062398543,0.77734375,,
8.625759999999776,1399,,,,0.265625,-0.326171875,-0.783203125,0.01781179913215324,0.7708217860833391,12.122668266296387,1.8611654043197632,3015,3014,22.562290785275877,5.621710532473525,24.91639960664919,0.13711516835146992,0.03416416326778203,0.779296875,,
8.64744000000134,1399,,,,0.09375,-0.287109375,-0.72265625,0.017967419885864828,0.7674431335807533,12.119000434875488,1.9366455078125,3012,3013,23.47020775137935,5.669093873707005,24.154425618042648,0.1353731567473453,0.032698608453333805,0.783203125,,
8.671884999999776,1399,,,,0.0234375,-0.1328125,-0.8515625,0.018006286053579235,0.7596633416340098,12.122668266296387,1.88232421875,3012,3013,22.818792073521763,5.680812761664485,24.895326375563624,0.1337244111899628,0.03329112860954197,0.783203125,,
8.696519999999554,1399,,,,-0.01171875,-0.203125,-0.615234375,0.017971787830298593,0.7592632380481774,12.121500968933105,1.9482421875,3012,3012,23.615619563497603,5.669499115626132,24.00741212984906,0.13392069079886,0.03215089216722317,0.77734375,,
8.724189999999478,1399,,,,0.375,-0.380859375,-0.88671875,0.018150095233822654,0.7668318642135091,12.121499061584473,1.9000244140625,3014,3013,23.03114415204618,5.727206180023855,24.86722388698621,0.13389283362770696,0.03329543070683185,0.77734375,,
8.7465,1399,,,,0.0859375,-0.392578125,-0.69921875,0.018104994555189758,0.7670208020179301,12.119998931884766,1.8972439765930176,3016,3015,22.99459496983218,5.715364228070347,24.855250703779017,0.13420331083201953,0.033356569360070275,0.783203125,,
8.768190000001342,1399,,,,0.19921875,-0.34765625,-0.71875,0.017800390132277112,0.7613415538968075,12.124667167663574,1.982421875,3013,3014,24.036205420270562,5.61841400186211,23.374796077936278,0.13550826864030954,0.03167478146341443,0.783203125,,
8.792800000000746,1399,,,,0.171875,-0.2421875,-1.060546875,0.01776037087977217,0.7589965023242891,12.119429588317871,1.9245256185531616,3014,3014,23.32415272496894,5.604974156440663,24.030772832491508,0.13541480855038873,0.0325412250242972,0.78125,,
8.81366000000015,1399,,,,0.0625,-0.26953125,-0.626953125,0.017773805603134536,0.7521058294571735,12.120573043823242,1.9342912435531616,3012,3013,23.44471830551379,5.607633506613631,23.918536505916617,0.13412178748310521,0.03207996870153442,0.77734375,,
8.837460000000894,1399,,,,0.265625,-0.150390625,-1.083984375,0.017702262924017127,0.74943847221829,12.122499465942383,1.88720703125,3013,3012,22.877666228450835,5.584370889894517,24.40970523011544,0.13420284701620994,0.03275851936707962,0.775390625,,
8.860564999999479,1399,,,,-0.0625,-0.29296875,-0.78125,0.017699912738232827,0.760018989265861,12.119500160217285,1.898193359375,3012,3012,23.0051547230687,5.583044917778648,24.26866928297675,0.13612983604084156,0.033036899704210324,0.775390625,,
8.883919999999925,1399,,,,-0.224609375,0.015625,-0.951171875,0.01781763204761754,0.7543841970987196,12.122000694274902,1.9222005605697632,3011,3012,23.300916529762276,5.619347533761746,24.116422744934304,0.13424764931627464,0.0323757306342497,0.771484375,,
8.906175000000745,1399,,,,0.037109375,-0.115234375,-1.142578125,0.01775640215531497,0.7502609073669457,12.119429588317871,1.9454519748687744,3013,3011,23.57776822687606,5.599689194042254,23.74986953879386,0.13398259820655403,0.03182069227874294,0.76953125,,
8.927705000000074,1399,,,,0.03125,-0.03125,-1.0703125,0.018133970631374268,0.7544731090066825,12.118856430053711,1.9405691623687744,3010,3012,23.517479071336766,5.719103986602486,24.31852482680834,0.13192155812765485,0.03208137686518614,0.767578125,,
8.950775000000373,1399,,,,0.171875,0.0234375,-1.05859375,0.018085061922359435,0.7655537555365443,12.119999885559082,1.9098771810531616,3011,3012,23.14771121579622,5.703808035076014,24.64091582058307,0.13421800853547516,0.033072546499289444,0.7734375,,
8.974474999999627,1399,,,,-0.173828125,0.203125,-1.18359375,0.017944586655108917,0.7576294817393613,12.120572090148926,1.9217355251312256,3012,3012,23.292533970553222,5.65959294218695,24.297884246264893,0.13386642634524917,0.03252670931798009,0.78125,,
8.997105000000447,1399,,,,0,-0.0859375,-1.130859375,0.017974709108853,0.7603190669552354,12.118000984191895,2.398681640625,3027,3016,29.06722648185678,5.676594171009885,19.529190975799185,0.13393930304867507,0.02615726228403017,0.78125,,
9.022225000001491,1399,,,,0.1875,-0.044921875,-0.94921875,0.021559239882875086,0.7602634970127587,12.12114429473877,1.9217355251312256,3051,3033,23.29363359644117,6.847093511034798,29.394699125347735,0.1110344843089284,0.03263825258799094,0.775390625,,
9.048890000000595,1399,,,,0.111328125,0.21484375,-1.130859375,0.020933820637938614,0.7935610065448205,12.121999740600586,1.8719482421875,3049,3048,22.691756106214598,6.6821986054250635,29.447692695740756,0.11875747091691555,0.03497133508884699,0.765625,,
9.07388000000082,1399,,,,-0.009765625,-0.091796875,-0.8125,0.016132222421700138,0.7746783400912247,12.121500015258789,1.884765625,3035,3043,22.84618655219674,5.140847824885327,22.50199530297986,0.15069077445576884,0.03390843099006108,0.76953125,,
9.09791000000015,1399,,,,-0.3984375,0.103515625,-0.787109375,0.01675609355388887,0.7659094031683954,12.121999740600586,1.89208984375,3027,3031,22.935912595130503,5.318833543749026,23.189980000526603,0.14399950606999773,0.03339345665848956,0.765625,,
9.122550000000745,1399,,,,-0.65625,0.296875,-0.859375,0.017191866402148377,0.7688657241081579,12.116500854492188,2.005615234375,3019,3024,24.301038701087236,5.444437427934621,22.404134633516858,0.14122041703762067,0.03163921236312251,0.7734375,,
9.146759999999777,1399,,,,0.224609375,0.171875,-0.87890625,0.01752000524092102,0.7657538073294605,12.1225004196167,2.047119140625,3029,3023,24.81620264123194,5.546474375734298,22.35021391435155,0.1380613621293585,0.030857009768979166,0.771484375,,
9.168445000000299,1399,,,,0.0234375,-0.041015625,-1.03515625,0.020558692755547697,0.7672541957763325,12.119429588317871,1.9245256185531616,3037,3032,23.32415272496894,6.527886638877628,27.987668902070784,0.11753485288896658,0.032895265471099944,0.759765625,,
9.193130000000819,1399,,,,-0.28125,0.05078125,-1,0.017691318260151537,0.7699326670037112,12.120000839233398,1.9601004123687744,3032,3037,23.756418642891276,5.625649813769976,23.68054671175514,0.1368611080482004,0.032409458621579776,0.759765625,,
9.22208999999985,1399,,,,0.134765625,-0.1953125,-0.880859375,0.016803390710929723,0.7699326670037112,12.122858047485352,1.9315011501312256,3027,3030,23.41531426159554,5.332543427171572,22.773742720667666,0.14438375936716755,0.032881585888706634,0.775390625,,
9.24697000000067,1399,,,,-0.048828125,-0.138671875,-0.90625,0.017495754430786718,0.7697029547539981,12.11880111694336,2.0078125,3028,3027,24.33228036761284,5.546340892288184,22.794168111224657,0.13877671237702294,0.03163299711844933,0.7734375,,
9.272330000000075,1399,,,,-0.099609375,-0.0546875,-0.90625,0.019225433296331536,0.7727667340700249,12.120999336242676,1.9110107421875,3035,3031,23.16335993760731,6.102030484179173,26.34346010516422,0.126640916670867,0.03336159936000411,0.767578125,,
9.296695000000298,1399,,,,-0.42578125,0.52734375,-1.078125,0.017709416046110243,0.7818024067167426,12.12171459197998,1.9601004123687744,3030,3032,23.75977777035655,5.623725896812226,23.66910141654845,0.13901858324209976,0.032904449455421425,0.767578125,,
9.444080000000074,1399,,,,-0.046875,0.181640625,-1.09375,0.01761956611980036,0.7737669930346063,12.120500564575195,1.904296875,3028,3031,23.08103134855628,5.591658833729807,24.226208739496233,0.1383787917043716,0.03352393492949376,0.76171875,,
9.466140000000596,1399,,,,-0.0625,-0.05859375,-0.80859375,0.017718802995757094,0.7620295792470975,12.121467590332031,1.918148159980774,3018,3019,23.25077075466197,5.602226256402303,24.094798041389705,0.13602263535433604,0.03277437927920322,0.744140625,,
9.508120000001043,1399,,,,0.0625,-0.24609375,-0.8984375,0.017905461700066346,0.7616416315861818,12.119999885559082,1.9587053060531616,3015,3015,23.739508085208286,5.653710247661472,23.81561668156136,0.13471536357938002,0.032083294601236864,0.732421875,,
9.663585000000895,1399,,,,-0.0703125,0.052734375,-0.94140625,0.018282944868531777,0.7599189633694029,12.12114429473877,1.8830217123031616,3015,3015,22.824377884952696,5.771776386146073,25.287770887946966,0.13166119276440222,0.03329418077460024,0.728515625,,
9.688055000001565,1399,,,,-0.13671875,0.06640625,-0.8515625,0.017910799747645808,0.7569218679843481,12.121768951416016,1.891620397567749,3014,3014,22.92978540310196,5.65391102284858,24.657496454736616,0.13387580118001083,0.03301042092971141,0.70703125,,
9.718655000001192,1399,,,,0.2109375,0.11328125,-1.029296875,0.017853884630998178,0.7583963469455404,12.119428634643555,1.9175502061843872,3013,3012,23.239612877197715,5.632328808703919,24.23589772543181,0.1346505810835391,0.03263377711810617,0.689453125,,
9.742770000001416,1399,,,,-0.072265625,0.189453125,-0.9296875,0.018048539961561735,0.7573627460154728,12.121600151062012,1.93505859375,3014,3013,23.456006542313844,5.694612405931961,24.277842844471724,0.13299636428750508,0.0322886483105816,0.6875,,
9.765084999999031,1399,,,,-0.2734375,0.107421875,-0.83203125,0.018030683326756433,0.7591743261402146,12.12114429473877,1.9370814561843872,3014,3014,23.479643841073653,5.691623630743989,24.24067276858544,0.13338449191184099,0.032333298208389684,0.685546875,,
9.78626000000164,1399,,,,0.078125,0.162109375,-0.955078125,0.01772396347114336,0.760752512506554,12.119429588317871,1.9259207248687744,3013,3014,23.341060617729227,5.593517865409489,23.96428318754636,0.13600609326933133,0.032592885343380985,0.681640625,,
9.808259999999777,1399,,,,-0.125,0.068359375,-1.140625,0.017739898035380994,0.7588631344623449,12.119999885559082,1.953125,3014,3013,23.671874776482582,5.597917908213125,23.64797026458807,0.13556167612764738,0.03205758486084324,0.6796875,,
9.831810000000521,1399,,,,0.15625,0.12890625,-1.041015625,0.017955480735274292,0.7528393526978664,12.119429588317871,1.9315011501312256,3013,3014,23.408692188770374,5.666459864126114,24.206648617663614,0.13285885204341244,0.032160675471610445,0.6796875,,
9.854435000000521,1399,,,,-0.4375,0.513671875,-1.072265625,0.018364269135744776,0.7521058294571735,12.117142677307129,2.133091449737549,3019,3016,25.846973440213787,5.799501224206285,22.437834888564485,0.12968457120381177,0.02909840996265413,0.685546875,,
9.877370000001044,1399,,,,-0.125,0.0546875,-0.841796875,0.019157839918648324,0.7551510623048987,12.124500274658203,1.888427734375,3031,3022,22.896242584101856,6.062835896194643,26.479610678148603,0.1245540989784783,0.032981440493176924,0.689453125,,
9.899084999999031,1399,,,,-0.07421875,-0.0234375,-0.818359375,0.020582560995882324,0.7667540662940417,12.121333122253418,1.9441732168197632,3030,3029,23.56597120843537,6.529695070352373,27.70815177782738,0.11742570794391843,0.03253649338328922,0.697265625,,
9.924044999999925,1399,,,,-0.15625,0.3046875,-0.94140625,0.01750027899517694,0.7643201028135607,12.123000144958496,1.9537353515625,3024,3028,23.685133950202726,5.549628918592647,23.4308529994408,0.1377245423118106,0.03227003505323299,0.69921875,,
9.946685000000521,1399,,,,0.20703125,-0.322265625,-1.03125,0.017647885166817995,0.7657871492949466,12.121142387390137,1.9029017686843872,3023,3025,23.065343287439987,5.5898532778180625,24.23485836806064,0.13699593016757378,0.03320076964611876,0.6953125,,
9.971379999998957,1399,,,,0.46875,-0.224609375,-1.23828125,0.01767255771593283,0.7680877449134835,12.12171459197998,1.9649832248687744,3019,3022,23.818965829887702,5.592324455171201,23.4784519828062,0.13734677790435348,0.032246897300205114,0.697265625,,
9.998330000000074,1399,,,,0.2734375,-0.279296875,-1.0546875,0.017519354639517155,0.7646312944914304,12.1225004196167,1.881103515625,3016,3019,22.80367815750651,5.538249932119862,24.286651889518893,0.13806370313063038,0.033531050965114995,0.6953125,,
10.021775000000373,1399,,,,0.298828125,-0.162109375,-1.12890625,0.01767216576212315,0.755669738255491,12.12177848815918,1.8690321445465088,3015,3016,22.65599364344189,5.582177010278839,24.638853180004674,0.13537186958851813,0.033354076194942385,0.697265625,,
10.043775000000373,1399,,,,0.26171875,-0.1875,-1.40234375,0.017932740148146126,0.7506387829757876,12.119429588317871,1.9775390625,3013,3014,23.966645426116884,5.6609342252471775,23.620052471249714,0.13259980651745018,0.03132014387619733,0.69921875,,
10.067570000000298,1399,,,,0.046875,-0.275390625,-1.080078125,0.018014132395939665,0.7565291968783218,12.12114429473877,1.9517298936843872,3015,3014,23.657199665703615,5.684985505808411,24.030678128189724,0.1330749561463908,0.03197881438076881,0.69921875,,
10.093435000000522,1399,,,,0.44921875,-0.25,-1.193359375,0.01810625775035535,0.7594299478756077,12.120000839233398,1.9377790689468384,3016,3015,23.485883941884595,5.716296850392458,24.33928765269101,0.13285348325174334,0.03233559144526149,0.69921875,,
10.118425000000745,1399,,,,0.11328125,-0.1875,-1.064453125,0.018044179812537295,0.753817383685457,12.121500015258789,1.9134521484375,3016,3016,23.19391024648212,5.699157479529122,24.571783795677696,0.1322682144497855,0.032500659685004624,0.69921875,,
10.144009999999776,1399,,,,0.3125,-0.099609375,-0.986328125,0.01793160564797473,0.7555289379137405,12.121500015258789,1.9195556640625,3016,3016,23.26789401122369,5.663667607781468,24.34112689807464,0.1333992370731112,0.032470877577029426,0.701171875,,
10.170730000000447,1399,,,,0.44921875,-0.31640625,-1.123046875,0.01771664518348766,0.7670430299949208,12.121500968933105,1.9085693359375,3014,3015,23.13472505484242,5.594444706167193,24.182023745279817,0.13710798305850613,0.033155485019882185,0.701171875,,
10.194030000001192,1399,,,,0.25,-0.33984375,-0.962890625,0.017878765641375496,0.7590409582782705,12.119999885559082,1.9558377265930176,3014,3014,23.704753022479508,5.6434706153937135,23.807337752230286,0.13449896526577668,0.032020622934078355,0.69921875,,
10.218650000000373,1399,,,,0.1875,-0.33203125,-0.859375,0.01797631409332999,0.7619194812985656,12.124000549316406,1.9273158311843872,3013,3013,23.366778195985717,5.67270665204223,24.276802751595294,0.1343132173112225,0.03260695483596703,0.6953125,,
10.243259999999777,1399,,,,-0.173828125,-0.32421875,-1.005859375,0.017980397818851492,0.7658427192374233,12.121000289916992,1.8963623046875,3013,3013,22.985808044904843,5.6733234139910085,24.681853267492972,0.13499013952717293,0.03331806816368085,0.6875,,
10.268230000000447,1399,,,,0.375,-0.009765625,-1.33984375,0.018096224850699436,0.7634754396879142,12.121713638305664,1.9231306314468384,3011,3013,23.311638803452524,5.709092182645054,24.490308170867507,0.13372974463589618,0.03275082657744513,0.68359375,,
10.29281500000134,1399,,,,0.236328125,-0.197265625,-1.0703125,0.017813592478033238,0.7556623057756847,12.1170015335083,2.0697021484375,3013,3013,25.078584106522612,5.619853524022371,22.408974526439557,0.13446298956824496,0.030131777079837087,0.685546875,,
10.317759999999776,1399,,,,0.224609375,0.044921875,-1.146484375,0.01828780276046766,0.7576628237048474,12.119001388549805,1.94580078125,3025,3018,23.581162369810045,5.779977627752811,24.51099541705658,0.13108404089090187,0.03213000325526153,0.6875,,
10.345695000000298,1399,,,,-0.0625,0.318359375,-1.15234375,0.019402002269429147,0.7621306470799771,12.12350082397461,1.8890380859375,3026,3026,22.9017547913827,6.148328005686698,26.846536702943585,0.12395738262094493,0.03327826422134019,0.685546875,,
10.368044999999926,1399,,,,0.3125,-0.05859375,-1.25390625,0.017229009208872575,0.7614749217587516,12.120444297790527,1.9184027910232544,3022,3024,23.251894169323236,5.456322862954526,23.466143546073674,0.1395582594513887,0.0327489414932648,0.68359375,,
10.393675000000744,1399,,,,-0.25,-0.146484375,-0.833984375,0.017483207555290273,0.7616305175976864,12.119429588317871,1.9001115560531616,3017,3020,23.028268213535398,5.529426391522174,24.011472943814876,0.13774132498905012,0.03307372098219789,0.681640625,,
10.417615000000223,1399,,,,0.236328125,-0.064453125,-1.09375,0.01782118995417797,0.761774999448126,12.1225004196167,1.95068359375,3016,3017,23.647162683773786,5.630216509408142,23.809268725805676,0.13530119102439367,0.032214224160213564,0.67578125,,
10.44325500000082,1399,,,,-0.01171875,-0.1640625,-0.888671875,0.017960717825054293,0.7624640667348375,12.120500564575195,1.9317626953125,3016,3015,23.413930839160457,5.671198298899375,24.22147027706316,0.13444496675117337,0.03256454766064291,0.673828125,,
10.476695000000298,1399,,,,-0.173828125,-0.12890625,-1.02734375,0.01791140752058527,0.7620417351720143,12.120500564575195,1.9140625,3012,3014,23.19939561188221,5.653450142980323,24.36895442260898,0.13479233315928557,0.03284748223275755,0.66796875,,
10.508814999999478,1399,,,,-0.04296875,-0.033203125,-1.140625,0.01791687209728226,0.7623973828038655,12.118908882141113,1.8199573755264282,3013,3013,22.05589760338546,5.653643809317039,25.633251980863548,0.13485062174370746,0.0345665996693257,0.6640625,,
10.530745000001042,1399,,,,0.14453125,-0.025390625,-1.228515625,0.017958800483608463,0.7631420200330539,12.122400283813477,1.97607421875,3011,3013,23.954762670211494,5.665446682175867,23.65060660451055,0.13470112117266667,0.03185763226041246,0.658203125,,
10.552555000001565,1399,,,,0.015625,0.146484375,-1.1953125,0.01808426306320438,0.7659427451338815,12.118857383728027,1.9015066623687744,3013,3012,23.04408805545586,5.704780825635887,24.755940924662617,0.13426330801210143,0.03323814521497364,0.654296875,,
10.575550000000746,1399,,,,-0.13671875,0.09765625,-1.107421875,0.018050006719440518,0.7601079011738239,12.12114429473877,1.8791853189468384,3012,3012,22.777876407509325,5.693256537797961,24.994676570995132,0.13351021443130306,0.03337044628634627,0.6484375,,
10.598545000001788,1399,,,,0.125,0.09375,-1.287109375,0.017985053894748918,0.7483270733687551,12.118287086486816,1.9280134439468384,3012,3012,23.364220420353945,5.672376081386042,24.278045572813127,0.13192479882009195,0.03202876277938396,0.650390625,,
10.623220000000671,1399,,,,-0.0234375,0.12890625,-1.119140625,0.01797408128408762,0.7495273841262527,12.12114143371582,1.8966238498687744,3013,3012,22.989245930818015,5.668847100911228,24.658690928665518,0.13221866294572868,0.03260339144580123,0.646484375,,
10.647530000001192,1399,,,,0.375,-0.001953125,-1.4140625,0.018067486042810405,0.7541396893518221,12.122498512268066,1.9122314453125,3013,3012,23.181022850912996,5.699005100323187,24.58478703453212,0.13232830574393684,0.032532632153551407,0.646484375,,
10.67478500000015,1399,,,,-0.111328125,0.177734375,-1.072265625,0.018210768006752972,0.7603524089207214,12.124000549316406,1.9852120876312256,3015,3014,24.06871244095055,5.747428880490045,23.879253593604613,0.13229435713450557,0.031590905030177543,0.638671875,,
10.697045000001788,1399,,,,-0.05078125,-0.078125,-0.98828125,0.017876484506010003,0.7501608814704877,12.120444297790527,1.8912760019302368,3014,3014,22.923105433143405,5.642679920557017,24.615687159029246,0.1329440783514149,0.03272509842343902,0.6328125,,
10.71860000000149,1399,,,,0.265625,-0.03515625,-1.265625,0.01788453080769366,0.7474601822661181,12.122857093811035,1.962890625,3012,3014,23.795842537656426,5.644207202494372,23.719299678347305,0.13242961419555777,0.03141137705392351,0.626953125,,
10.743215000001713,1399,,,,-0.03125,-0.078125,-0.9609375,0.01809188876561277,0.7495829540687295,12.123429298400879,1.9677734375,3014,3013,23.85616214480251,5.708514691267143,23.928889553221136,0.13130963036942653,0.03142093642384299,0.623046875,,
10.767875,1399,,,,0.32421875,-0.03125,-1.07421875,0.018286126960557043,0.7580851552676705,12.121001243591309,1.9012451171875,3015,3014,23.04499442980159,5.771526904752015,25.0446009971186,0.13134915036842285,0.03289587062287684,0.62109375,,
10.793660000000148,1399,,,,0,-0.001953125,-1.15625,0.01790809261141344,0.7598522794384308,12.12171459197998,1.9635881185531616,3014,3015,23.802054749304375,5.653676655779734,23.752893249457657,0.13439967046251866,0.031923810252584936,0.61328125,,
10.819610000001267,1399,,,,0.224609375,-0.251953125,-0.859375,0.017846139456038183,0.7604857767826657,12.123111724853516,1.9493272304534912,3016,3015,23.63191180308695,5.634837402199964,23.84418767788354,0.13496144120960002,0.03218045933479348,0.607421875,,
10.847294999999926,1399,,,,-0.07421875,0.12109375,-1.1171875,0.018529593296390992,0.7609525642994702,12.119501113891602,1.868896484375,3019,3018,22.65009302413091,5.856427118023927,25.85608417495071,0.12993460841637358,0.033596001724530145,0.6015625,,
10.998515000000596,1399,,,,0.072265625,-0.03125,-1.140625,0.01811649368348201,0.7637644033887933,12.12177848815918,1.9357638359069824,3019,3018,23.464900424253756,5.726522184556463,24.404630239288906,0.13337316765288132,0.03254922840411256,0.59765625,,
11.021035000000149,1399,,,,-0.11328125,0.123046875,-1.1484375,0.017785891154761015,0.7608432999000754,12.120079040527344,1.9026367664337158,3016,3016,23.06010799459,5.616962935215145,24.357921205455366,0.13545457014323933,0.03299391746467851,0.59765625,,
11.046035000000149,1399,,,,0,-0.173828125,-1.2421875,0.017806187415576893,0.7603301809437308,12.120000839233398,1.8736048936843872,3013,3014,22.708092883846575,5.619703545631752,24.74758040834567,0.13529720469592077,0.03348278452236702,0.595703125,,
11.069714999999851,1399,,,,-0.173828125,0.20703125,-1.150390625,0.017861299754300976,0.7598189374729448,12.121500015258789,1.943359375,3013,3013,23.55643069371581,5.635796726632962,23.92466329008169,0.13482014599325148,0.03225526597608198,0.6015625,,
11.091960000000894,1399,,,,-0.2734375,0.1171875,-1.111328125,0.017933355676321396,0.7492606484023644,12.121999740600586,1.932373046875,3013,3013,23.424225572962314,5.657972433890002,24.15436282521452,0.13242564490319164,0.03198657074354711,0.6015625,,
11.113640000000595,1399,,,,0.265625,0.048828125,-0.99609375,0.017934503590954727,0.7493606742988225,12.12399959564209,1.9259207248687744,3012,3012,23.34986208954774,5.657703295645719,24.23013580957429,0.13244962401537483,0.032092723778195845,0.59765625,,
11.137210000000895,1399,,,,0.048828125,-0.07421875,-1.087890625,0.017935043103845694,0.7540507774438594,12.121334075927734,1.86767578125,3012,3012,22.638722090050578,5.65769440462718,24.991226899303044,0.13327880997375086,0.03330800980923101,0.591796875,,
11.162210000000893,1399,,,,0.3125,-0.08203125,-1.220703125,0.018043014710624604,0.7547065027650849,12.120500564575195,1.9232177734375,3012,3012,23.31036210875027,5.690776517364921,24.413076428481183,0.1326192480871744,0.03237643839439896,0.591796875,,
11.184030000001192,1399,,,,0.265625,-0.263671875,-1.0859375,0.01799606018129902,0.7587631085658868,12.12199878692627,1.9873046875,3012,3012,24.09010501112789,5.675799791603187,23.56071004664105,0.1336839100083138,0.03149687841607137,0.587890625,,
11.205730000000447,1399,,,,0.3125,-0.029296875,-1.236328125,0.018050608413951917,0.7628197143666886,12.121142387390137,1.9147599935531616,3012,3012,23.209078519536092,5.692974988773793,24.529086684685772,0.13399316102229916,0.03286729861871035,0.591796875,,
11.227919999999925,1399,,,,0.13671875,-0.28515625,-0.97265625,0.017884203690450004,0.7578628754977637,12.122857093811035,1.9175502061843872,3011,3012,23.24618711978121,5.640487601148757,24.264140919475846,0.13436123418539475,0.03260159920389114,0.59375,,
11.2495,1399,,,,0.265625,-0.251953125,-1.04296875,0.017927374503105914,0.7584519168880169,12.114001274108887,2.1842448711395264,3013,3012,26.459945151950024,5.6541023272013495,21.36853381491102,0.13414188017772102,0.028664153025733736,0.59765625,,
11.272005000000819,1399,,,,0.25,-0.234375,-1.205078125,0.018155131386141582,0.7607080565525726,12.128571510314941,1.8533761501312256,3025,3018,22.47880517237877,5.7378366807815135,25.525541223303016,0.13257750244103522,0.03384112503841201,0.599609375,,
11.297230000000447,1399,,,,-0.037109375,0.083984375,-1.197265625,0.02077668782284573,0.7779236247318663,12.120000839233398,1.875,3030,3027,22.725001573562622,6.586397930093181,28.98304719043689,0.11811063239552255,0.03423206032411774,0.599609375,,
11.323480000000448,1399,,,,-0.015625,-0.18359375,-0.939453125,0.01774931121484228,0.774111526677962,12.120500564575195,1.8731689453125,3027,3029,22.70374525920488,5.6297419934954425,24.79653435687203,0.13750390827365874,0.03409620385711959,0.59765625,,
11.347134999999776,1399,,,,-0.0859375,-0.326171875,-0.822265625,0.01728321343830385,0.7691658017975322,12.120889663696289,1.9520399570465088,3023,3025,23.660460938487176,5.475489985753779,23.141941317157936,0.1404743326713702,0.032508487632477705,0.603515625,,
11.368820000000298,1399,,,,0.17578125,-0.134765625,-0.986328125,0.017614504256429395,0.7657760353064512,12.122857093811035,1.8917410373687744,3023,3023,22.933306254519493,5.577016458036659,24.318414432448392,0.13730926581773725,0.03339143631570955,0.615234375,,
11.393190000001342,1399,,,,-0.0625,0.0234375,-0.7890625,0.017813421723111515,0.7640200251241863,12.120572090148926,1.9266183376312256,3022,3023,23.351716451462153,5.638555187357998,24.146212973586117,0.1354992546383457,0.03271793860259671,0.623046875,,
11.417750000001863,1399,,,,0.19921875,-0.1015625,-0.900390625,0.017686060908944652,0.7536840158235129,12.12114429473877,1.8840681314468384,3021,3021,22.83706168238598,5.594902795921543,24.499223559206136,0.13470904559287747,0.033002670234271975,0.62890625,,
11.438945000000299,1399,,,,0.13671875,0.041015625,-0.974609375,0.017869741223675812,0.7614526937817608,12.121500968933105,1.8939208984375,3018,3020,22.957164005492814,5.650508846232465,24.613270371203097,0.1347582517793008,0.03316841285794591,0.634765625,,
11.460805000001564,1399,,,,0.171875,0.046875,-0.96875,0.017478754932065545,0.7676098434081836,12.119429588317871,1.9182478189468384,3015,3018,23.248069374670536,5.523881803459205,23.760604437449068,0.13896203262848336,0.03301821889109284,0.634765625,,
11.483764999998733,1399,,,,0.28125,-0.111328125,-0.771484375,0.017627053206102083,0.7591520981632239,12.11933422088623,1.93115234375,3016,3015,23.404280685354024,5.565218697778492,23.77863593672035,0.13641011061546607,0.03243646358412919,0.640625,,
11.50538500000164,1399,,,,0.1484375,0.0703125,-1.125,0.017772159117665928,0.7571960361880427,12.120500564575195,1.9189453125,3014,3014,23.258577743545175,5.609192931020873,24.11666350741314,0.13499197576187363,0.03255556055649977,0.642578125,,
11.527435000000521,1399,,,,0.28125,-0.091796875,-0.88671875,0.017843772921378395,0.7650536260542536,12.120573043823242,1.9447544813156128,3015,3014,23.571538743088468,5.632643595153396,23.89595204854826,0.13582496622235132,0.032456668798449946,0.646484375,,
11.549945000002161,1399,,,,0.173828125,0.0234375,-0.884765625,0.018456168400583256,0.7677654392471184,12.125332832336426,1.8839517831802368,3016,3015,22.84354241113408,5.827974936254279,25.51257082357633,0.13173794459393678,0.03360973641605187,0.642578125,,
11.575090000001714,1399,,,,-0.09375,0.2421875,-1.146484375,0.018162663047582437,0.7675098175117254,12.1182861328125,2.1128628253936768,3016,3015,25.60427627750323,5.735367927736647,22.400039218354834,0.13382050239532034,0.029975845018751224,0.642578125,,
11.598300000000744,1399,,,,-0.38671875,0.373046875,-1.08984375,0.01836599974106843,0.7669318901099673,12.124001502990723,1.845703125,3031,3023,22.377307461574674,5.814093056483192,25.982093987254263,0.13190911852619475,0.03427275115323454,0.646484375,,
11.622405000001192,1399,,,,0.1875,-0.048828125,-1.041015625,0.0204965052662905,0.7664206466391814,12.123429298400879,1.8484933376312256,3032,3031,22.410078287337228,6.506727183840433,29.034825761929834,0.1177889628664008,0.0341998201350437,0.65234375,,
11.650680000001564,1399,,,,-0.3359375,0.14453125,-0.763671875,0.017204454197867085,0.7667096103400604,12.121000289916992,1.8609619140625,3025,3029,22.556719899876043,5.457850669762544,24.19611846930163,0.14047830487333907,0.033990297070819846,0.654296875,,
11.674900000000372,1399,,,,0.03125,-0.142578125,-0.88671875,0.01715289319820645,0.7580740412791751,12.117334365844727,1.9292534589767456,3021,3024,23.37740923888373,5.431836331950351,23.235407638394584,0.13956128184867117,0.03242763274290754,0.658203125,,
11.698855000000448,1399,,,,-0.765625,0.373046875,-0.763671875,0.017413306890154155,0.7530394044907827,12.1225004196167,1.90185546875,3019,3020,23.05524371797219,5.507711302624188,23.889191413451762,0.13672456000589422,0.03266239184900778,0.662109375,,
11.723565000001342,1399,,,,-0.2734375,0.189453125,-0.830078125,0.01800789788502117,0.7583296630145682,12.12171459197998,1.9370814561843872,3017,3020,23.480748553284116,5.6941893582095515,24.25045924446535,0.13317605286892198,0.032295804424365554,0.666015625,,
11.747935000000522,1399,,,,-0.75,0.427734375,-0.859375,0.017530776774387254,0.7535951039155501,12.120499610900879,1.87744140625,3017,3017,22.755527833942324,5.539535761080898,24.34369266889992,0.13603939687691544,0.03311701268434133,0.673828125,,
11.769280000001192,1399,,,,-0.3984375,0.27734375,-0.8046875,0.017647323156756493,0.7595855437145425,12.121500968933105,1.884765625,3014,3015,22.84618834964931,5.57156957846967,24.387304758236372,0.13633241638941823,0.033247801869155214,0.677734375,,
11.793025000000373,1399,,,,-0.2109375,0.22265625,-0.951171875,0.017723159861033035,0.7621862170224538,12.117715835571289,1.9552175998687744,3014,3013,23.692771271917536,5.592090411326322,23.60251718613639,0.13629719138279808,0.03216956802034613,0.6796875,,
11.82050500000082,1399,,,,-0.140625,0.083984375,-0.984375,0.018000256532407194,0.7612304140118539,12.120573043823242,1.9321986436843872,3014,3014,23.419354795952813,5.681691390702655,24.2606657621692,0.13397954265124432,0.032504329032301306,0.677734375,,
11.844105000000447,1399,,,,-0.416015625,0.04296875,-0.763671875,0.018084552033071914,0.7609303363224795,12.121777534484863,1.9205728769302368,3015,3015,23.280757152913907,5.710693016040469,24.529670485075687,0.13324658394088804,0.03268494797331962,0.677734375,,
11.867915000000968,1399,,,,-0.328125,0.146484375,-0.880859375,0.017869911699129576,0.7592076681057006,12.121142387390137,1.9084821939468384,3016,3016,23.132984416628346,5.643135510408382,24.394325473854593,0.1345364942424993,0.03281927028662893,0.6796875,,
11.892860000001267,1399,,,,-0.412109375,0.18359375,-0.818359375,0.018179468853175982,0.7636866054693258,12.120000839233398,1.943359375,3017,3016,23.553517255932093,5.742295547226705,24.379779396983583,0.13299326013237953,0.03242346343313064,0.681640625,,
11.917760000001639,1399,,,,-0.3359375,0.076171875,-0.791015625,0.017656990232856704,0.7666206984320977,12.119500160217285,1.9317626953125,3014,3015,23.41199829534162,5.575025592020654,23.812685793377746,0.13750980794228748,0.03274477850037411,0.6875,,
11.94349499999918,1399,,,,-0.662109375,0.34765625,-0.75390625,0.01765264324851971,0.7608191964375262,12.119000434875488,1.9049072265625,3014,3014,23.085571507108398,5.571298579540155,24.13324953997638,0.13656047788060263,0.03295648089991007,0.693359375,,
11.970685000000522,1399,,,,-0.5234375,0.125,-0.84375,0.017817679836638185,0.7539952075013826,12.120500564575195,1.9183349609375,3012,3013,23.251179977087304,5.62227511316211,24.180601237023403,0.13410855789255688,0.032428255608721854,0.703125,,
11.993785000002012,1399,,,,-0.447265625,0.01171875,-0.6953125,0.0178634639541599,0.7538062696969616,12.12199878692627,1.920166015625,3014,3013,23.2762501121033,5.6366617751959165,24.216365385526327,0.13373274816915215,0.032385210936747656,0.703125,,
12.017990000000223,1399,,,,-0.15625,0.150390625,-0.849609375,0.018340901282787148,0.7540841194093453,12.119999885559082,2.1771240234375,3021,3017,26.38674291491043,5.794026694704292,21.95809734224623,0.13014854075466617,0.028578143268422607,0.705078125,,
12.04425500000082,1399,,,,0.3125,-0.142578125,-0.85546875,0.019971301414188642,0.7624307247693516,12.119429588317871,1.9189453125,3035,3026,23.256522598676383,6.328822773859958,27.213108696741084,0.12046959632341608,0.032783522194016416,0.708984375,,
12.068305000001565,1399,,,,-0.30078125,0.265625,-1.2265625,0.019612647608926323,0.7806465519132265,12.123000144958496,1.9000244140625,3034,3035,23.03399624710437,6.23249500130674,27.05781026638065,0.1252542604124916,0.0338910601329703,0.70703125,,
12.092894999999553,1399,,,,0.09375,-0.28125,-0.96484375,0.016804217377146498,0.7699326670037112,12.121500015258789,1.8853759765625,3027,3031,22.853584928670898,5.333944724194334,23.3396412022109,0.14434582786569947,0.033689798314215216,0.716796875,,
12.131455000001937,1399,,,,0.1484375,-0.326171875,-0.8203125,0.01753123817598425,0.7685878743957743,12.121000289916992,1.8804931640625,3023,3026,22.793458186788484,5.555703271590684,24.374113072543217,0.13834213902783107,0.03371966939361848,0.720703125,,
12.15551000000164,1399,,,,0.15625,-0.171875,-0.900390625,0.017780874973047627,0.7706069387932384,12.123000144958496,2.0039875507354736,3024,3024,24.29434136806117,5.629873319710273,23.173599293832474,0.13687820223153718,0.03171960610573808,0.71875,,
12.300429999999702,1399,,,,0.287109375,0.119140625,-0.857421875,0.01887367536290793,0.7706439622674135,12.121999740600586,1.8975830078125,3024,3025,23.002500728471205,5.977827907478665,25.987730543051978,0.12891705385216692,0.03350261657914235,0.716796875,,
12.322794999999925,1399,,,,0.1328125,-0.16796875,-1.087890625,0.017651521709548156,0.7622135157566956,12.120594024658203,1.8875706195831299,3018,3019,22.878477172839666,5.579693882489421,24.388397183678777,0.13660489837063042,0.033315745186990084,0.732421875,,
12.365045000001787,1399,,,,0.0625,-0.41015625,-1.12890625,0.017883282843531724,0.7449261928891788,12.119000434875488,1.9012451171875,3015,3016,23.04119040200021,5.648754518339006,24.515897051259277,0.1318744141687753,0.03233019561456823,0.755859375,,
12.517415000000968,1399,,,,0.103515625,-0.18359375,-0.91796875,0.017874092120564195,0.759026162781086,12.119691848754883,1.948993444442749,3015,3016,23.621199961889488,5.645370673239621,23.89959308734475,0.13445107623827923,0.032133260122504406,0.767578125,,
12.539855000000447,1399,,,,0.1015625,-0.140625,-1.02734375,0.01800430126254199,0.7609354765421587,12.120939254760742,1.9351255893707275,3015,3015,23.45553971909567,5.684069996287913,24.233379680708804,0.13387158797113716,0.03244161019763977,0.794921875,,
12.56991000000015,1399,,,,0.15625,-0.10546875,-1.0703125,0.017968611257765478,0.7573738600039682,12.122285842895508,1.9273158311843872,3012,3013,23.363473415154886,5.66968095915516,24.267286196741107,0.13358315317213626,0.03241700609091336,0.8046875,,
12.59966000000015,1399,,,,0.30078125,-0.048828125,-1.080078125,0.017993304465675694,0.7536543553667158,12.120400428771973,1.8544921875,3013,3013,22.477187904529274,5.676670137073846,25.255250617582668,0.13276345765533631,0.03352974395942343,0.80078125,,
12.623980000000447,1399,,,,-0.11328125,-0.0078125,-0.806640625,0.0179958977003755,0.7586408546924379,12.119555473327637,1.9390190839767456,3012,3012,23.500049352097108,5.676176181369206,24.15389047199032,0.13365350729995115,0.032282521765203784,0.796875,,
12.64825500000082,1399,,,,0.125,0.01171875,-1.09375,0.01791357074230634,0.7614526937817608,12.121999740600586,1.9708251953125,3012,3012,23.890342506347224,5.649710333519146,23.64851124264176,0.13477729809688488,0.03187282449297062,0.7890625,,
12.673414999999107,1399,,,,0.111328125,-0.01171875,-1.0625,0.017932668045413224,0.7635421236188863,12.121001243591309,1.907958984375,3011,3012,23.126373222330585,5.655765062943249,24.455910179128743,0.13500244708211773,0.03301607719802852,0.783203125,,
12.696609999999405,1399,,,,-0.1484375,0.248046875,-0.912109375,0.017974989415213864,0.7586853106464193,12.120570182800293,1.9921875,3012,3012,24.14644841104746,5.668882319234989,23.477085419491207,0.13383331456222633,0.031420161579510233,0.78125,,
12.721574999999255,1399,,,,0.1484375,-0.015625,-1.03125,0.01790932059361645,0.7557845596491336,12.121999740600586,1.9317626953125,3014,3012,23.416826891480014,5.6493067642562815,24.124988370272007,0.1337835934899228,0.03227527637077586,0.779296875,,
12.743115000000223,1399,,,,0.078125,-0.115234375,-0.958984375,0.018126583454867173,0.7576183677508659,12.121500968933105,1.876220703125,3014,3013,22.74261107086204,5.719217472928042,25.147585099652588,0.13246888605601342,0.0333127258514978,0.77734375,,
12.768075000001117,1399,,,,-0.0234375,-0.087890625,-0.958984375,0.018103185139902233,0.7614526937817608,12.122000694274902,2.0345051288604736,3014,3014,24.66227258455251,5.7137444354068885,23.167955896269493,0.13326684495428193,0.030875203863357882,0.78125,,
12.792905000001191,1399,,,,-0.361328125,-0.10546875,-0.853515625,0.017812140362528723,0.7647868903303652,12.119555473327637,1.8690321445465088,3015,3015,22.65183875726393,5.622908652662036,24.823188584895327,0.136012682683062,0.03376268472179175,0.779296875,,
12.817644999999553,1399,,,,0.0234375,-0.052734375,-0.8125,0.018165955739051685,0.7598856214039169,12.12114429473877,1.9405691623687744,3016,3016,23.521918830992263,5.7365882457820385,24.38826648029906,0.13246298825136016,0.03230542656250895,0.77734375,,
12.844980000000447,1399,,,,-0.037109375,-0.193359375,-0.830078125,0.017754837134755827,0.7644979266294862,12.122000694274902,1.937255859375,3014,3015,23.483416872331873,5.606261275087909,23.873277494354742,0.13636501923779829,0.03255479944786981,0.771484375,,
12.86802999999933,1399,,,,0.224609375,-0.19921875,-0.896484375,0.017594464028435636,0.7689435220276254,12.121777534484863,1.9731987714767456,3014,3014,23.918676539159947,5.553302284498918,23.21743126300063,0.13846599422005137,0.03214824703067085,0.76953125,,
12.89285000000149,1399,,,,0.111328125,-0.27734375,-0.693359375,0.017928529823640103,0.7683433666488765,12.120572090148926,1.9098771810531616,3014,3013,23.148804056285258,5.6567452231035,24.43644695142515,0.13582781906294425,0.033191492950594106,0.76953125,,
12.918060000000521,1399,,,,-0.01171875,-0.064453125,-0.85546875,0.018128867546479646,0.7684878484993161,12.121999740600586,1.92138671875,3013,3014,23.29104930628091,5.7214964939326975,24.565215670166385,0.13431588209732387,0.032994986116494006,0.763671875,,
12.943200000001118,1399,,,,0.125,-0.26953125,-0.859375,0.01828354327929468,0.7606747145870866,12.121500015258789,1.9085693359375,3015,3015,23.134723234688863,5.772980954452881,24.953749806683266,0.1317646326202331,0.03288021675774834,0.763671875,,
12.967699999999255,1399,,,,0.3125,-0.3125,-0.83984375,0.01787348483669366,0.7587964505313728,12.119998931884766,1.9073486328125,3014,3015,23.117063392419368,5.642896550888401,24.410092471947976,0.13446931796258257,0.032824084861064154,0.755859375,,
12.988734999999403,1399,,,,-0.1875,0.044921875,-1.033203125,0.01785406754277603,0.7620417351720143,12.124571800231934,1.9273158311843872,3013,3013,23.36787917691879,5.634209708283858,24.110915952736303,0.13525263961183426,0.03261065026066668,0.75390625,,
13.012685000000522,1399,,,,0.234375,-0.294921875,-0.7578125,0.01795406313406247,0.7610859321614144,12.121334075927734,1.9677734375,3013,3013,23.852039221674204,5.664362641704093,23.747917689808766,0.13436391352451363,0.03190863158860733,0.75390625,,
13.033705000000074,1399,,,,0.162109375,-0.30078125,-0.79296875,0.01799207161461687,0.7556511917871893,12.119000434875488,1.922607421875,3012,3012,23.300080181797966,5.675432266759407,24.357994575456686,0.1331442533836556,0.032431270016723135,0.751953125,,
13.055490000002086,1399,,,,0.109375,-0.337890625,-0.7890625,0.01800501126049343,0.7501942234359735,12.12171459197998,1.9349888563156128,3013,3012,23.455382654919617,5.679891431480441,24.215727004091832,0.13207897236874444,0.03198388337862504,0.751953125,,
13.076865000000224,1399,,,,0.1484375,-0.134765625,-0.88671875,0.018062158405412344,0.7529393785943246,12.120001792907715,1.9986978769302368,3013,3013,24.224221851875313,5.698254205435207,23.52296077982822,0.13213509812815,0.031082087309072262,0.748046875,,
13.098770000001416,1399,,,,0,-0.333984375,-0.841796875,0.018193103116659642,0.7579073314517449,12.12171459197998,1.9259207248687744,3015,3013,23.345461353638484,5.74089229379707,24.591042373648907,0.13201908216788008,0.032464868437205766,0.75,,
13.120169999999925,1399,,,,0.21875,-0.25390625,-0.98828125,0.01838455417766886,0.7634643256994189,12.120572090148926,1.9328962564468384,3014,3014,23.42780841904289,5.803000339357693,24.769710574553034,0.13156372239397857,0.03258795325809691,0.74609375,,
13.143490000000224,1399,,,,-0.01171875,-0.078125,-0.6953125,0.017920295579755375,0.7621306470799771,12.121713638305664,1.9049943685531616,3013,3014,23.091796218186346,5.656957144696906,24.49769212947441,0.13472448660751016,0.03300438995212282,0.744140625,,
13.170490000000223,1399,,,,0.375,-0.3984375,-0.92578125,0.01793785636803473,0.7633198438489792,12.122856140136719,1.8756974935531616,3013,3013,22.73881087676,5.660459183025805,24.89338256826362,0.13485122304882444,0.03356903085152635,0.740234375,,
13.193620000001044,1399,,,,-0.134765625,-0.228515625,-0.814453125,0.017899639823586347,0.754873212592515,12.120500564575195,1.92138671875,3013,3013,23.288168809376657,5.6475209191161095,24.250601089950077,0.133664527038292,0.03241445125082466,0.736328125,,
13.217815000001341,1399,,,,0.26171875,-0.19140625,-0.82421875,0.017992548666419448,0.7518168657562944,12.122285842895508,1.9559152126312256,3016,3014,23.710163291983463,5.678403984941734,23.94924031105949,0.1323993269499667,0.031708632981472876,0.736328125,,
13.243259999999777,1399,,,,0.1484375,0.12109375,-1.01171875,0.018132379899763088,0.7601301291508146,12.120500564575195,1.904296875,3014,3015,23.08103134855628,5.72416742123105,24.800310414157885,0.1327931336060292,0.032933109342982665,0.736328125,,
13.268415000000969,1399,,,,0.236328125,-0.4453125,-0.828125,0.017856358341619468,0.7596411136570193,12.1225004196167,1.968994140625,3014,3014,23.869132295949385,5.635254417828758,23.608962185797875,0.13480156481554315,0.031825250463165394,0.734375,,
13.293365000000223,1399,,,,0.0625,-0.265625,-0.884765625,0.017912337589946127,0.7611637300808819,12.121999740600586,1.9805908203125,3015,3014,24.008721410064027,5.653262015252444,23.546701711831677,0.1346415092785846,0.03170363457013649,0.728515625,,
13.317794999999926,1399,,,,0.0234375,-0.30078125,-0.8359375,0.01835051637784736,0.7645757245489536,12.119501113891602,1.939697265625,3015,3015,23.50816317135468,5.793542646533942,24.644812120385172,0.13197032820779708,0.03252383944146727,0.72265625,,
13.341109999999404,1399,,,,0.265625,-0.064453125,-1.0546875,0.01785830036445259,0.7596744556225052,12.120499610900879,1.927490234375,3013,3015,23.36214463575743,5.637542354992798,24.13109944694091,0.13475277129398627,0.032517325248460675,0.724609375,,
13.364669999999926,1399,,,,0.13671875,-0.158203125,-0.87890625,0.01772004547012035,0.7547731866960569,12.122285842895508,1.9154576063156128,3015,3014,23.21972462370627,5.592525255507246,24.085235058289776,0.1349610689648282,0.032505690697359445,0.724609375,,
13.388450000001118,1399,,,,0.01171875,-0.244140625,-0.94921875,0.017894028107010004,0.7659427451338815,12.119501113891602,1.923828125,3012,3014,23.31583710387349,5.6470631556450845,24.21986021984572,0.1356355903985609,0.03285075040289394,0.7265625,,
13.40969000000134,1399,,,,-0.21875,-0.001953125,-1.146484375,0.018073804813317936,0.7608747663800027,12.122857093811035,1.9468470811843872,3014,3014,23.601348948701457,5.7042719847433885,24.16926251606155,0.1333868315562501,0.03223861348068691,0.71875,,
13.430669999999925,1399,,,,0.3359375,-0.3671875,-0.953125,0.018723335016509673,0.7579629013942217,12.126666069030762,1.94580078125,3018,3015,23.596076311077923,5.911888611774416,25.054540991626194,0.1282099429080285,0.03212241270123254,0.716796875,,
13.45149499999918,1399,,,,0.21875,-0.14453125,-1.138671875,0.018658346000717637,0.7647646623533745,12.123428344726562,1.8701171875,3018,3017,22.67223171889782,5.89410185008099,25.997007807432215,0.12975083936543547,0.03373133584004109,0.7109375,,
13.474689999999478,1399,,,,0.25,-0.349609375,-0.951171875,0.01774295178174701,0.7669318901099673,12.119999885559082,1.8505859375,3015,3016,22.429101350717247,5.60470604255847,24.988544814700035,0.13683713013428153,0.03419360758675434,0.7109375,,
13.500410000002011,1399,,,,0.0234375,-0.072265625,-0.859375,0.017700871592793255,0.7667429523055465,12.122000694274902,1.927490234375,3013,3015,23.365037959301844,5.5885518704862305,23.9184369407856,0.1371988611852745,0.03281582309607585,0.70703125,,
13.524355000000448,1399,,,,0.111328125,-0.0625,-0.896484375,0.017853489742774953,0.7551066063509173,12.120000839233398,1.9000244140625,3014,3013,23.028297493001446,5.633226561738805,24.4621929321992,0.13404513347282077,0.03279037916634534,0.703125,,
13.548349999999628,1399,,,,0.0625,-0.255859375,-1.037109375,0.01791339188281387,0.7541841453058035,12.122285842895508,1.9391740560531616,3012,3013,23.5072222066035,5.652812495995418,24.047130904337415,0.13341750603616956,0.03208308232581997,0.697265625,,
13.572930000001564,1399,,,,-0.0625,0.0703125,-0.912109375,0.017791661789044427,0.7647535483648792,12.120999336242676,1.9036865234375,3013,3013,23.074583087000065,5.612998686157034,24.32546089779333,0.13624687820628573,0.03314268108253414,0.69140625,,
13.594925000000744,1399,,,,-0.0625,-0.09375,-1.013671875,0.017896513275817528,0.766665154386079,12.12399959564209,1.9049072265625,3012,3012,23.095094444579445,5.644935432182142,24.442140497533412,0.13581468975097064,0.033196017285221355,0.69140625,,
13.618135000001638,1399,,,,-0.125,-0.03125,-1.03515625,0.018053853595868474,0.765676009409993,12.122666358947754,1.9718424081802368,3013,3012,23.903987626793082,5.694833722241946,23.823781250032194,0.13445098606119815,0.032031308807731126,0.69140625,,
13.643360000001266,1399,,,,-0.236328125,0.0625,-1.107421875,0.01788338540827194,0.7549065545580012,12.118499755859375,1.910400390625,3012,3012,23.151186667382717,5.64130960215192,24.367258936665472,0.13381760757644579,0.03260768294100341,0.689453125,,
13.672440000001341,1399,,,,0.2109375,0.0703125,-1.2578125,0.018068723247456,0.7510277725731247,12.12399959564209,1.9378662109375,3011,3012,23.49468915781472,5.6998173165892725,24.26002437531045,0.13176348132900056,0.031965852688173174,0.69140625,,
13.694970000000671,1399,,,,0.125,0.13671875,-1.181640625,0.018219430675015764,0.7538618396394384,12.121334075927734,1.9281684160232544,3015,3014,23.371973525270278,5.750042770209292,24.602298834508876,0.13110543169264097,0.03225495009329644,0.693359375,,
13.718980000000448,1399,,,,-0.203125,-0.0546875,-1.2265625,0.017989186247694935,0.7552510882013569,12.122858047485352,1.8708146810531616,3012,3014,22.67962081155906,5.677955823224575,25.035497155802123,0.13301461154596325,0.033300869290390875,0.697265625,,
13.744820000000297,1399,,,,0.173828125,0.0546875,-1.20703125,0.01787416603983882,0.7540507774438594,12.121500015258789,1.9635009765625,3014,3013,23.80057711736299,5.640141036481802,23.69749695005172,0.13369360315043113,0.03168203752898766,0.697265625,,
13.904629999998956,1399,,,,-0.125,0.142578125,-1.111328125,0.01796703561742397,0.7642423048940932,12.123001098632812,1.9091796875,3011,3012,23.14498744904995,5.6679955228465095,24.48908445218953,0.13483466982526568,0.03301977616434022,0.693359375,,
13.936435000000522,1399,,,,0.283203125,-0.20703125,-1.166015625,0.017933292025747515,0.7623973828038655,12.120832443237305,1.9163657426834106,3012,3012,23.227948067025636,5.656545619262961,24.352325926253407,0.13478144332604264,0.03282241636686642,0.705078125,,
13.96075,1399,,,,0.34375,-0.126953125,-0.982421875,0.01824966690191181,0.7586705151492349,12.121600151062012,1.91845703125,3014,3012,23.25476903980598,5.757047554265441,24.75641682104392,0.13178117915443135,0.032624298003157665,0.734375,,
13.981995000001042,1399,,,,0.2109375,-0.078125,-1.08203125,0.01826352233458995,0.7579295594287356,12.122000694274902,1.9305419921875,3014,3014,23.402031369623728,5.764808887196731,24.633796939010857,0.13147522741162304,0.03238734054568196,0.7421875,,
14.004044999999925,1399,,,,-0.09375,-0.03515625,-0.955078125,0.01780708366931496,0.7668429782020045,12.12171459197998,1.8491908311843872,3014,3014,22.415363481723375,5.620687866911879,25.075158256946278,0.13643222971271732,0.03421059751394435,0.744140625,,
14.025929999999702,1399,,,,0.046875,0.255859375,-1.009765625,0.017834922310914526,0.765864947214414,12.12171459197998,1.8547712564468384,3012,3013,22.483007804056683,5.627535638998484,25.03017251091773,0.13609242061605364,0.034064167654481996,0.748046875,,
14.048335000000893,1399,,,,-0.298828125,0.2265625,-0.873046875,0.01786841403034807,0.7597855955074587,12.121713638305664,1.9091796875,3012,3013,23.142529455944896,5.637227541619886,24.35873551485006,0.13478001196473444,0.03283070664137293,0.755859375,,
14.074705000000074,1399,,,,-0.0625,0.181640625,-0.986328125,0.017829092609331732,0.7558401295916103,12.118000984191895,1.7985025644302368,3013,3012,21.794255845837256,5.624134479597301,25.805581614623108,0.13439225757022258,0.03468070371101829,0.755859375,,
14.097355000000446,1399,,,,-0.423828125,0.302734375,-1.013671875,0.017826239660692807,0.7535951039155501,12.121777534484863,1.9867621660232544,3012,3012,24.08308899046517,5.622615514975851,23.346737277771645,0.13402927906209264,0.03129146365791817,0.76171875,,
14.122480000000447,1399,,,,-0.375,0.044921875,-0.751953125,0.017950197253813433,0.7590187303012798,12.124571800231934,1.9210379123687744,3011,3012,23.291762099482867,5.660967245975106,24.30458984509718,0.13407933614894785,0.032587432718030884,0.759765625,,
14.147105000000447,1399,,,,-0.25,0.263671875,-0.9921875,0.017988612919181173,0.7596522276455147,12.120999336242676,1.9232177734375,3011,3011,23.311321355286054,5.672887005952417,24.33533011489303,0.1339092823192901,0.03258726590688333,0.76171875,,
14.171875,1399,,,,-0.361328125,-0.037109375,-0.71484375,0.018084542920669834,0.7616749735516679,12.120572090148926,1.9405691623687744,3011,3011,23.520808428410646,5.702987265618394,24.246561435064407,0.13355719346307832,0.03238302696397311,0.7578125,,
14.193140000000597,1399,,,,-0.412109375,0.158203125,-0.76953125,0.01796908886850397,0.7666873823630697,12.119999885559082,1.9183349609375,3011,3011,23.250219507026486,5.665968879069801,24.369528542977754,0.135314435840837,0.03297549006500209,0.7578125,,
14.217759999999776,1399,,,,-0.13671875,-0.04296875,-0.78515625,0.017907522496781184,0.7648869162268234,12.123428344726562,1.9259207248687744,3011,3011,23.348761905570427,5.646546704145832,24.183495154827494,0.13546100941044634,0.032759206647455706,0.759765625,,
14.245020000001416,1399,,,,-0.3125,-0.1171875,-0.7734375,0.01804187615816783,0.7598856214039169,12.120498657226562,1.90185546875,3010,3011,23.05143665522337,5.6890448736243915,24.67978442608381,0.13356998200645356,0.032964783617151674,0.7578125,,
14.268804999999702,1399,,,,-0.103515625,-0.083984375,-0.740234375,0.01807406262250826,0.7583518909915589,12.121500968933105,1.9140625,3012,3011,23.201310448348522,5.698901031596632,24.56284115625151,0.13306984746480063,0.03268573525964516,0.76171875,,
14.293220000000671,1399,,,,-0.0625,0.18359375,-0.96875,0.017979697192683324,0.760463548805675,12.123000144958496,1.873779296875,3011,3011,22.715826687635854,5.669646805210705,24.959015945902927,0.13412891048288383,0.033477256155488834,0.76171875,,
14.314195000000298,1399,,,,0,0.275390625,-1.119140625,0.01809741258951664,0.7593966059101216,12.1225004196167,1.8988037109375,3010,3011,23.01824878260959,5.707087027413482,24.79374986912652,0.13306203361932767,0.032991067786349144,0.76171875,,
14.336305000001564,1399,,,,0.01171875,0.19921875,-1.287109375,0.018032340012805466,0.7578517615092683,12.119332313537598,1.84326171875,3012,3011,22.339101310353726,5.686623875203766,25.45592052339245,0.13326919067284232,0.03392489925984708,0.755859375,,
14.358135000001639,1399,,,,-0.0625,0.328125,-0.935546875,0.01788651251497667,0.7527726687668943,12.118858337402344,1.8910435438156128,3011,3011,22.917288817360713,5.640646219637638,24.613060753349824,0.13345504033671754,0.0328473701564838,0.755859375,,
14.379064999999478,1399,,,,0.046875,0.29296875,-1.375,0.017854839992209146,0.753306140214671,12.119999885559082,1.8924386501312256,3011,3011,22.936356223018038,5.630196357243795,24.54703921799727,0.13379748989490736,0.03284332231719885,0.759765625,,
14.401835000000894,1399,,,,-0.3125,0.5546875,-1,0.01785108673754678,0.753306140214671,12.119999885559082,1.8888345956802368,3011,3011,22.892675083484505,5.628929623166767,24.588343662937206,0.13382759967620098,0.03290599012424414,0.76953125,,
14.424325000001117,1399,,,,-0.15625,0.283203125,-1.21484375,0.018016610298580312,0.7612415280003493,12.1225004196167,1.9390869140625,3012,3011,23.506581929395907,5.68158087751363,24.1701702722189,0.13398410484891018,0.0323841862796899,0.775390625,,
14.44695999999903,1399,,,,-0.048828125,0.138671875,-1.150390625,0.018069291126344603,0.7536395598695315,12.120000839233398,1.9091796875,3011,3011,23.139259414747357,5.698272447688392,24.625993189983898,0.13225755117680604,0.03256973554603973,0.76953125,,
14.471945000000298,1399,,,,0.078125,-0.125,-1.2890625,0.018030257138122025,0.7709329259682925,12.120000839233398,1.8666294813156128,3011,3011,22.62355088008303,5.6859765033327765,25.132997615942365,0.13558496513596532,0.03407656605519846,0.765625,,
14.497030000001192,1399,,,,0.0859375,-0.142578125,-1.08203125,0.017948237624499028,0.7614304658047701,12.120500564575195,1.9219970703125,3011,3011,23.295566575834528,5.660113373630972,24.296955196197917,0.13452565620895174,0.03268563841648024,0.76171875,,
14.523849999999628,1399,,,,0.291015625,-0.263671875,-1.150390625,0.01791920803020075,0.7630086521711096,12.12171459197998,1.9126673936843872,3013,3012,23.184808255628354,5.651662638266766,24.376577006604165,0.13500605060975593,0.032909853890462144,0.7578125,,
14.546865000000224,1399,,,,0.111328125,-0.201171875,-1.203125,0.017895139551074947,0.7609081083454888,12.120444297790527,1.9156900644302368,3011,3012,23.21901471775743,5.644778833944628,24.311017941806185,0.1347985688597402,0.0327709042607894,0.759765625,,
14.574845000000671,1399,,,,0.111328125,-0.220703125,-0.71875,0.017850712529952375,0.7775568631115197,12.120573043823242,1.9175502061843872,3012,3011,23.241807339256184,5.629191502889315,24.22011085765014,0.1381294032566525,0.03345509459577183,0.759765625,,
14.597555000001565,1399,,,,0.298828125,-0.1953125,-1.15234375,0.017985071670657653,0.768965750004616,12.119111061096191,1.9601778984069824,3012,3010,23.755613650300347,5.669815347800736,23.86726535994599,0.13562447854724052,0.03236985418791292,0.765625,,
14.62283999999985,1399,,,,0.162109375,0.01953125,-0.9296875,0.018199660413068454,0.7561068653154986,12.12114429473877,1.8980189561843872,3014,3013,23.00616164206042,5.741934759109835,24.95824748363191,0.13168154934465276,0.03286540697571931,0.767578125,,
14.647574999999255,1399,,,,0.423828125,-0.09375,-1.099609375,0.01837287951380614,0.7654426156515907,12.123000144958496,1.9134521484375,3018,3016,23.19678067287896,5.801946165156299,25.011859391073937,0.13192859669199813,0.0329977951012196,0.76953125,,
14.672495000001042,1399,,,,-0.0625,-0.091796875,-0.79296875,0.017979557877906765,0.7652870198126559,12.121000289916992,1.9512939453125,3016,3016,23.651634476846084,5.678403729419588,24.00850450728256,0.13477150556374387,0.032356622987804014,0.771484375,,
14.697290000000969,1399,,,,0.0859375,-0.11328125,-0.95703125,0.017904830242217527,0.7659872010878628,12.120000839233398,1.925048828125,3016,3016,23.33159341244027,5.654310497509483,24.234566399115447,0.13546960348662354,0.0328304710075842,0.765625,,
14.721770000001415,1399,,,,0.07421875,0.05859375,-1.02734375,0.017981070637957945,0.7681210868789695,12.1182861328125,1.9091796875,3016,3016,23.135985732078552,5.679501318898008,24.548343799431265,0.1352444596364682,0.033200274921243264,0.765625,,
14.746905000001192,1399,,,,0.19921875,-0.2578125,-0.87890625,0.017714058707545725,0.7639088852392327,12.121001243591309,1.9171142578125,3013,3015,23.23734430305194,5.593609588260671,24.071638803948947,0.13656814498502917,0.032874190582049545,0.76171875,,
14.772800000000744,1399,,,,0.162109375,-0.09765625,-1.072265625,0.017873880144118823,0.7610192482304424,12.119500160217285,1.9195556640625,3014,3014,23.264055178151466,5.641995568368203,24.251986702932626,0.1348847653296805,0.032712235352036,0.7578125,,
14.920925000000745,1399,,,,0.173828125,-0.01171875,-1.09375,0.01794798219078634,0.7623306988728934,12.120999336242676,1.8817138671875,3014,3014,22.808252535178326,5.664614287998612,24.835810105407198,0.1345776888089296,0.033423459236831585,0.751953125,,
14.95300500000082,1399,,,,0.0703125,-0.11328125,-0.8828125,0.01799641925832357,0.7607565413273835,12.121198654174805,1.9119141101837158,3012,3012,23.174690739256675,5.676796174582637,24.495671758702052,0.13401160054567487,0.03282704178825148,0.763671875,,
14.97936999999918,1399,,,,-0.025390625,-0.09765625,-0.896484375,0.01789789269995976,0.7587149711032163,12.11745548248291,1.8341618776321411,3011,3011,22.225374899874737,5.644304846047101,25.395768896923816,0.13442133119981467,0.03413733061967348,0.79296875,,
15.001300000000745,1399,,,,0.103515625,-0.306640625,-0.591796875,0.017861621282185488,0.753817383685457,12.120999336242676,1.923828125,3011,3011,23.31871942616999,5.632707239635864,24.155302599140256,0.13382861058019213,0.03232670584987044,0.802734375,,
15.024875,1399,,,,-0.15625,0.056640625,-0.62890625,0.018162151900689105,0.7605413467251425,12.118858337402344,1.884765625,3012,3011,22.84120760858059,5.7272399719394995,25.07415575430429,0.132793693026903,0.033296897421458374,0.802734375,,
15.047105000000448,1399,,,,0.19921875,-0.240234375,-0.87109375,0.018104906662517288,0.763242045929512,12.122285842895508,1.923828125,3012,3011,23.32119444385171,5.7094624202686575,24.481861055679648,0.1336801943419391,0.03272739943775605,0.798828125,,
15.075295000001788,1399,,,,-0.03125,-0.111328125,-0.814453125,0.017885787994298175,0.7611748440693772,12.12114429473877,1.9070870876312256,3014,3012,23.116077771811206,5.642287037130872,24.408496514107306,0.13490537419670834,0.03292837355814698,0.79296875,,
15.096825000001118,1399,,,,0.05078125,-0.26953125,-0.78125,0.018471448913734426,0.7589853883357937,12.121334075927734,1.9547525644302368,3018,3015,23.694208869235354,5.831587363544054,24.611867801654302,0.13015073615814485,0.0320325271261225,0.7890625,,
15.118650000000372,1399,,,,0.328125,-0.486328125,-0.76953125,0.018240954179191245,0.7646868644339071,12.12066650390625,1.88232421875,3016,3017,22.815024107694626,5.762604537428918,25.257937533738627,0.13269813319084445,0.03351681158978078,0.787109375,,
15.143835000000895,1399,,,,0.015625,-0.359375,-0.595703125,0.017694904672443577,0.7592632380481774,12.12171459197998,1.9070870876312256,3015,3016,23.11716537831603,5.58855657127395,24.174921448267323,0.1358603475450009,0.03284413229834695,0.7890625,,
15.167995000001044,1399,,,,0.037109375,-0.30859375,-0.833984375,0.017801435202702273,0.7585519427844751,12.121000289916992,1.934814453125,3013,3014,23.45188654726371,5.619404787940217,23.961418952864033,0.13498795182229983,0.03234502867203152,0.791015625,,
15.193170000001787,1399,,,,0.162109375,-0.390625,-0.669921875,0.017951990040757523,0.76797660502853,12.120500564575195,1.912841796875,3013,3014,23.18460007896647,5.665266967319611,24.435474185553254,0.1355587670375718,0.03312442752572013,0.791015625,,
15.219265000000597,1399,,,,0.201171875,-0.27734375,-0.7421875,0.01779687135123066,0.7608636523915076,12.119500160217285,1.9091796875,3013,3013,23.138303528539836,5.615856759067023,24.270823278552683,0.13548487524420258,0.032883294639687984,0.78515625,,
15.246395000001415,1399,,,,0.236328125,-0.41796875,-0.794921875,0.01798424665155515,0.7604302068401889,12.118501663208008,1.878662109375,3015,3014,22.766569897066802,5.675966262867911,24.931143727537062,0.13397370097403719,0.033401175946937936,0.78515625,,
15.415385000001638,1399,,,,0.0859375,-0.369140625,-0.8828125,0.018126077058929112,0.7599967612888704,12.123111724853516,1.9194878339767456,3015,3014,23.270165465797163,5.721713349152183,24.588193657505542,0.13282678018140898,0.03265970594003403,0.78125,,
15.436550000000745,1399,,,,0.111328125,-0.294921875,-0.822265625,0.018117150215719934,0.7605683676096717,12.120840072631836,1.9395902156829834,3017,3016,23.50946281073493,5.7223198491494465,24.340495974823,0.13291259273504627,0.03235158428470682,0.78125,,
15.469929999999701,1399,,,,0.109375,0.0546875,-1.0625,0.018341520583779834,0.7661427969267978,12.123428344726562,1.9301060438156128,3021,3020,23.39950231992225,5.800550247565341,24.78920349783155,0.13208105511168877,0.03274184153371957,0.7890625,,
15.496745000001043,1399,,,,0.10546875,0.1640625,-0.892578125,0.018136810415325746,0.7645201546064769,12.121600151062012,1.86572265625,3020,3021,22.615544031839818,5.738065821587891,25.37222104190561,0.13323656060726605,0.03380507466590808,0.7890625,,
15.51881000000052,1399,,,,0.19921875,-0.1875,-0.984375,0.017918158907490215,0.7758008529292548,12.122000694274902,1.875,3020,3020,22.728751301765442,5.6668472212354395,24.93250573248725,0.13690167083066715,0.034133016927726904,0.7890625,,
15.543480000000446,1399,,,,0.162109375,-0.275390625,-0.98828125,0.017994191658538588,0.7736113971956714,12.12171459197998,1.9182478189468384,3019,3019,23.252452577961662,5.689159704699025,24.46692315842471,0.13597990517944125,0.03327009891115267,0.78515625,,
15.570945000000298,1399,,,,-0.2109375,-0.13671875,-0.953125,0.018128828420965665,0.7714219414620878,12.121001243591309,1.8951416015625,3018,3018,22.971013709320687,5.729823916593747,24.943713799921778,0.1346327483516598,0.03358240742980693,0.779296875,,
15.593060000000522,1399,,,,0.07421875,-0.015625,-1.1875,0.018062709935425462,0.7624307247693516,12.123556137084961,1.9265408515930176,3016,3017,23.356526164675415,5.70747188309372,24.436304623611978,0.1335846659232385,0.03264315589543695,0.775390625,,
15.618334999999032,1399,,,,0.048828125,0.099609375,-1.0859375,0.017707613198319705,0.7542174872712895,12.121142387390137,1.8938337564468384,3015,3015,22.95542861993806,5.591646436246718,24.358710651083477,0.13488290003141598,0.03285573533644281,0.765625,,
15.642929999999701,1399,,,,0.037109375,-0.318359375,-0.94921875,0.017911091442325916,0.7518835496872666,12.119999885559082,1.9439697265625,3012,3014,23.56091286346782,5.653270729468467,23.994277141248205,0.13299974221435532,0.0319123267440581,0.759765625,,
15.663474999999627,1399,,,,0.203125,-0.318359375,-0.87109375,0.017975757672627622,0.7573405180384822,12.120499610900879,1.9195556640625,3013,3013,23.26597367937211,5.6723434100233945,24.380425630123366,0.133514574717076,0.03255142159427221,0.751953125,,
15.68472000000067,1399,,,,0.111328125,-0.029296875,-0.962890625,0.01803259684385794,0.7595744297260472,12.11933422088623,1.9140625,3012,3013,23.19716315716505,5.688994325398678,24.524526067496677,0.1335164681629063,0.032744281039012856,0.748046875,,
15.706870000001043,1399,,,,-0.015625,0.173828125,-1.1484375,0.017905396584032368,0.7663761906851999,12.118667602539062,1.8660482168197632,3012,3013,22.614018069949452,5.64866959465928,24.97861979762673,0.1356737507553629,0.03388943036636182,0.744140625,,
15.73043999999948,1399,,,,0.171875,0.046875,-0.974609375,0.01796575467604311,0.769221371740009,12.1225004196167,1.9219970703125,3013,3012,23.299410291365348,5.667174731396039,24.323253938732808,0.13573277835930087,0.03301462835843012,0.74609375,,
15.752730000000447,1399,,,,0.291015625,-0.125,-1.21875,0.01807344667513105,0.7530949744332595,12.120572090148926,1.9294084310531616,3012,3011,23.38553397992098,5.699391971128891,24.371442516653406,0.13213602051730655,0.03220345428416872,0.7421875,,
15.775644999999553,1399,,,,0.0625,0.0234375,-0.91015625,0.017980105635102463,0.7470600786802856,12.124000549316406,1.9112722873687744,3010,3011,23.172266261952245,5.670127837671806,24.4694574694314,0.13175365707222464,0.0322394050817085,0.7421875,,
15.798290000000968,1399,,,,0.048828125,0.03125,-1.025390625,0.01804409569268224,0.7560290673960312,12.120572090148926,1.9252232313156128,3012,3011,23.334806964790346,5.6903371636226465,24.385619183431594,0.13286191057872562,0.032399199553559445,0.744140625,,
15.824169999999926,1399,,,,0.09375,0.109375,-1.091796875,0.018031817966661815,0.7539952075013826,12.121142387390137,1.9405691623687744,3012,3012,23.521915129650324,5.686740324164774,24.17634913152292,0.13258829567044172,0.03205500926882188,0.75,,
15.847379999998957,1399,,,,0.048828125,-0.17578125,-0.8046875,0.017992870076403423,0.7547657542162506,12.120500564575195,1.900634765625,3013,3012,23.036644749809057,5.67517739136168,24.63543390540291,0.1329942136020448,0.03276370158994211,0.759765625,,
15.87382000000216,1399,,,,-0.1484375,0.25390625,-1,0.0180286225300416,0.7571515802340614,12.123428344726562,1.9391740560531616,3012,3012,23.509437716513276,5.686241858629131,24.187060223201577,0.13315500801026417,0.03220628197765148,0.767578125,,
