Time (s),ESC signal (µs),Servo 1 (µs),Servo 2 (µs),Servo 3 (µs),AccX (g),AccY (g),AccZ (g),Torque (N·m),Thrust (N),Voltage (V),Current (A),Motor Electrical Speed (RPM),Motor Optical Speed (RPM),Electrical Power (W),Mechanical Power (W),Motor Efficiency (%),Propeller Mech. Efficiency (N/W),Overall Efficiency (N/W),Vibration (g),App message,
0,1396,,,,-0.375,0.29296875,-0.857421875,0.016204262972982924,0.5881078152198219,12.12600040435791,1.8505859375,3009,3009,22.440205826424062,5.10674535690919,22.75712351486471,0.11516294119191575,0.026207772770395276,0.62109375,,
0,1396,,,,-0.09375,0.1328125,-0.8515625,0.016323886297558605,0.5890858462074126,12.124000549316406,1.8031529188156128,3007,3009,21.86142697822197,5.143149550334417,23.526138323257427,0.11453795781013389,0.026946358387046333,0.62109375,,
0.02428999999910593,1396,,,,-0.2109375,0.28125,-0.99609375,0.01635310718767344,0.5910307941940985,12.122668266296387,1.8636068105697632,3010,3008,22.59188714334789,5.151921822900062,22.804300456223856,0.11472045083584015,0.026161196293339562,0.623046875,,
0.049814999997615815,1396,,,,-0.25,0.0390625,-0.7421875,0.01682647406550714,0.5890747322189172,12.121500015258789,1.8292236328125,3015,3011,22.172934293048456,5.305886632114592,23.929564585315468,0.11102286442636432,0.026567288047374085,0.619140625,,
0.07213999999687076,1396,,,,-0.173828125,0.04296875,-0.880859375,0.017192650170033755,0.5850070124296199,12.124499320983887,1.82373046875,3015,3015,22.111818830017,5.428069500137211,24.548272314752126,0.10777441453445506,0.02645675676554782,0.615234375,,
0.09581999999843538,1396,,,,-0.125,0.099609375,-0.775390625,0.01613831691917218,0.5867296806463987,12.12399959564209,1.8157087564468384,3012,3014,22.01365222896527,5.093312434566879,23.137062317470278,0.11519609059605876,0.02665299126849963,0.611328125,,
0.12032999999821187,1396,,,,-0.111328125,0.009765625,-0.826171875,0.016198892297519484,0.5909418822861356,12.123498916625977,1.82861328125,3012,3012,22.169191134162247,5.109674855103653,23.048539859579062,0.11565156277916397,0.026655996545381706,0.609375,,
0.16050499999895693,1396,,,,-0.111328125,0.125,-0.9765625,0.016414444255937518,0.5893636959197962,12.127500534057617,1.90185546875,3012,3012,23.064753212966025,5.17788121249318,22.449324147038325,0.11382333269789599,0.025552568912312532,0.603515625,,
0.18496999999694527,1396,,,,-0.1171875,0.037109375,-0.970703125,0.016316072421514744,0.595361568198595,12.124307632446289,1.892653226852417,3014,3013,22.947109963900857,5.148380914145284,22.435857597076218,0.11564054372177993,0.025944947713903207,0.595703125,,
0.20910999999940397,1396,,,,-0.0234375,-0.0078125,-0.82421875,0.016265092365869697,0.5826841888340923,12.123428344726562,1.8150111436843872,3014,3014,22.004157545337875,5.133774754713856,23.330930730413595,0.11350014690439408,0.02648064065318185,0.587890625,,
0.23104999999701978,1396,,,,-0.099609375,0.1796875,-1.029296875,0.015882860569579528,0.576571495161651,12.125,1.7962646484375,3011,3013,21.779708862304688,5.010779587760447,23.006641729875792,0.11506622573661196,0.026472874307312447,0.583984375,,
0.25491499999910594,1396,,,,0,0.251953125,-0.986328125,0.01593879510303307,0.5804613911350227,12.125715255737305,1.8687220811843872,3011,3011,22.65959184855069,5.025400739961512,22.17780785086355,0.11550549322748503,0.025616586345183844,0.580078125,,
0.2812999999988824,1396,,,,-0.037109375,0.232421875,-1.21875,0.01602683757033112,0.5727593971077467,12.12350082397461,1.7962646484375,3010,3010,21.777015945408493,5.051442657158198,23.196211408493063,0.1133853110845695,0.02630109646535426,0.580078125,,
0.3058899999987334,1396,,,,0.0234375,0.12890625,-1.142578125,0.016044048324994346,0.5749933087953115,12.123499870300293,1.78466796875,3008,3009,21.636421887669712,5.055360460187318,23.365048465191446,0.11373932943527555,0.026575249446535894,0.583984375,,
0.33152999999932947,1396,,,,0.0859375,-0.23828125,-1.1328125,0.01608898132285305,0.5842957171659177,12.121500015258789,1.8499755859375,3008,3009,22.424479093169793,5.068837136533454,22.604035150485867,0.1152721425895948,0.026056155629670195,0.5859375,,
0.354125,1396,,,,0.21875,-0.08203125,-1.23828125,0.01624727113528786,0.5849181005216572,12.124001502990723,1.7354910373687744,3008,3008,21.04109594548595,5.118164134326468,24.324608126814297,0.11428279460573224,0.027798841944216432,0.58984375,,
0.37828499999828635,1396,,,,0.078125,-0.21484375,-0.95703125,0.01623862886818593,0.5810393185367807,12.12171459197998,1.8317521810531616,3008,3008,22.203977141963264,5.115347527463947,23.037978713266007,0.11358745723867651,0.026168254219586427,0.58984375,,
0.3993799999989569,1396,,,,0.099609375,-0.01171875,-1.01953125,0.01625804560316765,0.5810393185367807,12.12600040435791,1.8267822265625,3009,3008,22.15156201797072,5.121265004460518,23.119204868287984,0.11345621014157777,0.02623017365842669,0.58203125,,
0.422304999999702,1396,,,,0.140625,-0.34375,-0.82421875,0.01614729440808852,0.5818284117199505,12.123429298400879,1.8519810438156128,3009,3008,22.452361246677242,5.086284422107413,22.6536726637611,0.11439163905011825,0.0259139074651249,0.58203125,,
0.4446399999987334,1396,,,,0.0625,0.009765625,-0.908203125,0.01621793901692615,0.5755045522660975,12.125715255737305,1.7961775064468384,3007,3008,21.77993699193462,5.108762126103806,23.456275966251162,0.11265048911271305,0.026423609603609694,0.58984375,,
0.4685999999977648,1396,,,,0,-0.279296875,-0.697265625,0.016262476847093667,0.5735151483254303,12.12457275390625,1.7717634439468384,3008,3008,21.48187477884494,5.122527483206792,23.84581204360891,0.11195940874999458,0.02669763017565954,0.6015625,,
0.49452999999932945,1396,,,,0.19921875,-0.5,-0.712890625,0.016257619694001194,0.5703587755927516,12.12399959564209,1.8122209310531616,3007,3008,21.971365835302663,5.120830742701372,23.306838460053484,0.11138012643860055,0.02595918614564795,0.615234375,,
0.5170049999989569,1396,,,,-0.26171875,0.20703125,-0.93359375,0.01639414021019236,0.5742486715661232,12.122666358947754,1.7995877265930176,3007,3008,21.815801593144442,5.163696161208305,23.669522933463895,0.11120884220107734,0.026322602408823673,0.626953125,,
0.5470049999970943,1396,,,,-0.111328125,0.05078125,-1.11328125,0.016287949233501405,0.5815505620075667,12.12600040435791,1.95556640625,3007,3008,23.713199032936245,5.1300891364347585,21.633897346829354,0.11336071295083289,0.02452434027141707,0.62890625,,
0.5709899999983609,1396,,,,-0.197265625,0.166015625,-1.01953125,0.01631948227206492,0.5829064686039991,12.124000549316406,1.82275390625,3009,3008,22.099069360643625,5.1410893947188585,23.263827588480527,0.1133818970747299,0.02637696905201361,0.625,,
0.5975749999992549,1396,,,,0.099609375,0.01953125,-1.265625,0.016667313291184368,0.5802724533306017,12.124000549316406,1.8426513671875,3013,3011,22.340306187979877,5.254669425915057,23.52102689059075,0.11042986842689008,0.025974239047932803,0.619140625,,
0.620289999999106,1396,,,,-0.1484375,0.16015625,-1.125,0.016743179060128437,0.5850625823720966,12.125001907348633,1.8463134765625,3012,3013,22.386554424883798,5.28196987314965,23.594385151466053,0.11076598246919243,0.02613455252058663,0.611328125,,
0.6450649999976158,1396,,,,0.2109375,0.0546875,-1.125,0.01630597771140678,0.5816728158810156,12.123429298400879,1.7905970811843872,3014,3013,21.708177115661897,5.144790384293523,23.699780764095976,0.11306054716180441,0.026795101808034977,0.607421875,,
0.6703899999987334,1396,,,,0.07421875,-0.046875,-1.173828125,0.016222553452097974,0.5846624787862642,12.12350082397461,1.790771484375,3011,3012,21.710419566370547,5.116558910180632,23.56729631382244,0.114268688986056,0.026930040527264002,0.607421875,,
0.6971149999983609,1396,,,,0.037109375,-0.025390625,-1.1328125,0.016080814989681867,0.5794722461589367,12.122000694274902,1.8048095703125,3010,3010,21.877902864362113,5.069107078548107,23.169986218402133,0.11431446153725934,0.026486644983823596,0.607421875,,
0.7208049999978393,1396,,,,-0.0625,0.0859375,-1.0859375,0.01606497281929749,0.5772272204828766,12.124000549316406,1.7740885019302368,3008,3009,21.50904997193811,5.062432600855912,23.53629103777545,0.11402170971822596,0.026836481445529154,0.607421875,,
0.7443449999988079,1396,,,,-0.1875,0.2109375,-0.990234375,0.016127810041861215,0.5799168056987507,12.125143051147461,1.8526785373687744,3009,3008,22.463992293387037,5.080671420085017,22.61695674450827,0.11414176547733658,0.02581539372542729,0.60546875,,
0.7705399999991059,1396,,,,-0.1875,0.26953125,-1.078125,0.016394172209273434,0.5772939044138486,12.124000549316406,1.8470982313156128,3008,3008,22.394219971111852,5.163940784856822,23.05925721689889,0.11179328510248494,0.025778701163003116,0.609375,,
0.7977449999991805,1396,,,,-0.3359375,0.0703125,-0.646484375,0.016234920887332596,0.5779274017580834,12.124502182006836,1.8267822265625,3007,3008,22.148825092008337,5.113616369184525,23.08752878738296,0.11301735602239678,0.02609291460640994,0.61328125,,
0.8213499999977648,1396,,,,-0.287109375,0.361328125,-0.837890625,0.01595803449376264,0.5765159252191743,12.124801635742188,1.90673828125,3008,3007,23.118823431432247,5.025826115611101,21.73910852564413,0.11471067879336579,0.024937078953392835,0.61328125,,
0.8441049999985843,1396,,,,0.173828125,-0.232421875,-0.8046875,0.01608317845019412,0.5685249674910192,12.126286506652832,1.8505859375,3007,3007,22.44073528330773,5.0649056348336545,22.570141178043855,0.11224788939422978,0.025334507105652177,0.619140625,,
0.869964999999851,1396,,,,-0.0625,0.17578125,-1.029296875,0.0161184197787724,0.5803391372615738,12.124571800231934,1.8512834310531616,3007,3007,22.446018882383783,5.075945716986227,22.61401339624623,0.11433123394513807,0.02585488056044714,0.630859375,,
0.8970949999969453,1396,,,,-0.072265625,0.28515625,-1.083984375,0.01612871174522444,0.5847625046827223,12.120000839233398,1.8115234375,3007,3007,21.95566558279097,5.078812438238179,23.13212696325177,0.11513764522589344,0.026633786276152063,0.63671875,,
0.9196299999970943,1396,,,,-0.099609375,0.044921875,-1.12890625,0.016174672376454466,0.5840400954305247,12.125777244567871,1.8348524570465088,3008,3007,22.249012170794003,5.093742458840534,22.89424096556981,0.11465834799262056,0.026250158476572128,0.634765625,,
1.087059999998659,1396,,,,0.125,-0.1875,-1.078125,0.01626398988661281,0.5815172200420807,12.123333930969238,1.8790689706802368,3007,3007,22.780580610879156,5.121967438754646,22.48391964298129,0.11353395487095691,0.025526883180684596,0.634765625,,
1.1216150000002236,1396,,,,0.14453125,-0.126953125,-1,0.017026110487088728,0.5902023852766264,12.122803688049316,1.8619791269302368,3019,3018,22.57240742702072,5.3809424690225836,23.83858472526606,0.10968383116421485,0.026147073021999135,0.63671875,,
1.1514249999988824,1396,,,,0.017578125,0.0078125,-1.021484375,0.014632055196659485,0.597569500938052,12.12582015991211,1.8505859375,3022,3027,22.43987226858735,4.638896980466871,20.67256410795471,0.12881715275296132,0.026629808484897873,0.62890625,,
1.1737099999990315,1396,,,,0.03125,-0.109375,-1.087890625,0.015413583984764322,0.5902417010109287,12.124001502990723,1.7451171875,3017,3021,21.157803404144943,4.875902838565765,23.045411404146737,0.12105280202518286,0.027897116242950663,0.625,,
1.1978399999979883,1396,,,,0.125,-0.115234375,-1.060546875,0.015897879876258018,0.5884301208861871,12.126667022705078,1.8489583730697632,3014,3016,22.42170252905953,5.020428748065807,22.390934593655885,0.11720714512936534,0.026243775205007525,0.619140625,,
1.2202149999979883,1396,,,,0.173828125,0.17578125,-1.150390625,0.016078706683414337,0.5863851470030431,12.126999855041504,1.81640625,3010,3013,22.02755833044648,5.0724233908768435,23.027624372991635,0.11560256347246237,0.02662052408198787,0.62109375,,
1.2461549999974668,1396,,,,-0.265625,0.078125,-0.978515625,0.01588506207841071,0.5838844995915898,12.125144004821777,1.8289620876312256,3012,3011,22.176428691888077,5.008189480844343,22.58339045671628,0.11658594424689206,0.02632905900692518,0.62109375,,
1.2714099999982864,1396,,,,-0.111328125,0.044921875,-1.0703125,0.015924889755631135,0.5790165726306276,12.126002311706543,1.8310546875,3008,3009,22.2033733734861,5.018636624444963,22.603036664860618,0.11537328082498183,0.026077864966323243,0.619140625,,
1.2973349999990313,1396,,,,-0.32421875,0.26171875,-0.791015625,0.016136135392299925,0.5901972450569474,12.127501487731934,1.844482421875,3009,3008,22.368963315384462,5.0836244557770325,22.726240747512524,0.11609772716122786,0.02638464897705088,0.619140625,,
1.321074999999255,1396,,,,-0.46875,0.1875,-0.7109375,0.01619366960033927,0.5810504325252761,12.12450122833252,1.8218994140625,3006,3008,22.08962168369908,5.100372279690707,23.08945056969672,0.1139231414222398,0.02630422742613375,0.62109375,,
1.3477399999983608,1396,,,,-0.09375,0.033203125,-0.78515625,0.016281687334723127,0.5796945259288437,12.126856803894043,1.8366349935531616,3008,3007,22.27260956784005,5.127477984517832,23.021451388083054,0.11305646317335791,0.02602723871054061,0.623046875,,
1.3702799999993294,1396,,,,-0.17578125,0.05078125,-0.83203125,0.016420417464316227,0.5798834637332645,12.123555183410645,1.8196614980697632,3006,3007,22.060766586976456,5.1710598830891525,23.440073411328694,0.11214015634002801,0.026285734969681333,0.626953125,,
1.3942099999971689,1396,,,,-0.03125,0.18359375,-1.095703125,0.01649716788907815,0.5851070383260781,12.125714302062988,1.8708146810531616,3005,3007,22.68496433455573,5.195149103559173,22.90128839059035,0.11262564878556112,0.025792724630154768,0.6328125,,
1.4190649999994784,1396,,,,0.037109375,0.236328125,-1.10546875,0.016392346724578382,0.5795500440784042,12.122286796569824,1.8659318685531616,3008,3007,22.619361253460852,5.161759439572124,22.82009373179074,0.11227761596856695,0.025621857203847024,0.638671875,,
1.4449749999977648,1396,,,,0.19921875,-0.13671875,-1.1796875,0.016299992905107856,0.5740708477501977,12.12350082397461,1.817626953125,3007,3007,22.036001863889396,5.132878104504608,23.29314608071396,0.11184190157299737,0.026051497512846602,0.640625,,
1.46727499999851,1396,,,,0.173828125,-0.125,-1.11328125,0.016210285926657974,0.5864703774023168,12.12399959564209,1.839599609375,3008,3007,22.303304920205846,5.104083452477072,22.884875002775885,0.11490219211006351,0.026295223039837456,0.63671875,,
1.4965849999990315,1396,,,,0.2734375,-0.115234375,-1.189453125,0.016225896727267434,0.5773272463793346,12.123429298400879,1.8645368814468384,3007,3007,22.604581056481607,5.109218779340337,22.602581160756912,0.11299716675156249,0.025540276324377737,0.640625,,
1.5226049999967217,1396,,,,0.103515625,-0.162109375,-0.943359375,0.016542913329981295,0.5777495779421579,12.124001502990723,1.84619140625,3010,3009,22.383227384183556,5.212640053785707,23.288152169999687,0.11083626952575867,0.025811719106709673,0.638671875,,
1.5460299999993294,1396,,,,0.111328125,-0.01953125,-1.052734375,0.01661410091536588,0.589930509333059,12.1225004196167,1.77490234375,3008,3010,21.516254406888038,5.236247700473501,24.336241807947818,0.11266283473940948,0.027417899889871325,0.6328125,,
1.5730999999996276,1396,,,,0.07421875,-0.236328125,-0.802734375,0.016146475008038633,0.5896193176551892,12.123428344726562,1.8756974935531616,3009,3009,22.73988415947497,5.087636411947098,22.37318526456629,0.11589258152776194,0.025928861973094706,0.6328125,,
1.5950049999989568,1396,,,,0.224609375,-0.140625,-0.830078125,0.016243322113321627,0.5798834637332645,12.126222610473633,1.9211153984069824,3014,3011,23.29587298149181,5.120975232301471,21.982328098929806,0.11323692020136036,0.02489211132778636,0.634765625,,
1.6171599999982864,1396,,,,0.265625,-0.0390625,-0.984375,0.018449764392348852,0.5944427886621702,12.126667022705078,1.8684896230697632,3024,3018,22.65855149434674,5.831714881240998,25.7373684398846,0.10193275919135329,0.026234809794018932,0.63671875,,
1.6426599999982863,1396,,,,0.07421875,-0.154296875,-1.06640625,0.017016925190166253,0.6016557671956508,12.125715255737305,1.8233816623687744,3020,3021,22.109806840416695,5.383319616159489,24.348107855554797,0.11176296599399718,0.027212167502785458,0.630859375,,
1.667625,1396,,,,0.2734375,-0.16015625,-1.00390625,0.015546669700030111,0.5949318041559655,12.118999481201172,2.0159912109375,3018,3019,24.431796439457685,4.914451271395301,20.114981244106943,0.12105762603014956,0.02435071877052571,0.630859375,,
1.6932249999977649,1396,,,,0.0859375,-0.12109375,-1.15625,0.016421450936821173,0.587629913714522,12.124499320983887,1.8096923828125,3028,3022,21.94161406659987,5.196959072688875,23.68540006635077,0.11307187635989711,0.02678152627837113,0.6328125,,
1.7171699999999255,1396,,,,0.0234375,0.10546875,-1.095703125,0.017294743447805353,0.5922755609055774,12.125000953674316,1.7498779296875,3024,3026,21.217271566274576,5.4801296706738505,25.828625766305713,0.10807692454342047,0.027914784380052682,0.62890625,,
1.7474949999991805,1396,,,,0.111328125,0.05859375,-1.021484375,0.015420971720207332,0.5945094725931422,12.123499870300293,1.8023681640625,3019,3022,21.851010203245096,4.880341745766493,22.334627554389737,0.12181718075560102,0.02720741361902122,0.63671875,,
1.7715249999985099,1396,,,,0.072265625,0.255859375,-1.173828125,0.015617589702705915,0.5874484083899074,12.121599197387695,1.9296875,3013,3016,23.39089845120907,4.9329092910333445,21.08901161416638,0.11908761619795545,0.02511440121102071,0.642578125,,
1.79589999999851,1396,,,,-0.07421875,0.26171875,-1.12109375,0.01602516663141628,0.5850181264181152,12.124571800231934,1.8952287435531616,3020,3015,22.978836979073662,5.060400634430977,22.02200502592614,0.11560707712303461,0.025458996334360995,0.6484375,,
1.8181499999985098,1396,,,,-0.0625,0.048828125,-0.71875,0.018764016608072677,0.5874743178755871,12.126501083374023,1.8072509765625,3031,3024,21.915630925213918,5.941765423761605,27.111998025690458,0.09887201462485028,0.026806178653049788,0.65234375,,
1.8444599999971687,1396,,,,-0.453125,0.26171875,-0.841796875,0.01666562139217275,0.5921310790551378,12.12114429473877,1.7354910373687744,3026,3028,21.03613728617279,5.2846169100971805,25.121612576519926,0.11204806121779015,0.028148279838635114,0.65234375,,
1.8671399999987335,1396,,,,-0.228515625,0.3203125,-0.9296875,0.015693933663157834,0.5967433842807071,12.12350082397461,1.8218994140625,3021,3024,22.087799047585577,4.9700714632977885,22.501433721804293,0.1200673649639537,0.027016878548880914,0.658203125,,
1.9032949999999256,1396,,,,-0.4375,0.51171875,-0.919921875,0.015704199918557833,0.5978325551532513,12.123499870300293,1.812744140625,3017,3019,21.976803353754804,4.965646153807931,22.594942830753116,0.12039370841895376,0.0272028895890862,0.658203125,,
1.9264199999999254,1396,,,,-0.392578125,0.205078125,-0.939453125,0.015974762261422547,0.5868185925543616,12.122334480285645,1.7594400644302368,3015,3015,21.328520959038656,5.044089154996222,23.64950276994535,0.11633787082710698,0.027513327983752108,0.6640625,,
1.9489099999982864,1396,,,,-0.25,0.24609375,-0.830078125,0.016359085566209353,0.5830954064084201,12.126286506652832,1.8296595811843872,3013,3013,22.186976291084306,5.162109295627694,23.26639388758014,0.11295681145346957,0.02628097667561547,0.662109375,,
1.9716349999997764,1396,,,,-0.474609375,0.310546875,-0.767578125,0.016245534940605072,0.5939315451913841,12.125715255737305,1.8024553060531616,3010,3012,21.856059802393474,5.124911881680038,23.44847117008165,0.11589107459866856,0.027174685215966613,0.662109375,,
1.996579999998212,1396,,,,-0.1875,0.177734375,-0.94921875,0.016365239171154303,0.6056012331114994,12.122857093811035,1.8345423936843872,3010,3011,22.23989527117385,5.16047174708185,23.203669280630894,0.11735385111912598,0.02723039950176595,0.66015625,,
2.0206849999986587,1396,,,,0.01171875,-0.07421875,-0.78515625,0.016321181327202908,0.5901416751144706,12.12800121307373,1.864013671875,3011,3010,22.60676007368602,5.144690717204921,22.757311089408496,0.1147088731963835,0.026104655120456115,0.658203125,,
2.0572599999997765,1396,,,,-0.25,0.08203125,-0.87109375,0.016440663380726334,0.5889080223914871,12.122858047485352,1.8526785373687744,3011,3010,22.459758916144438,5.182795596099136,23.07591820308302,0.1136274837531182,0.026220585207091,0.654296875,,
2.0799449999984354,1396,,,,-0.0703125,-0.025390625,-0.79296875,0.016866489397600645,0.5887746545295428,12.122000694274902,1.8253580331802368,3016,3014,22.1269913455111,5.323240650494479,24.057679452992616,0.11060455335132204,0.026608888905675258,0.654296875,,
2.1025199999976905,1396,,,,-0.2109375,0.15625,-0.84375,0.017206258862199345,0.5919421412507169,12.121713638305664,1.8994140625,3020,3018,23.024153346195817,5.437758988157748,23.617628437382717,0.10885773763416834,0.025709615999778813,0.650390625,,
2.123789999999106,1396,,,,-0.111328125,0.056640625,-0.814453125,0.016345770035930646,0.597154601855035,12.12742805480957,1.8171037435531616,3016,3017,22.036794918066107,5.164950021446546,23.437845842147578,0.11561672414553009,0.027098069572970358,0.6484375,,
2.1458699999973176,1396,,,,-0.203125,0.009765625,-0.703125,0.016150183827295835,0.5930979960542331,12.124571800231934,1.8303571939468384,3015,3016,22.19229721807949,5.100760205155731,22.984372257777235,0.11627639257668755,0.02672539891774032,0.64453125,,
2.1709949999973177,1396,,,,-0.21875,0.11328125,-0.880859375,0.015990073840057146,0.5857294216818175,12.124667167663574,1.86767578125,3012,3014,22.64494722476229,5.047193526202849,22.28838723317374,0.11605051770671429,0.02586578877257534,0.642578125,,
2.195764999998733,1396,,,,-0.2109375,0.068359375,-0.791015625,0.016331817855812485,0.580276134839291,12.126222610473633,1.7724609375,3013,3013,21.493255896493793,5.153312216041331,23.97641493154136,0.1126025574450925,0.02699805639656259,0.642578125,,
2.2242049999982116,1396,,,,-0.2734375,0.189453125,-0.802734375,0.016370402900595587,0.5875521157950545,12.12457275390625,1.8143136501312256,3010,3012,21.997777849421254,5.1641128587609355,23.47561146453163,0.11377600216429629,0.026709612207967297,0.64453125,,
2.2486349999997763,1396,,,,-0.26953125,0.0546875,-0.830078125,0.01626376740828561,0.5834102795949789,12.125200271606445,1.90771484375,3011,3011,23.131424541585147,5.128183838411369,22.169770950301988,0.11376547681951088,0.025221545631404465,0.6484375,,
2.406254999998957,1396,,,,-0.048828125,0.1328125,-0.93359375,0.0167953396582908,0.5858961315092477,12.124001502990723,1.8150111436843872,3013,3012,22.00519783397442,5.297015956339223,24.071657961470432,0.11060871561243353,0.026625351697800545,0.650390625,,
2.42864999999851,1396,,,,-0.06640625,0.107421875,-0.99609375,0.01625185295218242,0.5883856649322056,12.123922348022461,1.8279223442077637,3011,3011,22.16158855939011,5.125163364135743,23.126335688441223,0.11480329954934523,0.02654979643518831,0.666015625,,
2.4510849999990314,1396,,,,0.0859375,-0.056640625,-1.09765625,0.016380657418341393,0.5824396810871946,12.125714302062988,1.7982701063156128,3009,3009,21.805309547123557,5.1609431668727135,23.66828664238577,0.11285527901678588,0.026710910928757124,0.671875,,
2.496879999998957,1396,,,,0.173828125,-0.23828125,-1.14453125,0.016340144345956452,0.5960432030055002,12.122856140136719,1.8303571939468384,3009,3008,22.189156947281845,5.147299487041295,23.19736391639627,0.11579726505249653,0.026861912979461576,0.673828125,,
2.659414999997243,1396,,,,0.3125,-0.10546875,-1.0703125,0.016243878603890982,0.5873798489733767,12.124267578125,1.7955728769302368,3007,3008,21.7700060159259,5.116599594386954,23.50297740222898,0.11479886947138644,0.026981152349874298,0.66796875,,
2.6884099999982864,1396,,,,-0.037109375,-0.068359375,-0.919921875,0.01632958984643228,0.5847939711626498,12.12407398223877,1.8257197141647339,3008,3008,22.135160885365053,5.144054749279864,23.23929234542371,0.11368346560551623,0.026419232920475124,0.6640625,,
2.7229699999988077,1396,,,,0,0,-1.18359375,0.016652242863703176,0.5875521157950545,12.125600814819336,1.88134765625,3010,3009,22.812470673583448,5.247593350337309,23.003178504527156,0.1119660150032943,0.02575574229561344,0.6640625,,
2.746839999999851,1396,,,,0.017578125,0.0546875,-1.14453125,0.016495122014205544,0.5831065203969155,12.121201515197754,1.9482421875,3012,3011,23.615036155097187,5.200898126958422,22.02367209095225,0.11211650491180195,0.02469217140161163,0.669921875,,
2.7707799999974667,1396,,,,0.1875,0.091796875,-1.13671875,0.017459792891449846,0.5870297583357733,12.128500938415527,1.7974853515625,3024,3016,21.800802773213945,5.514622413859042,25.295501597926062,0.10644967402672625,0.02692697899441762,0.671875,,
2.794599999997765,1396,,,,-0.26171875,0.1015625,-1.001953125,0.01761094439359327,0.6020225288159974,12.125715255737305,1.7982701063156128,3020,3022,21.80531126208757,5.573588317816119,25.560691387638197,0.10801345461623292,0.027608985791581938,0.673828125,,
2.8192149999979885,1396,,,,-0.078125,0.052734375,-1.04296875,0.015847815706975014,0.5974769075214001,12.125000953674316,1.8438720703125,3019,3021,22.3569506109925,5.013306215744837,22.42392669275696,0.11917821928470246,0.02672443652613482,0.67578125,,
2.8444149999991057,1396,,,,-0.07421875,-0.0546875,-0.916015625,0.016269831605317753,0.5858294475782757,12.126858711242676,1.8812779188156128,3016,3019,22.813991518057605,5.143189756750725,22.54401538056072,0.11390391474655231,0.025678516059523523,0.6796875,,
2.867519999999553,1396,,,,0.08203125,-0.078125,-0.970703125,0.016265545265527433,0.5806725569164343,12.120501518249512,1.7962646484375,3016,3017,21.771628398564644,5.139283957874162,23.60541831686317,0.11298705455392397,0.02667106687135615,0.67578125,,
2.894819999998435,1396,,,,-0.265625,0.119140625,-0.904296875,0.016029265308473484,0.5908196284126866,12.124000549316406,1.8304443359375,3012,3014,22.192308134399354,5.060051583866771,22.80092522698619,0.11676158209462292,0.02662272102724107,0.6796875,,
2.920344999998808,1396,,,,-0.14453125,-0.05859375,-0.97265625,0.016048035913538646,0.5870297583357733,12.12600040435791,1.846923828125,3011,3012,22.39579908666201,5.061326675623952,22.59944669104602,0.11598337668323004,0.026211601384001672,0.681640625,,
2.9445949999988077,1396,,,,-0.13671875,0.265625,-1.0703125,0.016099261132448958,0.5866185407614454,12.126500129699707,1.86767578125,3008,3009,22.648370603565127,5.073255434561146,22.40009015819687,0.1156296087055175,0.02590113659960618,0.68359375,,
2.9695649999994784,1396,,,,0.125,-0.078125,-1.18359375,0.016174692608187873,0.5904862087578263,12.123499870300293,1.82861328125,3008,3009,22.169192878063768,5.095927360723745,22.98652634199472,0.11587414163493158,0.02663544009047382,0.68359375,,
3.002634999997914,1396,,,,-0.09375,0.052734375,-1.0703125,0.016236416599838405,0.5927979183648587,12.12399959564209,1.800537109375,3007,3008,21.829711186001077,5.11451155885498,23.429130670930757,0.11590508918462046,0.027155554799323557,0.689453125,,
3.026019999999553,1396,,,,0,0.1796875,-1.134765625,0.01627722059836657,0.5939760011453655,12.12618350982666,1.8204013109207153,3008,3007,22.074520357753613,5.126071424879334,23.22166616444201,0.11587353197275192,0.02690776476766043,0.69140625,,
3.049724999997765,1396,,,,-0.25,0.1953125,-0.90625,0.01629495018529194,0.5856516237623501,12.12457275390625,1.8205915689468384,3007,3008,22.07389493284427,5.132216469319677,23.25016262392067,0.1141128062823086,0.026531413035356312,0.6875,,
3.0719649999979883,1396,,,,-0.4375,0.271484375,-0.84375,0.01641071824940096,0.5829064686039991,12.12171459197998,1.8450056314468384,3007,3008,22.36463168499438,5.168745767170307,23.111249225885054,0.11277522533732942,0.026063763392763676,0.69140625,,
3.0973499999996275,1396,,,,-0.203125,0.3125,-0.861328125,0.016222646514927653,0.5790943705500948,12.125143051147461,1.7550222873687744,3006,3007,21.279896292298417,5.10858217715707,24.006612189204883,0.11335716065007324,0.027213213945957042,0.69140625,,
3.1224999999981375,1396,,,,-0.111328125,-0.068359375,-0.82421875,0.01613578647655562,0.5692362627547214,12.124001502990723,1.8212890625,3006,3006,22.081311331130564,5.079109280303962,23.00184624064132,0.11207403332748436,0.025779096821673068,0.6875,,
3.1449049999993295,1396,,,,-0.08203125,0.193359375,-0.998046875,0.015960463651078224,0.5785497851138229,12.120500564575195,1.8084716796875,3004,3005,21.919582014670596,5.02215319993087,22.911719742509618,0.11519954929327657,0.026394197878709745,0.681640625,,
3.167554999999702,1396,,,,-0.078125,0.31640625,-1.12109375,0.016312652943293447,0.5864629449225105,12.124000549316406,1.9203404188156128,3006,3006,23.282208292594987,5.1349849368157265,22.055403303169193,0.11420928242998588,0.02518931784958894,0.69140625,,
3.194794999998063,1396,,,,0.19921875,-0.046875,-1.123046875,0.016480346712746972,0.5828953546155038,12.122857093811035,1.8254743814468384,3008,3007,22.129965054693116,5.189599642418778,23.450555071338517,0.1123199080428152,0.026339641891657162,0.69921875,,
3.2169249999988825,1396,,,,-0.099609375,0.00390625,-1.125,0.016797933650174103,0.5848847585561711,12.126222610473633,1.7898221015930176,3008,3008,21.703781237062685,5.290961403094597,24.37806272235841,0.11054413631028977,0.026948518885611814,0.703125,,
3.2428149999994784,1396,,,,0.328125,-0.185546875,-1.1640625,0.01633488461927194,0.5854960279234152,12.126287460327148,1.8317521810531616,3009,3008,22.212353503531858,5.1459301247820175,23.16697383716585,0.11377846448084386,0.026359027098606137,0.705078125,,
3.2675699999984356,1396,,,,0.166015625,-0.076171875,-1.080078125,0.01599498409206145,0.5797612098598158,12.122001647949219,1.9842529296875,3011,3009,24.05311728361994,5.040090807815657,20.95400254522492,0.11502991354060159,0.02410337101106768,0.701171875,,
3.307964999999851,1396,,,,0.287109375,-0.2890625,-1.1328125,0.017596777044981658,0.5865963127844547,12.123001098632812,1.8463134765625,3022,3015,22.382860304787755,5.556186234665505,24.823396826888214,0.10557535115087248,0.026207388367561767,0.701171875,,
3.3296599999982863,1396,,,,0.1484375,0.025390625,-1.181640625,0.016983695162780955,0.5992218037151698,12.123693466186523,1.769456148147583,3021,3022,21.452343942000425,5.374968010660534,25.055388004185243,0.11148378976892383,0.027932696088374037,0.705078125,,
3.3504999999981373,1396,,,,0.0625,0.158203125,-1.11328125,0.01580636655666814,0.5892414420463474,12.12457275390625,1.8422154188156128,3016,3019,22.33607487379777,4.996894171424711,22.371406792186743,0.11792153722526073,0.026380706788263,0.7109375,,
3.3741449999995528,1396,,,,0.21875,0.025390625,-1.23828125,0.015758266068984922,0.5857183076933222,12.122000694274902,1.8912760019302368,3012,3015,22.926049008463792,4.975372043613805,21.701829398414908,0.11772351947933776,0.02554815735921562,0.7109375,,
3.397554999999702,1396,,,,-0.25,0.390625,-1.09375,0.015887969802769207,0.5956875553736491,12.12399959564209,1.77734375,3013,3012,21.548514906316996,5.01177626781965,23.258105208681627,0.11885757135619308,0.027644018994507226,0.71875,,
3.420519999999553,1396,,,,0.2734375,-0.22265625,-1.28125,0.016016520731230905,0.5911530480675472,12.124000549316406,1.8352400064468384,3008,3011,22.250450846288913,5.049654280757639,22.694615563710503,0.11706802390813414,0.026568137973983743,0.720703125,,
3.4474999999981373,1396,,,,0.078125,-0.078125,-1.1171875,0.01643135905403429,0.5784942151713461,12.122285842895508,1.8680245876312256,3012,3010,22.644728012822725,5.179992300182917,22.875047548593706,0.11167858592201348,0.025546529631257663,0.7265625,,
3.472884999997914,1396,,,,0.041015625,-0.169921875,-1.1484375,0.016985272509623676,0.5798501217677786,12.12711238861084,1.8315972089767456,3014,3013,22.21198520392693,5.3583450127149295,24.123665505447978,0.10821440582714252,0.026105281290447868,0.73046875,,
3.4980149999987336,1396,,,,0.0234375,0.033203125,-1.146484375,0.016817144167497033,0.5874520898985963,12.12399959564209,1.8634033203125,3016,3015,22.591901101986878,5.309526351518574,23.50190153342881,0.1106411478173716,0.026002773615494093,0.736328125,,
3.5210399999991058,1396,,,,0.287109375,-0.248046875,-1.12109375,0.016404367060610422,0.586640768738436,12.12700080871582,1.8206787109375,3015,3016,22.07937219995074,5.1803480280181144,23.462388246843684,0.11324350517871898,0.026569630849365578,0.7421875,,
3.5447549999989567,1396,,,,-0.01171875,-0.158203125,-1.060546875,0.016195969202423357,0.5815839039730528,12.122857093811035,1.8010603189468384,3012,3014,21.833996863926245,5.111173629959967,23.40924413342094,0.11378676329131242,0.026636621210381125,0.7421875,,
3.5678849999979136,1396,,,,0.375,-0.26171875,-1.095703125,0.0160710559686238,0.5835621939252247,12.124000549316406,1.8719482421875,3009,3011,22.69550151657313,5.0674372504072,22.32793686760683,0.11515923436019496,0.025712681145163722,0.740234375,,
3.594794999998063,1396,,,,0.26171875,-0.21875,-1.001953125,0.016087141725026167,0.5936203535135144,12.125144004821777,1.8415178060531616,3008,3010,22.328668585838045,5.070078012014595,22.706584553054327,0.11708308079418277,0.026585568737852016,0.734375,,
3.617259999997914,1396,,,,0.08203125,-0.232421875,-0.98046875,0.016367440260783545,0.5824730230526807,12.124500274658203,1.77978515625,3008,3009,21.579005615785718,5.1569590116571336,23.898038229735,0.1129489340008365,0.02699257942759806,0.728515625,,
3.6486199999991804,1396,,,,0.203125,-0.248046875,-0.765625,0.01624421669025195,0.5837177897641594,12.123428344726562,1.8226841688156128,3008,3008,22.097180915703575,5.116371568729843,23.1539561007705,0.11408823263183551,0.026415939299720123,0.724609375,,
3.6709599999990314,1396,,,,0,-0.19921875,-0.779296875,0.016334705362410964,0.5840030719563496,12.126181602478027,1.8439275026321411,3008,3007,22.359799758721124,5.144187093670965,23.006409490158997,0.11352679467565724,0.026118439264133722,0.71875,,
3.69752499999851,1396,,,,0.2109375,-0.185546875,-0.814453125,0.016296820524594097,0.586863048508343,12.121334075927734,1.7342122793197632,3006,3007,21.02096639621095,5.132139100774971,24.41438230784691,0.11435057331546696,0.027917986140452877,0.7109375,,
3.7207449999973177,1396,,,,-0.224609375,0.046875,-0.93359375,0.016326556334419682,0.5767048630235951,12.122666358947754,1.8077256679534912,3009,3007,21.914455141106146,5.14185531387019,23.463304384079027,0.11215890526283963,0.026316185335670893,0.70703125,,
3.7447649999987336,1396,,,,-0.048828125,0.0625,-1.16796875,0.016254411960790874,0.5773494743563253,12.122857093811035,1.8282644748687744,3007,3007,22.16378895852563,5.118611161446188,23.094477081623893,0.11279416547695013,0.026049222695483182,0.703125,,
3.7675499999988826,1396,,,,-0.171875,0.064453125,-1.083984375,0.01625712992640657,0.5626790095424663,12.12550163269043,1.7877197265625,3007,3007,21.676998463226482,5.119377201839419,23.616633135459626,0.1099116137291647,0.0259574225876803,0.697265625,,
3.808199999999255,1396,,,,-0.0234375,0.30859375,-1.25,0.016297166645658827,0.5803280232730784,12.122285842895508,1.8450056314468384,3007,3008,22.365685646150496,5.132840461713408,22.949622662683065,0.11306176913189261,0.02594724939152324,0.703125,,
3.832454999998212,1396,,,,0.0546875,-0.001953125,-1.15625,0.01629532931326907,0.5805799634997825,12.124614715576172,1.8588491678237915,3008,3008,22.537829974232864,5.132267478974801,22.771790739580695,0.11312348116660448,0.025760242408588145,0.712890625,,
3.984539999999106,1396,,,,-0.048828125,0.064453125,-1.015625,0.0164079558483801,0.5743042415086,12.125,1.8353271484375,3008,3008,22.253341674804688,5.167723142265294,23.222234295338254,0.11113293527889176,0.025807550609750866,0.712890625,,
4.007294999998063,1396,,,,-0.3046875,0.271484375,-0.857421875,0.016440658888278923,0.5806503289394436,12.124310493469238,1.8560432195663452,3011,3011,22.50324428332067,5.183159538155591,23.032943485385935,0.11202632769935265,0.02580296074774515,0.716796875,,
4.031714999997988,1396,,,,-0.296875,0.138671875,-0.8515625,0.0163411947262728,0.5924422707330075,12.123429298400879,1.8031529188156128,3012,3011,21.86039692546626,5.152876116238551,23.571740869150048,0.1149731251768329,0.027101167135846566,0.7109375,,
4.052874999998138,1396,,,,-0.0234375,-0.12890625,-0.8671875,0.016325614946606566,0.5793055363315065,12.122857093811035,1.8017578125,3012,3012,21.842452478595078,5.148646744625314,23.57174291518238,0.11251607753750928,0.02652200053538896,0.7109375,,
4.0913199999984355,1396,,,,-0.21875,0.056640625,-0.779296875,0.016095633638367243,0.5780274276545415,12.12457275390625,1.8526785373687744,3010,3011,22.462935715928324,5.0748614566702015,22.592155900048493,0.11390013945992647,0.02573249707715924,0.70703125,,
4.25714999999851,1396,,,,0.0390625,-0.009765625,-0.9609375,0.016173076955894965,0.5823655646764162,12.124000549316406,1.768798828125,3009,3010,21.444917963817716,5.09757667857794,23.770558074312387,0.11424361052257434,0.02715634378545979,0.701171875,,
4.2883599999975415,1396,,,,0.16015625,-0.0625,-1.12109375,0.016394766601811116,0.5795893598127064,12.12357234954834,1.8193708658218384,3010,3010,22.057274322451462,5.167004156570794,23.42539735887244,0.11217125867329761,0.02627656306666863,0.693359375,,
4.32142499999702,1396,,,,0.111328125,-0.03125,-1.072265625,0.01621395296545561,0.5861962091986221,12.123199462890625,1.826171875,3009,3011,22.139045894145966,5.112946981632363,23.094703385498356,0.11464938152194035,0.026477934595800483,0.689453125,,
4.341894999999553,1396,,,,0.025390625,-0.099609375,-0.9609375,0.016230503219435925,0.5790240051104336,12.122909545898438,1.8443714380264282,3012,3011,22.359148112233015,5.117359695168814,22.887096008675893,0.11314897517504534,0.025896514581145478,0.69140625,,
4.366854999998584,1396,,,,0,-0.189453125,-0.8984375,0.016444535409270416,0.5746710031289466,12.127333641052246,1.92626953125,3011,3012,23.360513288062066,5.186158068525062,22.200531317842863,0.1108086170023704,0.024600101720479786,0.693359375,,
4.392754999998957,1396,,,,0.38671875,-0.1640625,-0.978515625,0.016419262842451928,0.5811282304447435,12.123000144958496,1.8011474609375,3014,3013,21.83531093003694,5.18008183689914,23.72341687048455,0.11218514470277441,0.026614149544595487,0.69921875,,
4.418849999999628,1396,,,,0.0625,-0.201171875,-0.92578125,0.016464513176175793,0.5822729712597644,12.123499870300293,1.810302734375,3012,3013,21.947204965399578,5.194846561926771,23.669740953878186,0.11208665440231964,0.02653062074089776,0.705078125,,
4.445374999998138,1396,,,,0,-0.056640625,-0.865234375,0.015984494821231772,0.5759824537713975,12.124500274658203,1.8017578125,3011,3011,21.845413092523813,5.040729759942376,23.07454539125869,0.11426568794633851,0.026366288031811895,0.7109375,,
4.467124999998138,1396,,,,0.0625,-0.19921875,-0.814453125,0.016053061026873264,0.5755601222085743,12.125778198242188,1.8766275644302368,3009,3010,22.7555696069885,5.0603461071794404,22.23783537207238,0.11373927988680259,0.02529315381460779,0.7109375,,
4.494869999997317,1396,,,,0.037109375,-0.1171875,-0.873046875,0.01596632395440231,0.5903528408958822,12.124667167663574,1.73095703125,3010,3010,20.987277885433286,5.031937364426805,23.97613159693921,0.11732118230830366,0.028129081061323846,0.7109375,,
4.516969999998808,1396,,,,-0.2109375,-0.1875,-0.787109375,0.01601583044537714,0.5810504325252761,12.124444961547852,1.8592665195465088,3008,3009,22.54257458509028,5.046444508545709,22.386282851132012,0.11514055718661295,0.025775690808164584,0.69921875,,
4.544484999997541,1396,,,,0.125,0.068359375,-1.09375,0.016255231360840765,0.5655464185742659,12.126286506652832,1.8415178060531616,3008,3009,22.33077252330338,5.121211009632298,22.93342518396099,0.1104321648747826,0.02532587791058672,0.6953125,,
4.570014999998733,1396,,,,-0.125,0.04296875,-1.02734375,0.01632179352359613,0.5792277384120391,12.122222900390625,2.0187716484069824,3012,3009,24.471999906978454,5.143772073986074,21.019009862448033,0.11260758254460854,0.023668998880915577,0.689453125,,
4.5947799999993295,1396,,,,-0.03125,-0.212890625,-0.935546875,0.01783306566554227,0.5869853023817919,12.124500274658203,1.82861328125,3024,3018,22.171022230759263,5.635316633508113,25.417486730448907,0.10416190261457946,0.026475337775243846,0.681640625,,
4.61711999999918,1396,,,,0.109375,-0.228515625,-0.935546875,0.01720939113906128,0.594631726466591,12.125000953674316,1.7706298828125,3025,3026,21.468889017705806,5.452554422341182,25.397468950742425,0.10905562428320927,0.027697368316366388,0.6796875,,
4.651044999998063,1396,,,,0.0625,-0.220703125,-0.751953125,0.015722959624372666,0.583795587683627,12.127333641052246,1.90673828125,3021,3024,23.123651302885264,4.978455914396981,21.529713664968607,0.1172643883408456,0.02524668704076089,0.685546875,,
4.674739999998361,1396,,,,0.1875,-0.248046875,-0.93359375,0.015918632070705648,0.5825397069836528,12.126334190368652,1.771240234375,3019,3020,21.478651013458148,5.03474426454811,23.440691230531318,0.11570393179363166,0.027121801393329755,0.689453125,,
4.6992449999991805,1396,,,,0.01171875,-0.263671875,-0.888671875,0.01594246940799758,0.5835621939252247,12.122858047485352,1.7836216688156128,3014,3017,21.622592301470604,5.037170795182048,23.295869084297806,0.11585118266853094,0.02698853984707168,0.693359375,,
4.724209999997169,1396,,,,0.232421875,-0.31640625,-0.765625,0.015983744310033278,0.5827064168110828,12.126001358032227,1.7987060546875,3013,3014,21.811112061841413,5.044616418454308,23.128652973544963,0.11551054995567464,0.026716034247081282,0.701171875,,
4.748314999997616,1396,,,,0.173828125,-0.248046875,-1.0390625,0.016211688576334107,0.5778051478846346,12.122001647949219,1.8695068359375,3011,3011,22.662164946086705,5.11238415194024,22.5591163249522,0.11302068285798657,0.0254964673171885,0.708984375,,
4.77190499999933,1396,,,,0.044921875,-0.064453125,-0.943359375,0.016408432620714723,0.5792944223430112,12.123000144958496,1.8328857421875,3013,3012,22.220074118231423,5.174722887406055,23.288504169120795,0.11194694574908828,0.02607076912797982,0.71484375,,
4.794644999999553,1396,,,,-0.0859375,-0.35546875,-0.642578125,0.016733024591911238,0.5825063650181665,12.125,1.827392578125,3014,3013,22.157135009765625,5.280425953817653,23.83171809663269,0.11031427580137261,0.026289787229325016,0.716796875,,
4.818109999997541,1396,,,,-0.037109375,-0.08203125,-0.783203125,0.016407435618778166,0.5862073231871174,12.126667022705078,1.8855794668197632,3011,3013,22.865794338973046,5.177512053141249,22.64304478728108,0.11322181719141718,0.0256368667756261,0.716796875,,
4.844330000000075,1396,,,,-0.015625,-0.158203125,-0.791015625,0.016102774883072185,0.5780274276545415,12.125500679016113,1.810302734375,3012,3012,21.95082703488879,5.079294189185876,23.13942058361998,0.11380073807994757,0.02633283141158285,0.712890625,,
4.867044999998063,1396,,,,-0.041015625,-0.15234375,-0.8671875,0.016292961910511945,0.5813838521801366,12.125000953674316,1.834716796875,3011,3011,22.245942911831662,5.137131946890524,23.092444169486313,0.113172847844028,0.026134376703399857,0.705078125,,
4.890324999997392,1396,,,,-0.109375,-0.125,-0.89453125,0.016401449135671497,0.5851514942800594,12.121142387390137,1.845703125,3008,3010,22.372030382975936,5.169306456548023,23.10611226633065,0.11319729236382202,0.02615549345603125,0.6953125,,
4.912199999997393,1396,,,,0,0.06640625,-1.01171875,0.016343537086954303,0.582773100742055,12.12742805480957,1.8359375,3009,3009,22.265199944376945,5.14979695468815,23.12935418300039,0.11316428703301086,0.02617416875653227,0.6875,,
4.9341999999992545,1396,,,,0.109375,0.126953125,-1.142578125,0.016334006391217102,0.5816394739155296,12.125144004821777,1.8184988498687744,3008,3008,22.049560427261667,5.1456824843296864,23.33689372767568,0.11303446640689843,0.026378733301023152,0.685546875,,
4.9571949999984355,1396,,,,-0.01171875,0.04296875,-1.1875,0.016337922994900323,0.5851626082685548,12.124571800231934,1.8401228189468384,3009,3008,22.31070123956613,5.147085744498737,23.07003123402871,0.11368814069087214,0.026227889566770708,0.6796875,,
4.979125,1396,,,,0.1875,-0.033203125,-1.224609375,0.016349266739008498,0.5851626082685548,12.124000549316406,1.776123046875,3008,3008,21.53371679596603,5.150324237808639,23.917488497728655,0.11361665426282558,0.027174250214815447,0.677734375,,
5.001199999997392,1396,,,,-0.2109375,0.287109375,-1.107421875,0.016308623434555598,0.5803947072040506,12.121334075927734,1.7985025644302368,3008,3008,21.800250419871645,5.136552071429503,23.56189480625125,0.11299305431601059,0.02662330459630875,0.673828125,,
5.024074999999255,1396,,,,-0.015625,0.08984375,-1.12890625,0.016269900354435176,0.582773100742055,12.125144004821777,1.8045480251312256,3008,3008,21.880404668332858,5.124428539214942,23.42017260143018,0.11372450533407874,0.02663447543936391,0.669921875,,
5.05064999999851,1396,,,,-0.19921875,0.16015625,-0.90234375,0.016385178930417525,0.5847180487287409,12.124001502990723,1.8387277126312256,3009,3008,22.292737551531673,5.161239856916101,23.152113305893586,0.11329022966162176,0.026229082335765735,0.666015625,,
5.073639999998734,1396,,,,-0.125,0.25390625,-1.0234375,0.016579548335567604,0.5808614947208552,12.125,1.8450927734375,3009,3009,22.371749877929688,5.224955526760656,23.3551490396163,0.11117061030392639,0.025964061724733038,0.66796875,,
5.099369999999181,1396,,,,-0.474609375,0.3515625,-0.728515625,0.01657493935002094,0.5826397328801108,12.123000144958496,1.8408203125,3011,3011,22.316264915280044,5.225884171641675,23.41737827311545,0.11149113025539535,0.0261082997128778,0.67578125,,
5.1237599999979135,1396,,,,-0.236328125,0.17578125,-0.880859375,0.01650221717639105,0.5818617536854365,12.121000289916992,1.827392578125,3011,3012,22.149825969245285,5.204769094313287,23.49801349021899,0.11179396110409139,0.026269360061489565,0.681640625,,
5.148044999999925,1396,,,,-0.40625,0.33203125,-0.79296875,0.016360453701592795,0.5750488787377883,12.127001762390137,1.7877197265625,3011,3012,21.67968027468305,5.159814619573434,23.8002339250313,0.11144758506562936,0.026524785949418036,0.6875,,
5.171504999997095,1396,,,,-0.224609375,0.080078125,-0.701171875,0.01615103536616078,0.5838067016721223,12.126001358032227,1.8157958984375,3010,3010,22.018343530362472,5.091732312994938,23.124956271000265,0.11465777574012516,0.026514560501205493,0.68359375,,
5.201279999999329,1396,,,,-0.26171875,0.09765625,-0.833984375,0.016348520699297313,0.5832398882588596,12.12114143371582,1.8498884439468384,3010,3010,22.42275946567611,5.152567639707346,22.979186159467556,0.11319402850031995,0.026011066530489284,0.681640625,,
5.224580000000074,1396,,,,0,0.0078125,-0.798828125,0.016719943255780485,0.5905417787003031,12.12399959564209,1.7643228769302368,3012,3011,21.39064984648428,5.271492556087042,24.643910278179103,0.11202553592120679,0.027607472561071503,0.677734375,,
5.248539999997243,1396,,,,-0.0859375,0.103515625,-0.962890625,0.01635032508416161,0.5887746545295428,12.1225004196167,1.8170166015625,3010,3011,22.026784514891915,5.154762498697444,23.4022469108571,0.11421955030485306,0.026729941182812352,0.673828125,,
5.272714999997988,1396,,,,-0.125,0.16796875,-0.87890625,0.01625580077680313,0.5826953028225875,12.121713638305664,1.7494419813156128,3009,3009,21.206234724337946,5.122951929207551,24.15776301545907,0.11374209847655595,0.027477546598776468,0.6640625,,
5.295219999998808,1396,,,,0.015625,0.20703125,-1.125,0.016379192726778815,0.5905417787003031,12.12350082397461,1.856689453125,3010,3009,22.509576114825904,5.16042162717497,22.92545004335317,0.11443673043894094,0.02623513546802614,0.662109375,,
5.317179999999702,1396,,,,-0.037109375,0.072265625,-1.26171875,0.016340602952873873,0.5881522711738033,12.125144004821777,1.7724609375,3008,3008,21.491344110108912,5.148018391580215,23.95391542383212,0.11424828476443467,0.027366937505651563,0.66015625,,
5.345069999998436,1396,,,,0.07421875,-0.048828125,-1.11328125,0.01628805403398528,0.5854404579809385,12.12066650390625,1.7057291269302368,3007,3008,20.674573893520574,5.131419790904997,24.81995429426087,0.11408937133122135,0.028316929819018708,0.658203125,,
5.369954999998212,1396,,,,0.224609375,-0.3203125,-1.119140625,0.01633608882486517,0.5853293180959849,12.122401237487793,1.8662109375,3009,3008,22.622957778163254,5.1465451361492685,22.74921425666522,0.11373247540075751,0.025873244508327394,0.658203125,,
5.5347099999990315,1396,,,,0.3359375,-0.01171875,-1.181640625,0.016298227366289577,0.5863851470030431,12.123001098632812,1.817626953125,3009,3009,22.035093549638987,5.13551666201822,23.306080595706653,0.11418230834297365,0.026611420808451716,0.658203125,,
5.556594999998808,1396,,,,0.09765625,-0.185546875,-0.86328125,0.016420933638139436,0.5827337850077527,12.123408317565918,1.8310546875,3011,3011,22.198623628355563,5.176908075487592,23.320851608452127,0.1125640587992993,0.02625089711703539,0.646484375,,
5.57930499999784,1396,,,,0.19921875,-0.1875,-0.806640625,0.016561746925377284,0.5862073231871174,12.126858711242676,1.7898995876312256,3012,3011,21.7058594065154,5.22204287498482,24.058217540178713,0.11225632137093888,0.0270068699980226,0.671875,,
5.602979999998585,1396,,,,-0.203125,-0.234375,-0.8125,0.01616972883806981,0.584306831154413,12.124001502990723,1.8596540689468384,3008,3010,22.54644872695428,5.09741386263535,22.608500009766026,0.11462809316650774,0.02591569245474451,0.677734375,,
5.641189999997616,1396,,,,-0.0859375,0.015625,-0.9609375,0.016256222913152162,0.5792166244235438,12.125144004821777,1.8052455186843872,3011,3010,21.888861878107377,5.1246193510789215,23.411995468820702,0.1130262727321586,0.026461705850629902,0.68359375,,
5.806609999999404,1396,,,,-0.03515625,-0.25,-0.833984375,0.01646415163284652,0.5797130723971453,12.124922752380371,1.8434494733810425,3010,3011,22.351682462661415,5.190761728543887,23.22313650086555,0.11168169581148671,0.025935992664782997,0.69140625,,
5.83865499999933,1396,,,,0.041015625,0.046875,-1.130859375,0.016425748105994828,0.5806519265752899,12.12356185913086,1.841264247894287,3012,3012,22.322681008352447,5.18070767590591,23.208268191295893,0.11207965453749631,0.02601174681294008,0.67578125,,
5.870734999997541,1396,,,,0.0625,0.10546875,-1.212890625,0.016086766958495844,0.587852193484429,12.125091552734375,1.9011896848678589,3019,3016,23.052098988137004,5.080999198760476,22.04137333166599,0.11569617913496959,0.0255010267736117,0.650390625,,
5.892644999999553,1396,,,,-0.142578125,0.150390625,-1.033203125,0.01716102918727086,0.5900194212410217,12.12440013885498,1.77392578125,3021,3020,21.50778598850593,5.428015142196303,25.2374425944963,0.10869892691608923,0.02743282928128151,0.6484375,,
5.91689999999851,1396,,,,-0.046875,-0.03515625,-1.0078125,0.01566381987292042,0.5929757421807843,12.12800121307373,1.86279296875,3016,3018,22.591955384705216,4.950586910950518,21.913051910070926,0.1197788773022333,0.026247207560538548,0.65234375,,
5.947599999999627,1396,,,,-0.173828125,0.13671875,-1.068359375,0.01580560067473201,0.5928868302728215,12.1225004196167,1.8267822265625,3012,3014,22.145168308052234,4.989384960172816,22.5303546614212,0.11882964233176466,0.026772739860244872,0.654296875,,
5.973734999999404,1396,,,,-0.09375,0.064453125,-1.044921875,0.016054913502059603,0.5902046775367537,12.125201225280762,1.904296875,3011,3012,23.089982802048326,5.06360317551911,21.92986984412095,0.11655824065957679,0.02556107046924246,0.650390625,,
5.998109999997541,1396,,,,0.03125,0.224609375,-1.099609375,0.016390584509682116,0.5809504066288179,12.124500274658203,1.8798828125,3009,3011,22.792639676481485,5.167601140956464,22.67223636360398,0.11242168092742752,0.025488509223803062,0.642578125,,
6.023004999998957,1396,,,,0.1875,0.005859375,-1.173828125,0.016818009120823915,0.5761825055643137,12.117000579833984,2.110595703125,3016,3012,25.57408935856074,5.304562808393564,20.741942104061277,0.10862016840532143,0.022529932443965627,0.634765625,,
6.047489999998361,1396,,,,-0.09375,0.123046875,-0.841796875,0.017447434958125764,0.5848625305791805,12.131001472473145,1.806640625,3033,3022,21.916360082104802,5.521423254790642,25.193158143532273,0.10592604543977437,0.02668611614283221,0.6328125,,
6.072244999999181,1396,,,,-0.01171875,-0.197265625,-0.8671875,0.019495003895623975,0.6018447050000718,12.12399959564209,1.768798828125,3036,3035,21.444916276959702,6.196979877973259,28.89719781574181,0.09711903489299484,0.028064679629768028,0.638671875,,
6.0947799999993295,1396,,,,0.25,-0.10546875,-1.021484375,0.015142392471321355,0.6002887466107231,12.123499870300293,1.7572021484375,3026,3031,21.303440018673427,4.8070135523847695,22.564494504977624,0.12487768966511828,0.028178019422428622,0.640625,,
6.11764999999851,1396,,,,0.2109375,-0.060546875,-1.060546875,0.015152406506890169,0.5942983068117307,12.123429298400879,1.8338449001312256,3019,3024,22.232488990973934,4.797583368587661,21.579155489677337,0.12387451371932771,0.02673107392757541,0.6328125,,
6.153129999998957,1396,,,,0.28125,-0.20703125,-0.939453125,0.015718661267460195,0.5914864677224076,12.123428344726562,1.806640625,3015,3018,21.902678161859512,4.967250237832736,22.67873454161654,0.11907724382745805,0.02700521202710268,0.62890625,,
6.176889999998734,1396,,,,0.1171875,-0.166015625,-0.95703125,0.016045669239144883,0.5872409241171848,12.12399959564209,1.7613636255264282,3012,3013,21.3547718836611,5.063394640612588,23.710834600329665,0.1159777117523153,0.027499283406838583,0.619140625,,
6.19979999999702,1396,,,,0.037109375,0.0703125,-1.140625,0.016173262850119916,0.5888746804260009,12.125500679016113,1.77734375,3009,3011,21.551182847470045,5.099349012685615,23.661573700045157,0.11548036405452175,0.027324471449841122,0.615234375,,
6.223319999998435,1396,,,,0.09375,-0.419921875,-0.705078125,0.01617796392035841,0.5854960279234152,12.124000549316406,1.7668806314468384,3010,3009,21.421661746237987,5.0977186093458196,23.797026905445684,0.11485452077523572,0.027331961211003546,0.623046875,,
6.248099999997764,1396,,,,0.26171875,-0.23828125,-0.85546875,0.01625945971103001,0.5868185925543616,12.121142387390137,1.8136160373687744,3009,3009,21.983098225001186,5.122573090644616,23.30232544209241,0.11455543574889575,0.026694080449814757,0.630859375,,
6.271629999998957,1396,,,,-0.0859375,-0.328125,-0.642578125,0.01639529203737709,0.5897637995056287,12.123499870300293,1.9549560546875,3016,3012,23.70090947544668,5.171347358115452,21.819193746437403,0.11404451464280503,0.0248835936070978,0.640625,,
6.298819999998435,1396,,,,0.1875,-0.26171875,-0.927734375,0.017900519448980967,0.5874965458525777,12.123000144958496,1.773681640625,3024,3020,21.502342786407098,5.6604167581025235,26.324651291862054,0.10379033399115252,0.027322443497829876,0.64453125,,
6.324509999997914,1396,,,,0.34375,-0.220703125,-1.033203125,0.017340172920489647,0.5900972191604892,12.125,1.7901611328125,3023,3023,21.705703735351562,5.48977331579427,25.291846708721117,0.10749027058417127,0.027186274462938143,0.64453125,,
6.348,1396,,,,0.26171875,-0.037109375,-1.0234375,0.01553967238132302,0.5923311308480541,12.121001243591309,1.8072509765625,3015,3019,21.90569133439567,4.913297009994685,22.42931727189989,0.12055675234839809,0.02704005647692083,0.638671875,,
6.371954999998212,1396,,,,0.361328125,-0.291015625,-1.1171875,0.015980108851114783,0.585295976130499,12.122499465942383,1.8280029296875,3013,3016,22.15996453887783,5.046256568677375,22.771952364021768,0.11598617077131795,0.02641231555689746,0.638671875,,
6.394514999998734,1396,,,,0.349609375,-0.216796875,-0.95703125,0.015943456069619732,0.5799834896297227,12.121142387390137,1.8694196939468384,3012,3012,22.65950229212092,5.029648811122292,22.19664291951895,0.1153129197305344,0.025595597032658235,0.6328125,,
6.417179999997839,1396,,,,0.109375,-0.248046875,-0.92578125,0.015980996720814135,0.5817061578465016,12.125144004821777,1.8924386501312256,3009,3010,22.946091153131647,5.037828371463839,21.955061268796033,0.11546764100609397,0.025350991328521384,0.6328125,,
6.442439999997616,1396,,,,0.01171875,-0.03125,-0.869140625,0.01620604136732722,0.5902417010109287,12.125144004821777,1.8708146810531616,3009,3009,22.683897414104308,5.106788689086878,22.512836290255827,0.11557981677845125,0.02602029493591037,0.640625,,
6.467044999998063,1396,,,,0.13671875,-0.390625,-0.787109375,0.016245480444353453,0.5836844477986736,12.121000289916992,1.8231201171875,3011,3009,22.09803946898319,5.1197499997130524,23.168344897288897,0.11400643543754821,0.02641340416727616,0.650390625,,
6.491004999998957,1396,,,,-0.13671875,-0.17578125,-0.72265625,0.016337488841429142,0.5935981255365237,12.122499465942383,1.800537109375,3011,3011,21.82701014680788,5.151495091894105,23.601469267871728,0.1152283201182803,0.02719557656060078,0.662109375,,
6.512599999999628,1396,,,,0.140625,-0.142578125,-0.94140625,0.016340946418993012,0.5840623234075154,12.12350082397461,1.80419921875,3010,3011,21.87321071512997,5.151967447945441,23.553777792584242,0.11336685049134664,0.026702176055182988,0.669921875,,
6.533764999996871,1396,,,,0.048828125,-0.328125,-0.791015625,0.016311226678574955,0.5808392667438645,12.123332977294922,1.7732747793197632,3009,3009,21.49800060993266,5.140131717473781,23.90981287394187,0.11300085263755252,0.027018292411597616,0.6796875,,
6.559724999997765,1396,,,,-0.046875,0.111328125,-1.146484375,0.016311486583774952,0.5749710808183209,12.125143051147461,1.7892019748687744,3008,3009,21.694329892679434,5.139250026431742,23.689369765534625,0.11187840207446222,0.02650328835519091,0.689453125,,
6.583109999999404,1396,,,,-0.2734375,0.140625,-0.9296875,0.01639426163901967,0.5853737740499664,12.125779151916504,1.8728299140930176,3009,3009,22.70952192739469,5.165092568266704,22.744171298630505,0.11333267822659862,0.02577657847318331,0.693359375,,
6.6059349999986585,1396,,,,0.0859375,0.037109375,-1.2109375,0.016437893573804613,0.5866852246924175,12.123428344726562,1.7926896810531616,3007,3008,21.73354489257872,5.177920352110156,23.82455498034397,0.11330518524745671,0.026994456154860905,0.6875,,
6.628029999999329,1396,,,,-0.09375,0.3125,-1.13671875,0.016289029237421194,0.5879966753348684,12.121713638305664,1.8038504123687744,3008,3008,21.86575814507387,5.131173188050332,23.46670604333165,0.11459302849184998,0.026891209142333717,0.6796875,,
6.651624999998138,1396,,,,0.236328125,-0.1953125,-1.310546875,0.016137709216099708,0.5850959243375827,12.123332977294922,1.7805989980697632,3008,3008,21.586794552637457,5.083291366565511,23.54815280318883,0.11510178782706657,0.027104344876719838,0.6796875,,
6.674239999998361,1396,,,,0.0234375,-0.0390625,-1.021484375,0.016173080637011963,0.5865185148649873,12.122501373291016,1.8548583984375,3008,3008,22.485523482318968,5.093632038362618,22.65293953404239,0.11514740571121575,0.026084272190780175,0.67578125,,
6.697379999998957,1396,,,,-0.28125,0.35546875,-1.12890625,0.016266121528454747,0.5863962609915384,12.123428344726562,1.826171875,3005,3007,22.139463871717453,5.122773641878819,23.138652641101302,0.11446850905098216,0.026486470692754366,0.6796875,,
6.720919999999926,1396,,,,-0.2109375,0.15625,-0.8984375,0.016349457336155164,0.5856405097738547,12.123499870300293,1.8505859375,3009,3007,22.435578373260796,5.149173797161379,22.950929597153934,0.11373485006404421,0.026103205365627373,0.677734375,,
6.743849999997765,1396,,,,-0.4375,0.53515625,-0.96484375,0.01640402373422526,0.5668800971937077,12.124571800231934,1.8122209310531616,3008,3008,21.972402796437223,5.16638596417815,23.51306778799753,0.10972468977816391,0.025799640687709676,0.6796875,,
6.767449999999255,1396,,,,-0.3125,0.10546875,-0.7578125,0.016300594459885277,0.5744376093705442,12.122858047485352,1.8498884439468384,3008,3008,22.425935009651084,5.133815920935552,22.892316056058288,0.11189291128028263,0.025614878894607195,0.6796875,,
6.79264999999851,1396,,,,-0.26171875,0.07421875,-0.703125,0.016360877794217524,0.584818074625199,12.123429298400879,1.8450056314468384,3008,3008,22.367795327997214,5.153177636926016,23.038379783795286,0.11348688437102972,0.02614553942619444,0.685546875,,
6.82,1396,,,,-0.0859375,0.140625,-0.970703125,0.016385234404806985,0.5880189033118591,12.120999336242676,1.7840576171875,3007,3008,21.624561193748377,5.160699389218803,23.864990105374957,0.11394170808326622,0.0271921773599667,0.689453125,,
6.8449699999969456,1396,,,,-0.09375,0.2109375,-0.978515625,0.016293904416196887,0.5897637995056287,12.12399959564209,1.8006727695465088,3007,3008,21.831355929865595,5.132174134221992,23.508270172083574,0.1149150017286063,0.027014529074615278,0.697265625,,
6.867554999997839,1396,,,,-0.234375,0.22265625,-1.03125,0.016103214346434552,0.5874632038870917,12.120000839233398,2.242431640625,3016,3010,27.178273366298527,5.075109001481331,18.673404793162995,0.1157538101576975,0.02161517753425628,0.705078125,,
6.893489999998361,1396,,,,-0.3984375,0.23046875,-0.833984375,0.01840421237296542,0.5860406133596872,12.125715255737305,1.7508370876312256,3046,3027,21.230151983800624,5.834269547420079,27.481054077577205,0.10044798386437855,0.027604164765605888,0.7109375,,
6.917444999998436,1396,,,,0.037109375,0.005859375,-1.05078125,0.01917776999260016,0.5937092654214771,12.119000434875488,1.8798828125,3043,3042,22.782300622202456,6.109205906804642,26.81557937502995,0.09718272300499536,0.02606011022622003,0.701171875,,
6.944814999997615,1396,,,,-0.01171875,0.10546875,-0.984375,0.014603159886714543,0.6011889796788462,12.126501083374023,1.86279296875,3038,3041,22.58916095364839,4.650195840660602,20.58596089603561,0.12928250772196337,0.026614046485057594,0.697265625,,
7.110439999997616,1396,,,,0,-0.267578125,-0.875,0.016618297104906636,0.6055715726547024,12.125499725341797,1.8255615234375,3038,3040,22.13584575103596,5.289649307866363,23.89630541954245,0.11448236686582275,0.027357056037778073,0.705078125,,
7.132374999998137,1396,,,,0.07421875,0.05859375,-1.064453125,0.01596047199407008,0.5883967789207009,12.125572204589844,1.8386404514312744,3024,3026,22.294567552109584,5.057176438109686,22.68344710562085,0.11634887295738425,0.026391935055274256,0.693359375,,
7.155379999997094,1396,,,,-0.15625,0.32421875,-1.08203125,0.01609651480083563,0.580283567319097,12.12171459197998,1.8212890625,3014,3015,22.07714620511979,5.081429361214535,23.016694793805044,0.11419691706201361,0.026284355864098354,0.677734375,,
7.189749999998138,1396,,,,0.1484375,-0.01171875,-1.1015625,0.016115391463990464,0.5808170387668738,12.12457275390625,1.7982701063156128,3010,3012,21.803256735198374,5.082419319855225,23.310367719746907,0.11427963775004277,0.026639003788329667,0.673828125,,
7.357419999998063,1396,,,,-0.0703125,0.1328125,-1.0859375,0.01608576758108165,0.586900071982518,12.125818252563477,1.8909801244735718,3010,3010,22.92968130857639,5.0702926934644665,22.11235570713329,0.11575270057664003,0.025595648892119568,0.67578125,,
7.3882849999982865,1396,,,,0.177734375,-0.140625,-1.04296875,0.016280216968214346,0.5848283550645572,12.12449836730957,1.8094308376312256,3010,3011,21.938441236619383,5.132539637007196,23.395188298246193,0.11394521940907464,0.02665769863760278,0.66796875,,
7.417714999999851,1396,,,,0.14453125,-0.328125,-0.720703125,0.016212542181515258,0.5885079188056546,12.12440013885498,1.87841796875,3011,3009,22.77469108114019,5.108357574269548,22.42997525661193,0.1152049186552502,0.02584043474877252,0.6640625,,
7.4403299999982115,1396,,,,0.125,-0.234375,-0.751953125,0.016507472689222782,0.5819951215473806,12.124889373779297,1.7800564765930176,3010,3010,21.582987857769695,5.20368449557243,24.11012103543925,0.1118428917130877,0.026965456561560696,0.67578125,,
7.4622499999981375,1396,,,,0.0625,-0.162109375,-0.873046875,0.01616003171916422,0.5836288778561968,12.126999855041504,1.7852783203125,3009,3011,21.650069931638427,5.094988575622874,23.533358514363453,0.11454959499783507,0.02695736686759187,0.685546875,,
7.484909999998286,1396,,,,-0.2109375,0.001953125,-0.71484375,0.016025376791319938,0.58612952526765,12.123333930969238,1.8986002206802368,3010,3010,23.0173644767184,5.0512500608664626,21.94538851733308,0.11603652921651413,0.025464667158592733,0.693359375,,
7.511134999997914,1396,,,,-0.0625,-0.158203125,-0.89453125,0.016270074602706356,0.5729705628891583,12.125500679016113,1.793212890625,3011,3009,21.743604122893885,5.126929166093413,23.579021845303277,0.11175706633094504,0.026351223083843606,0.69921875,,
7.532209999999031,1396,,,,-0.0859375,-0.0546875,-0.98828125,0.016295604699247214,0.5833065721898317,12.125500679016113,1.78955078125,3008,3009,21.69919921318069,5.134208572232586,23.660820483706726,0.11361177949500087,0.02688147919465688,0.705078125,,
7.555094999998808,1396,,,,-0.07421875,0.03125,-0.99609375,0.01624508751240593,0.5755712361970697,12.124000549316406,1.8009439706802368,3007,3008,21.83464568981526,5.117038151032793,23.435407305095996,0.11248132595628581,0.026360456880028242,0.69921875,,
7.577454999998212,1396,,,,0.21875,0.1484375,-1.193359375,0.016251923298633886,0.5757268320360045,12.125,1.829833984375,3008,3008,22.186737060546875,5.118611338344582,23.07059088669082,0.11247715327067619,0.025949143872073886,0.693359375,,
7.6003649999983605,1396,,,,-0.13671875,0.08203125,-1.083984375,0.016381268894231287,0.5774383862642882,12.122858047485352,1.7878068685531616,3008,3008,21.67332888378928,5.159979976966402,23.8079715609624,0.11190709825268923,0.0266428101266985,0.689453125,,
7.622279999999329,1396,,,,0.046875,-0.021484375,-1.021484375,0.01632230800227151,0.5781941374819718,12.122858047485352,1.8282644748687744,3007,3008,22.163790702094502,5.14163793614644,23.19836893090923,0.11245329691870862,0.026087330694172805,0.68359375,,
7.648004999998957,1396,,,,-0.037109375,0.06640625,-1.01171875,0.016198644409441635,0.5801613134456484,12.122000694274902,1.7789713144302368,3008,3008,21.564691508618466,5.102299656418712,23.660434253740867,0.11370584883539783,0.026903297606357283,0.681640625,,
7.672464999999851,1396,,,,-0.3359375,0.2734375,-1.0546875,0.01638607951590892,0.5795167021129182,12.125779151916504,1.8701171875,3008,3008,22.676628003828228,5.16127210298504,22.760315608271757,0.11228175739421926,0.025555682353438317,0.6796875,,
7.695804999997839,1396,,,,-0.361328125,0.1171875,-0.76953125,0.01636027721757796,0.5839956394765433,12.121716499328613,1.845703125,3007,3008,22.373090023174882,5.153133376668703,23.032729816627455,0.11332826006806627,0.026102591947362606,0.677734375,,
7.720504999998957,1396,,,,-0.265625,0.294921875,-0.89453125,0.016223553108980125,0.5886746286330846,12.12350082397461,1.826171875,3008,3008,22.139596231281757,5.110066276676027,23.08111775523642,0.11519902027885304,0.026589221523440752,0.677734375,,
7.745354999998584,1396,,,,-0.349609375,-0.0078125,-0.662109375,0.016241860495906573,0.5947095243860585,12.126856803894043,1.8617466688156128,3007,3008,22.577135257853683,5.1158323678941775,22.659351195207922,0.11624882944138724,0.026341230523442196,0.677734375,,
7.773964999997989,1396,,,,-0.17578125,0.044921875,-1.041015625,0.016303750631257535,0.5827508727650643,12.125499725341797,1.8414306640625,3009,3008,22.328267011325806,5.135857430155141,23.00159447013969,0.1134671047026048,0.02609924328070196,0.681640625,,
7.799229999998585,1396,,,,0.13671875,-0.177734375,-0.767578125,0.01647615022190482,0.5884782583488575,12.124401092529297,1.787109375,3008,3008,21.66763085871935,5.190726390349104,23.956132648716807,0.11337108028714248,0.027159326378871085,0.6796875,,
7.825589999997988,1396,,,,-0.2109375,0.361328125,-1.095703125,0.016448550385674506,0.582261857271269,12.120501518249512,1.934814453125,3011,3008,23.45092151663266,5.181070864117089,22.09325062318934,0.11238253105238945,0.02482895424208799,0.6875,,
7.849569999998435,1396,,,,0,0.1171875,-0.92578125,0.0172893182760903,0.5723815214989049,12.125144004821777,1.73828125,3021,3014,21.076910477131605,5.456552735280952,25.88876932983749,0.10489800965323826,0.027156803750717516,0.693359375,,
7.87236999999918,1396,,,,-0.07421875,0.009765625,-0.8203125,0.017812058478417325,0.5849736704641338,12.125000953674316,1.78955078125,2709,3021,21.698304929304868,5.63569793698824,25.972987085165766,0.1037979105701943,0.026959417907068475,0.6953125,,
7.898309999998659,1396,,,,-0.296875,0.11328125,-0.783203125,0.015512145905431408,0.589930509333059,12.123429298400879,1.7898995876312256,2963,3020,21.69972110188405,4.906126951921878,22.609170545956506,0.12024362906099799,0.027186087165048355,0.6953125,,
7.922044999998063,1396,,,,-0.07421875,-0.03515625,-0.921875,0.01555348550429914,0.5903972968498635,12.124444961547852,1.8630642890930176,3007,3017,22.588620432933567,4.913188869354639,21.750725698110138,0.12016580525377073,0.026136934683672893,0.693359375,,
7.9446099999975415,1396,,,,-0.0234375,-0.060546875,-0.765625,0.015891854826573286,0.5860850693136688,12.12457275390625,1.9273158311843872,3011,3014,23.3678810149504,5.015883589316282,21.464862758019006,0.11684582763483918,0.025080796540289677,0.693359375,,
7.970669999998063,1396,,,,-0.1875,0.203125,-0.86328125,0.016553561029449115,0.5831954323048782,12.124000549316406,1.7389787435531616,3021,3017,21.083379242088085,5.229429002963988,24.80356181481877,0.1115218185339793,0.027661383197085575,0.68359375,,
7.9982899999991055,1396,,,,-0.548828125,0.265625,-0.783203125,0.017180875736110393,0.5905751206657891,12.124000549316406,1.7730712890625,3021,3021,21.4967172825709,5.436083157492216,25.28796879093573,0.1086398245861703,0.02747280493587807,0.685546875,,
8.021974999999628,1396,,,,-0.26953125,0.2578125,-0.958984375,0.01570411188615138,0.5868741624968383,12.122221946716309,1.7664930820465088,3017,3019,21.41382120790672,4.96527873903115,23.18726158597886,0.11819561264174913,0.02740632588639267,0.6875,,
8.05039999999851,1396,,,,-0.421875,0.314453125,-0.875,0.015900032478196727,0.5853293180959849,12.124499320983887,1.806640625,3014,3016,21.904613031074405,5.021180997543028,22.922938608501603,0.11657204119556717,0.02672173743793706,0.6875,,
8.074009999997914,1396,,,,-0.416015625,0.05859375,-0.748046875,0.01605303405821542,0.5868778440055276,12.123001098632812,1.7913818359375,3010,3012,21.716923965141177,5.063333931539086,23.315152457440444,0.1159073946021838,0.027023985760946247,0.6875,,
8.098674999998883,1396,,,,-0.26171875,0.279296875,-0.8515625,0.016250557119526145,0.5767493189775764,12.126500129699707,1.8267822265625,3009,3011,22.152474907343276,5.123613265950381,23.12885258816822,0.11256691109191183,0.026035434929502665,0.685546875,,
8.120854999998585,1396,,,,-0.25,0,-0.677734375,0.016341763583299248,0.5757157180475092,12.12450122833252,1.844482421875,3008,3009,22.363429389661178,5.149783327407836,23.027699543204356,0.1117941632579905,0.025743624021889417,0.6875,,
8.150044999998062,1396,,,,-0.224609375,-0.072265625,-0.79296875,0.01625719266696292,0.5685027395140285,12.12457275390625,1.8003627061843872,3010,3009,21.828628614552144,5.12229217533747,23.46593670993455,0.11098600393222866,0.02604390543962225,0.69140625,,
8.17305499999784,1396,,,,0.166015625,-0.02734375,-0.90234375,0.016241702875978835,0.5787498369067392,12.12266731262207,1.8272569179534912,3009,3008,22.151227711037336,5.116911614174925,23.099900741056043,0.11310530267974142,0.026127212651891274,0.69140625,,
8.19576999999769,1396,,,,-0.236328125,0.326171875,-0.970703125,0.016674948076301353,0.580150199457153,12.124571800231934,1.8415178060531616,3011,3010,22.327614860897143,5.2559309181493195,23.540046489041472,0.11038010363755528,0.02598352771093267,0.697265625,,
8.220809999998659,1396,,,,0.203125,0.0546875,-1.11328125,0.01677461037235561,0.5872298101286896,12.126287460327148,1.8505859375,3013,3012,22.44073704816401,5.291745626110007,23.580979603087286,0.11097090669499275,0.02616802687310726,0.701171875,,
8.245079999998213,1396,,,,-0.0625,0.3359375,-1.06640625,0.01616806698186357,0.5964544205798281,12.125,1.785888671875,3012,3012,21.653900146484375,5.100178243415229,23.55316228907276,0.11694775988464763,0.027544895679066185,0.705078125,,
8.26752499999851,1396,,,,-0.01171875,0.134765625,-1.126953125,0.01607158625907219,0.5976880733028116,12.12299919128418,1.812744140625,3009,3011,21.97589575080201,5.067411220692328,23.05895185413497,0.11794741876526714,0.027197438506277906,0.70703125,,
8.29486999999918,1396,,,,-0.0625,-0.001953125,-1.1171875,0.016141062132913685,0.5931646799852052,12.12457275390625,1.8568638563156128,3009,3010,22.51368091999757,5.087311112919264,22.596531997575337,0.11659689506286713,0.02634685470106011,0.701171875,,
8.3205,1396,,,,0.3125,-0.20703125,-1.09375,0.016337455025806344,0.586351805037557,12.124001502990723,1.8299696445465088,3009,3009,22.18655472090927,5.147895320285073,23.202770259023332,0.1139012681021429,0.026428249559854445,0.69921875,,
8.34555999999866,1396,,,,0.3359375,-0.23046875,-1.13671875,0.016418574093671926,0.5854071160154525,12.123000144958496,1.78955078125,3008,3009,21.69472438050434,5.17301269258404,23.84456516641758,0.11316560596394518,0.026983846660044244,0.69921875,,
8.368259999997914,1396,,,,0.224609375,-0.0625,-0.93359375,0.016322444662102475,0.5837844736951316,12.123000144958496,1.805419921875,3009,3008,21.88710597460158,5.142061607099203,23.493565632049286,0.11353120952287903,0.02667252922211697,0.69921875,,
8.39568499999866,1396,,,,0.162109375,-0.16796875,-1.15625,0.01634729676937968,0.5735707182679071,12.124570846557617,1.7885044813156128,3008,3009,21.68484929309693,5.150309021163903,23.75072545606038,0.11136627256946371,0.02645029764862121,0.693359375,,
8.420829999998212,1396,,,,0.26171875,-0.201171875,-0.84765625,0.01642568177252856,0.5697808481909934,12.124500274658203,1.805419921875,3009,3009,21.88981433864683,5.175992690360026,23.645667387967404,0.11008146306933081,0.026029496613182136,0.689453125,,
8.458474999999627,1396,,,,-0.173828125,-0.203125,-0.826171875,0.01696163888263895,0.5705365994086771,12.121500968933105,1.839599609375,3014,3011,22.298708447488025,5.348211871299524,23.984401984062025,0.1066780099850544,0.02558608274341327,0.6875,,
8.483169999998063,1396,,,,0.2421875,-0.20703125,-0.857421875,0.016921344354196375,0.5847958466482083,12.123692512512207,1.8701171875,3018,3015,22.672725743614137,5.343343089428022,23.567272633432687,0.1094438138934492,0.025792922000695856,0.689453125,,
8.505409999998287,1396,,,,0.19921875,-0.103515625,-1.021484375,0.017209993113040636,0.5863295770605663,12.12457275390625,1.7926896810531616,3023,3022,21.73559646310605,5.445922727640969,25.05531760715592,0.1076639545553282,0.026975545762261494,0.685546875,,
8.67802999999933,1396,,,,0.265625,-0.154296875,-1.076171875,0.01557395862815828,0.6014446014142393,12.124000549316406,1.8268693685531616,3019,3021,22.148965227867848,4.926282868570542,22.241593762458432,0.12208892941398637,0.027154523709193475,0.685546875,,
8.69992999999784,1396,,,,0.130859375,-0.166015625,-1.048828125,0.016160252343396193,0.5832875394845334,12.123929977416992,1.7972959280014038,3012,3013,21.79028997978571,5.0992886527050905,23.401655771610056,0.11438606033316212,0.026768232089872793,0.685546875,,
8.722639999998734,1396,,,,0.26171875,-0.37109375,-0.73046875,0.01641293093695042,0.5764603552766975,12.124001502990723,1.7703683376312256,3009,3009,21.463948386288166,5.171397626951033,24.093412516099235,0.11147090145852284,0.02685714412381639,0.677734375,,
8.757609999997541,1396,,,,0.046875,-0.080078125,-0.97265625,0.016309353963795167,0.5835733079137201,12.121142387390137,1.7522321939468384,3007,3008,21.239055918598638,5.137187484455481,24.18745684433621,0.11359782170293445,0.02747642410050326,0.671875,,
8.925589999997989,1396,,,,-0.087890625,-0.037109375,-0.83984375,0.016516695970207294,0.5923681543222292,12.124333381652832,1.8318685293197632,3009,3009,22.210184760830884,5.203792759559265,23.42975898488019,0.11383392492601872,0.02667101425319565,0.671875,,
8.955079999998212,1396,,,,-0.09765625,0.046875,-1.01171875,0.016551097488841444,0.5886000259853096,12.123785972595215,1.8398611545562744,3012,3012,22.306082857132196,5.220194888902732,23.402562082896665,0.11275441597718423,0.026387422200268094,0.681640625,,
8.98089999999851,1396,,,,0.11328125,0.09375,-1.13671875,0.016510886294250297,0.5870742142897546,12.123556137084961,1.8288846015930176,3012,3011,22.172585135663212,5.205748716466724,23.478311999323903,0.11277421294514904,0.026477481570044016,0.685546875,,
9.00314999999851,1396,,,,0.1875,-0.03125,-1.162109375,0.016680997858900277,0.5803947072040506,12.121777534484863,1.806640625,3011,3012,21.899695741012692,5.261213330270236,24.024138930922632,0.11031575242630189,0.026502409625587416,0.68359375,,
9.024889999998733,1396,,,,-0.03125,-0.00390625,-1.05859375,0.016747747243353386,0.5770716246439417,12.122285842895508,1.8484933376312256,3015,3013,22.407964617453672,5.284343346205657,23.582433462473677,0.10920403668665837,0.025752969289966558,0.68359375,,
9.04777499999851,1396,,,,0.13671875,0.0390625,-1.16015625,0.016660065708921788,0.5785497851138229,12.124667167663574,1.8595377206802368,3013,3014,22.546275948963626,5.258040994128105,23.321106359340018,0.11003143295381605,0.025660547507865346,0.6796875,,
9.072354999998584,1396,,,,-0.078125,0.072265625,-1.125,0.016221002684404642,0.5793277643084972,12.124499320983887,1.79443359375,3010,3013,21.75660888897255,5.117389755323694,23.521081715622827,0.1132076687545275,0.026627668276104022,0.6796875,,
9.097839999997989,1396,,,,0.07421875,-0.1015625,-1.03125,0.016189286704369806,0.5788498628031974,12.120000839233398,1.8861607313156128,3012,3011,22.860269646474308,5.104693371916797,22.32997882727986,0.11339561862573559,0.025321217630189772,0.68359375,,
9.120744999997317,1396,,,,-0.037109375,0.0859375,-1.142578125,0.01633263923397151,0.5762825314607718,12.123111724853516,1.7952474355697632,3011,3010,21.763985235169002,5.14899944715713,23.65834837471184,0.11192126497099344,0.026478722772221956,0.685546875,,
9.144689999997615,1396,,,,0.0625,0.013671875,-1.06640625,0.016658841220068235,0.5788387488147019,12.123429298400879,1.7759486436843872,3011,3011,21.530587819298603,5.252521670135499,24.39562595419473,0.11020206772412415,0.02688448423576568,0.681640625,,
9.167484999999404,1396,,,,-0.0625,0.115234375,-1.00390625,0.016473520148961595,0.5780496556315322,12.122857093811035,1.8010603189468384,3010,3011,21.833996863926245,5.193807196122745,23.78770698050188,0.11129594030041295,0.026474752159856535,0.67578125,,
9.192454999998212,1396,,,,-0.421875,0.341796875,-1.01171875,0.01624366222582528,0.5786720389872716,12.123428344726562,1.7975724935531616,3010,3010,21.792741320043206,5.1200417098158795,23.49425267167687,0.11302096189526571,0.02655343035963336,0.677734375,,
9.217199999999256,1396,,,,-0.412109375,0.1875,-0.828125,0.01630797073714205,0.5871075562552407,12.123499870300293,1.8023681640625,3009,3009,21.851010203245096,5.138722961370759,23.51709561056178,0.11425164591839161,0.026868668807268657,0.67578125,,
9.243204999998213,1396,,,,-0.07421875,0.166015625,-0.853515625,0.01645324446921407,0.5911641620560426,12.125500679016113,1.839599609375,3008,3008,22.30606631259434,5.183417679649765,23.237704071215507,0.11404910786506145,0.026502394181544348,0.673828125,,
9.269204999998212,1396,,,,-0.20703125,0.14453125,-0.83984375,0.016402273845612575,0.5757268320360045,12.1225004196167,1.851806640625,3009,3009,22.448526778025553,5.167817904371942,23.020744102595735,0.11140617620232772,0.025646530738024774,0.677734375,,
9.294859999999405,1396,,,,-0.173828125,-0.0234375,-0.884765625,0.01652209643084159,0.5792944223430112,12.124889373779297,1.7659505605697632,3009,3009,21.411955186471914,5.206619942855854,24.316415280681134,0.11126113077215805,0.027054718604539663,0.6796875,,
9.31733999999985,1396,,,,-0.0234375,-0.095703125,-0.78515625,0.01643235605597085,0.5828620126500178,12.12350082397461,1.7938232421875,3011,3010,21.74741755472496,5.179434001554113,23.81631744790223,0.11253392020732911,0.02680143567314649,0.67578125,,
9.342779999997466,1396,,,,0,0.205078125,-0.994140625,0.016319584726764626,0.5819951215473806,12.122285842895508,1.8282644748687744,3008,3009,22.162744560770534,5.142940796489712,23.205342562098757,0.11316387735682638,0.026260065397204865,0.671875,,
9.367375,1396,,,,-0.111328125,0.2109375,-1.083984375,0.016203442455061202,0.5834732820172619,12.125999450683594,1.8853759765625,3009,3009,22.86206805612892,5.105291620474618,22.330839047196253,0.1142879438418875,0.025521456789681936,0.671875,,
9.393049999998883,1396,,,,0.298828125,-0.1328125,-1.19140625,0.01613433380211519,0.5845735668783013,12.125500679016113,1.8292236328125,3008,3008,22.18025240174029,5.0830742434769665,22.91711632225674,0.11500394030806768,0.026355586775578574,0.681640625,,
9.419494999997317,1396,,,,-0.07421875,0.1953125,-1.107421875,0.016477062265582453,0.5798723497447693,12.12800121307373,1.871337890625,3013,3010,22.695588207570836,5.193225478694383,22.882092463071817,0.11165938242499605,0.02555000313018256,0.689453125,,
9.445194999998435,1396,,,,0.03125,-0.1484375,-1.189453125,0.01685679955272197,0.5920643951241658,12.121000289916992,1.8377685546875,3012,3012,22.27559318416752,5.316436897922576,23.866645677930848,0.11136488714001626,0.026579063023335257,0.6953125,,
9.471014999998733,1396,,,,0.13671875,-0.1796875,-1.1328125,0.016626120383300576,0.5823841111447179,12.123555183410645,1.8039278984069824,3013,3013,21.870019423231042,5.245114866257153,23.9831285229021,0.1110336238566115,0.026629336713166824,0.69921875,,
9.49568999999948,1396,,,,0.099609375,0.001953125,-1.1484375,0.01648104594157536,0.5768826868395207,12.125500679016113,1.7926025390625,3012,3013,21.736203304608352,5.199915604844331,23.922832943607418,0.11094077878919552,0.026540177176076298,0.705078125,,
9.518209999997168,1396,,,,0.38671875,-0.349609375,-1.244140625,0.01601570733974209,0.5857183076933222,12.125000953674316,1.790771484375,3012,3011,21.713105955859646,5.050679856203367,23.260973655592355,0.11596821108626178,0.02697533502963708,0.705078125,,
9.545489999998361,1396,,,,0.111328125,-0.091796875,-1.060546875,0.016097188598079928,0.589419265862273,12.122666358947754,1.8473306894302368,3010,3010,22.394573602607693,5.0744489786469895,22.65927929101586,0.11615433879471795,0.026319736036127927,0.703125,,
9.573144999997691,1396,,,,0.17578125,-0.220703125,-1.0546875,0.016367039334305777,0.5818728676739319,12.126667022705078,1.8131510019302368,3010,3010,21.987478462292074,5.159515152205127,23.46569735612728,0.11277665643161161,0.026463828886601433,0.69921875,,
9.59677499999851,1396,,,,0.25,-0.16796875,-1.0859375,0.016406818274061177,0.5773828163218113,12.124445915222168,1.8240017890930176,3011,3011,22.115011041126763,5.173009733608772,23.391395663283408,0.11161448480767115,0.02610818575889771,0.693359375,,
9.620884999997914,1396,,,,-0.01171875,-0.05078125,-0.908203125,0.01610258540379735,0.5797167539058344,12.122857093811035,1.8031529188156128,3010,3010,21.859365153089925,5.075432415588094,23.218571902902028,0.1142201701130646,0.026520292325318915,0.6875,,
9.64490499999933,1396,,,,0.173828125,-0.1796875,-0.931640625,0.01634107022329796,0.5894637218162544,12.125,1.8310546875,3010,3009,22.2015380859375,5.149182460188975,23.19290870865599,0.11447714785283043,0.026550580393780103,0.685546875,,
9.667289999999106,1396,,,,0.015625,-0.130859375,-0.81640625,0.016343924848744622,0.5808503807323598,12.12700080871582,1.802978515625,3008,3008,21.864721917081624,5.148408744398477,23.546646346214573,0.1128213414221105,0.02656564226771965,0.681640625,,
9.695009999997914,1396,,,,-0.0859375,-0.19140625,-0.875,0.01637526005368806,0.575804629955472,12.12600040435791,1.88720703125,3007,3008,22.88427322404459,5.158169204907904,22.540236058220962,0.11162965135141444,0.025161586925577864,0.677734375,,
9.718199999999255,1396,,,,0.0234375,-0.20703125,-0.73828125,0.016257118607954316,0.5815839039730528,12.122400283813477,1.78076171875,3008,3009,21.587106364779174,5.122770079124333,23.73069364906859,0.11352918342813204,0.026941262721619154,0.671875,,
9.74855499999784,1396,,,,-0.099609375,0.03515625,-0.953125,0.01638379528456247,0.583795587683627,12.124571800231934,1.8254743814468384,3007,3008,22.13309520733617,5.161218755804341,23.31901032122077,0.11311196353130483,0.026376590450400444,0.662109375,,
9.772364999998361,1396,,,,-0.166015625,0.001953125,-1.119140625,0.016443393223730205,0.5824063391217085,12.126224517822266,1.9032118320465088,3009,3008,23.078773980371807,5.179428631088543,22.442390724453467,0.11244605932513951,0.025235583987998557,0.66015625,,
9.795234999999405,1396,,,,-0.125,0.16015625,-1.1171875,0.016366095181506557,0.5651240870114428,12.124000549316406,1.8328857421875,3008,3008,22.22190774511546,5.15530440532634,23.199198126720304,0.10961992592087672,0.025430943800748215,0.658203125,,
9.817639999998734,1396,,,,0.173828125,-0.08203125,-1.21875,0.016536091068255782,0.58612952526765,12.123428344726562,1.8101283311843872,3012,3010,21.94496111787339,5.211773428467844,23.749294430159825,0.11246258750736987,0.026709071030901414,0.66015625,,
9.842929999997839,1396,,,,0,0.033203125,-1.09765625,0.016642028427775766,0.5904195248268542,12.121713638305664,1.8136160373687744,3012,3011,21.984134254822948,5.247525264909697,23.86960161398432,0.11251389846086135,0.026856619322970437,0.66796875,,
9.868064999997616,1396,,,,0.1484375,0.15234375,-1.2734375,0.016637502863414262,0.5888857944144963,12.122499465942383,1.756591796875,3011,3012,21.294283119495958,5.247303904412967,24.64184342326511,0.11222635569463493,0.027654642849908505,0.67578125,,
9.89464499999769,1396,,,,0.224609375,0.078125,-1.18359375,0.01631297600825173,0.5794055622279647,12.124500274658203,1.796875,3011,3011,21.78621143102646,5.144406410807843,23.61312992437742,0.11262826377999532,0.02659505825794081,0.68359375,,
9.920249999998138,1396,,,,-0.134765625,-0.025390625,-1.009765625,0.016136538135319414,0.5750933346917697,12.121500968933105,1.7974853515625,3010,3010,21.788220430607907,5.08629445399465,23.344239930900766,0.11306725159022311,0.0263946904944969,0.69140625,,
9.945509999999777,1396,,,,-0.19921875,0.240234375,-1.078125,0.01616455015709282,0.571970303924577,12.126501083374023,1.8182373046875,3008,3009,22.048856645124033,5.0938044496608,23.102351889013995,0.11228744832610622,0.025941041439491816,0.689453125,,
9.971059999998658,1396,,,,-0.349609375,0.1875,-0.84375,0.016327939141870865,0.5821284894093248,12.12622356414795,1.8549262285232544,3008,3009,22.49325014207477,5.1445226958575745,22.871406592480305,0.11315500461841893,0.02588014118601846,0.689453125,,
9.998299999998883,1396,,,,-0.162109375,0.365234375,-1.017578125,0.016236944514809157,0.5918865713082402,12.123000144958496,1.859130859375,3009,3008,22.53824367769994,5.115033062685793,22.694905316631974,0.11571510175096568,0.02626143277942601,0.69140625,,
10.02140499999933,1396,,,,-0.32421875,0.169921875,-0.74609375,0.016302979299696242,0.5878633074729243,12.125000953674316,1.8023681640625,3009,3009,21.85371570813004,5.136349618082271,23.50332404192227,0.11445157576567215,0.026899924723292105,0.693359375,,
10.045979999998584,1396,,,,-0.224609375,0.255859375,-0.822265625,0.016750589711943924,0.5790721425731041,12.123499870300293,1.832275390625,3011,3010,22.213590460596606,5.279676447758619,23.767776114914557,0.10967947530552515,0.026068372134630216,0.69140625,,
10.211669999998064,1396,,,,-0.0625,-0.03125,-0.935546875,0.0162449083734455,0.5826508468686061,12.124571800231934,1.865234375,3010,3010,22.615168103948236,5.120848780206231,22.643425671959587,0.11378013135649384,0.025763719473165664,0.689453125,,
10.234314999999478,1396,,,,0.068359375,0.021484375,-1.10546875,0.016416607377224796,0.5784728207434926,12.124428749084473,1.8295724391937256,3009,3009,22.18252068029301,5.173726875175047,23.32343988197606,0.11180969438475057,0.026077866852048458,0.68359375,,
10.258264999998733,1396,,,,0.1875,-0.17578125,-1.056640625,0.01644340887393579,0.5780829975970183,12.122286796569824,1.8240792751312256,3008,3009,22.11201211281991,5.180851647744526,23.430032605403724,0.11158068921905641,0.026143391865359116,0.671875,,
10.29186999999918,1396,,,,0.111328125,-0.078125,-1,0.016342564258996023,0.5657020144132009,12.127429008483887,1.787109375,3010,3009,21.67304207570851,5.149198005096278,23.75853831275297,0.10986215986515041,0.02610164334277968,0.671875,,
10.462434999998658,1396,,,,0.125,-0.267578125,-0.986328125,0.01649119037077955,0.5788165208377112,12.122182846069336,1.7214133739471436,3009,3010,20.867287672656403,5.19851910098144,24.91228942893885,0.1113425784524741,0.02773798540172365,0.67578125,,
10.490179999997839,1396,,,,-0.048828125,-0.087890625,-0.9375,0.016318708500399032,0.578089318677975,12.123929023742676,1.8259148597717285,3009,3010,22.137262163269497,5.143023082325366,23.232426143729523,0.11240262962549209,0.026113857911352293,0.6796875,,
10.521734999997541,1396,,,,-0.13671875,0.169921875,-1.0703125,0.016197049228176573,0.593575897559533,12.12177848815918,1.8039278984069824,3009,3009,21.866814393099958,5.103219407784473,23.337735968503885,0.11631400692944727,0.027145055831581718,0.6640625,,
10.544324999997393,1396,,,,0.052734375,0.142578125,-1.177734375,0.016250830578922057,0.5864184889685291,12.124000549316406,1.88916015625,3008,3009,22.904178772121668,5.119960383108714,22.353826496240014,0.1145357473669494,0.02560312224257966,0.658203125,,
10.568564999999479,1396,,,,0.296875,-0.11328125,-1.2109375,0.016476278357963104,0.5834843960057573,12.125714302062988,1.7494419813156128,3011,3009,21.213233653468137,5.192267544711601,24.4765490708802,0.11237564146709744,0.027505679027410506,0.658203125,,
10.592999999998137,1396,,,,-0.162109375,0.041015625,-1.154296875,0.016533961242955565,0.5840400954305247,12.124500274658203,1.8865966796875,3011,3010,22.874041961040348,5.212398318100355,22.787395104801526,0.11204824723437033,0.025532876805300815,0.66015625,,
10.61905499999784,1396,,,,0.32421875,-0.18359375,-1.1484375,0.01641577172873322,0.5840400954305247,12.126286506652832,1.77734375,3013,3012,21.552579533308744,5.177299964029856,24.021718402795,0.1128078534155331,0.02709838488371712,0.662109375,,
10.645114999998361,1396,,,,-0.13671875,0.16796875,-1.103515625,0.016322720467282555,0.5870927607580563,12.125000953674316,1.7962646484375,3011,3012,21.779710575356148,5.148427251799072,23.638639429968105,0.11403341875966139,0.026955948690261966,0.658203125,,
10.667754999997094,1396,,,,-0.01171875,0.03515625,-1.04296875,0.016212571695078195,0.5894970637817404,12.125333786010742,1.7605252265930176,3009,3011,21.346956011132534,5.111272568490566,23.943800539172962,0.11533273874216954,0.027615040920790535,0.65234375,,
10.689764999998733,1396,,,,-0.287109375,0.376953125,-1.05859375,0.01633720853506828,0.5745932052094791,12.124000549316406,1.8756974935531616,3011,3010,22.740957442189938,5.14882034679933,22.641176651810763,0.1115970584537222,0.02526688714273176,0.650390625,,
10.711449999997392,1396,,,,-0.203125,0.248046875,-1.080078125,0.016482583294806757,0.5734151224289721,12.125334739685059,1.8831380605697632,3012,3011,22.833679345449696,5.196901845654037,22.759809170613046,0.11033787811645826,0.025112690502209514,0.6484375,,
10.733469999998809,1396,,,,-0.25,0.27734375,-0.931640625,0.016947115491850132,0.5810504325252761,12.12399959564209,1.80908203125,3016,3013,21.93330981535837,5.347127340003284,24.379026170774566,0.10866590518207468,0.02649168946304706,0.64453125,,
10.754474999999628,1396,,,,-0.3125,0.197265625,-0.96875,0.01681628969421854,0.5864407169455197,12.125334739685059,1.8831380605697632,3014,3014,22.833679345449696,5.308252357644245,23.24746825658685,0.11047717354677102,0.025683145851059953,0.646484375,,
10.778334999999032,1396,,,,-0.171875,0.271484375,-0.962890625,0.016280835097188286,0.5875298878180639,12.124571800231934,1.8310546875,3013,3014,22.200754028744996,5.139407126114256,23.149696264639825,0.11431861173883626,0.026464411391493484,0.642578125,,
10.800359999999404,1396,,,,-0.5,0.357421875,-0.9296875,0.01590670267966017,0.5818172977314551,12.123428344726562,1.8924386501312256,3011,3013,22.942844371656975,5.01841288961989,21.87354282810511,0.11593651429815369,0.025359423108418846,0.6484375,,
10.82226999999769,1396,,,,-0.287109375,0.001953125,-0.71875,0.01609710587556466,0.5761047076448463,12.123428344726562,1.8505859375,3011,3011,22.43544600903988,5.076123018394284,22.625460694425108,0.11349305475009624,0.025678326493385393,0.65234375,,
10.845729999998584,1396,,,,-0.25,0.23828125,-0.939453125,0.016224193370069587,0.574015277807721,12.124570846557617,1.8429129123687744,3012,3011,22.344528170051035,5.115898846568177,22.895533115016285,0.11220223366863072,0.025689299565389297,0.65625,,
10.868064999997616,1396,,,,-0.224609375,0.01953125,-0.6875,0.01635496732639516,0.5805614170314809,12.125715255737305,1.8352400064468384,3011,3011,22.253597744111858,5.157510331280587,23.176074226672977,0.11256621504184752,0.026088429552254905,0.65625,,
10.895229999996722,1396,,,,-0.296875,0.2578125,-0.912109375,0.016247788849678185,0.5833288001668224,12.123429298400879,1.8268693685531616,3012,3011,22.147921627068513,5.123230986439048,23.131881504301475,0.11385955497826789,0.02633785733889792,0.654296875,,
10.918184999998658,1396,,,,-0.08203125,-0.02734375,-0.724609375,0.016315063104647993,0.5818839816624272,12.12399959564209,1.8191189765930176,3010,3010,22.054997736638597,5.142694633296479,23.317593112935306,0.11314768290829631,0.02638331631727078,0.65234375,,
10.948894999999553,1396,,,,-0.265625,0.1796875,-0.970703125,0.016337868079446777,0.5801724274341437,12.123429298400879,1.7724609375,3009,3009,21.48830485995859,5.148014171452288,23.95728376436581,0.11269829649098913,0.026999450687952578,0.65234375,,
10.97264999999851,1396,,,,-0.05078125,0.162109375,-0.876953125,0.016481702521846834,0.5838474761174147,12.121600151062012,1.8935546875,3009,3009,22.95291278604418,5.192772787325059,22.62358958851779,0.112434627901016,0.02543674877170297,0.6484375,,
10.999434999998659,1396,,,,-0.0859375,0.1953125,-1.09765625,0.016586351982980505,0.5893970378852823,12.122499465942383,1.810302734375,3012,3010,21.945393930654973,5.22860767768793,23.8255357557479,0.11272542791849156,0.02685743713454003,0.642578125,,
11.02240499999933,1396,,,,0.166015625,0.115234375,-1.072265625,0.016735604919558115,0.5849514424871431,12.125,1.8182373046875,3013,3012,22.046127319335938,5.279147220974844,23.94591641655211,0.11080415415638406,0.026533070140355282,0.640625,,
11.045184999998659,1396,,,,-0.09375,0.22265625,-1.052734375,0.016151243010852825,0.579194396446553,12.125144004821777,1.8240792751312256,3010,3012,22.117223887177033,5.094324450642623,23.03329060025555,0.11369405346247442,0.02618748172922164,0.638671875,,
11.068594999998808,1396,,,,0.048828125,0.125,-1.09765625,0.016081900722694772,0.581939551604904,12.122857093811035,1.8324497938156128,3010,3011,22.21452698201017,5.070324040422215,22.82436193454976,0.1147736410859541,0.026196351246919276,0.634765625,,
11.101654999997466,1396,,,,0.125,0,-1.15234375,0.016350521550135375,0.5920199391701844,12.125499725341797,1.846923828125,3008,3009,22.394874370656908,5.152849598037671,23.00905784400934,0.11489175608689216,0.026435510616031138,0.634765625,,
11.124234999999404,1396,,,,0.087890625,-0.216796875,-1.078125,0.016178015202728522,0.5826953028225875,12.12399959564209,1.8671875,3009,3008,22.637780494987965,5.096157607950926,22.51173700124543,0.11434012596342737,0.02573994844377951,0.63671875,,
11.149849999999628,1396,,,,0.3125,-0.13671875,-1.173828125,0.016328236914979036,0.5842068052579549,12.126855850219727,1.8345423936843872,3008,3007,22.24723115932761,5.142321506142306,23.114433743752784,0.11360760010048812,0.02625975345309495,0.638671875,,
11.175309999998658,1396,,,,0.162109375,-0.1328125,-1.015625,0.016679035714374256,0.5867741366003802,12.123499870300293,1.7999267578125,3010,3008,21.82141181488987,5.254607167802355,24.08005133846045,0.11166850686685832,0.026889833782431715,0.634765625,,
11.201729999998584,1396,,,,0.26171875,-0.34765625,-0.7890625,0.016688034163387374,0.5852515201765176,12.119999885559082,1.793212890625,3009,3010,21.73374002915807,5.259718030703944,24.200703715271672,0.11127051236588617,0.02692824702013284,0.634765625,,
11.226939999997615,1396,,,,0.07421875,0.03125,-0.986328125,0.016457044115557297,0.5797500958713204,12.125332832336426,1.7664930820465088,3008,3009,21.419316565833697,5.185953893671254,24.211574994617028,0.1117923737383832,0.027066694405931204,0.638671875,,
11.255959999997168,1396,,,,0.173828125,-0.57421875,-0.580078125,0.01646997398005536,0.5775828681147276,12.125000953674316,1.8206787109375,3009,3008,22.075731106451713,5.1886245390342225,23.50374949764553,0.11131714460538615,0.026163702815981797,0.650390625,,
11.281569999998435,1396,,,,0.1875,-0.26171875,-0.865234375,0.016592269437501795,0.584084551384506,12.124001502990723,1.8522135019302368,3010,3010,22.4562392812619,5.229243638498889,23.286372989721002,0.11169579995935586,0.02600990059238824,0.662109375,,
11.302754999998957,1396,,,,-0.2109375,-0.16796875,-0.7421875,0.01642874994118784,0.5818172977314551,12.123000144958496,1.7608642578125,3010,3010,21.346957652713172,5.1789327928147175,24.26075357935833,0.11234308708131373,0.027255279520241465,0.673828125,,
11.32664999999851,1396,,,,-0.15625,0.1640625,-0.923828125,0.01613005682450143,0.5858627895437617,12.126667022705078,1.8277994394302368,3008,3009,22.16511518625748,5.083019736992223,22.932521190522525,0.11525880674436148,0.026431750280594097,0.68359375,,
11.350389999998733,1396,,,,-0.07421875,-0.0546875,-0.90625,0.016318592196315384,0.5814616500996039,12.123501777648926,1.8011474609375,3009,3008,21.83621444448363,5.140953333024828,23.543244393826516,0.1131038568983633,0.02662831744842548,0.6875,,
11.37352499999851,1396,,,,0.01171875,0.197265625,-1.16015625,0.016341329569562045,0.5803280232730784,12.12399959564209,1.8359375,3007,3008,22.25890550762415,5.147266751569559,23.124527617975243,0.11274488991582159,0.026071723206439943,0.681640625,,
11.396314999999479,1396,,,,-0.01171875,0.12890625,-1.216796875,0.01623264154667539,0.5895970896781986,12.122499465942383,1.7974853515625,3008,3007,21.790015214355662,5.112364427484537,23.461958962361887,0.11532767236006707,0.027058131161366107,0.671875,,
11.422229999998585,1396,,,,0.09375,-0.078125,-1.125,0.016336060760168927,0.5930979960542331,12.126286506652832,1.8422154188156128,3008,3008,22.33923197553156,5.145769762540689,23.034676251076647,0.11525933405955478,0.02654961444976536,0.66796875,,
11.449249999998138,1396,,,,0.13671875,0.083984375,-1.06640625,0.01671598040015038,0.5837733597066364,12.1225004196167,1.807861328125,3011,3010,21.915799708804116,5.268127532131387,24.038034669640872,0.11081230591820021,0.026637100514845472,0.6640625,,
11.472764999998734,1396,,,,-0.134765625,-0.033203125,-1.080078125,0.016513240650220515,0.5839622975110573,12.126222610473633,1.8337674140930176,3010,3010,22.236671879124515,5.2047299604093915,23.406065389198467,0.11219838530587747,0.026261227430318525,0.662109375,,
11.49873999999836,1396,,,,-0.1484375,0.052734375,-0.921875,0.016421045009613645,0.5829842665234667,12.120573043823242,1.8115234375,3008,3009,21.956702144816518,5.174091388638887,23.56497507919409,0.11267374747256415,0.026551540512703822,0.66015625,,
11.52288999999687,1396,,,,-0.361328125,0.357421875,-0.998046875,0.01656350282255105,0.5835733079137201,12.123001098632812,1.93359375,3009,3008,23.44095915555954,5.217891491506139,22.25971837107442,0.11184082859210097,0.024895453468477755,0.6640625,,
11.550634999999776,1396,,,,-0.25,0.130859375,-0.8984375,0.01673877855767769,0.5732150706360558,12.126500129699707,1.78466796875,3018,3013,21.641776354517788,5.280569087460178,24.399887518280554,0.10855176045272766,0.0264865074495789,0.658203125,,
11.575789999999106,1396,,,,-0.19921875,0.251953125,-0.96875,0.01831920981836951,0.5913419858719682,12.127110481262207,1.7887369394302368,3018,3019,21.692210486385306,5.791055656360735,26.696475492875095,0.10211298612239282,0.027260568315207543,0.66015625,,
11.603044999999925,1396,,,,-0.2109375,0.140625,-1.013671875,0.016061804181907675,0.5933425038011307,12.127500534057617,1.8212890625,3015,3017,22.087684078142047,5.074771240353122,22.97556965410924,0.1169200493379961,0.026863047375270184,0.658203125,,
11.62827499999851,1396,,,,-0.228515625,0.3125,-1.095703125,0.016072081196824017,0.587918877415401,12.124499320983887,1.837158203125,3012,3014,22.27462338632904,5.072625787459418,22.773115843443268,0.11590030529530845,0.026394110787805007,0.65625,,
11.65273999999836,1396,,,,-0.01171875,0.1875,-0.89453125,0.01639164064878505,0.5901639030914613,12.125,1.81884765625,3008,3011,22.05352783203125,5.168455776061414,23.435959160033267,0.1141857314180584,0.026760521381721445,0.658203125,,
11.677944999998436,1396,,,,-0.51171875,0.431640625,-0.86328125,0.01635523002627473,0.5934425296975889,12.12350082397461,1.8560791015625,3010,3009,22.50217651715502,5.1541321474807855,22.90503829063567,0.1151391762408826,0.02637267240549665,0.66015625,,
11.85064999999851,1396,,,,-0.3125,0.154296875,-0.740234375,0.016235797857781627,0.5912530739640054,12.123001098632812,1.837158203125,3010,3009,22.27187091484666,5.115754221258912,22.96957557278539,0.11557495696470474,0.026547077083222046,0.6640625,,
11.88839999999851,1396,,,,-0.28125,0.2265625,-0.869140625,0.01655328109774998,0.5857865892601405,12.12344741821289,1.8052093982696533,3013,3013,21.885361218785874,5.222286829226827,23.862008842440947,0.1121705123475318,0.02676613757497935,0.658203125,,
11.917609999997541,1396,,,,-0.1953125,0.087890625,-0.787109375,0.01644472114542131,0.5872112636603878,12.124667167663574,1.8794759511947632,3011,3011,22.78802035786441,5.185915273633037,22.7571995820309,0.11323194319158478,0.025768419302720797,0.654296875,,
11.939294999998063,1396,,,,-0.072265625,0.013671875,-0.82421875,0.016283622959486706,0.5968211822001747,12.122666358947754,1.8077256679534912,3010,3010,21.914455141106146,5.132825374502445,23.422098981938742,0.1162753724615126,0.02723413282955342,0.65625,,
11.960094999998807,1396,,,,-0.203125,0.27734375,-0.88671875,0.01624445898897066,0.5824285670986992,12.12457275390625,1.8477957248687744,3009,3010,22.40373370052839,5.120166407114853,22.854076358683436,0.11375188241721428,0.02599694206706995,0.658203125,,
11.981984999997541,1396,,,,-0.171875,0.09375,-1,0.016508982955895785,0.5773050184023439,12.120572090148926,1.8226841688156128,3014,3011,22.09197486570281,5.204898358280529,23.56013163115169,0.11091571413376461,0.026131888249546865,0.662109375,,
12.004729999998585,1396,,,,-0.2109375,0.423828125,-1.044921875,0.016369401566905698,0.5900638771950031,12.124667167663574,1.8644205331802368,3011,3011,22.605478425368233,5.161856635399388,22.8345383285791,0.1143123335019451,0.026102693607794825,0.66796875,,
12.02711499999836,1396,,,,-0.111328125,0.169921875,-1.009765625,0.01650775469422482,0.5923644728135401,12.125143051147461,1.8408203125,3011,3012,22.320209620520473,5.206464050892225,23.32623277025845,0.11377481281408779,0.02653937767093995,0.67578125,,
12.050704999998212,1396,,,,-0.0625,0.412109375,-1.1796875,0.016481481911588262,0.5749488528413302,12.12114429473877,1.8143136501312256,3011,3011,21.991557549154777,5.197051397978815,23.632029638476236,0.11062981848994866,0.026144071494537128,0.685546875,,
12.07505999999866,1396,,,,-0.07421875,0.1953125,-1.154296875,0.016336575540145698,0.5848736445676757,12.123000144958496,1.7791748046875,3012,3011,21.568936415133066,5.150385747586609,23.878719137829282,0.11355919211327782,0.02711648053991759,0.69140625,,
12.100949999999255,1396,,,,-0.099609375,0.158203125,-1.076171875,0.01653479643294503,0.5848736445676757,12.122285842895508,1.7724609375,3010,3011,21.48627812974155,5.213745443581161,24.26546567115426,0.11217917155655072,0.027220798364240056,0.69140625,,
12.126184999998658,1396,,,,0.0625,0.046875,-1.14453125,0.016632766580213187,0.5867519086233894,12.125778198242188,1.8598090410232544,3012,3012,22.55163192253349,5.246142876180767,23.26280818258143,0.11184443932845181,0.026018157383861415,0.68359375,,
12.149749999998138,1396,,,,0.173828125,-0.0859375,-1.19140625,0.016549405480662666,0.5863629190260524,12.124000549316406,1.81396484375,3012,3013,21.99251076206565,5.2210822544099615,23.740273727253008,0.1123067767282892,0.026661936209550735,0.67578125,,
12.176229999998585,1396,,,,0,-0.19140625,-1.072265625,0.016326343240102476,0.5807392408474064,12.126287460327148,1.8150111436843872,3010,3012,22.00934687201402,5.148781348625568,23.393612625427334,0.1127915911601938,0.02638602791007148,0.673828125,,
12.209259999999777,1396,,,,0.173828125,-0.1953125,-1.09765625,0.016395824122533764,0.584084551384506,12.125,1.822509765625,3010,3010,22.097930908203125,5.168420519935263,23.388707935622417,0.11301026089723482,0.026431639858539153,0.67578125,,
12.230354999998584,1396,,,,0.375,-0.181640625,-1.068359375,0.016291678064411008,0.5816764973897047,12.123638153076172,1.797318935394287,3009,3009,21.790044418392426,5.133363051205421,23.558295488707124,0.1133129473967587,0.02669459897469168,0.6796875,,
12.255449999997392,1396,,,,0.1875,-0.21875,-0.896484375,0.01628746547446786,0.5754378683351254,12.124001502990723,1.8143136501312256,3009,3008,21.996741421087563,5.1310804074956256,23.32654782483657,0.11214750552232813,0.026160141510027105,0.671875,,
12.277474999997764,1396,,,,0.125,-0.1953125,-1.0546875,0.016533570546751697,0.5877410535994755,12.120501518249512,1.9830322265625,3011,3009,24.03534511278849,5.210028443672108,21.676528542542155,0.1128095671556884,0.024453198023221056,0.669921875,,
12.300269999999554,1396,,,,-0.203125,0.021484375,-1.00390625,0.01709405583108366,0.5790499145961135,12.129714965820312,1.7626953125,3023,3015,21.380991712212563,5.39655859779106,25.23998264640181,0.10729984750524761,0.0270824628899401,0.662109375,,
12.328309999998659,1396,,,,0.26171875,-0.16796875,-0.998046875,0.01899221980143566,0.5769938267244743,12.12114429473877,1.7912946939468384,3030,3025,21.71254145972955,6.016489262013774,27.709742192882448,0.09590207870351107,0.026574218766358144,0.6640625,,
12.352109999999405,1396,,,,0.13671875,-0.025390625,-1.28515625,0.016320091122702694,0.5918976852967355,12.124445915222168,1.8391927480697632,3022,3026,22.299193001640674,5.171615699479035,23.191941067546843,0.1144512120953536,0.02654345766024745,0.66015625,,
12.377684999998658,1396,,,,0.048828125,0.142578125,-1.158203125,0.015664878218073535,0.5778384898501207,12.125500679016113,1.7889404296875,3017,3020,21.69179839489516,4.954624355311709,22.841003152959903,0.11662609481799298,0.026638569994551782,0.65625,,
12.40117999999784,1396,,,,0.20703125,0.078125,-1.126953125,0.016018109227098436,0.5730261328316351,12.124571800231934,1.77734375,3014,3016,21.549531910568476,5.058838894415206,23.475400372544584,0.11327226361452968,0.02659111739455498,0.654296875,,
12.42727999999933,1396,,,,0.0625,-0.087890625,-1.173828125,0.016092359252049174,0.5839067275685805,12.12450122833252,1.8072509765625,3010,3013,21.912016685237177,5.076972498073518,23.16980938360656,0.1150108116185673,0.02664778582256087,0.6484375,,
12.450944999998436,1396,,,,0.041015625,-0.005859375,-0.998046875,0.01617214791270551,0.5837066757756643,12.123001098632812,1.8035888671875,3010,3011,21.864909818395972,5.098731374546214,23.3192426444696,0.11448076646862258,0.026696047714066695,0.646484375,,
12.474304999999703,1396,,,,0.203125,-0.181640625,-1.134765625,0.016305686675223047,0.5914864677224076,12.126286506652832,1.8136160373687744,3008,3009,21.992427682194148,5.138364679847436,23.364244976045274,0.11511181174863001,0.026895005693313982,0.6484375,,
12.498139999998733,1396,,,,0.162109375,-0.224609375,-1.130859375,0.01631806050852721,0.5899082813560683,12.123428344726562,1.8610490560531616,3009,3008,22.562294877081513,5.140628333102548,22.78415542881824,0.11475412014469409,0.02614575709473993,0.6484375,,
12.520849999997765,1396,,,,0.32421875,-0.255859375,-0.841796875,0.01634750930476097,0.5908751983551636,12.12450122833252,1.8243408203125,3008,3008,22.119222516776063,5.148924621959204,23.27805427181748,0.11475701078147287,0.026713199250426693,0.646484375,,
12.545834999999032,1396,,,,0.125,-0.1171875,-1.060546875,0.01646875983151622,0.587918877415401,12.125000953674316,1.90185546875,3010,3009,23.059999372344464,5.188561361860422,22.500266708953127,0.1133105761718496,0.025495181848117648,0.640625,,
12.567459999997169,1396,,,,0,-0.18359375,-0.896484375,0.016885056557853148,0.5853626600614711,12.125000953674316,1.8011474609375,3013,3012,21.83891468157526,5.325908006266222,24.38723757073655,0.10990851876764672,0.026803651582343577,0.638671875,,
12.596009999997914,1396,,,,0.07421875,-0.07421875,-0.880859375,0.016927932951016373,0.5867296806463987,12.125334739685059,1.767578125,3015,3014,21.43247644416988,5.343461368808993,24.931609665958764,0.10980329792805732,0.027375729639773038,0.63671875,,
12.619214999997988,1396,,,,0.13671875,-0.177734375,-0.96875,0.016180268972067657,0.5914790352426014,12.126800537109375,1.84033203125,3012,3013,22.317339465022087,5.105771187497499,22.878045994235837,0.11584519037808742,0.02650311593680891,0.638671875,,
12.644994999997317,1396,,,,0.13671875,-0.2734375,-0.75390625,0.016288780371205496,0.5861739812216313,12.125143051147461,1.7640904188156128,3010,3011,21.38984868329794,5.1360034288023115,24.011406087284342,0.11413037186354137,0.027404307057082626,0.642578125,,
12.671979999998584,1396,,,,-0.13671875,-0.1640625,-0.875,0.01624186454819195,0.5834288260632805,12.119000434875488,1.993408203125,3012,3010,24.15811488055624,5.119894197162762,21.193268690362633,0.11395329739169086,0.024150428497749035,0.64453125,,
12.695724999999628,1396,,,,0.166015625,-0.103515625,-0.931640625,0.017877227192105702,0.5929387187066092,12.124499320983887,1.7437744140625,3026,3018,21.142391699249856,5.650904791917197,26.72784078689496,0.10492810276236159,0.02804501624703354,0.64453125,,
12.718374999998137,1396,,,,0.19921875,-0.091796875,-1.169921875,0.017871321614972586,0.5979548090267,12.124000549316406,1.793212890625,3024,3026,21.74091407097876,5.6637603494024065,26.05116018080756,0.1055755844418437,0.02750366461476845,0.642578125,,
12.74617499999702,1396,,,,0.09375,-0.03125,-1.087890625,0.015396038148020668,0.5895637477127125,12.126286506652832,1.7592076063156128,3020,3022,21.332655458866043,4.872780191072234,22.84188295483422,0.12099124618690865,0.027636678839608995,0.64453125,,
12.76864499999769,1396,,,,0.259765625,-0.197265625,-1.208984375,0.015757070225596963,0.5859517014517245,12.123111724853516,1.767578125,3015,3017,21.428547091782093,4.978018206544641,23.230778014127353,0.1177078261146914,0.027344443789958983,0.650390625,,
12.795919999998063,1396,,,,0.28125,-0.12890625,-1.056640625,0.016204219795183567,0.5906306906082659,12.122856140136719,1.8547712564468384,3012,3014,22.48512511476565,5.114382831048592,22.745627631353724,0.1154842549178451,0.026267618596456346,0.65234375,,
12.825714999997988,1396,,,,0.375,-0.27734375,-1.052734375,0.016326338209679252,0.5877855095534569,12.12399959564209,1.7865668535232544,3012,3012,21.660335809703497,5.14980641918787,23.77528430044393,0.11413739890559833,0.02713649108293778,0.658203125,,
12.847854999998585,1396,,,,0.28125,-0.123046875,-1.01171875,0.016680381073119203,0.5831732043278876,12.125333786010742,1.7947049140930176,3013,3012,21.761396130771573,5.261269203536285,24.177075643123004,0.11084268486697396,0.026798519765156743,0.662109375,,
12.871884999997913,1396,,,,0.234375,-0.193359375,-1.1171875,0.016666216658921137,0.5789165467341693,12.126287460327148,1.7836216688156128,3012,3013,21.628709076526548,5.2589225786767635,24.314546744651658,0.11008272855764968,0.026766116492937735,0.6640625,,
12.894179999997839,1396,,,,0.296875,-0.162109375,-0.900390625,0.01603305126088682,0.5787942928607205,12.126001358032227,1.7974853515625,3012,3012,21.79630981408991,5.057453253775217,23.20325457342279,0.1144438245531326,0.02655469195462469,0.66015625,,
12.91943999999948,1396,,,,0.1484375,-0.203125,-1.130859375,0.016242868397093456,0.5796278419978715,12.127429008483887,1.7759486436843872,3009,3011,21.53769109899565,5.120715650639134,23.775601697982957,0.11319274131644592,0.026912255326426375,0.65625,,
12.94686999999918,1396,,,,0.298828125,-0.37890625,-0.69140625,0.01629683296091818,0.580216883388125,12.12350082397461,1.8157958984375,3009,3009,22.013803070876747,5.135805428570902,23.329932642875946,0.11297485690566304,0.02635695801947667,0.658203125,,
12.977839999999851,1396,,,,0.16015625,-0.287109375,-0.78125,0.01610647168520724,0.5809726346058087,12.123557090759277,1.7789713144302368,3008,3009,21.56746029331805,5.074767806361327,23.52974220118802,0.11448260428340142,0.02693746165309058,0.658203125,,
13.006904999997467,1396,,,,0.17578125,-0.236328125,-0.828125,0.01628389538135783,0.577371702333316,12.124799728393555,1.81201171875,3008,3008,21.970279195345938,5.129919657043009,23.349360340080256,0.11254985281116955,0.02627967069510993,0.658203125,,
13.207044999998063,1396,,,,-0.009765625,-0.2109375,-0.802734375,0.016462582890996863,0.584340173119899,12.125334739685059,1.8717447519302368,3008,3008,22.695531664402893,5.186390587905682,22.852033891941577,0.11266798425913806,0.025746925948265626,0.654296875,,
13.246929999997839,1396,,,,-0.056640625,0.041015625,-1.01953125,0.016387894642822816,0.5808920581892175,12.124897003173828,1.8151673078536987,3009,3009,22.008716651254417,5.163915782557879,23.463048138536305,0.11249061422560229,0.026393726967088228,0.662109375,,
13.274349999999627,1396,,,,-0.3359375,0.30078125,-0.955078125,0.016464617807232212,0.5865666523276577,12.123692512512207,1.7795974016189575,3007,3008,21.575291693293934,5.1859314787756325,24.036437386325264,0.11310728935164077,0.027186962784376878,0.66796875,,
13.30070999999903,1396,,,,-0.3359375,0.283203125,-0.79296875,0.016450403559530733,0.5839289555455711,12.124001502990723,1.8321397304534912,3007,3008,22.212864845707145,5.1810771371907895,23.324668714184714,0.11270416171842229,0.026287872347920994,0.671875,,
13.470639999998733,1396,,,,-0.15625,-0.052734375,-0.73046875,0.01643326016450518,0.5811282304447435,12.123001098632812,1.80908203125,3007,3007,21.93150345236063,5.175195974564934,23.597087111726918,0.112291057826771,0.026497418734062795,0.671875,,
13.505079999998213,1396,,,,0.033203125,0.03125,-1.08203125,0.016338591111085064,0.5808016181078365,12.124488830566406,1.8290843963623047,3008,3007,22.17671333385806,5.145567919037365,23.202572182693203,0.11287415252240866,0.026189706714615093,0.68359375,,
13.529079999998212,1396,,,,0.1875,-0.193359375,-0.947265625,0.016684960744223855,0.5864629449225105,12.125335693359375,1.7622884511947632,3010,3009,21.368339059266873,5.25792982451613,24.60616995047122,0.1115387546992377,0.02744541554193363,0.69140625,,
13.551044999998062,1396,,,,-0.01171875,-0.109375,-0.990234375,0.016395676585285908,0.5787720648837298,12.122285842895508,1.8157087564468384,3007,3010,22.010540553096916,5.167280022985231,23.47638855356593,0.11200710282957776,0.026295222667863813,0.68359375,,
13.575219999998808,1396,,,,-0.03125,-0.275390625,-0.80859375,0.016139639361544653,0.5866518827269314,12.122858047485352,1.7738560438156128,3005,3008,21.50420501585063,5.083368790186045,23.638952411582395,0.11540612277817061,0.027280798443584102,0.677734375,,
13.59983499999903,1396,,,,0.26171875,-0.1015625,-0.869140625,0.016143556244695833,0.5864851728995012,12.124000549316406,1.8303571939468384,3006,3006,22.191251624856704,5.082606926858543,22.903651460404557,0.1153906216513178,0.02642866580101195,0.673828125,,
13.625734999999404,1396,,,,-0.0859375,-0.1640625,-0.884765625,0.0165023661109787,0.5827286447880736,12.125500679016113,1.8292236328125,3009,3007,22.18025240174029,5.196193949191916,23.4271182089173,0.11214528373766657,0.026272408186948856,0.66796875,,
13.649439999999478,1396,,,,-0.05078125,-0.107421875,-1.025390625,0.016798169970025208,0.5811874818959093,12.124499320983887,1.7803955078125,3009,3009,21.58640412555542,5.292373350854704,24.51716052415252,0.10981603967944725,0.026923774729477108,0.6640625,,
13.671949999999255,1396,,,,-0.1875,0.212890625,-0.9921875,0.016460696342553212,0.5798390077792832,12.124000549316406,1.9022042751312256,3011,3009,23.062325676602995,5.187377919729311,22.49286560458197,0.11177882482283852,0.02514226084178218,0.6640625,,
13.697449999999256,1396,,,,-0.078125,-0.037109375,-1.12109375,0.01657650800366352,0.5815505620075667,12.124571800231934,1.8687220811843872,3012,3011,22.65745504799895,5.226466966212134,23.06731693890626,0.11127030281969691,0.025667073410300237,0.662109375,,
13.722124999998137,1396,,,,-0.048828125,0.15234375,-1.025390625,0.016631635573391253,0.5757935159669766,12.126222610473633,1.7588975429534912,3013,3013,21.328783154869143,5.2474576427375474,24.602705201865238,0.10972809218648419,0.02699607904427163,0.66015625,,
13.74577499999851,1396,,,,0.044921875,0.109375,-1.2265625,0.016349801221476237,0.5785942410678042,12.12350082397461,1.7767333984375,3011,3013,21.54022881994024,5.158286955444849,23.947224509842325,0.11216790497804062,0.02686110003307799,0.65625,,
13.771849999997764,1396,,,,0.048828125,0.1484375,-1.185546875,0.016080046592534123,0.5867852505888757,12.122858047485352,1.7982701063156128,3011,3011,21.800173229900565,5.070293580476575,23.258042617396676,0.11573003442016105,0.026916540726568898,0.654296875,,
13.796679999999702,1396,,,,0.107421875,0.013671875,-1.111328125,0.01611809475753842,0.5787276089297484,12.125334739685059,1.8353949785232544,3008,3010,22.25477849413153,5.080635546584472,22.829414131999602,0.11390850684395304,0.02600464475898315,0.65625,,
13.821580000000074,1396,,,,0.13671875,-0.08203125,-1.01171875,0.016225481717351307,0.5788054068492158,12.121145248413086,1.7996652126312256,3009,3009,21.814003440819306,5.11276372615037,23.437988996477124,0.1132079317275677,0.026533662581446654,0.6640625,,
13.847724999999627,1396,,,,-0.171875,0.060546875,-1.111328125,0.01640565806283773,0.5799612616527321,12.123111724853516,1.8625216484069824,3008,3009,22.579558033596186,5.168980239343804,22.892300334899666,0.11220032478328018,0.025685235326121363,0.673828125,,
13.87214999999851,1396,,,,-0.21875,0.16015625,-0.96484375,0.01636429806280914,0.5778051478846346,12.119998931884766,1.8060302734375,3008,3008,21.88908498501405,5.154716773562585,23.54925652256211,0.11209251124098045,0.026396953014720254,0.673828125,,
13.895979999998584,1396,,,,-0.3984375,0.310546875,-0.94921875,0.016489151350731913,0.5764603552766975,12.125715255737305,1.8380300998687744,3007,3007,22.28742962248316,5.193040231900694,23.30031017422506,0.1110063333874285,0.025864819992305197,0.6796875,,
13.921329999998212,1396,,,,-0.162109375,0.09375,-0.7109375,0.016459387035174716,0.5792166244235438,12.12299919128418,1.8023681640625,3008,3008,21.85010779532604,5.184123521779817,23.725848725051847,0.11172893971181587,0.026508639218129813,0.677734375,,
13.949869999997318,1396,,,,-0.13671875,0.072265625,-0.865234375,0.016571049016325667,0.5841290073384874,12.123499870300293,1.7926025390625,3010,3008,21.732616649824195,5.2193725760915886,24.01630995563441,0.11191556050514781,0.02687798789950186,0.673828125,,
13.972004999998957,1396,,,,-0.162109375,0.103515625,-0.76171875,0.016715908856353393,0.5847513906942269,12.124444961547852,1.8001302480697632,3011,3010,21.825580116339324,5.26862079046888,24.139659804618997,0.11098756466816946,0.026792020536327617,0.669921875,,
13.998074999999256,1396,,,,-0.13671875,0.189453125,-0.9296875,0.016283634108511514,0.5799834896297227,12.123430252075195,1.787109375,3008,3010,21.665895860642195,5.13266179389751,23.69005106879238,0.11299857908411097,0.026769421092035634,0.669921875,,
14.022094999996945,1396,,,,-0.298828125,0.19921875,-0.806640625,0.01617576718431593,0.585140380291564,12.12600040435791,1.844482421875,3011,3010,22.366194593487307,5.09791661279867,22.792954749142286,0.11478029648867322,0.026161821039594635,0.66796875,,
14.048334999999032,1396,,,,-0.099609375,0.28125,-1.125,0.01652793004497578,0.5867185666579036,12.12350082397461,1.8682861328125,3010,3010,22.65016847057268,5.210069283606055,23.002342302111472,0.11261243079896568,0.02590349680710649,0.66796875,,
14.071214999999851,1396,,,,0.236328125,0.025390625,-1.126953125,0.016467597524283104,0.5801390854686577,12.123498916625977,1.82373046875,3011,3010,22.10999436210841,5.1912514514141375,23.47920748596292,0.11175322384174305,0.026238771298055436,0.669921875,,
14.095959999997168,1396,,,,-0.048828125,0.166015625,-1.111328125,0.01652042577139471,0.574748801048414,12.125143051147461,1.8303571939468384,3012,3011,22.193342811302273,5.20932465631912,23.47246514691873,0.1103307701030345,0.025897351558761803,0.67578125,,
14.125384999997914,1396,,,,0.0859375,0.248046875,-1.12890625,0.01680040208059768,0.5782385934359532,12.12399959564209,1.8011474609375,3014,3013,21.837111088098027,5.300408373779298,24.27247978176107,0.10909321559003902,0.02647962869736524,0.6796875,,
14.149724999997765,1396,,,,0.08203125,-0.0078125,-1.17578125,0.016398661722268486,0.5792499663890298,12.124000549316406,1.767578125,3011,3012,21.430118158459663,5.173116078757032,24.139465963303216,0.11197312365900144,0.02702971407371207,0.677734375,,
14.173864999998361,1396,,,,0,-0.109375,-1.169921875,0.01611148771583326,0.5802613393421064,12.12450122833252,1.8389892578125,3010,3011,22.296827515237965,5.080019313042263,22.783596947011887,0.11422423884341619,0.026024390193876135,0.66796875,,
14.202459999997169,1396,,,,0.2109375,-0.19921875,-1.1171875,0.016380346069203876,0.5889302503684777,12.125500679016113,1.8157958984375,3012,3011,22.01743439945858,5.164765934069912,23.4576192682873,0.11402844928238441,0.026748359490193815,0.662109375,,
14.225694999998435,1396,,,,0.240234375,-0.216796875,-1.126953125,0.01634635104981323,0.5905528926887985,12.123111724853516,1.8343099355697632,3010,3011,22.237544286921093,5.153978443969712,23.176922673970797,0.11458194851004093,0.026556569604501222,0.658203125,,
14.2495,1396,,,,0.34375,-0.19140625,-0.927734375,0.016389652793206984,0.5850181264181152,12.12399959564209,1.7975724935531616,3011,3011,21.793768184975875,5.167146986738337,23.709286723075497,0.11321878938601604,0.026843367399925516,0.658203125,,
14.272639999998733,1396,,,,0.25,-0.17578125,-1.13671875,0.016593193358567602,0.5836066498792061,12.124000549316406,1.8338449001312256,3011,3011,22.23353657655207,5.231666324338096,23.530517991705896,0.11155272788790545,0.026248934705902314,0.65625,,
14.297279999997468,1396,,,,0.140625,-0.173828125,-0.869140625,0.016494993348904818,0.5883300949897289,12.12399959564209,1.7779541015625,3008,3010,21.555914808413945,5.19965862868545,24.121725637252293,0.11314783084874697,0.027293209321837056,0.662109375,,
14.322094999998807,1396,,,,0.01171875,-0.27734375,-1.009765625,0.01638148045147473,0.5829842665234667,12.126287460327148,1.8547712564468384,3010,3009,22.491489428826526,5.162387817180948,22.95262763062949,0.11292918842386002,0.025920216105220533,0.6640625,,
14.346244999997317,1396,,,,0.01171875,-0.150390625,-0.6640625,0.016306055704800218,0.5835177379712433,12.119001388549805,1.810302734375,3008,3009,21.939061351586133,5.1375061992592315,23.417165014162304,0.11357995792888381,0.02659720617122284,0.673828125,,
14.368414999999105,1396,,,,0.19921875,-0.3359375,-0.822265625,0.016555818711339647,0.5881078152198219,12.12700080871582,1.8310546875,3011,3009,22.205201676115394,5.2173846171205875,23.496227114805126,0.1127208090601516,0.026485137302419057,0.677734375,,
14.393859999997542,1396,,,,0.26171875,-0.1640625,-0.845703125,0.016708990347610166,0.5861072972906594,12.124000549316406,1.787109375,3014,3012,21.6669150441885,5.269666288682378,24.321257908360185,0.11122284888313279,0.027050795929892433,0.68359375,,
14.419379999998958,1396,,,,-0.037109375,-0.48046875,-0.61328125,0.01644606745261063,0.5818728676739319,12.124001502990723,1.7822265625,3011,3012,21.60771752241999,5.188178688392938,24.010766907748245,0.11215359042580889,0.026928937175811626,0.689453125,,
14.44774499999918,1396,,,,-0.0859375,-0.107421875,-0.833984375,0.01615902353850938,0.5812171423527063,12.126001358032227,1.856689453125,3010,3011,22.514218830037862,5.095008136560079,22.630179510214482,0.1140758025845113,0.025815558902592795,0.689453125,,
14.471639999998734,1396,,,,-0.048828125,-0.330078125,-0.767578125,0.016363779370280964,0.5914086698029403,12.122222900390625,1.7751736640930176,3011,3011,21.519050843038713,5.159007220099756,23.974139276540928,0.11463613919724358,0.027483027672396503,0.6796875,,
14.498019999997691,1396,,,,-0.111328125,-0.130859375,-0.8203125,0.016814859796416604,0.5870186443472779,12.125,1.793212890625,3011,3011,21.742706298828125,5.301999993489926,24.385188856530203,0.11071645512411357,0.026998416677270605,0.673828125,,
14.522424999998883,1396,,,,-0.0234375,-0.126953125,-0.96875,0.016444545470116867,0.5864962868879965,12.125500679016113,1.7901611328125,3010,3010,21.706600031466223,5.183533919718238,23.87999001319464,0.11314603048259339,0.02701926077956946,0.666015625,,
14.545104999998584,1396,,,,0.125,0.220703125,-1.171875,0.016354608511371823,0.5875965717490359,12.124001502990723,1.8157958984375,3009,3009,22.01471220178064,5.153827402069445,23.410832514324593,0.11401168993612301,0.02669108577769682,0.66015625,,
14.567984999999403,1396,,,,-0.111328125,0.09765625,-1.12109375,0.016354659212972578,0.5846513647977688,12.125144004821777,1.8191964626312256,3010,3009,22.05801908246599,5.153072979800761,23.361449459879015,0.1134568377140224,0.026505161801338297,0.654296875,,
14.598164999999106,1396,,,,0.099609375,0.03125,-0.99609375,0.016465406914702243,0.5805503030429855,12.121142387390137,1.7452566623687744,3010,3010,21.154504507113188,5.189444557556145,24.531156264195165,0.11187137594478568,0.027443342047920614,0.646484375,,
14.792324999997392,1396,,,,-0.072265625,-0.044921875,-1.099609375,0.016494325420487614,0.5736374021988792,12.124000549316406,1.8549262285232544,3010,3010,22.489126613557346,5.199360154235453,23.119440090221516,0.1103284606532956,0.025507322363202297,0.640625,,
14.814864999998361,1396,,,,-0.185546875,0.138671875,-0.9140625,0.016404285822768677,0.5800724015376855,12.124124526977539,1.8171460628509521,3008,3008,22.031305149711898,5.1675993524151576,23.455711394759263,0.11225181403944941,0.026329461536475113,0.640625,,
14.838189999997615,1396,,,,0.03125,0.09765625,-1.083984375,0.016563021997931048,0.5928979442613168,12.124571800231934,1.7898995876312256,3008,3007,21.701766065440324,5.215551434895931,24.032843314082182,0.11367886055046589,0.027320262437327453,0.642578125,,
15.008004999998956,1396,,,,-0.13671875,0.197265625,-1.126953125,0.01634214324051882,0.5944205606851793,12.123429298400879,1.8017578125,3008,3007,21.843483452685177,5.146719491624623,23.561807359036163,0.11549503749961386,0.027212718244905596,0.64453125,,
15.038499999998137,1396,,,,0.173828125,-0.158203125,-1.099609375,0.016461323560349114,0.5852927808588065,12.123713493347168,1.7974853515625,3011,3010,21.79219741083216,5.189200141950597,23.812193163096175,0.11279055824561002,0.026857905599179152,0.64453125,,
15.070009999997914,1396,,,,0.11328125,-0.09765625,-0.962890625,0.0162587011031208,0.5781274535509996,12.123272895812988,1.904296875,3011,3011,23.086310690268874,5.12600987564214,22.20367708125321,0.11278313299749097,0.02504200265288323,0.630859375,,
15.09249499999918,1396,,,,0.134765625,-0.20703125,-0.96484375,0.016826745568627354,0.5818395257084459,12.12399959564209,1.7865668535232544,3013,3012,21.660335809703497,5.307616072215534,24.503849427107237,0.10962351417132007,0.02686198084924384,0.625,,
15.113309999998659,1396,,,,0.060546875,-0.212890625,-0.888671875,0.01678954209552306,0.5885746027366265,12.122000694274902,1.77490234375,3012,3013,21.51536744320765,5.297537613018667,24.62211080987644,0.11110343063732252,0.027356009805095755,0.62109375,,
15.134454999998212,1396,,,,0.28125,-0.310546875,-0.802734375,0.016206219248681847,0.5782163654589624,12.12800121307373,1.884765625,3010,3011,22.858439786359668,5.110400316771295,22.35673285024828,0.11314502379811106,0.025295530703893527,0.625,,
15.158904999997468,1396,,,,0.046875,-0.00390625,-0.978515625,0.016095685060471324,0.5838956135800852,12.126287460327148,1.8317521810531616,3010,3010,22.212353503531858,5.0734327050333885,22.840590503958488,0.1150888653752711,0.026286976456017744,0.630859375,,
15.180509999997915,1396,,,,-0.162109375,-0.23828125,-0.7578125,0.016352281779062474,0.5875965717490359,12.1262845993042,1.7926896810531616,3008,3010,21.73866527068651,5.154191095035523,23.709786368465267,0.11400364497835641,0.027030020676631888,0.640625,,
15.205329999998211,1396,,,,0.173828125,-0.34375,-0.765625,0.01648240094196482,0.585295976130499,12.122285842895508,1.8345423936843872,3009,3009,22.238847287151884,5.193634859470114,23.353885174033493,0.11269486438063041,0.0263186292244852,0.650390625,,
15.228419999998064,1396,,,,-0.19921875,-0.025390625,-1.03515625,0.016690713003489094,0.5816172459385389,12.12700080871582,1.810302734375,3010,3009,21.953542723786086,5.25936758318341,23.956805739080206,0.11058691691340108,0.02649309285778153,0.662109375,,
15.24955999999866,1396,,,,-0.046875,-0.216796875,-0.8046875,0.01670321542174694,0.5855738258428825,12.125143051147461,1.8171037435531616,3009,3010,22.032642829357656,5.2652517753265204,23.89750433529823,0.11121478152040862,0.026577557235332103,0.671875,,
15.27211999999918,1396,,,,-0.037109375,-0.001953125,-1.04296875,0.016292438327294524,0.5928868302728215,12.12600040435791,1.91162109375,3009,3010,23.18031815579161,5.13557811969767,22.154907819565643,0.11544694997410042,0.025577165347262006,0.67578125,,
15.294764999998733,1396,,,,0.03125,0.14453125,-0.994140625,0.016532950686823093,0.588463462851673,12.12399959564209,1.793212890625,3011,3010,21.740912360837683,5.2120777209939435,23.973592434798448,0.11290381578182855,0.027067100638871223,0.673828125,,
15.320759999997914,1396,,,,-0.0234375,0.33984375,-1.26171875,0.01657575651432717,0.5853848880384618,12.122858047485352,1.7975724935531616,3012,3011,21.791716169409256,5.227212302470851,23.987153016469165,0.11198796876142876,0.026862725426839602,0.673828125,,
15.344544999999925,1396,,,,-0.1484375,0.099609375,-1.13671875,0.016535957063370407,0.5831620903393921,12.125000953674316,1.8182373046875,3012,3012,22.046129053342156,5.215376888706685,23.656655896768612,0.11181590569267667,0.026451904047571823,0.669921875,,
15.368049999998883,1396,,,,-0.048828125,0.11328125,-1.1015625,0.01636296486092032,0.5857738776357988,12.123429298400879,1.7689732313156128,3012,3011,21.446021900618575,5.159743366879218,24.059209632395245,0.11352771562165775,0.027313871092284166,0.662109375,,
15.395964999999851,1396,,,,0.1484375,-0.09375,-1.22265625,0.016334932268558606,0.584273489188927,12.123499870300293,1.8389892578125,3009,3010,22.294986028573476,5.149350427939187,23.09645057117205,0.11346547440601319,0.026206497211530712,0.65625,,
15.418439999999478,1396,,,,-0.099609375,0.0390625,-1.1015625,0.016577429968453624,0.5850848103490873,12.124446868896484,1.8473306894302368,3011,3011,22.39786279327882,5.226220691469198,23.33356865208358,0.11195179937657934,0.026122349964777015,0.65625,,
15.442879999998956,1396,,,,0.224609375,-0.10546875,-1.248046875,0.016563613352128036,0.591430897779931,12.124000549316406,1.8191964626312256,3010,3011,22.055938912255442,5.221993772234971,23.676134545935636,0.11325767964805582,0.02681504061707846,0.65625,,
15.463764999998734,1396,,,,-0.015625,0.044921875,-1.03515625,0.016348125671340107,0.5930424261117563,12.12600040435791,1.806640625,3011,3011,21.907324949279428,5.1540791096819145,23.526738757994465,0.11506273254473892,0.027070508493610604,0.65234375,,
15.487615000000224,1396,,,,-0.0625,0.22265625,-1.115234375,0.016521328452895785,0.589930509333059,12.124667167663574,1.8131510019302368,3010,3011,21.983852423119856,5.209370304301585,23.6963485927654,0.11324411106769083,0.026834719319378444,0.65234375,,
15.50964499999769,1396,,,,-0.203125,0.236328125,-0.97265625,0.016064730630619285,0.5896304316436846,12.12350082397461,1.807861328125,3010,3010,21.91760830115527,5.064145230973872,23.10537336643133,0.11643237007448429,0.026902133825094657,0.646484375,,
15.532704999998211,1396,,,,-0.349609375,0.29296875,-1.087890625,0.01633926206561624,0.5898638254020869,12.125144004821777,1.8470982313156128,3010,3010,22.39633204575341,5.149491290797547,22.9925653909652,0.11454798000264788,0.026337519206138554,0.65234375,,
15.554654999999329,1396,,,,-0.21875,0.228515625,-0.97265625,0.016427407377122463,0.5751711326112372,12.122857093811035,1.8094308376312256,3011,3010,21.935471465738146,5.178225461644296,23.606629425459875,0.11107494968529182,0.02622105175672285,0.650390625,,
15.577199999999255,1396,,,,-0.2734375,0.31640625,-0.75,0.016445201381411922,0.581717271834997,12.122858047485352,1.7815290689468384,3010,3011,21.597224010311265,5.18473851338456,24.006504312356004,0.11219799616379422,0.02693481678743828,0.650390625,,
15.600354999998585,1396,,,,-0.453125,0.17578125,-0.85546875,0.01629194520608442,0.5805725310199762,12.12800121307373,1.8171037435531616,3008,3010,22.03783640609356,5.13548252037362,23.303024969155487,0.11305121353577072,0.026344352518173932,0.650390625,,
15.622744999997318,1396,,,,-0.26171875,0.1171875,-0.80859375,0.016283042754314525,0.5805725310199762,12.12399959564209,1.8582589626312256,3010,3009,22.52953091153927,5.131056495732303,22.774803948999477,0.11314873096853652,0.02576940164886505,0.650390625,,
15.650224999999628,1396,,,,-0.28125,0.314453125,-0.9921875,0.016355733068597313,0.579005458642132,12.125142097473145,1.8596540689468384,3009,3008,22.548569838124536,5.152408921822459,22.85026925792384,0.11237568046857041,0.025678145567492473,0.650390625,,
15.673059999998658,1396,,,,-0.0625,0.05859375,-0.83203125,0.016264723210531948,0.5823396551907365,12.12488842010498,1.7746310234069824,3006,3008,21.51720314566637,5.122834863378849,23.808088944917564,0.11367527369536266,0.02706391026977042,0.654296875,,
15.697704999998212,1396,,,,-0.0234375,0.4140625,-1.1484375,0.016093918822983153,0.5951540839258724,12.125144004821777,1.8415178060531616,3008,3008,22.328668585838045,5.069501186529489,22.704001212794296,0.11739894360954017,0.02665425758091769,0.6640625,,
15.722234999999404,1396,,,,0.111328125,0.07421875,-1.189453125,0.016602496567387815,0.5790165726306276,12.125144004821777,1.8157087564468384,3010,3009,22.015730142733787,5.23186215582333,23.76420006015602,0.11067122095068055,0.026300130355737028,0.669921875,,
15.745379999997095,1396,,,,0.0625,0.060546875,-1.115234375,0.016573056015458786,0.5776162100802137,12.124002456665039,1.80908203125,3007,3009,21.93331499118358,5.222954210434364,23.812881055753802,0.11059185794243763,0.02633510758918089,0.66796875,,
15.768204999998211,1396,,,,0.15625,-0.03515625,-1.201171875,0.016315545296914303,0.5881078152198219,12.125716209411621,1.8157087564468384,3009,3009,22.016769099618045,5.140615852545783,23.34863861852902,0.11440415547265097,0.026711812825889365,0.6640625,,
15.79421499999985,1396,,,,0.173828125,-0.2109375,-1.09765625,0.016428334791537734,0.5917420894578006,12.126001358032227,1.871337890625,3007,3008,22.691845803055912,5.175331075130624,22.807007944825987,0.11433898254381053,0.026077300832800066,0.6640625,,
15.820339999997989,1396,,,,0.32421875,-0.21875,-1.22265625,0.016488361015349555,0.5839734114995526,12.120000839233398,1.90185546875,3007,3008,23.05048987735063,5.193822021963023,22.532371544374264,0.11243616146839737,0.02533453365229187,0.66796875,,
