Time (s),ESC signal (µs),Servo 1 (µs),Servo 2 (µs),Servo 3 (µs),AccX (g),AccY (g),AccZ (g),Torque (N·m),Thrust (N),Voltage (V),Current (A),Motor Electrical Speed (RPM),Motor Optical Speed (RPM),Electrical Power (W),Mechanical Power (W),Motor Efficiency (%),Propeller Mech. Efficiency (N/W),Overall Efficiency (N/W),Vibration (g),App message,
0,1392,,,,0.03125,-0.1328125,-1.1484375,0.013136443299317754,0.32837390408354483,12.129144668579102,1.6678292751312256,3009,3009,20.229342560558052,4.138743627631394,20.459110894196165,0.0793414460106275,0.016232554424373057,0.66796875,,
0,1392,,,,0.349609375,0.0078125,-1.181640625,0.013026126117975835,0.32452846406415453,12.126667976379395,1.6373697519302368,3009,3009,19.855839336224676,4.104049475668653,20.66923188777666,0.07907518317899437,0.016344232976950514,0.6640625,,
0.021779999999329447,1392,,,,0.078125,0.044921875,-1.107421875,0.013284149520487414,0.32452846406415453,12.128501892089844,1.7047119140625,3009,3009,20.67560167517513,4.185749090894639,20.244871983195544,0.07753175286356966,0.015696204113557224,0.6640625,,
0.04368500000052154,1392,,,,-0.2109375,0.138671875,-0.990234375,0.013341578369106974,0.33908778899306014,12.128000259399414,1.7027064561843872,3007,3009,20.650424342285305,4.20396639965113,20.357772460117367,0.08065901502476318,0.016420378747313166,0.6640625,,
0.06457499999925494,1392,,,,-0.140625,0.17578125,-1.017578125,0.013318826603260527,0.3361425820417929,12.125334739685059,1.6756185293197632,3010,3009,20.31743556402091,4.196473165853723,20.654541527302978,0.08010121088750216,0.01654453786663167,0.662109375,,
0.09044999999925495,1392,,,,-0.453125,0.30078125,-0.896484375,0.01342231540427535,0.33319737509052577,12.128000259399414,1.6713169813156128,3009,3009,20.269732782934398,4.229021040783953,20.86372369123915,0.07878829920145289,0.01643817304641791,0.6640625,,
0.113625,1392,,,,-0.416015625,0.265625,-0.888671875,0.013343109015107407,0.3355868826170255,12.126501083374023,1.6986083984375,3008,3009,20.59817658388056,4.203938466576278,20.409274818364935,0.07982678273840917,0.01629206746774103,0.666015625,,
0.13749499999918044,1392,,,,-0.359375,0.021484375,-0.70703125,0.013560454598873397,0.3379763901435253,12.125144004821777,1.6727120876312256,3008,3008,20.281874941134674,4.272157735489327,21.06391912921597,0.0791114024971304,0.016663961843984092,0.669921875,,
0.1620149999987334,1392,,,,-0.3125,0.265625,-0.751953125,0.013430895210288897,0.3101025069971931,12.128501892089844,1.7230224609375,3011,3009,20.897681177593768,4.2314973244198955,20.248645237045984,0.07328434434014577,0.014839086899731305,0.666015625,,
0.18748000000044704,1392,,,,-0.298828125,0.12109375,-0.98828125,0.013433896276945025,0.320805277918213,12.128500938415527,1.6693115234375,3008,3009,20.246246378519572,4.23262069350667,20.905705750954926,0.07579353340363465,0.015845173071615593,0.666015625,,
0.20959999999962747,1392,,,,0.099609375,0.208984375,-0.923828125,0.013170657583154095,0.3330862352055723,12.126286506652832,1.6901506185531616,3010,3009,20.49525063997214,4.150098033317073,20.24907187630624,0.08025984748590252,0.016251874205234166,0.66796875,,
0.23368499999865888,1392,,,,-0.03125,0.15625,-1.044921875,0.013315388308985689,0.3222945523765896,12.126501083374023,1.7095947265625,3010,3010,20.731402303790674,4.196679301783169,20.243103868645772,0.07679751756100274,0.015546201248415261,0.669921875,,
0.257035000000149,1392,,,,0.228515625,0.142578125,-1.123046875,0.01375614910134154,0.32938527703662146,12.126286506652832,1.71875,3014,3012,20.842054933309555,4.338194089085168,20.814617862617336,0.07592681891881,0.015803877213191743,0.673828125,,
0.2791199999991804,1392,,,,0.03125,0.1875,-1.064453125,0.013872006595196796,0.3255731789827172,12.12700080871582,1.6754150390625,3015,3014,20.317759533645585,4.378663581959288,21.550917436090117,0.0743544629288545,0.01602406891584567,0.67578125,,
0.30102999999932945,1392,,,,-0.037109375,0.3671875,-1.150390625,0.013753227124117242,0.3206163401137921,12.127333641052246,1.6902669668197632,3014,3015,20.498431449072655,4.3422469761241524,21.183313400892413,0.07383650489635925,0.01564101823646105,0.681640625,,
0.32294999999925494,1392,,,,0,0.15234375,-1.091796875,0.012916658100021228,0.3376318565001695,12.129714965820312,1.6999162435531616,3012,3013,20.619499500067832,4.075887670040249,19.767151331810165,0.08283639880017485,0.016374396308652343,0.681640625,,
0.34483499999903144,1392,,,,0.1875,0.212890625,-1.25,0.012955363713394341,0.3340420382161722,12.130858421325684,1.6761997938156128,3011,3012,20.3337423846325,4.086018468100641,20.094768541912405,0.08175245433275034,0.01642796647549882,0.68359375,,
0.3658899999987334,1392,,,,0.125,-0.080078125,-0.951171875,0.01321589212693839,0.32936304905963076,12.125715255737305,1.66015625,3011,3010,20.130581967532635,4.166326158391446,20.696501298924467,0.07905359219086985,0.016361327734629828,0.6875,,
0.3909199999999255,1392,,,,0.375,-0.244140625,-1.1875,0.013248845311618814,0.32565097690218464,12.127334594726562,1.6471353769302368,3008,3010,19.975361838844037,4.1757994360926265,20.904749910323915,0.0779853012305836,0.01630263218906626,0.689453125,,
0.41619999999925494,1392,,,,0.099609375,-0.056640625,-1.087890625,0.013191216643410008,0.3213943193084664,12.126500129699707,1.6900634765625,3009,3009,20.494554967735894,4.156703773163797,20.281990898107328,0.07731951489625713,0.01568193697371961,0.689453125,,
0.44019999999925497,1392,,,,0.048828125,-0.115234375,-1.0859375,0.012985331621358207,0.32242792023853384,12.127501487731934,1.6754150390625,3006,3007,20.318598378798924,4.089121191862915,20.12501608442458,0.07885017467326337,0.015868610335591133,0.69140625,,
0.4639149999991059,1392,,,,0.2109375,0.025390625,-1.01171875,0.01328824121084569,0.33490892931880933,12.128000259399414,1.67236328125,3005,3006,20.282422308810055,4.183548978176795,20.626476041570196,0.08005378473297182,0.016512274728316612,0.685546875,,
0.48954999999888243,1392,,,,-0.0859375,-0.21875,-0.9140625,0.01355603411446372,0.32652898199331715,12.127429008483887,1.6971261501312256,3008,3007,20.581776904158005,4.2685819100931,20.739618012430917,0.07649589228245486,0.015864955854581756,0.681640625,,
0.5125849999990314,1392,,,,0.236328125,-0.29296875,-0.83203125,0.01344386224402524,0.31744885339261797,12.12700080871582,1.6461181640625,3007,3008,19.96247630682774,4.234436711503734,21.211981151133212,0.07496837832767739,0.015902278280177165,0.681640625,,
0.537644999999553,1392,,,,0.21875,-0.28515625,-0.890625,0.013311477015193647,0.3242506143517708,12.125499725341797,1.6986083984375,3010,3008,20.596475668717176,4.193158899898891,20.358623326356962,0.07732848243828523,0.015743014463598586,0.677734375,,
0.559019999999553,1392,,,,0.048828125,-0.08984375,-0.86328125,0.01351818311410308,0.33237493994187,12.129000663757324,1.707763671875,3010,3009,20.71346670971252,4.259442405546224,20.56363845434418,0.07803250010120673,0.016046321197697912,0.67578125,,
0.5864699999988079,1392,,,,0.1875,-0.359375,-0.798828125,0.013818972939136798,0.31153621151309296,12.125999450683594,1.6097005605697632,3013,3011,19.51922811323402,4.357905004810337,22.326215870471234,0.07148760956680182,0.01596047803252382,0.671875,,
0.6123649999983609,1392,,,,0,-0.154296875,-0.83984375,0.013626500143276828,0.3117029213405232,12.128002166748047,1.7252603769302368,3012,3012,20.923961589614464,4.298597463118731,20.543898652788222,0.07251270304206982,0.014896936223360104,0.669921875,,
0.6446300000008196,1392,,,,-0.32421875,0.185546875,-0.966796875,0.013308364860024614,0.31879364600055504,12.127500534057617,1.70654296875,3011,3011,20.696100764907897,4.196644062810382,20.27746245769237,0.07596394672248362,0.01540356077803305,0.66796875,,
0.6706749999988824,1392,,,,0.009765625,-0.001953125,-0.978515625,0.013291217536727589,0.33164141670117714,12.12582015991211,1.669921875,3009,3010,20.24917233735323,4.189357788931047,20.689032218877536,0.07916282958152362,0.01637802331749654,0.669921875,,
0.6919999999981373,1392,,,,-0.037109375,0.0546875,-1.1171875,0.013455773308086097,0.3237171429039941,12.126500129699707,1.6754150390625,3009,3009,20.316920688492246,4.239674482614735,20.867702087433646,0.07635424470237819,0.015933376315602366,0.669921875,,
0.7140149999987334,1392,,,,-0.03125,-0.095703125,-0.947265625,0.013384149443527183,0.3318970384365701,12.125144004821777,1.6482980251312256,3007,3008,19.985850917579455,4.21665670571986,21.09820954388742,0.07871094604081819,0.01660660032966798,0.66796875,,
0.7425849999990314,1392,,,,0.099609375,-0.00390625,-1.220703125,0.013252805372569353,0.33828758182139507,12.12600040435791,1.7301431894302368,3009,3009,20.979717014628136,4.175396214650467,19.902061651923937,0.08101927683759085,0.016124506426160257,0.669921875,,
0.764820000000298,1392,,,,0.03125,-0.22265625,-1.01953125,0.013758306035033583,0.33044110594367954,12.132444381713867,1.6899956464767456,3016,3011,20.503778186217687,4.33872021591569,21.160588924201825,0.07616096210387692,0.01611610811151853,0.677734375,,
0.7901099999994039,1392,,,,0.046875,0.09765625,-1.12109375,0.014095625955129237,0.32994097646138887,12.126856803894043,1.6552734375,3016,3015,20.073263947851956,4.450916365562564,22.173356446293614,0.07412877469776648,0.016436837443005673,0.681640625,,
0.8128099999986589,1392,,,,0.26171875,-0.240234375,-1.123046875,0.013012863407140998,0.3348533593763326,12.126501083374023,1.6668701171875,3012,3015,20.213302281918004,4.108035881774326,20.323427733276453,0.08151179030882859,0.016565989797514617,0.685546875,,
0.8386549999993295,1392,,,,0.173828125,0.064453125,-1.1796875,0.013126072243433887,0.33844317766032994,12.129000663757324,1.6998291015625,3011,3012,20.61722830112558,4.140698763571154,20.083682942702325,0.0817357641753294,0.01641555172776803,0.689453125,,
0.8625799999982119,1392,,,,0.173828125,-0.0703125,-0.986328125,0.01327522331394118,0.33667605348956964,12.129000663757324,1.702880859375,3009,3011,20.654243073659018,4.185537849110854,20.264784500618166,0.08043794265558744,0.01630057573588561,0.6953125,,
0.8879199999980628,1392,,,,-0.048828125,0.3203125,-1.2109375,0.01332138066091945,0.33490892931880933,12.127429008483887,1.708984375,3012,3010,20.725586684420705,4.1988359845118595,20.2591899975893,0.07976232711974926,0.0161592013976887,0.697265625,,
0.9149799999985844,1392,,,,-0.1484375,0.10546875,-0.935546875,0.013782325327798956,0.32211672856066403,12.12800121307373,1.66015625,3011,3011,20.134377013891935,4.345074495338031,21.580377144721684,0.07413376431319493,0.01599834593036656,0.697265625,,
1.087429999999702,1392,,,,-0.349609375,0.2578125,-0.90625,0.013638483869006504,0.3314858208622422,12.126667022705078,1.6319444179534912,3010,3011,19.790046556084235,4.300333180730923,21.729777989879626,0.07708375303280568,0.01675012840029578,0.693359375,,
1.1097649999987333,1392,,,,-0.21875,0.216796875,-0.939453125,0.013420727603584365,0.33165253068967243,12.127579689025879,1.7126679420471191,3009,3009,20.770516948016393,4.2289195257638506,20.360203534403208,0.07842488575844148,0.015967466362041875,0.697265625,,
1.1558199999984353,1392,,,,0.109375,-0.091796875,-1.025390625,0.013688469787261551,0.3505351971432683,12.128571510314941,1.7229353189468384,3008,3009,20.89674422349401,4.3126230727246835,20.63777508400587,0.08128120432324329,0.016774632133802207,0.69921875,,
1.322719999998808,1392,,,,-0.005859375,-0.0703125,-1.064453125,0.013499482655495127,0.33642043175417663,12.127201080322266,1.7034505605697632,3008,3008,20.6580874784172,4.252656822562236,20.5859173895224,0.07910829530596417,0.01628516831994521,0.705078125,,
1.351129999998957,1392,,,,0.1328125,-0.15234375,-1.083984375,0.013486577840059381,0.32726726341033463,12.127641677856445,1.6755021810531616,3013,3013,20.3198900822797,4.25581145034034,20.94406728140568,0.0768989104026596,0.0161057595334009,0.71875,,
1.3768699999991805,1392,,,,0.01953125,-0.029296875,-1.04296875,0.013346732177435792,0.32801825645169375,12.127556800842285,1.6948784589767456,3010,3010,20.554734781764523,4.2065421603034645,20.4650763192302,0.07797812168558656,0.015958282115257485,0.732421875,,
1.400294999998063,1392,,,,0.07421875,-0.119140625,-0.955078125,0.013232455074877313,0.32954087287555633,12.12700080871582,1.71142578125,3008,3008,20.754461833275855,4.168814709542144,20.086354168231132,0.07904905730668692,0.015878073617269124,0.724609375,,
1.4226049999985844,1392,,,,0.111328125,-0.34765625,-0.84765625,0.013454681985714055,0.32938527703662146,12.128000259399414,1.680908203125,3006,3008,20.386055123526603,4.238088508985419,20.789154563280057,0.07772024494964476,0.016157381849541512,0.720703125,,
1.4446199999991804,1392,,,,0.109375,-0.283203125,-0.787109375,0.013648661393330158,0.31224750677679525,12.129142761230469,1.6985212564468384,3009,3008,20.60160680242825,4.299414451786368,20.869316131592264,0.07262558896759981,0.015156463754079199,0.716796875,,
1.466179999999702,1392,,,,0.3125,-0.37890625,-0.71875,0.013371952483746325,0.31739328345014123,12.12800121307373,1.7024739980697632,3008,3008,20.64760671381657,4.212188516740463,20.400371699843696,0.07535115823727451,0.015371916360541391,0.712890625,,
1.4929649999979884,1392,,,,0.09375,-0.046875,-0.986328125,0.013325126509680955,0.3335307947453862,12.127429008483887,1.69921875,3008,3008,20.60715476050973,4.197178447779382,20.3675786228509,0.07946547874843128,0.016185193862111615,0.70703125,,
1.5151399999987334,1392,,,,-0.0859375,-0.1640625,-0.8359375,0.013256521038791503,0.32187222081376643,12.126222610473633,1.6471353769302368,3007,3008,19.973530250242447,4.1757414296034625,20.906376475699762,0.07708145397411068,0.016114938960770816,0.701171875,,
1.5408549999985843,1392,,,,-0.13671875,0.17578125,-1.08984375,0.013316794871213213,0.3212942934120083,12.127429008483887,1.6908482313156128,3009,3008,20.505641889400636,4.195186235601852,20.458692579481472,0.07658641961717692,0.01566858014710992,0.6953125,,
1.565464999999851,1392,,,,-0.07421875,-0.03515625,-1,0.013420760304828683,0.32270576995091743,12.127500534057617,1.6937255859375,3009,3008,20.540657948004082,4.228067686770667,20.58389608294658,0.07632464611686364,0.015710585842371932,0.69140625,,
1.5898599999994039,1392,,,,0.07421875,0.02734375,-1.2109375,0.013155182883439689,0.31231419070776734,12.124571800231934,1.7131696939468384,3011,3008,20.77144896023981,4.144508286211673,19.952908890203027,0.07535615063113822,0.015035744078595162,0.6796875,,
1.6139000000003725,1392,,,,0.0859375,0.03125,-1.1484375,0.013233480163343548,0.3034563418769752,12.124000549316406,1.7138671875,3008,3009,20.778926722705364,4.1696271356267705,20.066614562293886,0.0727778125012994,0.014604043121504685,0.6796875,,
1.639304999999702,1392,,,,0.0625,-0.19140625,-0.94921875,0.013528526083457273,0.315403879509474,12.133001327514648,1.700439453125,3015,3011,20.631434142123908,4.265633095717201,20.675407566592334,0.07394069589017095,0.015287540232867432,0.685546875,,
1.6644299999978394,1392,,,,0.125,-0.12890625,-1.2421875,0.01421493893053868,0.3273514171419728,12.125000953674316,1.666259765625,3014,3014,20.203401247272268,4.487043501336926,22.209347062008863,0.07295481246046258,0.016202787497781826,0.689453125,,
1.689379999998957,1392,,,,0.162109375,-0.185546875,-1,0.012974674669754337,0.32059411213680145,12.130500793457031,1.693115234375,3011,3013,20.538335694000125,4.093778826184033,19.932378587910364,0.07831251412173613,0.015609546796455213,0.69140625,,
1.712839999999851,1392,,,,0.1875,0.140625,-1.2265625,0.013137408581641198,0.3192826614943504,12.130499839782715,1.7041015625,3011,3011,20.671603730879724,4.142663592836342,20.040358971509956,0.07707182935309222,0.01544547126826926,0.705078125,,
1.7381599999982864,1392,,,,0.099609375,0.16796875,-1.046875,0.013316342831792786,0.3153816515324833,12.127429008483887,1.6420201063156128,3008,3010,19.91348226984576,4.197784211917333,21.08011122833037,0.07513050590764721,0.015837594211739348,0.7109375,,
1.7623199999984354,1392,,,,-0.38671875,0.341796875,-1.015625,0.013206451559617315,0.3287517796923866,12.130001068115234,1.669921875,3007,3008,20.256154127418995,4.160371674251668,20.538803407998042,0.07901981011144146,0.01622972345216232,0.71875,,
1.7888299999982118,1392,,,,-0.474609375,0.185546875,-0.765625,0.012954728482728104,0.32565097690218464,12.12700080871582,1.69677734375,3007,3006,20.57682021986693,4.078533356053275,19.821008846232953,0.07984511795615454,0.015826107893374526,0.716796875,,
1.8144849999975412,1392,,,,-0.5234375,0.189453125,-0.65625,0.013463187453251042,0.3225501741119826,12.129500389099121,1.6754150390625,3007,3006,20.321947368211113,4.238468212589039,20.856604614669564,0.07610064719936996,0.0158720110955772,0.720703125,,
1.8399049999974668,1392,,,,-0.19921875,0.279296875,-1.001953125,0.013594464871101133,0.3275181269694031,12.12700080871582,1.683349609375,3008,3007,20.413982074242085,4.280697998681157,20.969441352074313,0.07651044924690045,0.016043813783037375,0.71875,,
1.8636499999985099,1392,,,,-0.423828125,0.236328125,-0.7265625,0.01357593237273533,0.3299298624728935,12.12750244140625,1.6998291015625,3008,3007,20.61468157917261,4.275550641716428,20.740318618532992,0.07716663656226569,0.01600460629021928,0.71875,,
1.8902649999987333,1392,,,,0,0.21875,-1.130859375,0.013459914883474701,0.3285961838534518,12.128000259399414,1.7242431640625,3008,3008,20.911621541017666,4.239129996419047,20.271646500985543,0.0775150052324485,0.015713567845942408,0.720703125,,
1.914059999998659,1392,,,,0.11328125,-0.00390625,-1.08984375,0.013355187201006544,0.324383982213715,12.127500534057617,1.685791015625,3007,3008,20.44443144230172,4.206360943659251,20.574604657167622,0.07711748624489717,0.015866617916433214,0.71875,,
1.9376049999985845,1392,,,,0.171875,-0.1640625,-0.990234375,0.013339433732005038,0.31994950080407125,12.127999305725098,1.71875,3008,3008,20.84499880671501,4.201889711277807,20.157783410014922,0.07614419291999305,0.015348981488116116,0.716796875,,
1.958914999999106,1392,,,,0.099609375,-0.126953125,-1.171875,0.013309853306363539,0.3288518055888448,12.125,1.6668701171875,3009,3008,20.210800170898438,4.19274843221926,20.745088748422763,0.07843346933523997,0.016271092822062485,0.7109375,,
1.9867799999993294,1392,,,,0.1875,-0.05078125,-1.017578125,0.013435084714432123,0.32177219491730824,12.126667976379395,1.7789713144302368,3008,3008,21.57299446959871,4.232713305914922,19.62042549021085,0.07602031407788805,0.014915509081076294,0.703125,,
2.0093699999991803,1392,,,,0,0.001953125,-1.029296875,0.013538173295499105,0.31660419026697156,12.129334449768066,1.6254340410232544,3011,3010,19.71543310960908,4.2667575330321945,21.641713419689598,0.07420252681712032,0.0160586982039295,0.697265625,,
2.033854999998584,1392,,,,0.03125,-0.0859375,-1.07421875,0.01365619752625833,0.31488152205019265,12.129143714904785,1.6999162435531616,3012,3011,20.618528421357382,4.306441290508908,20.886268905826217,0.0731187309447755,0.015271774765653376,0.6953125,,
2.060164999999106,1392,,,,-0.13671875,0.044921875,-0.90234375,0.013606609011438123,0.3197939049651364,12.12800121307373,1.6839599609375,3012,3013,20.42306844901759,4.292528068755442,21.01803692951891,0.0745001313544948,0.015658465120627817,0.6953125,,
2.0837849999982865,1392,,,,0.32421875,-0.126953125,-1.16015625,0.013204072868101402,0.319460485310276,12.126222610473633,1.7523871660232544,3014,3013,21.249836874935,4.165610606209586,19.603023923082834,0.07668995388912808,0.01503355000748697,0.69921875,,
2.1089399999994787,1392,,,,-0.125,0.130859375,-0.98046875,0.013886681876820232,0.32485076973051963,12.125715255737305,1.6573660373687744,3016,3015,20.09674864366343,4.384301846799768,21.815975929928108,0.07409407040886974,0.016164344565903006,0.703125,,
2.137179999999702,1392,,,,0.03125,0.0078125,-0.98828125,0.013406952910945675,0.31358118539623697,12.128501892089844,1.69677734375,3014,3015,20.579367224127054,4.2336159230930015,20.57213847726839,0.07406935137544086,0.015237649534170193,0.70703125,,
2.1592099999990313,1392,,,,0.0625,-0.1640625,-1.03125,0.012557079255821276,0.3203718323668944,12.126667976379395,1.7399088144302368,3013,3013,21.09929650177139,3.9619052500914336,18.777428194152407,0.08086307272479594,0.015184005416483796,0.7109375,,
2.1845499999988824,1392,,,,0.03125,0.0078125,-0.921875,0.013182638374470224,0.32914076928972386,12.127429008483887,1.6608537435531616,3011,3011,20.14188586841567,4.157051124994712,20.63883765478659,0.07917650262002551,0.016341109836484916,0.71875,,
2.209089999999851,1392,,,,-0.048828125,-0.11328125,-0.9140625,0.01339476195972589,0.3073017818963655,12.128500938415527,1.663818359375,3010,3010,20.17962253303267,4.22217589687738,20.922967661887455,0.07278279953320715,0.015228321609749308,0.72265625,,
2.2343849999997767,1392,,,,0.3125,-0.455078125,-0.77734375,0.013272794178459026,0.3147148122227625,12.127429008483887,1.6489955186843872,3009,3009,19.99807608815297,4.1829081930447005,20.91655304543366,0.0752382786564781,0.01573725446565343,0.728515625,,
2.258984999999404,1392,,,,0.287109375,-0.11328125,-0.98046875,0.01325219291854161,0.33050778987465157,12.126667022705078,1.6227213144302368,3007,3009,19.67820105074179,4.175754144821806,21.220202670225266,0.07914924548048446,0.016795630302912916,0.732421875,,
2.287189999997616,1392,,,,0.0859375,-0.32421875,-0.84765625,0.013349400537489125,0.3315080488392329,12.126856803894043,1.6971261501312256,3010,3008,20.580805800785356,4.205702059570372,20.435069939826576,0.07882347445056478,0.016107632132974243,0.732421875,,
2.3091150000002236,1392,,,,-0.134765625,-0.060546875,-0.931640625,0.013317797903544284,0.3176377911970389,12.128445625305176,1.6704643964767456,3007,3008,20.260136601676436,4.195324282792214,20.707285272918988,0.07571233348989982,0.01567796888253734,0.72265625,,
2.333879999998957,1392,,,,-0.236328125,0.015625,-0.927734375,0.01339907652577987,0.3176377911970389,12.126287460327148,1.6859654188156128,3008,3008,20.444501316728974,4.2206050066460215,20.64420619148317,0.07525882917185264,0.015536587871533346,0.71484375,,
2.360114999998361,1392,,,,0,0.056640625,-1.18359375,0.01325665588208075,0.3301002885402269,12.12650203704834,1.7071533203125,3008,3008,20.70179821632337,4.175589873763611,20.17017956667725,0.07905476795370601,0.015945488652282527,0.708984375,,
2.383785000000149,1392,,,,0.1484375,-0.125,-1.072265625,0.013541466567737701,0.3369094472479719,12.12900161743164,1.6998291015625,3010,3009,20.617229922208935,4.267043296367452,20.696491781230907,0.07895618203236514,0.016341159725102167,0.701171875,,
2.4095799999982117,1392,,,,0.171875,-0.068359375,-1.185546875,0.013962190066513341,0.3218944487907571,12.129500389099121,1.715087890625,3010,3010,20.80315923667513,4.4010243064159855,21.15555746291245,0.07314080231765291,0.015473344463146261,0.69921875,,
2.4339249999988826,1392,,,,0.15625,0.001953125,-1.04296875,0.013212651556243122,0.3243728682252196,12.124000549316406,1.73583984375,3009,3010,21.045323219150305,4.164558541203434,19.788522598759002,0.07788889626977977,0.015413061840269329,0.697265625,,
2.4621549999993295,1392,,,,-0.07421875,-0.046875,-1.111328125,0.013208800906997744,0.3305744738056237,12.129000663757324,1.7181396484375,3014,3011,20.839316936326213,4.165170282497587,19.98707680882303,0.07936637673487847,0.015863018678380015,0.697265625,,
2.635759999997914,1392,,,,0.3359375,-0.171875,-1.169921875,0.014460196935444885,0.3281627383021332,12.126667022705078,1.6265190839767456,3017,3015,19.724255337461273,4.565861454921679,23.148460495996375,0.07187312658127126,0.016637522313903048,0.697265625,,
2.658074999999255,1392,,,,-0.16796875,0.150390625,-1.001953125,0.013240943728050002,0.32885340322469103,12.127928733825684,1.6838126182556152,3012,3012,20.421159435320533,4.176386847199226,20.451271929133114,0.07874112606336434,0.016103561811280146,0.68359375,,
2.7029749999996273,1392,,,,-0.375,0.0703125,-0.73046875,0.013318846724953428,0.32346152116860116,12.129143714904785,1.708984375,3012,3012,20.728517090901732,4.200831714590877,20.265953884538746,0.07699939991528638,0.015604662878203505,0.69921875,,
2.869160000000149,1392,,,,-0.318359375,0.12109375,-0.828125,0.01320708885659976,0.3218222078655374,12.129334449768066,1.6988931894302368,3010,3011,20.606443689032517,4.1641710002882215,20.208101228571245,0.07728361967922609,0.015617552097882015,0.69921875,,
2.9012949999999256,1392,,,,-0.0390625,0.12890625,-1.015625,0.013274380958218628,0.32214690998567175,12.126425743103027,1.6661726236343384,3010,3010,20.204718595692952,4.183835109046867,20.707217916604574,0.07699799384757806,0.01594414237743177,0.6875,,
2.927824999999255,1392,,,,0.0703125,-0.052734375,-1.12890625,0.013327734923857514,0.3332974009869839,12.126401901245117,1.74462890625,3009,3009,21.15607128571719,4.200155380789793,19.85319166335664,0.07935358832470407,0.015754219981854497,0.685546875,,
2.9500800000000744,1392,,,,-0.048828125,-0.15234375,-0.97265625,0.013208656701531941,0.3261955623384567,12.126667022705078,1.6824002265930176,3010,3009,20.401907346817097,4.162543832552492,20.402719029120046,0.07836447505669436,0.01598848366446221,0.685546875,,
2.9722199999988077,1392,,,,-0.015625,-0.037109375,-1.103515625,0.013160603024731515,0.3243395262597336,12.130858421325684,1.7061941623687744,3010,3009,20.697599822987968,4.147385526393439,20.038002289459232,0.07820337033913961,0.01567039313899108,0.68359375,,
2.9942200000006705,1392,,,,0.162109375,-0.05859375,-0.95703125,0.013136957660092593,0.3224834901810105,12.130000114440918,1.7805989980697632,3009,3009,21.59866605035961,4.139638027404545,19.166174511669073,0.07790137399602545,0.01493071328706623,0.67578125,,
3.01625,1392,,,,-0.015625,-0.201171875,-0.955078125,0.013528406051969743,0.323839396777443,12.128499984741211,1.678466796875,3007,3009,20.357284520287067,4.262884906724619,20.940341539542946,0.07596719213943416,0.015907789491998336,0.66796875,,
3.043074999999255,1392,,,,0.1875,-0.23046875,-0.7734375,0.013531893951806949,0.323839396777443,12.126286506652832,1.7501394748687744,3009,3009,21.222692698861692,4.263560731973235,20.089631379348564,0.07595515043304324,0.015259109735628058,0.671875,,
3.0660549999978395,1392,,,,0.5,-0.4296875,-0.96484375,0.013501134730322868,0.3221834124916361,12.128500938415527,1.6571044921875,3009,3009,20.09819338854868,4.2538080186356435,21.1651263195593,0.07573999839206953,0.0160304663341137,0.6796875,,
3.090199999999255,1392,,,,0.037109375,-0.166015625,-0.8984375,0.013822466148865188,0.3264845260393357,12.128572463989258,1.7041015625,3010,3010,20.66831928677857,4.356733386878012,21.07928238589286,0.0749379172530204,0.015796375191870896,0.689453125,,
3.1122799999993296,1392,,,,0.125,-0.138671875,-0.82421875,0.013562540128502427,0.3316969866436538,12.1274995803833,1.658935546875,3010,3010,20.118740148609504,4.275595400421268,21.2518048786309,0.07757913356604608,0.01648696609198856,0.69921875,,
3.141464999999851,1392,,,,0.25,-0.482421875,-0.869140625,0.01336169056009966,0.3292074532206959,12.129714965820312,1.6650390625,3010,3010,20.196449235081673,4.211519860797456,20.852773731542644,0.07816832499950743,0.01630026394188417,0.708984375,,
3.166304999999702,1392,,,,-0.15625,0.181640625,-1.021484375,0.013280337996756016,0.33071895565606324,12.127202987670898,1.73095703125,3009,3009,20.99166728090495,4.185037370809586,19.936660174756586,0.07902413439908815,0.01575477313118913,0.720703125,,
3.189859999999404,1392,,,,-0.19921875,0.044921875,-1.001953125,0.013369800301009552,0.3326861316197398,12.12800121307373,1.6587611436843872,3009,3009,20.117457162803817,4.212595105829912,20.93999789207352,0.07897415328601778,0.016537186033375034,0.720703125,,
3.214285000000149,1392,,,,0.07421875,0.0390625,-1.109375,0.013328009640859234,0.3220722726066827,12.128572463989258,1.6915457248687744,3008,3009,20.516034900222166,4.199579492603649,20.469742389442768,0.07669155285045094,0.01569856330295066,0.71484375,,
3.2401549999993295,1392,,,,0.07421875,-0.154296875,-1.072265625,0.013290483801466553,0.32966312674900516,12.127500534057617,1.707763671875,3011,3009,20.71090484270826,4.188128745736113,20.22185306505639,0.07871370408195583,0.0159173695815164,0.70703125,,
3.2627349999994038,1392,,,,0.2109375,-0.048828125,-1.1875,0.013584309534786588,0.32620667632695205,12.128500938415527,1.676025390625,3010,3011,20.327675523003563,4.283048246257827,21.070034502523267,0.07616226985347746,0.016047416536032574,0.701171875,,
3.287644999999553,1392,,,,0.140625,-0.208984375,-0.96875,0.013490037057750825,0.3222945523765896,12.128571510314941,1.7027064561843872,3010,3011,20.651397014907275,4.2535833392022235,20.597073099373187,0.07577012760188148,0.015606428569647869,0.6953125,,
3.3124649999979883,1392,,,,0.32421875,0.037109375,-1.1796875,0.013317326559001386,0.31744885339261797,12.127500534057617,1.669921875,3009,3010,20.251978430896997,4.197786331209559,20.72778393248383,0.07562291844929316,0.015674955139607937,0.6953125,,
3.3377099999990314,1392,,,,-0.111328125,0.22265625,-1.0625,0.013083493064442923,0.32670680580924266,12.125500679016113,1.676025390625,3010,3009,20.322647012071684,4.122714727997132,20.286307809943423,0.0792455523518507,0.016075996675786294,0.693359375,,
3.362035000000149,1392,,,,-0.13671875,0.26953125,-1.041015625,0.013434812652375993,0.3397435143142856,12.125,1.795654296875,3010,3009,21.772308349609375,4.233115604687011,19.44265870533181,0.08025850131239344,0.015604386492182905,0.689453125,,
3.386344999998808,1392,,,,-0.173828125,0.138671875,-1.03125,0.014179406955285138,0.3229169357323291,12.128571510314941,1.6217912435531616,3018,3013,19.670011072237116,4.474373866738478,22.747185297997888,0.07217030703062687,0.01641671347039069,0.689453125,,
3.408714999999851,1392,,,,0.13671875,0.20703125,-1.140625,0.01477191353839495,0.32232789434207565,12.128499984741211,1.67236328125,3020,3019,20.283258031122386,4.670104339736491,23.02442897768563,0.06901942031562038,0.01589132741138034,0.685546875,,
3.433629999998957,1392,,,,0.109375,0.041015625,-1.083984375,0.012696221181448997,0.3468453529628128,12.125144958496094,1.6594587564468384,3017,3018,20.12117797456358,4.01219667729422,19.940167928370222,0.08644774443029583,0.0172378254096893,0.681640625,,
3.458804999999702,1392,,,,0.0625,0.029296875,-1.17578125,0.013118647338752596,0.336687167478065,12.13000202178955,1.6448974609375,3011,3015,19.952609526808374,4.141429738272687,20.756331309487376,0.08129732695126947,0.01687434252776266,0.6796875,,
3.486769999999553,1392,,,,-0.099609375,0.10546875,-1.00390625,0.0132811340612315,0.32638450014287756,12.128000259399414,1.751708984375,3013,3012,21.244727016892284,4.189557943770379,19.720460236740827,0.07790428119706322,0.015363082796185614,0.673828125,,
3.5090299999993295,1392,,,,-0.025390625,0.322265625,-1.0625,0.013679663354568319,0.3351904952710961,12.129335403442383,1.7008463144302368,3014,3013,20.630135417433166,4.316516500504513,20.923355146069035,0.07765300914103285,0.016247614884187755,0.671875,,
3.537474999997765,1392,,,,-0.046875,0.1875,-1.125,0.013566089790758126,0.35273576686534713,12.123429298400879,1.8233816623687744,3015,3014,22.1056386677285,4.282467552446665,19.372738407683006,0.08236741143872105,0.015956823151203395,0.666015625,,
3.562519999999553,1392,,,,0.173828125,0.146484375,-1.123046875,0.013788288894533148,0.3268179456941962,12.124799728393555,1.7626953125,3030,3020,21.372327646240592,4.36117006783827,20.405685988093126,0.0749381337142379,0.015291640251064732,0.662109375,,
3.5875899999979883,1392,,,,0.01171875,-0.267578125,-0.94140625,0.016517694531051053,0.33903221905058334,12.128000259399414,1.7620849609375,3038,3034,21.370566863333806,5.248120825834801,24.55770527472145,0.06460068857059034,0.015864446704606242,0.662109375,,
3.6126849999986588,1392,,,,-0.1875,-0.001953125,-0.859375,0.013554585771776623,0.34517825468851066,12.130499839782715,1.6656494140625,3039,3039,20.20515995041933,4.313829995168241,21.350140289677412,0.08001665690931999,0.017083668505249668,0.6640625,,
3.6414399999994784,1392,,,,0.26953125,-0.154296875,-1.13671875,0.013178633179444631,0.34213302184078537,12.127429008483887,1.6322544813156128,3032,3036,19.795050345934783,4.1898259393005395,21.16602820442427,0.08165805138384863,0.017283766187088663,0.666015625,,
3.6663900000005962,1392,,,,0.17578125,-0.015625,-1.0859375,0.012120557734738427,0.33857654552227406,12.125200271606445,1.75146484375,3026,3027,21.23686199914664,3.842502613745874,18.093551739895837,0.0881135498284572,0.0159428707280708,0.662109375,,
3.69289999999851,1392,,,,-0.09375,0.40234375,-1.099609375,0.013848899346109054,0.32886291957734015,12.12700080871582,1.65283203125,3029,3027,20.043895379640162,4.389985650504251,21.901858732327216,0.07491207164642229,0.01640713610545916,0.662109375,,
3.7159949999991806,1392,,,,-0.01953125,0.064453125,-0.91015625,0.01357553678584221,0.33969905836030423,12.129000663757324,1.663818359375,3024,3027,20.180453985230997,4.303287547937871,21.324037363516297,0.07893942818743022,0.01683307316123373,0.66015625,,
3.7410899999979885,1392,,,,-0.125,0.220703125,-0.9140625,0.012630874865873954,0.31401463094755555,12.127500534057617,1.65283203125,3019,3022,20.04472134169191,3.997317183648481,19.941994281228954,0.07855634579914526,0.015665701986807994,0.65625,,
3.76425,1392,,,,-0.3125,0.25390625,-0.830078125,0.012912666459191549,0.3242506143517708,12.12700080871582,1.6717529296875,3013,3017,20.273349130293354,4.079842711621645,20.124167375608206,0.07947625368696837,0.015993934315828504,0.65625,,
3.787925000000745,1392,,,,-0.1875,0.037109375,-0.765625,0.01293967396308703,0.3285294999224797,12.12800121307373,1.71875,3012,3014,20.845002084970474,4.083899395727945,19.591743762273314,0.0804450521641511,0.015760588489427588,0.65234375,,
3.8128899999987333,1392,,,,-0.2109375,0.25390625,-0.97265625,0.013079350510916476,0.3187825320120597,12.127001762390137,1.661376953125,3011,3012,20.14752123854123,4.125436789084107,20.476150590636166,0.07727243157756224,0.015822419454867936,0.6484375,,
3.8381599999982865,1392,,,,-0.07421875,0.275390625,-1.01953125,0.013163481544688502,0.3245729200181359,12.128500938415527,1.7242431640625,3009,3010,20.91248483338859,4.149826995886151,19.843777671320023,0.07821360272124474,0.015520533432733312,0.642578125,,
3.8650649999994786,1392,,,,0.099609375,0.2265625,-1.03515625,0.013380629684342884,0.33835426575236716,12.12457275390625,1.6685267686843872,3010,3010,20.230174198753957,4.216988984496354,20.845045342002503,0.08023598520089036,0.016725227495728016,0.640625,,
3.8891399999987333,1392,,,,0.0234375,0.10546875,-1.130859375,0.013365979275367618,0.3230947595482547,12.12622356414795,1.7013888359069824,3009,3009,20.6314213937535,4.211916760312452,20.41505856493086,0.07670967351317898,0.015660324772682744,0.63671875,,
3.9126949999984353,1392,,,,0.287109375,0.029296875,-1.03515625,0.013290132649978595,0.3288740335658355,12.128499984741211,1.73583984375,3008,3009,21.05313351843506,4.187226092296343,19.888849745952648,0.07854222015164117,0.015621144153095252,0.634765625,,
3.938429999999702,1392,,,,0.125,-0.255859375,-1.169921875,0.013223859478924193,0.33686499129399056,12.126858711242676,1.7278181314468384,3008,3009,20.953006358779135,4.166284498473823,19.883946137057247,0.0808550139620541,0.016077167425324956,0.638671875,,
3.962454999998212,1392,,,,0.01953125,-0.05078125,-1.060546875,0.013469378367168248,0.33454216769846284,12.12600040435791,1.6839599609375,3010,3010,20.419699167250656,4.245036822190356,20.78892929528851,0.07880783647145036,0.016383305403196408,0.64453125,,
3.984164999999106,1392,,,,0.0234375,-0.240234375,-1.017578125,0.013838689822704326,0.32940378877370907,12.127429008483887,1.6915457248687744,3011,3011,20.51410069295048,4.362987016206285,21.268234379416853,0.07549960326495152,0.016057432577919747,0.6484375,,
4.16559500000067,1392,,,,0.224609375,0.15234375,-1.19140625,0.013385453860216431,0.327996028474703,12.128500938415527,1.676025390625,3010,3010,20.327675523003563,4.21987616196367,20.759265648392997,0.07772645828594028,0.016135441954665715,0.650390625,,
4.187799999998882,1392,,,,0.162109375,-0.23046875,-0.892578125,0.013402175070859395,0.3288095724325625,12.127065658569336,1.6971842050552368,3009,3010,20.58186428939166,4.223879467891802,20.522336599356944,0.07784539661513495,0.015975694320462412,0.65234375,,
4.229679999999702,1392,,,,-0.15625,-0.0625,-0.888671875,0.013189906078425706,0.3485791351680871,12.125716209411621,1.7166574001312256,3008,3009,20.815700462777613,4.15548139502093,19.963207111150126,0.08388417659281361,0.016745971906706292,0.6875,,
4.3978300000000745,1392,,,,-0.15234375,0.111328125,-1.07421875,0.01334584773121891,0.32253350312923956,12.127429008483887,1.7368861436843872,3008,3008,21.06396340335175,4.203809326502996,19.957352023475675,0.07672410380171645,0.015312099482565435,0.689453125,,
4.420584999999031,1392,,,,-0.1796875,0.0859375,-0.951171875,0.013547441024115505,0.3362340640595952,12.12885856628418,1.6989572048187256,3008,3008,20.606411647415825,4.267400963451558,20.709093055445766,0.0787912987177194,0.016316963371046756,0.677734375,,
4.445369999999181,1392,,,,0.0859375,0.14453125,-0.8828125,0.013352476641291706,0.32569543285616603,12.126856803894043,1.7417689561843872,3005,3007,21.12218271711606,4.20412389936072,19.903832646774557,0.0774704648703839,0.015419591678479488,0.677734375,,
4.467869999999181,1392,,,,-0.287109375,0.224609375,-0.958984375,0.01332617605159343,0.3386765714187322,12.12700080871582,1.6986083984375,3006,3005,20.599025421543047,4.193226784387807,20.35643288251109,0.08076753031333542,0.01644138809909592,0.677734375,,
4.490004999998957,1392,,,,0.173828125,0.2109375,-1.15234375,0.013386098592793206,0.3386432294532462,12.126287460327148,1.6831752061843872,3006,3005,20.410666396287297,4.212598386339363,20.63920062455989,0.08038820661171982,0.016591483241078567,0.68359375,,
4.5129599999990315,1392,,,,0.25,-0.1953125,-1.01953125,0.01343226711848976,0.3299076344959028,12.13028621673584,1.7557199001312256,3004,3006,21.29738490501063,4.228120023825785,19.85276616206075,0.07802702681968528,0.015490523177720546,0.68359375,,
4.537544999998063,1392,,,,0.109375,-0.234375,-1.19921875,0.01342200086308976,0.3299076344959028,12.128572463989258,1.6775949001312256,3007,3006,20.34683131146039,4.2251604284661735,20.765692523760908,0.07808168236008653,0.016214202076275226,0.689453125,,
4.561094999998808,1392,,,,-0.037109375,0.142578125,-0.931640625,0.01357441206704931,0.3303855360012028,12.129142761230469,1.7075892686843872,3007,3007,20.711594017418065,4.273922331080806,20.635409942308243,0.07730265325566962,0.015951719395588516,0.689453125,,
4.584220000000671,1392,,,,0.1484375,-0.107421875,-1.1015625,0.013390389823272774,0.3287851216578727,12.12700080871582,1.7169189453125,3008,3007,20.8210774383042,4.216539177759098,20.251301548891025,0.07797511366480586,0.015790975401350365,0.685546875,,
4.608949999999255,1392,,,,0.2109375,-0.173828125,-0.974609375,0.013368934928480734,0.32838501807204024,12.125714302062988,1.6880580186843872,3007,3007,20.468909259873385,4.210290206583798,20.569196693042752,0.07799581548049386,0.01604311269852547,0.6796875,,
4.633879999998957,1392,,,,-0.037109375,-0.30078125,-0.8125,0.013587390558971887,0.32535089921281024,12.12700080871582,1.66259765625,3007,3008,20.162323121912777,4.279310340915005,21.224292037380224,0.07602881616275661,0.0161365779749464,0.677734375,,
4.659014999998734,1392,,,,0.162109375,-0.31640625,-0.7734375,0.013512712668578992,0.31978279097664103,12.129000663757324,1.70654296875,3008,3008,20.698660800699145,4.2561382019218135,20.562384411739586,0.07513449418354097,0.015449443519835815,0.677734375,,
4.684349999999627,1392,,,,0.236328125,-0.138671875,-0.853515625,0.013612931415029087,0.3257510027986428,12.130500793457031,1.702880859375,3008,3008,20.65679761581123,4.2877644534039305,20.75715961956256,0.07597222429978367,0.015769675864438195,0.673828125,,
4.709124999998138,1392,,,,-0.19921875,-0.083984375,-0.92578125,0.013694607742000903,0.33723175291433705,12.1274995803833,1.7376708984375,3008,3008,21.073603091645055,4.313231818914843,20.467462541443084,0.07818539950379494,0.016002567356316853,0.67578125,,
4.731604999998584,1392,,,,-0.140625,-0.0234375,-0.998046875,0.013940968667199365,0.34366675225314336,12.127001762390137,1.717529296875,3010,3009,20.828480810159817,4.392313210506076,21.088015254399025,0.07824276998988115,0.01649984727093048,0.67578125,,
4.753789999999106,1392,,,,-0.14453125,0.275390625,-1.171875,0.013711851473883051,0.3341420641126303,12.128570556640625,1.6929408311843872,3009,3010,20.532952319237666,4.321445806223249,21.04639283740222,0.07732182216225814,0.01627345444130638,0.6796875,,
4.774864999998361,1392,,,,-0.109375,-0.017578125,-0.962890625,0.013416842862741588,0.324861883719015,12.128000259399414,1.6566685438156128,3010,3009,20.0920765291346,4.228193403555301,21.04408370844194,0.07683231411454665,0.016168656497398248,0.681640625,,
4.796834999999032,1392,,,,0.0625,-0.21484375,-1.130859375,0.013334674113229555,0.324861883719015,12.126667022705078,1.6805013418197632,3008,3009,20.378880203457356,4.201951402141597,20.61914766753827,0.07731214681670129,0.015941105717079632,0.677734375,,
4.82355499999784,1392,,,,0.13671875,0.16796875,-1.232421875,0.013505047561188673,0.3280849403826658,12.126856803894043,1.6922433376312256,3008,3008,20.521592632797592,4.254566853108818,20.732147495751242,0.07711359386512723,0.01598730401939276,0.685546875,,
4.847109999999404,1392,,,,0.048828125,-0.037109375,-1.01171875,0.013410333075885461,0.32778486269329143,12.124444961547852,1.7138671875,3008,3008,20.779688386246562,4.223874904470692,20.32694054866744,0.0776028812658142,0.015774291538955036,0.689453125,,
4.873064999999478,1392,,,,-0.19921875,0.359375,-1.130859375,0.013255714354533652,0.32748478500391703,12.128000259399414,1.7068917751312256,3008,3008,20.70118389155823,4.174899240344209,20.167441930925982,0.07844136256972678,0.015819616246076758,0.693359375,,
4.898525000000372,1392,,,,-0.3125,0.1640625,-0.865234375,0.013394768645123425,0.3291518832782192,12.127500534057617,1.6943359375,3006,3007,20.548059986904263,4.218471937627164,20.529782083153787,0.07802632994718055,0.016018635505638732,0.69140625,,
4.920009999999777,1392,,,,-0.548828125,0.291015625,-0.72265625,0.013520102500031682,0.3322638000569165,12.128500938415527,1.669921875,3008,3007,20.253649028018117,4.257375416451767,21.02028829749285,0.07804428023259359,0.016405132704594396,0.693359375,,
4.942909999998286,1392,,,,-0.3125,0.16015625,-0.896484375,0.013571245555362644,0.3274958989924124,12.123429298400879,1.6768972873687744,3006,3007,20.329745704095558,4.273887175164985,21.022826538868035,0.07662717464687636,0.01610919800764828,0.693359375,,
4.9648199999984355,1392,,,,-0.0625,-0.00390625,-0.970703125,0.013527998308220497,0.322883593766843,12.126286506652832,1.6985212564468384,3009,3008,20.59675539331431,4.260841048012018,20.686952710013166,0.07577930979553696,0.015676429981377103,0.6953125,,
4.989019999997691,1392,,,,-0.078125,0.251953125,-0.99609375,0.013426840968636857,0.3277737487047961,12.128571510314941,1.66015625,3004,3007,20.13532379642129,4.228428886888675,21.000054082270115,0.07751667521739397,0.016278543718430405,0.693359375,,
5.012759999999776,1392,,,,0.099609375,0.3359375,-1.05078125,0.013344958673780737,0.3277737487047961,12.129000663757324,1.710205078125,3008,3007,20.74307852773927,4.202896496282222,20.261681459971236,0.07798758522717288,0.015801596097053353,0.69140625,,
5.039784999998286,1392,,,,-0.01171875,0.1171875,-1.19140625,0.013388603324357722,0.3403547836815297,12.125144004821777,1.6238839626312256,3007,3007,19.689826894024236,4.216511415591224,21.414669810382712,0.08071952145629525,0.017285818992386657,0.69140625,,
5.06524499999918,1392,,,,0.3984375,-0.25,-1.15625,0.013359029745681166,0.333716016309904,12.126222610473633,1.6970486640930176,3006,3006,20.578789881598823,4.205722118231418,20.437169252561823,0.07934808979967453,0.016216503411034228,0.697265625,,
5.089099999997765,1392,,,,0.099609375,-0.02734375,-1.123046875,0.01340918194737062,0.3258065727411195,12.129000663757324,1.6650390625,3005,3005,20.195259894244373,4.219587251394817,20.893948745850974,0.07721290100907895,0.016132823962021606,0.701171875,,
5.114339999999851,1392,,,,0.0625,-0.05078125,-1.0625,0.013582071864548446,0.3353534888586232,12.129714965820312,1.7013113498687744,3005,3005,20.63642174202323,4.274430036617221,20.713038772186618,0.07845572064246993,0.016250563835673217,0.697265625,,
5.1390099999979135,1392,,,,0.2109375,-0.0546875,-0.859375,0.013600963898440916,0.33251942179230953,12.12800121307373,1.6790771484375,3006,3006,20.36384969309438,4.281516682252631,21.025084877269272,0.07766393230946407,0.016328907687089774,0.693359375,,
5.162594999998808,1392,,,,0.2734375,-0.404296875,-0.90625,0.0136122620892721,0.32968535472599586,12.130001068115234,1.676025390625,3007,3007,20.330189778469503,4.285713288785493,21.080537542862672,0.07692660066381243,0.016216540933383025,0.689453125,,
5.18475,1392,,,,0.224609375,-0.2734375,-0.91015625,0.013551049943184797,0.324861883719015,12.125716209411621,1.7138671875,3007,3007,20.781867136247456,4.266815440705942,20.5314345084221,0.0761368491872868,0.015631987327663896,0.689453125,,
5.209009999999776,1392,,,,0,-0.01171875,-0.810546875,0.013492212156860073,0.32969646871449126,12.126859664916992,1.7173548936843872,3006,3007,20.826121790569005,4.248443019504677,20.399587893644995,0.07760406982060226,0.015830910432099388,0.681640625,,
5.237189999999479,1392,,,,-0.1484375,-0.0859375,-0.888671875,0.01355694643760931,0.3344865977559861,12.12550163269043,1.6741943359375,3006,3007,20.300446153851226,4.2684984063135865,21.026623621785788,0.0783616545952654,0.016476810175550263,0.669921875,,
5.262369999999181,1392,,,,0.134765625,0.080078125,-1.251953125,0.013111473933399162,0.33354190873388156,12.126667976379395,1.7393662929534912,3004,3005,21.092717523952842,4.125876932066417,19.56067029950541,0.08084145848888163,0.015813131160321667,0.6640625,,
5.284400000000373,1392,,,,0.099609375,-0.0625,-1.087890625,0.013749483930301327,0.3286184118304425,12.12600040435791,1.6729736328125,3006,3005,20.286478947964497,4.326082742304009,21.3249561611976,0.07596211894352836,0.0161988885638242,0.66796875,,
5.308799999998882,1392,,,,0.109375,0.03125,-1.08984375,0.013835574872855723,0.32708468141808456,12.125144004821777,1.7096818685531616,3005,3005,20.73013885863986,4.354095294217118,21.003695749015343,0.07512115820076362,0.015778219511624877,0.67578125,,
5.334025000000373,1392,,,,-0.125,0.326171875,-1.169921875,0.013706268263038321,0.32607330846500787,12.126286506652832,1.6866629123687744,3008,3006,20.452957715529237,4.314467452643903,21.094589411721486,0.07557672228241989,0.0159425992563135,0.677734375,,
5.359074999999255,1392,,,,-0.474609375,0.25390625,-0.77734375,0.01357599637089748,0.31685981200236457,12.126667022705078,1.6194661855697632,3006,3006,19.63872718693483,4.274262249035979,21.764456567631033,0.07413204748347611,0.016134437277236773,0.68359375,,
5.383705000000075,1392,,,,-0.447265625,0.0703125,-0.802734375,0.013473415980476848,0.3325527637577956,12.125715255737305,1.6796875,3007,3007,20.367412343621254,4.2423228342990695,20.828973080754153,0.07838931093812926,0.016327688473491614,0.681640625,,
5.411939999999478,1392,,,,-0.236328125,0.2265625,-0.869140625,0.013572167100950813,0.3317414425976352,12.126501083374023,1.6510009765625,3008,3007,20.020865130936727,4.27392167546147,21.347337627569864,0.07761991627088392,0.016569785592582625,0.68359375,,
5.434174999998882,1392,,,,-0.125,0.2265625,-0.9296875,0.013622884526583279,0.32748478500391703,12.126667022705078,1.7534722089767456,3007,3007,21.263773611828128,4.290024557885099,20.17527385401969,0.0763363427377117,0.015401066197476408,0.6875,,
5.455269999999553,1392,,,,-0.1875,0.25390625,-0.94921875,0.013442296245328254,0.3313413390118027,12.128000259399414,1.6231863498687744,3007,3007,19.686004472262084,4.233177041311506,21.503485114392433,0.07827249741228584,0.01683131482971409,0.6875,,
5.477160000000149,1392,,,,0.162109375,0.236328125,-1.06640625,0.013387434309893637,0.33477556145686516,12.128000259399414,1.6741071939468384,3006,3007,20.30357248244968,4.215157782288163,20.760670497429587,0.07942183394974484,0.016488505249322192,0.6875,,
5.498309999998659,1392,,,,-0.046875,-0.01953125,-1.05859375,0.013107613105406793,0.32998543241537026,12.12800121307373,1.65771484375,3004,3005,20.10476763593033,4.12518025247483,20.518417955263978,0.07999297296582406,0.016413292527969102,0.685546875,,
5.519699999997393,1392,,,,0.140625,-0.234375,-1.1796875,0.013529610558864367,0.32866286778442394,12.130857467651367,1.6943359375,3006,3005,20.553747760131955,4.257744140678284,20.715171706724057,0.07719178441099703,0.015990410684222287,0.6796875,,
5.54290499999933,1392,,,,-0.037109375,-0.0078125,-1.029296875,0.013608764547790378,0.3374651466727393,12.127333641052246,1.6162109375,3006,3006,19.60032927338034,4.283470904525732,21.854076249337368,0.07878310701636564,0.017217320278953605,0.673828125,,
5.568644999999553,1392,,,,0.375,-0.244140625,-0.998046875,0.013643994418182417,0.33996579408419253,12.127501487731934,1.7108154296875,3007,3006,20.747916668769903,4.295216589430187,20.701917488879335,0.0791498605497082,0.016385538823563646,0.677734375,,
5.593959999999031,1392,,,,-0.048828125,-0.1328125,-0.822265625,0.013639042385718548,0.3320970902294863,12.127501487731934,1.6839599609375,3006,3007,20.42222693155054,4.294169171469113,21.026938863533047,0.07733675059566177,0.01626155126679283,0.68359375,,
5.61715499999933,1392,,,,0.4609375,-0.44921875,-0.73046875,0.013577598141492965,0.3328639554356654,12.12700080871582,1.729736328125,3006,3007,20.97651385003701,4.275091438404081,20.380371442877,0.0778612481701504,0.015868411587136918,0.69140625,,
5.782084999999031,1392,,,,0.15625,-0.15625,-0.990234375,0.01367154283230865,0.3386765714187322,12.12900161743164,1.6644287109375,3009,3007,20.187858527060598,4.305773874608811,21.328532042352002,0.07865637659606584,0.016776250485644965,0.6953125,,
5.817864999998361,1392,,,,0.056640625,-0.021484375,-1.02734375,0.013431025192582368,0.32458490228698245,12.127053260803223,1.6765803098678589,3008,3008,20.331978713781496,4.2308141942682544,20.808669209359877,0.07671925246131528,0.015964255464568783,0.677734375,,
5.84305499999784,1392,,,,-0.15625,0.091796875,-0.99609375,0.013404525731739227,0.32332815330665693,12.126544952392578,1.6534978151321411,3007,3008,20.051215583882822,4.221839769760995,21.055280923489306,0.07658465762308196,0.016125114806832375,0.65625,,
5.864164999999106,1392,,,,-0.63671875,0.400390625,-0.83203125,0.013466894875168466,0.3243728682252196,12.12800121307373,1.7120361328125,3008,3008,20.76357629557606,4.241376141988339,20.42700198468227,0.07647821305307645,0.015622206098201462,0.6640625,,
5.889044999999926,1392,,,,-0.296875,0.044921875,-0.822265625,0.013527384456852969,0.342088565886804,12.13028621673584,1.7215402126312256,3008,3008,20.882775512837043,4.26040782870023,20.401540140491743,0.08029479327831597,0.0163813744814005,0.669921875,,
5.912150000000373,1392,,,,-0.412109375,0.07421875,-0.671875,0.013477326296131043,0.342088565886804,12.128500938415527,1.7364501953125,3008,3008,21.060537823359482,4.2447270021230565,20.15488416167122,0.08059141747295029,0.016243106835921988,0.673828125,,
5.93911999999918,1392,,,,-0.162109375,0.244140625,-0.94140625,0.013496218050555554,0.32242792023853384,12.125143051147461,1.6796875,3009,3008,20.36645121872425,4.25166306626167,20.875816903991744,0.0758357177446878,0.015831325584209,0.669921875,,
5.962339999999851,1392,,,,-0.26171875,0.2265625,-0.89453125,0.013999570023632474,0.3333085149754792,12.126667022705078,1.8185763359069824,3013,3010,22.053269680915037,4.412515278098319,20.00844020837836,0.07553707896035358,0.015113791278937897,0.66796875,,
5.98764499999769,1392,,,,-0.1484375,-0.03125,-0.765625,0.014536175888911542,0.337742996385123,12.124000549316406,1.650390625,3016,3014,20.009336844086647,4.588091286270635,22.92975185545218,0.07361296349873905,0.016879269863705457,0.6640625,,
6.012924999998883,1392,,,,-0.19921875,0.123046875,-0.912109375,0.014189533616440621,0.3314191369312701,12.129500389099121,1.6351318359375,3019,3018,19.833332240232266,4.485241165500655,22.614662585050958,0.07389104057112081,0.01671020950574208,0.662109375,,
6.034679999999702,1392,,,,-0.298828125,0.154296875,-0.80859375,0.012754963110264476,0.34287765906997364,12.127501487731934,1.6925048828125,3011,3015,20.525855484302156,4.0268251142689415,19.618305884247274,0.08514838597161727,0.01670467081541137,0.662109375,,
6.059559999998659,1392,,,,-0.1875,0.314453125,-1.01171875,0.012921858858966816,0.33928784078597635,12.126286506652832,1.6671316623687744,3011,3011,20.216116182196174,4.074667666919141,20.155541401704046,0.08326761064234525,0.01678303773722762,0.658203125,,
6.0842749999985095,1392,,,,0.07421875,0.208984375,-0.990234375,0.013323283448198083,0.3338419864232559,12.128571510314941,1.6259765625,3009,3010,19.72077301237732,4.1990078499047225,21.292308609146836,0.0795049684012453,0.016928443231597826,0.654296875,,
6.111309999998659,1392,,,,-0.111328125,0.341796875,-0.9609375,0.01333733241243644,0.33868768540722755,12.124000549316406,1.680908203125,3007,3009,20.379331978037953,4.202133890468687,20.619586034503833,0.08059897524337374,0.016619175043235894,0.650390625,,
6.134560000000522,1392,,,,0.103515625,0.109375,-1.197265625,0.01351648786147598,0.33740957673026256,12.127111434936523,1.6292318105697632,3008,3008,19.75787572012291,4.257798282758448,21.549878858798493,0.07924508262793256,0.017077219307874238,0.64453125,,
6.1601349999997765,1392,,,,-0.0234375,-0.173828125,-1.13671875,0.013480907957467817,0.331285769069326,12.128571510314941,1.7117745876312256,3008,3008,20.76138049562519,4.246260725958741,20.45268967953989,0.07801823544279107,0.01595682758856686,0.64453125,,
6.184044999999926,1392,,,,0.25,-0.080078125,-1.0546875,0.013297397279786549,0.3346533075834163,12.125500679016113,1.6729736328125,3009,3008,20.285642920644023,4.188140958135858,20.645837918569132,0.07990497715539416,0.01649705207237237,0.646484375,,
6.208949999999255,1392,,,,0.0625,-0.1796875,-1.115234375,0.013463853285658571,0.33284172745867463,12.12600040435791,1.71630859375,3006,3008,20.811958701815456,4.240424558956246,20.374942213326356,0.07849254781709913,0.01599281125950151,0.650390625,,
6.234129999998957,1392,,,,-0.13671875,-0.001953125,-0.865234375,0.013671538081353381,0.3322415720799259,12.12750244140625,1.6986083984375,3008,3008,20.59987749904394,4.306078146652344,20.90341627930648,0.07715641954575744,0.016128327563857868,0.6484375,,
6.261564999997616,1392,,,,0.07421875,-0.150390625,-0.87890625,0.013547385838800708,0.32954087287555633,12.126999855041504,1.7108154296875,3008,3008,20.74705846782308,4.2669272400601415,20.56642027918214,0.07723142541116111,0.015883739537662468,0.642578125,,
6.283964999999851,1392,,,,0.291015625,-0.4296875,-0.869140625,0.013789714909477158,0.3338419864232559,12.126222610473633,1.6905381679534912,3010,3009,20.499842156106297,4.344868383439187,21.194643111654297,0.07683592619185459,0.01628510033789769,0.64453125,,
6.309079999998212,1392,,,,0.296875,-0.232421875,-0.970703125,0.013730569538972299,0.3347199915143884,12.128572463989258,1.6971261501312256,3010,3010,20.583717492397682,4.32820383052591,21.027318472110167,0.07733461838226724,0.016261396496430384,0.650390625,,
6.333984999999404,1392,,,,0.20703125,-0.509765625,-0.69140625,0.013491523268346094,0.33559799660552087,12.128000259399414,1.69921875,3009,3010,20.608125440776348,4.252400508726486,20.63458183495165,0.07891965865323118,0.016284741548665486,0.6640625,,
6.355689999999479,1392,,,,-0.01171875,-0.01171875,-0.92578125,0.013376341108808906,0.32006064068902473,12.126501083374023,1.6949462890625,3010,3009,20.553768010577187,4.215324321149475,20.50876666010935,0.07592788034913231,0.015571871810770566,0.677734375,,
6.3776199999991805,1392,,,,-0.171875,-0.0625,-0.97265625,0.013466772747671258,0.32006064068902473,12.126286506652832,1.7354910373687744,3008,3009,21.045061548861895,4.243257939016439,20.162725251073983,0.07542804262406277,0.015208348996552752,0.6875,,
6.400535000000149,1392,,,,-0.125,-0.05859375,-0.91796875,0.013541112761304153,0.33461996561793034,12.129143714904785,1.7396763563156128,3010,3009,21.100784543173972,4.266188308409595,20.218150181480773,0.07843534823775143,0.015858176502076018,0.697265625,,
6.425784999998286,1392,,,,-0.048828125,0.111328125,-1.052734375,0.013539754127831248,0.33829869580989036,12.12900161743164,1.67236328125,3009,3008,20.284096943214536,4.26561300515172,21.02934637461718,0.07930834217762278,0.0166780259804989,0.6953125,,
6.447584999999031,1392,,,,0.0625,0.00390625,-1.169921875,0.013578033273101997,0.33257499173478633,12.127429008483887,1.6685267686843872,3009,3008,20.23493993597492,4.2775588508620075,21.139468979876238,0.07774878226813088,0.016435679709803044,0.69140625,,
6.4686549999993295,1392,,,,0.1875,-0.173828125,-1.205078125,0.01348097447084158,0.3282294222331053,12.13028621673584,1.6720144748687744,3006,3008,20.282014138683508,4.246642115976267,20.937970395537423,0.07729151957455406,0.016183275486781144,0.689453125,,
6.491514999998733,1392,,,,-0.015625,-0.052734375,-0.974609375,0.0135095340000362,0.32388385273142434,12.129334449768066,1.6715494394302368,3008,3008,20.27478220017167,4.2551828055685945,20.98756358296448,0.07611514417372856,0.015974714279726368,0.685546875,,
6.514674999998882,1392,,,,0.236328125,-0.064453125,-1.146484375,0.01358765856874264,0.2993663941106872,12.12800121307373,1.6845703125,3007,3008,20.430470793507993,4.279457109045286,20.946443928277613,0.06995429244469599,0.014652936642351589,0.685546875,,
6.542634999999777,1392,,,,-0.224609375,0.4765625,-1.03515625,0.013780054510914441,0.32935193507113547,12.123428344726562,1.8931361436843872,3008,3008,22.951300384769638,4.3404420819592024,18.911530105891067,0.07587981335819866,0.014350033747529689,0.685546875,,
6.564549999998882,1392,,,,0,0.046875,-1.099609375,0.014373268706891349,0.33500895521526747,12.130666732788086,1.6921658515930176,3025,3017,20.52710000227944,4.540502352672419,22.119550994384092,0.07378235472515285,0.016320325578287546,0.6796875,,
6.591609999999404,1392,,,,0.09375,0.26953125,-1.2578125,0.015318442751890787,0.3406659753593994,12.128000259399414,1.6489955186843872,3027,3027,19.99901807835272,4.855006452940635,24.276224132202657,0.07016797581248549,0.017034135077268725,0.669921875,,
6.614674999998883,1392,,,,-0.162109375,-0.09765625,-0.974609375,0.01257973977537977,0.3386210014762555,12.13022232055664,1.6373697519302368,3020,3024,19.86165911186845,3.983616468249107,20.056816229761363,0.08500341440376849,0.017048978615986345,0.669921875,,
6.639404999999329,1392,,,,-0.099609375,0.103515625,-1.08203125,0.012616169960647076,0.32761815286586116,12.128000259399414,1.6162109375,3013,3018,19.60140666924417,3.987330994062876,20.342065553485238,0.08216477472115649,0.01671401233565112,0.66796875,,
6.662789999999106,1392,,,,0.0234375,-0.04296875,-1.0234375,0.012520241187070747,0.3229169357323291,12.129000663757324,1.702880859375,3011,3012,20.654243073659018,3.949439750405877,19.121687182246426,0.08176271981339721,0.015634411514414435,0.66015625,,
6.688865000000224,1392,,,,0.25,-0.01953125,-1.26171875,0.013287859876818381,0.31397017499357416,12.127429008483887,1.6706193685531616,3008,3009,20.260317792326646,4.18739541818491,20.66796513809293,0.07497982484053758,0.015496804058645449,0.65625,,
6.712584999999032,1392,,,,0.1875,-0.14453125,-1.046875,0.013471805686108678,0.3275181269694031,12.127556800842285,1.6748046875,3008,3008,20.311288977973163,4.243896239743119,20.894273348902015,0.07717392425909725,0.01612493068877038,0.65234375,,
6.7342549999989565,1392,,,,0.21875,0.033203125,-1.1796875,0.013517343312892328,0.34124390276115757,12.127429008483887,1.7145646810531616,3007,3008,20.793261449926035,4.257550085155563,20.475624256485784,0.0801502967518676,0.01641127360337074,0.650390625,,
6.762354999998585,1392,,,,-0.32421875,0.41015625,-0.95703125,0.013583892179086295,0.3363759758001952,12.127429008483887,1.7759486436843872,3011,3008,21.53769109899565,4.279439063757249,19.869534965875747,0.0786028193856007,0.015618014681986089,0.65234375,,
6.785739999998361,1392,,,,-0.07421875,0.23828125,-1.11328125,0.01416450600328643,0.3426776072770574,12.127556800842285,1.6286892890930176,3013,3011,19.752021864399012,4.466189607248267,22.611303480268592,0.07672706208462785,0.0173489888594493,0.65234375,,
6.809455000000074,1392,,,,-0.287109375,0.4375,-0.91796875,0.013829230391296155,0.3500684096264637,12.127429008483887,1.7131696939468384,3012,3013,20.77634384282635,4.363393967087877,21.00174121152923,0.08022846716729061,0.01684937505245107,0.654296875,,
6.84127999999933,1392,,,,-0.349609375,0.091796875,-0.93359375,0.013416708578388253,0.3317414425976352,12.126856803894043,1.7201451063156128,3010,3012,20.85995338620853,4.232051077457709,20.287922025059324,0.07838786359755374,0.015903268643781564,0.654296875,,
6.864685000000522,1392,,,,-0.375,0.3515625,-0.986328125,0.013398400353057937,0.3235282050995732,12.129090309143066,1.728959560394287,3009,3010,20.970706648878604,4.223288931306006,20.138991985431467,0.07660574740727616,0.01542762533073122,0.658203125,,
6.889294999998063,1392,,,,-0.4375,-0.03515625,-0.63671875,0.013340509963107405,0.3470231767787384,12.129143714904785,1.6524832248687744,3007,3008,20.043206520902686,4.202409922607112,20.96675458701928,0.08257718384679864,0.017313755482030003,0.662109375,,
6.91564499999769,1392,,,,-0.173828125,0.25390625,-0.96875,0.013414809174418578,0.3449782028955944,12.12800121307373,1.6748046875,3008,3008,20.31203328166157,4.22494780500266,20.800220964668732,0.08165265438004085,0.016983932534565756,0.662109375,,
6.941669999999926,1392,,,,0.0859375,0.134765625,-1.013671875,0.01332557826963343,0.3302743961162493,12.127501487731934,1.7083740234375,3006,3007,20.71830851084087,4.196036688115898,20.252795665825317,0.07871103630996824,0.01594118535031144,0.662109375,,
7.112714999997988,1392,,,,-0.0625,0.201171875,-1.03515625,0.013436268540697927,0.3293297070941448,12.12600040435791,1.66259765625,3007,3007,20.160659851972014,4.230822160406749,20.98553416143724,0.07784059329557903,0.016335264297509162,0.666015625,,
7.134269999999553,1392,,,,0.087890625,-0.15234375,-0.990234375,0.013518785831292533,0.33056335981712837,12.127448081970215,1.6949251890182495,3007,3007,20.555117232642374,4.257285061000257,20.711558162458505,0.07764651769394598,0.01608180367330526,0.66796875,,
7.182254999998957,1392,,,,0.125,-0.2890625,-0.9140625,0.013465574528805667,0.33892107916562986,12.130858421325684,1.6880580186843872,3008,3007,20.477592831643847,4.24063065905739,20.70863843187848,0.07992232910964367,0.016550826161652068,0.666015625,,
7.346615000000224,1392,,,,0.033203125,-0.091796875,-0.970703125,0.013565278605319496,0.33187109421967625,12.12800121307373,1.7080078125,3006,3007,20.71472082193941,4.272156050732655,20.623768417906565,0.07768234359387735,0.016021026644403743,0.6640625,,
7.369959999999032,1392,,,,-0.017578125,0.0859375,-1.046875,0.013451824284373188,0.3291979368680468,12.128436088562012,1.7132457494735718,3008,3008,20.77899157649074,4.236980748582182,20.390694769691727,0.07769634945313501,0.01584282546418181,0.671875,,
7.394979999998585,1392,,,,-0.015625,0.0234375,-0.95703125,0.015641179055852893,0.3365315716391301,12.126286506652832,1.6524832248687744,3023,3018,20.038485032196377,4.943476231845652,24.669910045109873,0.06807589555527925,0.016794262195890343,0.677734375,,
7.416919999999926,1392,,,,0.25,0.041015625,-1.23828125,0.014663136504963998,0.33456439567545354,12.128500938415527,1.641845703125,3021,3023,19.913127151085064,4.642339736095599,23.312961851110554,0.072068055052954,0.01680119818133252,0.68359375,,
7.441714999997989,1392,,,,0.111328125,-0.171875,-1.01953125,0.012569265875287726,0.33624260793825106,12.12742805480957,1.6329519748687744,3014,3019,19.803507592180267,3.9739681478631974,20.066991311339123,0.08461129919197986,0.016978942057265748,0.689453125,,
7.4638149999976156,1392,,,,-0.0625,0.16796875,-1.0546875,0.012524144236558057,0.33291952537814207,12.129501342773438,1.72607421875,3013,3013,20.936419554054737,3.952015275837443,18.876270919360994,0.0842404449733802,0.015901454616850465,0.69140625,,
7.487799999998883,1392,,,,0.171875,0.251953125,-1.11328125,0.013112922437653673,0.3481123476512824,12.126856803894043,1.6413224935531616,3007,3010,19.904082848329494,4.133098357836954,20.765078146687056,0.08422551739936479,0.017489494507429603,0.697265625,,
7.514189999999479,1392,,,,-0.3125,0.125,-0.94140625,0.01308091385466787,0.3491904045353312,12.128500938415527,1.6534423828125,3007,3008,20.053777491557412,4.12000033306168,20.544759384092046,0.08475494570551131,0.017412699661315152,0.697265625,,
7.5386649999991056,1392,,,,-0.537109375,0.162109375,-0.705078125,0.013145786052853888,0.32124983745802693,12.12900161743164,1.6864013671875,3006,3006,20.454364910256118,4.138310994969632,20.231921221345875,0.07762824926607151,0.015705686237021593,0.69921875,,
7.562854999998584,1392,,,,-0.224609375,0.046875,-0.89453125,0.013348685518721167,0.33515343706570694,12.126501083374023,1.650390625,3004,3006,20.01346370205283,4.202045676212864,20.996094123286866,0.07975958923125445,0.01674639842734116,0.69921875,,
7.588139999998734,1392,,,,-0.072265625,0.1953125,-0.916015625,0.01330047911268225,0.3422775036912249,12.129714965820312,1.7006138563156128,3007,3007,20.627961344032883,4.18767286693556,20.300953628395963,0.08173453719217937,0.016592890493768383,0.697265625,,
7.612824999999255,1392,,,,-0.01171875,0.234375,-1.080078125,0.013460236411359216,0.32471740186857545,12.128500938415527,1.6656494140625,3007,3007,20.201830481528305,4.238155766536708,20.979068062232763,0.07661761854824997,0.016073662342899236,0.697265625,,
7.637834999999032,1392,,,,0.234375,0.060546875,-1.0859375,0.013610978492945645,0.326428956096859,12.128500938415527,1.6534423828125,3007,3007,20.053777491557412,4.285727408267234,21.371172638529146,0.07616652320611259,0.016277679167143684,0.697265625,,
7.662429999999702,1392,,,,-0.0859375,0.0703125,-1.15234375,0.013609043177343497,0.3284628159915076,12.131500244140625,1.72607421875,3007,3007,20.939869806170464,4.285238195469491,20.46449302281114,0.07664983858744898,0.015686000869724496,0.697265625,,
7.686509999999776,1392,,,,0.3359375,-0.234375,-1.05859375,0.013452801585565454,0.33520900700818373,12.12800121307373,1.695556640625,3007,3007,20.56371299433522,4.23562376647629,20.597563132898696,0.0791404113040596,0.016300996181989377,0.703125,,
7.709049999998882,1392,,,,-0.111328125,0.109375,-1.07421875,0.013543929518842647,0.3318525824825887,12.12800121307373,1.6706193685531616,3005,3006,20.261273728397214,4.263975543328006,21.0449530492835,0.0778270370246026,0.0163786634014761,0.70703125,,
7.741714999999851,1392,,,,0.07421875,-0.21484375,-0.97265625,0.013703212979598535,0.3412883587151389,12.129714965820312,1.6489955186843872,3007,3006,20.00184562155664,4.3142385677273785,21.569202409390577,0.07910743769900518,0.017062843358180976,0.69921875,,
7.764959999999031,1392,,,,0.09375,-0.240234375,-0.982421875,0.01353474256869254,0.33758740054618813,12.12440013885498,1.63330078125,3005,3006,19.802792218979448,4.259920637557881,21.511717087427076,0.07924734502559172,0.017047464661202504,0.6953125,,
7.788044999998063,1392,,,,0.037109375,-0.283203125,-0.74609375,0.013242351594170214,0.33044110594367954,12.130001068115234,1.7742919921875,3007,3006,21.522163760382682,4.16799038269063,19.366037862619255,0.07928067860136583,0.015353526235681985,0.69140625,,
7.812519999999553,1392,,,,0.3125,-0.318359375,-0.8828125,0.014703712178171305,0.33933229673995774,12.130857467651367,1.6629464626312256,3016,3012,20.172966514514428,4.637322165320079,22.98780480294522,0.07317419075983828,0.0168211401380064,0.685546875,,
7.839625,1392,,,,0.171875,-0.40625,-0.7578125,0.014349919718020814,0.34133281466912035,12.12700080871582,1.6741943359375,3016,3017,20.30295606586151,4.533125724367765,22.327417296587704,0.07529745156510656,0.01681197622463735,0.68359375,,
7.862919999998063,1392,,,,0.28125,-0.400390625,-0.912109375,0.012996595996566593,0.3311635151958771,12.128000259399414,1.6522216796875,3013,3014,20.038144959835336,4.102702809945404,20.47446416905808,0.0807183777467625,0.01652665532960584,0.681640625,,
7.889194999998435,1392,,,,0.173828125,-0.236328125,-0.80078125,0.013063328473208303,0.32660677991278453,12.129000663757324,1.708984375,3010,3012,20.728272618725896,4.119943981136719,19.87596389201658,0.07927456815145133,0.015756584541334544,0.677734375,,
7.91290499999933,1392,,,,-0.048828125,-0.08984375,-0.91015625,0.013283914068733646,0.33477556145686516,12.129500389099121,1.702880859375,3010,3010,20.655094046378508,4.187694709843536,20.274391878538903,0.07994268557112016,0.016207893350917078,0.66796875,,
7.934884999999777,1392,,,,0.099609375,-0.1171875,-0.94140625,0.013593936117726512,0.33056335981712837,12.124000549316406,1.6761997938156128,3010,3010,20.322247220984536,4.285215217430798,21.08632559595048,0.07714043357087623,0.016266082988882852,0.658203125,,
7.959174999998883,1392,,,,-0.25,0.13671875,-1.111328125,0.013564007335276624,0.33602032816834415,12.128572463989258,1.6594587564468384,3008,3009,20.12686577856698,4.27457574307531,21.238158936933385,0.0786090476259983,0.01669511447361918,0.654296875,,
7.983914999999106,1392,,,,-0.162109375,0.005859375,-0.947265625,0.012916779528848538,0.32964089877201447,12.130287170410156,1.6636439561843872,3007,3007,20.18047893783387,4.067031704262567,20.153296246293717,0.08105196190787621,0.01633464199672743,0.65234375,,
8.011629999998958,1392,,,,0.2734375,-0.2421875,-1.12109375,0.01334745627891235,0.33143025091976547,12.125778198242188,1.6276041269302368,3004,3005,19.735966637699676,4.200844276405803,21.285221816201005,0.07889610495234392,0.016793210943449148,0.654296875,,
8.035674999998882,1392,,,,-0.103515625,0.205078125,-1.111328125,0.013248724162259461,0.32064968207927813,12.130001068115234,1.6571044921875,3003,3004,20.100679260212928,4.167727634064576,20.734262659044226,0.07693633323312074,0.015952181412792785,0.662109375,,
8.059025000000373,1392,,,,-0.26171875,0.287109375,-1.021484375,0.013284369880971498,0.3216388270553641,12.12600040435791,1.700439453125,3004,3004,20.619529496179894,4.178424690046951,20.26440366071919,0.07697609767181182,0.01559874715448541,0.666015625,,
8.083704999998211,1392,,,,-0.5,0.173828125,-0.74609375,0.013514146618666307,0.36153804575366255,12.12800121307373,1.7006138563156128,3005,3004,20.625046912365747,4.251753275821609,20.614514448800943,0.08503269646656507,0.0175290774993051,0.669921875,,
8.109449999999255,1392,,,,-0.162109375,0.189453125,-0.888671875,0.013249239920374085,0.34026587177356693,12.128999710083008,1.7071533203125,3004,3004,20.706062127137557,4.168414373948947,20.13137190622926,0.08162956972322695,0.016433152266437535,0.66796875,,
8.135444999998436,1392,,,,0.099609375,0.326171875,-1.072265625,0.013371237604712346,0.32571766083315673,12.12700080871582,1.7156982421875,3002,3003,20.806273970520124,4.205577123780345,20.213023868373163,0.07744898054333453,0.015654780923035894,0.66796875,,
8.163144999999552,1392,,,,0.08203125,0.091796875,-1.111328125,0.013640342610388437,0.3099913671122397,12.12700080871582,1.7279052734375,3006,3004,20.954308648360893,4.290715075852818,20.47652894617666,0.07224701748592013,0.01479368144825375,0.669921875,,
8.185824999999255,1392,,,,0.162109375,-0.16796875,-1.2578125,0.013466304638843303,0.3367093954550557,12.12711238861084,1.6134982109069824,3006,3005,19.567074142491492,4.236990867244051,21.65367615203686,0.07946899250081889,0.017207958277413782,0.66796875,,
8.20911999999918,1392,,,,0.236328125,-0.1328125,-0.912109375,0.01334744901274547,0.34175514623194353,12.129714012145996,1.6901506185531616,3002,3004,20.501043640501507,4.198791026940635,20.480864782149805,0.08139370214881986,0.016670134078285555,0.6640625,,
8.230410000000148,1392,,,,-0.125,0.009765625,-1.01171875,0.01354313149809146,0.34175514623194353,12.126858711242676,1.6978236436843872,3004,3003,20.589267443567792,4.259206794223265,20.686538779959683,0.08023915314360032,0.01659870353176212,0.669921875,,
8.25149499999918,1392,,,,-0.015625,-0.310546875,-0.923828125,0.013955575059971408,0.3393434107284531,12.128000259399414,1.6671316623687744,3003,3004,20.218973233661472,4.389429168781856,21.70945635099874,0.07730923490961054,0.016783414607992982,0.67578125,,
8.273384999999777,1392,,,,0.361328125,-0.302734375,-0.923828125,0.013748595781134016,0.3440446278619852,12.12800121307373,1.6608537435531616,3003,3004,20.14283621655079,4.324520684960788,21.469273931778552,0.07955670765050457,0.01708024749659105,0.681640625,,
8.294809999998659,1392,,,,-0.203125,-0.03125,-0.80859375,0.013404616978027181,0.3440446278619852,12.124667167663574,1.69189453125,3002,3003,20.513658074196428,4.215069405652488,20.547624370099594,0.08162252972646544,0.016771490809566997,0.6796875,,
8.319109999999403,1392,,,,-0.078125,0.0546875,-1,0.013403622491302234,0.32714025136056124,12.127429008483887,1.6873605251312256,3002,3002,20.46334498024703,4.214334915919758,20.594555386657433,0.07762559404682826,0.0159866459601959,0.6796875,,
8.341669999999926,1392,,,,0.099609375,-0.0703125,-1.177734375,0.013651255414906934,0.33146359288525157,12.127501487731934,1.83349609375,3006,3003,22.235726604703814,4.29305200603911,19.307001216371066,0.07720931226059595,0.014906802857304996,0.673828125,,
8.364144999999553,1392,,,,0.173828125,0.205078125,-1.126953125,0.01416334746887073,0.3516577099812984,12.118000030517578,1.94580078125,3022,3012,23.579213926568627,4.467290185826997,18.9458825885342,0.07871834945868837,0.014913886064075144,0.666015625,,
8.388214999997988,1392,,,,-0.15625,-0.052734375,-0.955078125,0.017606833839147892,0.3466564151583919,12.129501342773438,1.66748046875,3044,3030,20.225706584751606,5.5874615162482755,27.625544219358584,0.06204184389464141,0.017139397019619588,0.6640625,,
8.412570000000297,1392,,,,0.099609375,-0.115234375,-0.986328125,0.01638042937248849,0.34794563782385224,12.12800121307373,1.654052734375,3039,3041,20.06035356898792,5.216425261878324,26.003655638166805,0.06670193098838044,0.01734494043822612,0.671875,,
8.434025000000373,1392,,,,0.01171875,-0.208984375,-1.1015625,0.011623837793915385,0.3550252484953888,12.131428718566895,1.7006138563156128,3027,3035,20.63087577570002,3.694279143510684,17.906555124828845,0.09610135961680667,0.017208442935493493,0.666015625,,
8.459194999998436,1392,,,,0.07421875,0.00390625,-1.025390625,0.012317151124056793,0.3411549908531948,12.127999305725098,1.7268880605697632,3021,3025,20.94369719965505,3.902391977611312,18.632775008204312,0.08742202034302528,0.016289148358142505,0.66015625,,
8.630429999997839,1392,,,,-0.01171875,-0.111328125,-1.1953125,0.012643208764953739,0.3393545247169484,12.130001068115234,1.63330078125,3014,3018,19.811940221115947,3.9963366208700584,20.171354124169454,0.08491640142242726,0.01712878804041907,0.65625,,
8.652249999998137,1392,,,,0.08984375,-0.16796875,-0.94921875,0.013505792493508077,0.33844633820080827,12.127788543701172,1.7010177373886108,3009,3010,20.629583428134083,4.2567299659974385,20.634105292655704,0.07950852905970121,0.016405873602820503,0.658203125,,
8.674084999999032,1392,,,,-0.109375,-0.109375,-0.875,0.013726169595457458,0.3311079452534004,12.127001762390137,1.7425537109375,3008,3008,21.131951923598535,4.32321516059254,20.458191350344247,0.07658835680249111,0.015668592586738028,0.666015625,,
8.711294999998064,1392,,,,-0.236328125,0.099609375,-1.044921875,0.01357253697679189,0.3411216488877087,12.12800121307373,1.7667642831802368,3007,3007,21.427319369625252,4.274362321834243,19.94818972966565,0.0798064420381949,0.015919940474274766,0.6640625,,
8.878629999998957,1392,,,,0.150390625,0.048828125,-1.1484375,0.013627601916003788,0.33167847490656627,12.128616333007812,1.687575101852417,3007,3007,20.467950943504547,4.291070139979083,20.964825212954906,0.0772950485745691,0.016204771831927006,0.658203125,,
8.903304999999701,1392,,,,-0.123046875,0.14453125,-0.96875,0.013548666538267123,0.3350508410594093,12.126980781555176,1.6680575609207153,3006,3006,20.228501983813317,4.264950169256718,21.08386559058845,0.07855914553810624,0.01656330465436908,0.654296875,,
8.934674999998883,1392,,,,0.099609375,0.18359375,-1.0625,0.014041151781484944,0.3341865200666117,12.128499984741211,1.6461181640625,3009,3008,19.96494412771426,4.422837683802735,22.1530180876549,0.07555930015032335,0.016738665429206587,0.646484375,,
8.967244999999181,1392,,,,0.01953125,0.201171875,-1.10546875,0.013579966624568413,0.33823201187891827,12.127202033996582,1.73193359375,3007,3008,21.00350860087201,4.278227511164918,20.369108763986684,0.07905891189662823,0.01610359575184861,0.64453125,,
8.98874499999918,1392,,,,-0.041015625,-0.109375,-1.130859375,0.013457280758246102,0.3315451070446221,12.127201080322266,1.61865234375,3009,3008,19.629722451791167,4.239087478364345,21.595249187935096,0.078211433176781,0.016889953887981198,0.646484375,,
9.012834999999031,1392,,,,0.169921875,-0.111328125,-1.154296875,0.013348212798671918,0.3181712626448156,12.126500129699707,1.6558837890625,3007,3008,20.08007498283405,4.204453806816885,20.93843678577479,0.07567481467603451,0.01584512323369371,0.65234375,,
9.039094999998808,1392,,,,0.07421875,-0.025390625,-0.896484375,0.013412636450786965,0.3356091105940162,12.128571510314941,1.6838728189468384,3006,3007,20.422971898872333,4.223777352576231,20.68150205313385,0.07945710263096996,0.016432922311984725,0.650390625,,
9.063355000000447,1392,,,,0.0234375,-0.31640625,-0.904296875,0.01330218330828397,0.3337308465383025,12.130667686462402,1.7442491054534912,3005,3006,21.158906260665617,4.186788530379534,19.787357998568996,0.07971046163825467,0.015772594406673456,0.64453125,,
9.089609999997542,1392,,,,0.548828125,-0.49609375,-0.828125,0.013517048334463724,0.3336752765958257,12.125715255737305,1.6866629123687744,3007,3005,20.45199420779636,4.253652490402992,20.798228511044105,0.07844441391219838,0.01631504845960829,0.65234375,,
9.113174999998883,1392,,,,-0.0234375,-0.01953125,-0.91015625,0.013718870591090795,0.33672050944355103,12.128500938415527,1.69677734375,3005,3006,20.57936560595408,4.317950426833395,20.98194137521962,0.07798155980463348,0.01636204516169002,0.6640625,,
9.138294999999925,1392,,,,0.0859375,-0.361328125,-0.912109375,0.013710919308512514,0.34322219271332943,12.128000259399414,1.6827392578125,3007,3006,20.408262155251577,4.3165559904409445,21.151021863614105,0.07951297133024532,0.0168178059504694,0.67578125,,
9.162519999999553,1392,,,,-0.2109375,0.404296875,-1.13671875,0.013582893500341994,0.32447289412167774,12.12700080871582,1.6717529296875,3007,3007,20.273349130293354,4.276628771000569,21.09483116733898,0.07587118534157067,0.016004898452463175,0.68359375,,
9.189724999999628,1392,,,,-0.0625,-0.005859375,-1.056640625,0.013525994522968885,0.3357535924444558,12.128572463989258,1.7159597873687744,3008,3007,20.81214262639378,4.259044026464835,20.464226595600746,0.07883308797893403,0.01613258175631835,0.67578125,,
9.212709999999031,1392,,,,0.14453125,-0.025390625,-1.150390625,0.013438233479903522,0.34006581998065066,12.126667022705078,1.6834852695465088,3007,3007,20.415065301419418,4.231466274723366,20.727174820396783,0.08036595305320793,0.016657591585416413,0.66796875,,
9.234644999999553,1392,,,,0.1875,0.0390625,-1.240234375,0.013582338896181349,0.3196160811492108,12.126856803894043,1.6615513563156128,3009,3008,20.149395370355364,4.277912111315261,21.230970124339834,0.07471310135236593,0.01586231622708855,0.666015625,,
9.259259999997914,1392,,,,0.111328125,0.0625,-1.09765625,0.01403522063303376,0.3196160811492108,12.129144668579102,1.6755021810531616,3008,3009,20.322408346513612,4.422637263338852,21.76236786471999,0.07226821059883123,0.015727273839768217,0.6640625,,
9.284169999998063,1392,,,,-0.28125,0.287109375,-0.927734375,0.013818370126753576,0.3408993691178018,12.129500389099121,1.6680908203125,3010,3009,20.23310825403314,4.354657872358013,21.52243648224431,0.07828384665572072,0.016848591172335028,0.6640625,,
9.309394999999553,1392,,,,-0.2734375,0.15234375,-0.962890625,0.013546204248278558,0.3388655092231531,12.12750244140625,1.6400146484375,3008,3008,19.889281652867794,4.26765617420272,21.45706541184898,0.07940318886782384,0.017037594174462947,0.66796875,,
9.334484999999404,1392,,,,-0.38671875,0.18359375,-0.7734375,0.013538542773971677,0.3257843447641288,12.126999855041504,1.6900634765625,3007,3008,20.495399535284378,4.2639687230730905,20.804516231715056,0.0764040183975206,0.01589548640919473,0.66796875,,
9.36177499999851,1392,,,,-0.236328125,0.23046875,-1.0078125,0.013250063931645267,0.3345532816869582,12.126500129699707,1.6912841796875,3009,3007,20.50935782433953,4.172421579457699,20.3439893886198,0.08018204184689338,0.01631222608491068,0.666015625,,
9.385884999999776,1392,,,,-0.20703125,0.109375,-0.814453125,0.01343799034278094,0.33151916282772825,12.12800121307373,1.68212890625,3008,3008,20.400861415546387,4.233074885490225,20.749490912498572,0.07831639453487617,0.016250253167010658,0.666015625,,
9.409074999999255,1392,,,,-0.07421875,0.236328125,-0.94921875,0.013684173246890799,0.3285294999224797,12.127500534057617,1.641845703125,3010,3009,19.91148464148864,4.312075048148259,21.656220647471898,0.07618826116293144,0.01649949794491657,0.666015625,,
9.433854999998584,1392,,,,-0.111328125,0.314453125,-0.98046875,0.01358296183025748,0.33403092422767683,12.126858711242676,1.69921875,3006,3009,20.60618570074439,4.279364603958534,20.76737862167254,0.07805619645465328,0.016210225855414383,0.66796875,,
9.459015000000596,1392,,,,0.19921875,-0.02734375,-1.109375,0.013176195240721836,0.34360006832217127,12.127501487731934,1.6888427734375,3004,3006,20.481443247408606,4.147801986672573,20.251512242416656,0.08283907221853959,0.01677616485184192,0.669921875,,
9.484,1392,,,,0.01171875,0.033203125,-1.095703125,0.013386913102153848,0.3262622462694288,12.124001502990723,1.8438720703125,3008,3006,22.355107751791365,4.213891751221339,18.849793962114408,0.0774253980717151,0.014594528010865198,0.671875,,
9.50936999999918,1392,,,,0.1875,-0.19921875,-1.234375,0.01470033369003926,0.3318748104595794,12.125001907348633,1.6650390625,3019,3011,20.18860180862248,4.635561412064007,22.961280112445305,0.07159322916009228,0.016438721888993663,0.669921875,,
9.53713000000082,1392,,,,0.07421875,0.056640625,-1.017578125,0.014557120894416055,0.33748737464973,12.130500793457031,1.6693115234375,3016,3017,20.24958475958556,4.599832284633053,22.71568695973199,0.07336949561774135,0.016666384948460407,0.669921875,,
9.559974999999627,1392,,,,-0.048828125,0.0078125,-1.12890625,0.01312864404730808,0.35092418674060544,12.125779151916504,1.6612412929534912,3014,3015,20.14384503639826,4.145768725679211,20.58082117981026,0.08464634907561387,0.01742091373849007,0.669921875,,
9.584049999998882,1392,,,,-0.0625,-0.07421875,-1.009765625,0.013202415762850434,0.33261944768876767,12.127429008483887,1.6859654188156128,3010,3013,20.446425927445148,4.165264852174738,20.37160365804432,0.07985553367995381,0.016267852820296285,0.666015625,,
9.609224999999627,1392,,,,0.296875,-0.34375,-1.134765625,0.013469675301872548,0.33011880027731444,12.125500679016113,1.700439453125,3010,3011,20.618679743492976,4.246488352625602,20.595345606285708,0.07773924543398361,0.016010666268847607,0.669921875,,
9.634504999998956,1392,,,,0.03125,-0.07421875,-1.009765625,0.013687648710403915,0.3411216488877087,12.128000259399414,1.748046875,3008,3009,21.200312953442335,4.31320767132425,20.34501887211012,0.0790876940972742,0.01609040628960716,0.669921875,,
9.659364999998362,1392,,,,0.07421875,-0.0859375,-1.0703125,0.013772361316994441,0.3191826355978923,12.127555847167969,1.6617838144302368,3008,3008,20.15337601542251,4.33872659220862,21.528534915879007,0.07356597121631786,0.01583767579951049,0.666015625,,
9.686919999999926,1392,,,,0.125,-0.048828125,-0.94921875,0.013684620255888005,0.3239727646393871,12.127429008483887,1.6852678060531616,3008,3008,20.43796567819311,4.3102137922536,21.089250564954757,0.07516396639573594,0.015851517207755145,0.66015625,,
9.70949499999918,1392,,,,0.13671875,-0.34375,-0.869140625,0.013356366555785038,0.3314858208622422,12.129778861999512,1.7138671875,3003,3006,20.788829983212054,4.204341277164104,20.224039931825434,0.07884369964510463,0.01594538129995447,0.658203125,,
9.735309999998659,1392,,,,0.111328125,-0.396484375,-0.865234375,0.012996489938476916,0.3288406916003494,12.126858711242676,1.6873605251312256,3002,3003,20.46238268319462,4.087113971991081,19.973793058555948,0.08045792063883925,0.016070498567618927,0.658203125,,
9.759094999998808,1392,,,,-0.1484375,0.267578125,-1.015625,0.013633992120267795,0.3347199915143884,12.124444007873535,1.6623263359069824,3004,3003,20.154782582517782,4.287055114535565,21.2706591945782,0.07807690420855486,0.016607472203878988,0.66015625,,
9.784604999998585,1392,,,,0.125,-0.111328125,-1.056640625,0.013865712138401525,0.3302299401622679,12.126858711242676,1.7313058376312256,3006,3004,20.995301278903526,4.361811549878945,20.77517960774288,0.07570935524975463,0.015728754533000638,0.66015625,,
9.809199999999255,1392,,,,0.25,0.087890625,-1.25390625,0.013737416364184556,0.3365760275931115,12.126501083374023,1.6900634765625,3006,3005,20.494556579506025,4.322985053394394,21.093332937572587,0.07785731929117662,0.016422703574356812,0.662109375,,
9.830134999999776,1392,,,,0.037109375,-0.029296875,-1.099609375,0.013367185039868045,0.3298076085994447,12.125,1.6754150390625,3007,3006,20.314407348632812,4.207546116899261,20.712128317060817,0.07838478757839391,0.0162351577842925,0.66796875,,
9.854625,1392,,,,-0.3125,0.265625,-0.892578125,0.013282772721597304,0.3268290596826915,12.127333641052246,1.65283203125,3007,3006,20.044445495586842,4.181512966503663,20.861205501665296,0.07816047978346145,0.016305218308715452,0.671875,,
9.877144999999553,1392,,,,-0.13671875,0.15625,-1.00390625,0.01340774785754933,0.33826535384440437,12.12600040435791,1.6790771484375,3006,3007,20.36049018090125,4.2213961302224225,20.733273574043018,0.08013115647277134,0.016613811889544163,0.669921875,,
9.899339999999851,1392,,,,-0.423828125,0.08984375,-0.765625,0.013543368347185013,0.33826535384440437,12.125144958496094,1.6880580186843872,3007,3007,20.467948174899902,4.264497712278802,20.83500346902582,0.07932126516809572,0.01652658834944791,0.669921875,,
9.921234999999404,1392,,,,-0.0625,0,-0.935546875,0.013700624547380904,0.3281405103251425,12.127429008483887,1.6294642686843872,3007,3007,19.76121224033102,4.31393251761162,21.830303045919603,0.07606528590456843,0.016605282425712457,0.669921875,,
9.943164999999105,1392,,,,-0.28125,0.134765625,-0.830078125,0.013666999940933814,0.3210831276305967,12.125144004821777,1.6768972873687744,3007,3007,20.332621090641396,4.303330714945841,21.16466291169198,0.07461270092848014,0.015791526640821694,0.671875,,
9.965019999999553,1392,,,,-0.099609375,0.265625,-0.9765625,0.013546812650020924,0.3383431517638718,12.128000259399414,1.6768972873687744,3007,3007,20.33741073619467,4.265635980587883,20.974331668466988,0.07931833689128857,0.01663649105349087,0.671875,,
9.990389999998733,1392,,,,-0.078125,0.2734375,-1.0078125,0.013601726706229519,0.34228861767972024,12.126667976379395,1.5673828125,3006,3007,19.00713095907122,4.282953788234416,22.533404949211242,0.079918821122939,0.018008431594267613,0.673828125,,
10.015334999999032,1392,,,,0.099609375,0.072265625,-1.125,0.013591873783937907,0.3299520904498842,12.129501342773438,1.6986083984375,3006,3007,20.603272849693894,4.2803868650879675,20.7752763180611,0.07708464231143819,0.016014547438990324,0.673828125,,
10.18155499999784,1392,,,,0.25,-0.060546875,-1.0703125,0.01356441242408028,0.33348633879140477,12.128500938415527,1.6741943359375,3006,3007,20.30546757450793,4.271149205878208,21.03447847337597,0.07807883141437465,0.01642347498612015,0.677734375,,
10.204284999998286,1392,,,,0.078125,-0.13671875,-0.94921875,0.013430249282986606,0.3262075446073032,12.126070022583008,1.66015625,3006,3006,20.13117093592882,4.228245170122794,21.003473586210994,0.07714962862426203,0.01620410186995675,0.673828125,,
10.22640499999933,1392,,,,0.1875,-0.03515625,-1.15234375,0.01314228222334313,0.31783784298995515,12.126500129699707,1.71630859375,3003,3004,20.812816384714097,4.133675768626257,19.861203271183527,0.07688988222111626,0.015271255802909505,0.662109375,,
10.257874999998137,1392,,,,-0.037109375,-0.15234375,-0.955078125,0.013080657303083354,0.31647082240502744,12.125334739685059,1.62353515625,3001,3001,19.685907231178135,4.111255222715501,20.884255800028253,0.07697669087933615,0.01607600902963758,0.666015625,,
10.421560000000522,1392,,,,-0.353515625,0.34375,-1.021484375,0.013781488990244195,0.3204607442748572,12.125454902648926,1.704545497894287,3003,3002,20.668389564230438,4.3319989255301685,20.959537810470263,0.07397525940882772,0.015504872466186708,0.673828125,,
10.451334999999032,1392,,,,-0.083984375,0.11328125,-0.998046875,0.013546343567421806,0.33312898933006535,12.126737594604492,1.6956018209457397,3006,3005,20.562118347542537,4.263277540583553,20.733649464151995,0.07813917488573054,0.01620110261498806,0.67578125,,
10.479979999998584,1392,,,,0.099609375,-0.111328125,-1.05078125,0.013501855338449964,0.32787377460125416,12.128002166748047,1.76611328125,3008,3007,21.419425701722503,4.2518165183152306,19.85028253102654,0.07711381081213099,0.015307309316649293,0.666015625,,
10.501664999999106,1392,,,,-0.025390625,0.025390625,-1.01171875,0.013469237515317926,0.32837390408354483,12.127555847167969,1.6514756679534912,3007,3008,20.02836339334499,4.2420998605265545,21.18046181414961,0.07740833900189824,0.016395443683264538,0.66015625,,
10.524189999999479,1392,,,,0.125,-0.23046875,-0.96484375,0.01354418173867383,0.2948763427585667,12.128571510314941,1.6845703125,3008,3008,20.431431499309838,4.2656962114323855,20.87810739828229,0.06912736588420808,0.014432485690908515,0.666015625,,
10.545424999998882,1392,,,,0.0625,-0.021484375,-0.98046875,0.013505641570331253,0.31823794657578763,12.129143714904785,1.6838728189468384,3008,3008,20.423935418628048,4.2538634916823925,20.827834618995972,0.07481150892548395,0.015581617354975208,0.673828125,,
10.567409999998286,1392,,,,0.296875,-0.421875,-0.875,0.013424133762537503,0.3287406657038913,12.130857467651367,1.6580636501312256,3007,3008,20.11373381203566,4.228346876178273,21.02218770364811,0.07774685363586313,0.016344089505011712,0.681640625,,
10.592824999999255,1392,,,,-0.015625,-0.349609375,-0.8671875,0.01310759270424593,0.33924338483199495,12.130001068115234,1.71875,3004,3006,20.84843933582306,4.125680246198614,19.788916473520487,0.08222726061831197,0.016271883922221758,0.681640625,,
10.61518500000052,1392,,,,-0.1484375,-0.041015625,-0.859375,0.013166776751369364,0.3192159775633783,12.128445625305176,1.7198350429534912,3002,3003,20.85892580295581,4.141198751788384,19.853365369378494,0.07708298893539565,0.015303567430981697,0.67578125,,
10.640999999998137,1392,,,,0.099609375,0.029296875,-1.19140625,0.013397673736369764,0.3229169357323291,12.125334739685059,1.6617838144302368,3005,3003,20.1496850149573,4.213170671189605,20.909362444435878,0.0766446367673855,0.016025904895914,0.671875,,
10.66302999999933,1392,,,,0.236328125,-0.103515625,-1.18359375,0.013697378357633027,0.32661789390127993,12.126501083374023,1.865234375,3007,3005,22.61876666918397,4.310662137099839,19.057900902142148,0.07576977353205985,0.014440128353517495,0.66796875,,
10.688379999998958,1392,,,,-0.078125,-0.01953125,-1.03125,0.014182223014153743,0.33397535428520014,12.124000549316406,1.6245814561843872,3020,3012,19.696426467188758,4.473078875512464,22.710103698068945,0.07466341720766947,0.01695613947238359,0.66015625,,
10.713389999998734,1392,,,,-0.125,0.0703125,-1.07421875,0.014821471032271933,0.33270835959673045,12.126501083374023,1.6912841796875,3021,3020,20.509359437273815,4.6869460352775345,22.852717802387602,0.07098617246550597,0.016222269672258247,0.65625,,
10.73836999999918,1392,,,,-0.13671875,0.03515625,-1.064453125,0.012861321488261666,0.32787377460125416,12.130001068115234,1.6973876953125,3016,3019,20.58931455714628,4.065440248724701,19.745388985344537,0.08064902065750587,0.0159244628416954,0.65625,,
10.764499999998137,1392,,,,-0.328125,0.2890625,-1.08203125,0.013029398408284223,0.32959644281803313,12.123499870300293,1.785888671875,3013,3016,21.651221081847325,4.114553136858051,19.003792540402017,0.08010503980748664,0.01522299557942121,0.65625,,
10.78839999999851,1392,,,,-0.15625,-0.1015625,-0.9765625,0.013570439010838771,0.32894071749680753,12.128000259399414,1.6335721015930176,3024,3018,19.811962871867763,4.288437843010287,21.645698968574724,0.07670408888704008,0.016603136177076674,0.654296875,,
10.812724999999627,1392,,,,0.0625,0.0078125,-1.033203125,0.014742171999476243,0.32828499217558205,12.127429008483887,1.6713169813156128,3021,3022,20.268778041578685,4.666073037676569,23.020988379786612,0.07035573372401575,0.01619658528511928,0.65234375,,
10.834349999997764,1392,,,,0.15625,-0.328125,-0.716796875,0.012737816912699316,0.32897405946229363,12.127556800842285,1.6872830390930176,3017,3019,20.462620895698365,4.02733390623683,19.68141777519542,0.0816853201451303,0.01607682911876896,0.65234375,,
10.859214999999852,1392,,,,0.037109375,-0.15625,-0.912109375,0.012935326000612193,0.3289184895198169,12.132001876831055,1.6789900064468384,3014,3016,20.369509909393628,4.08524913567568,20.0557065626391,0.08051369172260174,0.01614758975463285,0.65234375,,
10.88380999999866,1392,,,,-0.048828125,-0.19921875,-0.859375,0.013317581014576226,0.32886291957734015,12.126286506652832,1.7110769748687744,3011,3014,20.749009632195566,4.202826593757752,20.255552762558665,0.0782480343266562,0.015849571878700862,0.646484375,,
10.909004999998958,1392,,,,-0.01171875,0.009765625,-0.9765625,0.012799568711411564,0.3322638000569165,12.128499984741211,1.6448974609375,3009,3010,19.950138829881325,4.0346768603790535,20.223803427051408,0.08235202261667635,0.016654711172197544,0.640625,,
10.932624999998138,1392,,,,-0.0859375,0.0546875,-1.03515625,0.013280057131459242,0.3368427633169998,12.125,1.6461181640625,3006,3008,19.959182739257812,4.183646862625106,20.96101286951129,0.08051414815294465,0.016876580956116112,0.640625,,
10.954544999999925,1392,,,,0.173828125,-0.173828125,-1.078125,0.013179344565129147,0.33540905880109995,12.124000549316406,1.7173548936843872,3005,3006,20.82121167440073,4.148230668314896,19.923099256586802,0.08085593247333824,0.016109007681501974,0.63671875,,
10.975509999999776,1392,,,,0.3125,0.01953125,-1.41015625,0.013313888404460529,0.33397535428520014,12.124000549316406,1.7278181314468384,3005,3005,20.948067974780315,4.1893038504053735,19.99852136936417,0.07972096706541909,0.01594301463444161,0.638671875,,
10.999699999999255,1392,,,,-0.09375,0.203125,-0.984375,0.013661606628565857,0.32994097646138887,12.128000259399414,1.7257254123687744,3009,3006,20.929598248860657,4.300568029401144,20.547781081441702,0.0767203248979492,0.01576432440500141,0.638671875,,
11.021134999997914,1392,,,,0,0.2734375,-1.10546875,0.014023274495744302,0.32590659863757765,12.124999046325684,1.6796875,3009,3008,20.36620933562517,4.416742982353839,21.686622726733653,0.07378889827632452,0.01600231998339977,0.638671875,,
11.042724999997764,1392,,,,-0.28125,0.240234375,-0.923828125,0.013675846778580261,0.3322415720799259,12.127429008483887,1.6615513563156128,3006,3008,20.15034611766771,4.307544609719458,21.377025409715557,0.07713015236807126,0.016488132270274916,0.640625,,
11.064729999998585,1392,,,,-0.173828125,0.08984375,-0.880859375,0.01341965053757148,0.3322415720799259,12.125332832336426,1.73828125,3005,3006,21.077238712459803,4.2247929907185195,20.044338104976887,0.07864091159255139,0.015763050208446962,0.64453125,,
11.092169999999925,1392,,,,-0.078125,0.134765625,-0.76953125,0.013206377360874736,0.32661789390127993,12.126858711242676,1.6378347873687744,3003,3004,19.861791058779318,4.154880479335588,20.918961774593058,0.07861065932599579,0.01644453377516063,0.640625,,
11.114499999998138,1392,,,,-0.17578125,0.18359375,-1.015625,0.013424156870170857,0.3232688671242771,12.127556800842285,1.7225477695465088,3002,3003,20.890295917339472,4.221551630251918,20.20819449832649,0.07657584116885152,0.015474594922131083,0.638671875,,
11.141314999997617,1392,,,,0.15625,0.158203125,-1.189453125,0.013526414004372324,0.3191270656554155,12.127999305725098,1.6105142831802368,3001,3002,19.532316108270265,4.252546517240261,21.771849757436964,0.07504375657306547,0.016338413933424542,0.634765625,,
11.164559999998659,1392,,,,-0.0234375,0.091796875,-1.044921875,0.013348793812554499,0.3353646028471186,12.127556800842285,1.6851128339767456,3002,3002,20.436301609881298,4.196065565950371,20.532411617577136,0.07992358498124696,0.016410239447873686,0.634765625,,
11.189459999999032,1392,,,,0.173828125,-0.17578125,-1.015625,0.013306651302246333,0.3320970902294863,12.128000259399414,1.71875,3002,3001,20.845000445842743,4.182306588324451,20.063835446732053,0.07940524761063336,0.015931738216667615,0.6328125,,
11.21314999999851,1392,,,,0.26171875,-0.326171875,-0.892578125,0.013379720155876861,0.31420356875197647,12.124500274658203,1.6607666015625,3001,3001,20.135965116787702,4.205084478599668,20.88345134792579,0.07471991831579307,0.015604097788688535,0.62890625,,
11.238009999997914,1392,,,,-0.07421875,-0.1796875,-0.765625,0.01337780160835213,0.31557058933690424,12.12800121307373,1.6644287109375,3002,3001,20.186193425324745,4.204399196344751,20.828093280182728,0.0750572375742192,0.015632991455486734,0.640625,,
11.262629999998957,1392,,,,0.0625,-0.044921875,-1.130859375,0.013262773295925265,0.32060522612529674,12.126859664916992,1.62109375,3000,3001,19.65877640992403,4.167939510333696,21.20141876291782,0.0769217560212692,0.016308503613859236,0.65234375,,
11.284784999998287,1392,,,,-0.19921875,0.06640625,-1.05859375,0.01327158897289451,0.34515602671151996,12.129000663757324,1.7303466796875,3002,3001,20.98737602645997,4.171087512250382,19.87426873655695,0.08274964879010695,0.0164458875791029,0.65234375,,
11.310469999998809,1392,,,,0.109375,-0.02734375,-1.09765625,0.01348551792115233,0.3459006639407083,12.130500793457031,1.685791015625,3003,3003,20.449489252641797,4.240157598104972,20.734784843377938,0.0815773130921595,0.016914880350668054,0.650390625,,
11.334194999998436,1392,,,,-0.099609375,0.0625,-1.068359375,0.0136184627845678,0.3132255377643859,12.127001762390137,1.666259765625,3003,3004,20.20673511433415,4.283461825379282,21.19818862939764,0.07312439109613195,0.015501046358656503,0.646484375,,
11.359414999999107,1392,,,,-0.4609375,0.353515625,-0.779296875,0.013462138330540507,0.32261685804295476,12.129142761230469,1.6803849935531616,3003,3003,20.381629480635638,4.233012803776677,20.76876536195703,0.07621447725249432,0.01582880595241266,0.650390625,,
11.384894999997691,1392,,,,-0.3125,0.26953125,-0.85546875,0.013364034877056865,0.3197939049651364,12.124500274658203,1.7620849609375,3003,3003,21.364399592857808,4.202208409345062,19.669209008568973,0.0761013909386227,0.014968541642145868,0.650390625,,
11.40952499999851,1392,,,,-0.236328125,0.083984375,-0.974609375,0.014112240325172245,0.315081573843109,12.127500534057617,1.7254638671875,3011,3007,20.925563970813528,4.443751363706535,21.235993304192768,0.07090441117306331,0.015057256009089033,0.646484375,,
11.43780999999866,1392,,,,-0.203125,0.1875,-0.763671875,0.014320434451218667,0.3521467254750937,12.128499984741211,1.68212890625,3015,3013,20.401700413785875,4.518283019042526,22.14660017254946,0.07793817341475821,0.017260655647954738,0.64453125,,
11.463064999999478,1392,,,,0.009765625,0.12890625,-0.9375,0.012960129620198857,0.3447781511026782,12.126667022705078,1.7268880605697632,3010,3012,20.941396496014477,4.087769842602451,19.52004415455496,0.08434382667767261,0.016463952209122997,0.64453125,,
11.488919999999926,1392,,,,0.162109375,0.16796875,-1.0703125,0.013044439233995401,0.33870991338421824,12.125499725341797,1.627197265625,3009,3010,19.73057999741286,4.111903951297836,20.840258886647035,0.08237301196622349,0.017166748946489712,0.6484375,,
11.513699999999256,1392,,,,-0.13671875,0.322265625,-0.9921875,0.013303160747463539,0.3425331254266179,12.127500534057617,1.6790771484375,3007,3009,20.363009014399722,4.191590571626706,20.584337848412375,0.08171912775671814,0.01682134134421859,0.654296875,,
11.539525000000372,1392,,,,0.111328125,0.03125,-1.197265625,0.013266165338253224,0.3362314939497557,12.130001068115234,1.646728515625,3009,3008,19.974818653427064,4.179137521759497,20.922029853034413,0.08045475703996356,0.01683276828608748,0.658203125,,
11.56402999999933,1392,,,,0.048828125,-0.17578125,-1.001953125,0.013271482635336876,0.3261066504304939,12.126500129699707,1.6802978515625,3007,3008,20.376132114906795,4.180501713875569,20.516659836619297,0.07800658216407572,0.016004345112776354,0.66015625,,
11.72808999999985,1392,,,,0.048828125,-0.109375,-1.1015625,0.013469639919482516,0.3257398888101474,12.128572463989258,1.6775949001312256,3009,3008,20.34683131146039,4.242720921077064,20.851998309374803,0.0767761761543002,0.016009366953697295,0.6640625,,
11.750474999997765,1392,,,,0.0703125,-0.19140625,-0.916015625,0.013417257335555237,0.32068132221527584,12.127490043640137,1.7086292505264282,3009,3008,20.721384224031567,4.226896025735366,20.39871458410213,0.07586685839036836,0.015475863906976185,0.65234375,,
11.80264999999851,1392,,,,0.171875,-0.0078125,-1.015625,0.01387885356014303,0.33368639058432104,12.129714965820312,1.6838728189468384,3009,3009,20.424897332517503,4.372965651510534,21.409976169371213,0.0763066571238805,0.016337237105866615,0.646484375,,
11.968654999999329,1392,,,,-0.298828125,0.064453125,-1.064453125,0.0136313404165047,0.323667129955765,12.127554893493652,1.66259765625,3010,3010,20.163244341965765,4.297190737888486,21.3120005144447,0.07532063380430855,0.016052333863857245,0.65234375,,
12.001439999999478,1392,,,,-0.12109375,0.138671875,-1.05859375,0.013460134000326378,0.33420103771408377,12.127852439880371,1.68359375,3009,3009,20.418376568704844,4.241040739159697,20.770704883854094,0.07880165701504226,0.016367659622181334,0.666015625,,
12.028359999999404,1392,,,,-0.42578125,0.265625,-0.771484375,0.013312234682518515,0.3343902880994311,12.124364852905273,1.6237571239471436,3006,3008,19.6870238032393,4.1934774306660625,21.30071803934157,0.07974057178753408,0.016985314359421386,0.67578125,,
12.050289999999105,1392,,,,-0.09375,0.00390625,-0.8828125,0.013020929551049599,0.3375762865576928,12.12600040435791,1.7144775390625,3003,3005,20.78975533193443,4.097359182492062,19.70854931706796,0.08238874639063859,0.01623762671411305,0.677734375,,
12.07211499999836,1392,,,,0.109375,0.30859375,-1.080078125,0.013703292069030367,0.33859877349926476,12.127429008483887,1.6929408311843872,3007,3005,20.53101974575236,4.3121474059173055,21.003084402612007,0.07852207766242537,0.01649205824612375,0.673828125,,
12.094085000000893,1392,,,,0.07421875,0.14453125,-1.19921875,0.013774470042463904,0.3420218819558319,12.128000259399414,1.6434152126312256,3005,3005,19.931340125092447,4.335222425699472,21.75078242853158,0.07889373332457053,0.01716000428517325,0.677734375,,
12.115759999999776,1392,,,,0.140625,-0.193359375,-1.056640625,0.01378001342912476,0.32922968119768664,12.125714302062988,1.7180525064468384,3006,3006,20.832613849117593,4.3376484595930265,20.821431679235758,0.07590049868369834,0.015803570477625487,0.68359375,,
12.142189999999479,1392,,,,0.26171875,-0.27734375,-1.12109375,0.013823618395251855,0.30781302536715144,12.125334739685059,1.6780599355697632,3010,3007,20.34703843203772,4.353147651906076,21.39450252893691,0.07071044907754784,0.015128148816118618,0.689453125,,
12.164339999997988,1392,,,,0.13671875,-0.087890625,-1.10546875,0.013903609478916121,0.3095356935839304,12.126501083374023,1.689453125,3009,3009,20.48715515062213,4.380572013402751,21.382041485002016,0.07066102158277009,0.015108768948554127,0.693359375,,
12.187874999998137,1392,,,,0.03125,0.0390625,-0.97265625,0.013622085387960269,0.3385654315337787,12.123429298400879,1.6343470811843872,3009,3009,19.81389128778676,4.29234478594766,21.66331047043471,0.07887656943174255,0.017087276124426388,0.693359375,,
12.212834999999032,1392,,,,0.037109375,-0.080078125,-1.048828125,0.013546539050891033,0.32592882661456835,12.126500129699707,1.70654296875,3008,3009,20.694393531884998,4.268126964587233,20.6245568782245,0.07636343279354359,0.015749619630669134,0.689453125,,
12.238695000000298,1392,,,,0.0859375,-0.0859375,-0.888671875,0.013500868816561791,0.3263178162119055,12.129501342773438,1.7120361328125,3009,3008,20.766144571825862,4.253049062090863,20.480686953615454,0.07672561765640266,0.015713933565435736,0.6875,,
12.263489999998361,1392,,,,0.236328125,-0.35546875,-0.861328125,0.013565044021663074,0.3324971938153189,12.12600040435791,1.680908203125,3008,3008,20.382693550782278,4.273146581110669,20.96458238193287,0.0778108561230064,0.01631272103399493,0.6875,,
12.289740000000224,1392,,,,0.3125,-0.265625,-0.802734375,0.013533286820104582,0.3467119851008686,12.122501373291016,1.6552734375,3007,3008,20.06605451926589,4.262679572837515,21.243237272901936,0.08133662856344484,0.017278532995511516,0.68359375,,
12.31477999999933,1392,,,,-0.03125,-0.1875,-0.857421875,0.013503001296807596,0.31880475998905045,12.129000663757324,1.6204833984375,3008,3008,19.654844215256162,4.252835659580726,21.637595358195004,0.07496286842658774,0.016220162139041174,0.677734375,,
12.340429999999701,1392,,,,-0.15625,0.037109375,-1.01953125,0.013557179374151462,0.34380012011508754,12.130001068115234,1.666259765625,3007,3008,20.21173273678869,4.270059832008904,21.126639104210447,0.08051412243405086,0.017009928074564064,0.66796875,,
12.363699999999255,1392,,,,-0.28125,0.01171875,-0.9375,0.013549359860714903,0.34636745145751285,12.127500534057617,1.6998291015625,3006,3007,20.6146783370059,4.267175859232039,20.699696543758,0.08117018442259569,0.016801981859486035,0.666015625,,
12.388289999999106,1392,,,,0.328125,0.044921875,-1.26171875,0.013540141021524229,0.32625113228093344,12.12743091583252,1.6001673936843872,3007,3007,19.405919520675184,4.264042376265601,21.97289528961853,0.07651216932010428,0.016811938848522147,0.66015625,,
12.412814999999478,1392,,,,-0.0234375,0.1015625,-1.09765625,0.013253384150708276,0.32795157252072166,12.127500534057617,1.702880859375,3005,3006,20.651688531506807,4.171793282079274,20.200736979519455,0.07861165459216293,0.015880133579411163,0.6640625,,
12.438990000000224,1392,,,,0.111328125,-0.005859375,-0.984375,0.013296535121139237,0.3303633080242121,12.128000259399414,1.690673828125,3005,3005,20.5044926260598,4.184025152379509,20.405406896349636,0.07895825096470327,0.016111752387588614,0.67578125,,
12.46486999999918,1392,,,,-0.34375,0.24609375,-0.90234375,0.013773037210248421,0.32331703931816164,12.123001098632812,1.6656494140625,3006,3005,20.192669676616788,4.3348380834863605,21.467384713900035,0.07458572456254903,0.016011604433492237,0.6796875,,
12.491754999998957,1392,,,,-0.1875,0.3125,-1.041015625,0.013702754931617031,0.3134922734882742,12.12700080871582,1.70166015625,3008,3006,20.63603409100324,4.313606585794661,20.903273210210862,0.07267521208833698,0.015191498138925272,0.68359375,,
12.514204999998212,1392,,,,-0.3984375,-0.01953125,-0.7109375,0.0135532923058646,0.3196827650801829,12.128445625305176,1.7252603769302368,3006,3007,20.92472667109189,4.267197951388287,20.393088131868137,0.07491631949630496,0.015277751060033382,0.68359375,,
12.54230999999866,1392,,,,-0.140625,0.14453125,-0.888671875,0.01343820748938352,0.3268290596826915,12.126858711242676,1.6866629123687744,3008,3007,20.453922831789214,4.231530918898736,20.68811422482805,0.07723659969563673,0.01597879596840652,0.68359375,,
12.56423999999836,1392,,,,-0.103515625,0.31640625,-1.00390625,0.01351620478226899,0.3151038018200996,12.127111434936523,1.7898221015930176,3009,3007,21.705372074730803,4.256783087564521,19.611656841949415,0.07402392730337203,0.01451731860367142,0.6875,,
12.59090499999933,1392,,,,-0.03125,0.13671875,-0.927734375,0.014032424276656127,0.32409501851283595,12.128000259399414,1.6859654188156128,3015,3011,20.447389036734194,4.42421932373993,21.63708684659797,0.07325473598783262,0.0158501908449334,0.689453125,,
12.616414999999106,1392,,,,-0.125,0.193359375,-0.935546875,0.014054339433339894,0.3330862352055723,12.127500534057617,1.6741943359375,3016,3016,20.30379270319827,4.4381554429674654,21.85875076565554,0.07505060142347385,0.01640512391328268,0.6875,,
12.639784999998286,1392,,,,0.037109375,0.29296875,-0.955078125,0.01331698910144332,0.32083861988369905,12.124499320983887,1.658935546875,3014,3016,20.11376291164197,4.2054877136408075,20.908507931186985,0.07629046658323016,0.015951198256294236,0.6875,,
12.663379999998957,1392,,,,-0.162109375,0.22265625,-1.017578125,0.013307316575717945,0.3179823248403947,12.13028621673584,1.7068917751312256,3012,3014,20.705085773334076,4.200267387788972,20.28616270307107,0.07570525766165119,0.015357691744021738,0.6875,,
12.689824999999255,1392,,,,0.171875,0.236328125,-1.244140625,0.013260309925618385,0.33664271152408354,12.124000549316406,1.74072265625,3010,3012,21.104522440582514,4.1823768714630765,19.81744378835438,0.08049076443135537,0.015951211996000594,0.689453125,,
12.712894999999554,1392,,,,-0.14453125,0.2421875,-0.990234375,0.013400106504935354,0.3310079193569423,12.128500938415527,1.944580078125,3022,3014,23.584841302363202,4.229774945508872,17.934294707698747,0.07825662679958961,0.014034774078542358,0.69140625,,
12.739674999998883,1392,,,,-0.34375,0.11328125,-0.78125,0.01693345258290089,0.3199606147925666,12.1274995803833,1.641845703125,3036,3029,19.911483075702563,5.371072894500179,26.974750570209167,0.05957108031808634,0.016069150327782753,0.69140625,,
12.762979999998585,1392,,,,0.14453125,0.037109375,-1.099609375,0.013576120873872319,0.3316191887241864,12.126001358032227,1.6363525390625,3031,3035,19.842413110891357,4.314297592803981,21.74280703003756,0.07686516323707238,0.016712644115960018,0.697265625,,
12.787414999999106,1392,,,,-0.078125,-0.06640625,-0.970703125,0.012161332087829716,0.3372428669028324,12.126286506652832,1.6866629123687744,3024,3027,20.452957715529237,3.855039267175215,18.84832169896002,0.08748104585454651,0.016488708948279657,0.703125,,
12.809789999999106,1392,,,,0.25,-0.029296875,-1.267578125,0.012594765370087291,0.32209450058367334,12.129501342773438,1.6650390625,3018,3021,20.196093544363976,3.984328347304954,19.728212976201238,0.08084035062058624,0.01594835654113707,0.703125,,
12.834779999999329,1392,,,,-0.015625,-0.103515625,-0.98046875,0.013022834125176483,0.3197939049651364,12.128000259399414,1.6852678060531616,3016,3018,20.438928388970226,4.115515135652201,20.135669822460553,0.07770446576536703,0.015646314663821204,0.69921875,,
12.859674999998882,1392,,,,0.1875,0.013671875,-1.1796875,0.013207869580031081,0.33838760771785314,12.126500129699707,1.6845703125,3014,3016,20.427942113019526,4.171219099007823,20.419184056475967,0.08112439066035704,0.016564938643632905,0.6953125,,
12.885134999999776,1392,,,,0.0625,-0.189453125,-0.96484375,0.013281060281690855,0.32215007052615013,12.12700080871582,1.6668701171875,3015,3014,20.214135259157047,4.1923098614625625,20.739496435116795,0.07684309632918268,0.0159368712238242,0.693359375,,
12.909330000000075,1392,,,,0.2109375,0,-1.26171875,0.013442882988303949,0.30651268871319576,12.128501892089844,1.722412109375,3012,3014,20.890278527513146,4.243146656117632,20.3115848863828,0.07223711871266003,0.014672503686799055,0.69140625,,
12.93425,1392,,,,0.224609375,-0.265625,-1.07421875,0.01313646342101066,0.3213387493659897,12.125143051147461,1.6817800998687744,3014,3013,20.391824291481953,4.144704940096674,20.325326860667367,0.07752994580079677,0.015758214898910192,0.6953125,,
12.961974999999628,1392,,,,0.162109375,0.021484375,-1.28515625,0.01319925847360635,0.3308189815525214,12.126501083374023,1.71142578125,3010,3012,20.75360659044236,4.162662431829233,20.05753753540968,0.0794729303589354,0.015940312837233465,0.703125,,
12.984879999998958,1392,,,,0.072265625,0.021484375,-1.0546875,0.013193758823680759,0.3103025587901094,12.12844467163086,1.7393662929534912,3011,3011,21.09580784778609,4.160090721734068,19.719987742354466,0.07459033457346445,0.014709204834868374,0.712890625,,
13.009214999999852,1392,,,,-0.015625,0.193359375,-1.08203125,0.013508440861122436,0.32042740230937117,12.127429008483887,1.7020089626312256,3011,3012,20.640992866113493,4.260328957571324,20.640135797757797,0.0752118922037505,0.015523836686917314,0.71875,,
13.034859999999403,1392,,,,0.07421875,-0.05078125,-0.982421875,0.013316317120740741,0.3268290596826915,12.125499725341797,1.67236328125,3014,3012,20.27824050746858,4.200638310404354,20.71500389226194,0.07780461813938722,0.016117229675933605,0.7265625,,
13.059759999999777,1392,,,,-0.0625,0.20703125,-1.115234375,0.013345336793926545,0.33782079430459044,12.12800121307373,1.6265190839767456,3011,3012,19.726425423557544,4.209641687681788,21.340114071830683,0.08024929895889199,0.01712529193967198,0.73046875,,
13.085099999999628,1392,,,,-0.2109375,0.208984375,-0.94140625,0.013012056303681213,0.32519530337387537,12.125715255737305,1.6196986436843872,3011,3011,19.640004553420795,4.1029508315374095,20.89078350454241,0.07925888384385586,0.01655780183193667,0.73046875,,
13.112375,1392,,,,-0.3359375,0.32421875,-1.00390625,0.013421952375399221,0.3328083854931886,12.127500534057617,1.6656494140625,3008,3010,20.200164158595726,4.230472343365238,20.942762198123305,0.07866932070012012,0.016475528757105146,0.728515625,,
13.27796499999799,1392,,,,-0.412109375,0.171875,-0.77734375,0.013448480452014489,0.32475074383406144,12.128445625305176,1.7214627265930176,3009,3009,20.878667075473004,4.238258536682439,20.299468933346272,0.0766236276110388,0.015554189482505757,0.73046875,,
13.299779999999329,1392,,,,-0.09375,0.130859375,-0.96484375,0.013363855150340387,0.32044876200601063,12.126908302307129,1.674360752105713,3008,3009,20.304819305767978,4.210523182106737,20.736570558451888,0.07610663761876593,0.015781906609480683,0.7265625,,
13.322889999998733,1392,,,,0.046875,-0.0625,-1.111328125,0.013304228873995154,0.3127698642360766,12.13028621673584,1.6985212564468384,3011,3008,20.603548985909924,4.191096578912582,20.341624551084532,0.07462721470313328,0.015180387827843126,0.71484375,,
13.37211999999918,1392,,,,0.287109375,-0.126953125,-1.08203125,0.013472155300522872,0.31460367233780895,12.126286506652832,1.6873605251312256,3011,3008,20.461417167757418,4.243951447230429,20.74123904730284,0.07412989433305534,0.015375458589132009,0.70703125,,
13.54142999999784,1392,,,,0.125,-0.142578125,-0.982421875,0.013414434477755244,0.33369194757856874,12.128500938415527,1.6461181640625,3008,3008,19.964945697574876,4.225400249361382,21.164095877679433,0.07897286124054219,0.016713892070295087,0.70703125,,
13.563914999999106,1392,,,,0.03515625,-0.099609375,-0.962890625,0.013543826920915611,0.32004355293171316,12.128000259399414,1.6932222843170166,3007,3007,20.535400303417646,4.2643643017171975,20.76591757993387,0.07505070633923942,0.01558496782156466,0.716796875,,
13.59063000000082,1392,,,,0.203125,0.3046875,-1.220703125,0.013641124421998116,0.3117696052714953,12.126856803894043,1.7006138563156128,3005,3005,20.623100714257475,4.293217570499257,20.817517355822275,0.07261910214236818,0.015117494192129799,0.701171875,,
13.617259999997914,1392,,,,-0.259765625,0.11328125,-0.919921875,0.013650569181338544,0.3308300955410167,12.12800121307373,1.6927083730697632,3005,3006,20.52916920197015,4.296453697463854,20.928531764702544,0.0770007356849445,0.016115123426878254,0.69921875,,
13.641359999999404,1392,,,,-0.3984375,0.181640625,-0.736328125,0.013566325102777915,0.34751219227253366,12.127501487731934,1.7022705078125,3006,3006,20.644288116018288,4.270662852309683,20.68689813041311,0.08137195660027115,0.016833333768622057,0.70703125,,
13.663204999998213,1392,,,,-0.2109375,0.09375,-0.84375,0.013538503368989744,0.32616222037297066,12.127001762390137,1.7535400390625,3007,3006,21.265183144132607,4.2621453741085515,20.04283407869235,0.076525362638807,0.015337851461813715,0.70703125,,
13.691580000000075,1392,,,,-0.234375,0.2734375,-0.96875,0.013680443188068863,0.30803530513705846,12.124000549316406,1.6845703125,3006,3007,20.42373139411211,4.307587751226035,21.09109088884637,0.07150993152707912,0.01508222465292806,0.703125,,
13.714419999999926,1392,,,,-0.03125,0.3125,-1.037109375,0.013699000279614883,0.32660677991278453,12.124445915222168,1.6666666269302368,3009,3007,20.20740937692142,4.313920169083809,21.348209899734464,0.07570997308977773,0.016162723970238227,0.697265625,,
13.739484999999403,1392,,,,0.037109375,0.13671875,-1.080078125,0.013814291152187338,0.334642193594921,12.126858711242676,1.6915457248687744,3010,3009,20.513136009090204,4.352583563088625,21.21851851983928,0.07688357701683192,0.016313556028031376,0.689453125,,
13.76389999999851,1392,,,,0.048828125,0.310546875,-1.193359375,0.013506733870841144,0.33275281555071184,12.12700080871582,1.689453125,3009,3009,20.48799941316247,4.256680562069562,20.77645784846551,0.07817190195473118,0.01624135225896851,0.68359375,,
13.788169999999926,1392,,,,0.19921875,-0.240234375,-1.08203125,0.013392317872708044,0.33360859266485365,12.125715255737305,1.6322544813156128,3007,3009,19.792253065334307,4.21925839880533,21.31772661190993,0.07906806389466782,0.016855513698395545,0.681640625,,
13.812980000000447,1392,,,,0.265625,-0.19140625,-1.20703125,0.01348776805740803,0.33577582042144644,12.125500679016113,1.6925048828125,3009,3008,20.522469105781056,4.2479661319776705,20.69909868097228,0.07904390242045638,0.0163613753633017,0.68359375,,
13.838344999998808,1392,,,,-0.041015625,0.013671875,-1.099609375,0.01364187227825102,0.33577582042144644,12.125715255737305,1.6713169813156128,3006,3007,20.265913817511546,4.295755013166615,21.19694701087055,0.07816456464399942,0.016568501348866213,0.68359375,,
13.864539999999106,1392,,,,0.0234375,-0.080078125,-1.04296875,0.01347795384142846,0.31911595166692014,12.128000259399414,1.6473388671875,3006,3007,19.978926208568737,4.243747053741392,21.241116811980095,0.07519674184765081,0.01597262777466263,0.67578125,,
13.889734999999403,1392,,,,0.173828125,-0.162109375,-0.796875,0.013500358280131276,0.33980648200535457,12.127111434936523,1.6319444179534912,3006,3006,19.790771812144612,4.250294192107499,21.476141670732137,0.07994893215541446,0.01716994593393433,0.669921875,,
13.91311999999918,1392,,,,0.412109375,-0.375,-0.962890625,0.013694884555012303,0.3337308465383025,12.125499725341797,1.6705322265625,3008,3006,20.256038054358214,4.311447497281884,21.284752159883748,0.07740575450558083,0.01647562300400093,0.67578125,,
13.93928500000015,1392,,,,-0.1875,-0.1015625,-0.904296875,0.013702890054374237,0.33002988836935165,12.128000259399414,1.7194474935531616,3007,3006,20.853459647836416,4.314175807024128,20.68805790444336,0.07649894281823501,0.015826145586523472,0.68359375,,
13.963309999998659,1392,,,,0.01171875,-0.125,-0.884765625,0.013601185376796833,0.33366416260733034,12.127500534057617,1.6754150390625,3005,3007,20.318596780998632,4.282324105989005,21.07588507289889,0.07791660657835016,0.016421614455155855,0.69921875,,
13.987959999999031,1392,,,,-0.15625,0.08203125,-1.064453125,0.013441684769438357,0.33680942135151376,12.12750244140625,1.67724609375,3007,3007,20.34080609679222,4.232134122558818,20.806127851669714,0.0795838249917924,0.0165583123770414,0.703125,,
14.01017999999784,1392,,,,0.125,0.072265625,-1.228515625,0.0134653209116347,0.31948271328726663,12.125144004821777,1.6887556314468384,3007,3007,20.476405220246647,4.239580906490795,20.70471286775857,0.07535714504189289,0.015602480506264288,0.69921875,,
14.036719999998807,1392,,,,0.203125,-0.32421875,-1.158203125,0.013562551027752752,0.3177600450704877,12.126856803894043,1.6566685438156128,3007,3007,20.0901822023676,4.270194855696758,21.255132545256465,0.07441347662310355,0.01581668308777409,0.6953125,,
14.05965499999933,1392,,,,0.0859375,0.1484375,-1.056640625,0.013567911502635763,0.3340198102391815,12.125779151916504,1.7274305820465088,3006,3006,20.946441738162548,4.270996467686858,20.390081146362363,0.07820652926460608,0.01594637477880681,0.69140625,,
14.08468499999866,1392,,,,0.01171875,0.048828125,-1.103515625,0.013364034457854928,0.3285961838534518,12.126286506652832,1.7236328125,3003,3005,20.90126531664282,4.204924442904836,20.118037732177996,0.07814556202262027,0.015721353653733304,0.685546875,,
14.109234999999403,1392,,,,-0.423828125,0.29296875,-0.732421875,0.013436032949210188,0.32607330846500787,12.127501487731934,1.656494140625,3006,3005,20.08913515484892,4.227952712713567,21.045966788137545,0.07712321556589237,0.016231326333941434,0.6875,,
14.134144999999553,1392,,,,-0.173828125,0.099609375,-0.94140625,0.013686726326411873,0.32897405946229363,12.125,1.683349609375,3004,3005,20.410614013671875,4.306981177597114,21.101673740496587,0.07638158745003615,0.01611779338151871,0.68359375,,
14.159410000000149,1392,,,,-0.01171875,0.0390625,-0.791015625,0.013533735645643507,0.32609553644199857,12.126001358032227,1.65771484375,3004,3004,20.10145244654268,4.257726098618899,21.181186334379536,0.07658912971122682,0.01622248627601459,0.68359375,,
14.187464999997989,1392,,,,0.0625,0.1875,-1.1484375,0.013536461995297917,0.32323924139869414,12.12457275390625,1.6392298936843872,3002,3003,19.87496210635436,4.2572454044548556,21.420143503537766,0.07592685191707554,0.016263640638356194,0.68359375,,
14.209539999999105,1392,,,,0.03125,0.0078125,-1.04296875,0.013096182586497977,0.34282208912749695,12.124889373779297,1.7523871660232544,3002,3002,21.247500528062574,4.116535476047831,19.374210489421703,0.08327927479848435,0.016134701993522283,0.681640625,,
14.234409999998286,1392,,,,0.171875,-0.05859375,-1.068359375,0.013352601842936435,0.34487817699913625,12.12743091583252,1.7054966688156128,3001,3001,20.68329302824384,4.196727209524757,20.290420890880206,0.08217788762071832,0.01667423927747829,0.681640625,,
14.259364999998361,1392,,,,0.173828125,-0.380859375,-0.9609375,0.01383401683899551,0.33143025091976547,12.127999305725098,1.676025390625,3004,3003,20.326834773877636,4.350159572335382,21.401067213503637,0.07618806745101472,0.016305059523861146,0.67578125,,
14.284219999998808,1392,,,,0.25,-0.341796875,-0.765625,0.013739544512677029,0.33844317766032994,12.125500679016113,1.6668701171875,3006,3005,20.2116347377887,4.323009511764764,21.38871777492716,0.0782887885717764,0.016744968037026683,0.677734375,,
14.30946499999985,1392,,,,0.162109375,-0.203125,-0.84765625,0.013700638241310795,0.34192185605937375,12.126500129699707,1.64306640625,3006,3006,19.924644988495857,4.31227872125475,21.64293880139187,0.07929029595746638,0.017160750229516936,0.677734375,,
14.33403500000015,1392,,,,-0.13671875,0.029296875,-0.94140625,0.013191605103870222,0.3388877372001438,12.129500389099121,1.673583984375,3004,3004,20.29973758966662,4.15041642706552,20.445665411843787,0.0816515024830288,0.01669419300142339,0.677734375,,
14.363204999998212,1392,,,,0.0625,0.06640625,-1.146484375,0.012996821946409819,0.31916040762090153,12.128499984741211,1.683349609375,3002,3003,20.41650571161881,4.08672382687165,20.016764301375726,0.07809688668519983,0.015632469734488934,0.677734375,,
14.386914999999107,1392,,,,-0.125,0.025390625,-1.025390625,0.013257239301134434,0.32609182020209543,12.128889083862305,1.669921875,3002,3002,20.254297200590372,4.167330827662324,20.5750453170049,0.07824956397450632,0.016099883248113418,0.677734375,,
14.40991000000015,1392,,,,-0.048828125,0.1640625,-1.00390625,0.013297095174925047,0.3393545247169484,12.129143714904785,1.7180525064468384,3003,3002,20.838505760446083,4.180422878241109,20.061049128465054,0.08117708054926014,0.016284974010040726,0.68359375,,
14.434974999999627,1392,,,,-0.21875,0.20703125,-0.990234375,0.013617447477480055,0.3290074014277797,12.126287460327148,1.6866629123687744,3003,3004,20.452959324056337,4.283851112469657,20.94489625973627,0.07680178250595307,0.01608605367150015,0.6796875,,
14.459414999999106,1392,,,,-0.423828125,0.306640625,-0.78515625,0.01375383342984993,0.31309216990244165,12.125000953674316,1.636962890625,3005,3005,19.84817660995759,4.328668639514629,21.808898240773352,0.07232990001691339,0.015774354292341752,0.681640625,,
14.485150000000372,1392,,,,-0.26171875,0.181640625,-0.85546875,0.013613840134784708,0.33381975844626527,12.130001068115234,1.6864013671875,3006,3006,20.456050385255367,4.285023505511105,20.947462607932035,0.07790383367020719,0.01631887642821222,0.681640625,,
14.512230000000446,1392,,,,-0.15625,0.310546875,-1.169921875,0.013238161251623118,0.33309734919406764,12.13000202178955,1.7034912109375,3005,3005,20.663351832772605,4.165247482745596,20.157656494719348,0.07997060212482275,0.0161201992730805,0.6796875,,
14.535674999998882,1392,,,,0.2734375,0.033203125,-1.1875,0.013821708231765832,0.32819608026761926,12.12800121307373,1.6864013671875,3005,3005,20.452677826979198,4.3498424553539285,21.267838334675357,0.07545010736277696,0.01604660685725439,0.6875,,
14.559784999998286,1392,,,,0.099609375,0.0390625,-1.0546875,0.01374515790606111,0.33156361878170965,12.12350082397461,1.73095703125,3007,3006,20.98525899462402,4.326862895060661,20.618582292308673,0.07662910215163202,0.015799834486991526,0.693359375,,
14.584384999999777,1392,,,,-0.15625,-0.162109375,-1.1015625,0.013765529862519818,0.3412216747841668,12.127500534057617,1.6650390625,3007,3007,20.192762119695544,4.334411403701852,21.4651734022765,0.07872387805475564,0.01689821693344999,0.69921875,,
14.609484999997541,1392,,,,0.236328125,-0.140625,-1.0390625,0.01357306223681705,0.3273514171419728,12.12600040435791,1.695556640625,3008,3007,20.56032050983049,4.274621452386619,20.790636266311108,0.07658021202303307,0.015921513333678652,0.701171875,,
14.635419999999925,1392,,,,-0.0234375,0.056640625,-0.98046875,0.01351354282814523,0.3307745255985399,12.126858711242676,1.6357421875,3008,3007,19.836414395831525,4.256015605382791,21.45556913893249,0.07771929341146994,0.016675116732187734,0.697265625,,
14.65955999999866,1392,,,,0.1484375,-0.26171875,-0.814453125,0.013504940944163081,0.32679571771720545,12.127555847167969,1.6314018964767456,3009,3008,19.78491760869747,4.25356623697413,21.499034371031488,0.07682864201726382,0.01651741615408829,0.693359375,,
14.68727999999933,1392,,,,0.1875,-0.146484375,-1.009765625,0.013368734130753639,0.3227279979279082,12.12450122833252,1.69677734375,3004,3007,20.572578988503665,4.209209679128736,20.46029173824497,0.0766718748956953,0.015687289284841466,0.689453125,,
14.857174999998882,1392,,,,0.134765625,-0.466796875,-0.677734375,0.013166949462566784,0.3250508215234359,12.128500938415527,1.7449951171875,3008,3006,21.164174916339107,4.144541095526304,19.582814411189954,0.0784286641226219,0.015358539740308565,0.689453125,,
14.879254999998956,1392,,,,0.072265625,-0.044921875,-1.056640625,0.01355634218858612,0.3296869523618421,12.126176834106445,1.6762609481811523,3008,3008,20.326636677751594,4.270136540106271,21.007590226572624,0.07720759026446429,0.016219454186569837,0.671875,,
14.930324999999256,1392,,,,-0.13671875,0.322265625,-1.201171875,0.01394714938053614,0.3307967535755306,12.12743091583252,1.6420201063156128,3008,3008,19.913485401750563,4.393678717144436,22.0638357801402,0.07528924504305219,0.01661169538640638,0.69140625,,
15.109124999998137,1392,,,,-0.287109375,0.212890625,-0.93359375,0.013573238930432857,0.3039842563305042,12.127296447753906,1.708122730255127,3008,3008,20.714910718950705,4.276111068367098,20.642671968917377,0.07108895243139358,0.01467465925655229,0.6953125,,
15.136684999998659,1392,,,,-0.0859375,0.099609375,-0.98046875,0.013528000745705086,0.3363807339765198,12.12732219696045,1.6854807138442993,3008,3008,20.440367673552714,4.261087488494528,20.846432689211575,0.0789424612577869,0.01645668704931147,0.69140625,,
15.158184999998658,1392,,,,0.291015625,-0.16796875,-1.126953125,0.013776600845901972,0.334353229894042,12.127555847167969,1.6655815839767456,3011,3009,20.19943367769247,4.340414746352921,21.487804141490955,0.07703255320818957,0.01655260415856558,0.67578125,,
15.180109999999404,1392,,,,0.171875,-0.1796875,-1.1171875,0.014247376217370506,0.3200272987235387,12.13028621673584,1.7068917751312256,3012,3012,20.705085773334076,4.49337911852277,21.70181359166239,0.07122196687217212,0.015456458486914333,0.669921875,,
15.201294999998062,1392,,,,0.078125,0.080078125,-1.001953125,0.013726236528033156,0.3271069093950752,12.128000259399414,1.6901506185531616,3010,3012,20.498147140236824,4.329857045261349,21.12316306268511,0.07554681505087223,0.015957876931860876,0.66796875,,
15.223604999998585,1392,,,,-0.01171875,0.015625,-1,0.013307817242562896,0.32535089921281024,12.12933349609375,1.7488607168197632,3010,3011,21.21251487252448,4.195995825294922,19.780756079656484,0.07753842300115789,0.015337686321871302,0.666015625,,
15.246519999999553,1392,,,,-0.03125,-0.0234375,-0.94921875,0.013435905232353846,0.32535089921281024,12.126286506652832,1.7905970811843872,3011,3010,21.71329322441818,4.234981116323303,19.50409397852537,0.07682463989243739,0.01498394996328468,0.66796875,,
15.270150000000372,1392,,,,0.078125,-0.048828125,-0.98046875,0.013526756073151682,0.3223501223190664,12.128000259399414,1.6485595703125,3010,3010,19.993730896385387,4.2640774943560436,21.327072553161823,0.07559668480362534,0.01612255981585424,0.677734375,,
15.291449999999255,1392,,,,0.32421875,-0.45703125,-0.8671875,0.013631012153442418,0.3222945523765896,12.128571510314941,1.7347935438156128,3010,3010,21.040567551800336,4.297190040284331,20.423356117675837,0.07500123321408061,0.015317768951960256,0.685546875,,
15.315629999998958,1392,,,,0.171875,-0.30078125,-0.90625,0.013324405202883964,0.32223898243411286,12.126286506652832,1.6727120876312256,3008,3009,20.28378601775762,4.1991492201744585,20.701999205169468,0.0767391120291565,0.015886530362330085,0.69140625,,
15.33795999999903,1392,,,,0.17578125,-0.373046875,-0.826171875,0.013329097609615793,0.3427109492425434,12.13028621673584,1.7047990560531616,3008,3009,20.679700491945937,4.199637675100515,20.30801982231868,0.08160488493435113,0.01657233620844838,0.69921875,,
15.365754999998957,1392,,,,0.140625,-0.185546875,-0.8984375,0.01325622703850075,0.3427109492425434,12.125144004821777,1.904296875,3010,3009,23.089873837307096,4.177173611170502,18.090933023727917,0.08204374085052958,0.014842478207430206,0.701171875,,
15.389449999999256,1392,,,,0.322265625,-0.357421875,-0.79296875,0.014597218236381538,0.34433359156286425,12.128000259399414,1.6341146230697632,3023,3016,19.818542572478464,4.609757396683232,23.259820341606208,0.07469668399699642,0.01737431449883868,0.705078125,,
15.416599999999628,1392,,,,0,-0.0859375,-1.005859375,0.01488624332066332,0.3443224775743689,12.127500534057617,1.632080078125,3024,3023,19.793052019085735,4.712554770584008,23.80913648910668,0.07306492854441633,0.017396128562808352,0.712890625,,
15.440859999999404,1392,,,,0.17578125,-0.138671875,-0.962890625,0.012771577480307484,0.34384457606906893,12.126500129699707,1.7059326171875,3018,3021,20.68699210358318,4.0401771951196155,19.530036918319407,0.0851063108035015,0.016621293919743502,0.71875,,
15.464519999999553,1392,,,,-0.0625,-0.169921875,-0.91796875,0.01297942590449111,0.3284183600375262,12.128500938415527,1.67724609375,3012,3016,20.342480822000653,4.09968529504018,20.153320191932135,0.08010818792233845,0.016144459611943576,0.72265625,,
15.48838000000082,1392,,,,0.048828125,0.0390625,-0.828125,0.013034364973081854,0.32239457827304774,12.129142761230469,1.6427175998687744,3010,3013,19.924756285194235,4.112042264001083,20.637854762904553,0.07840254490948559,0.016180603348840656,0.73046875,,
15.514409999998286,1392,,,,0.3359375,-0.4375,-0.865234375,0.013089304041672602,0.3264178421083636,12.12700080871582,1.6876220703125,3009,3009,20.465794211486354,4.1246049864039165,20.153652205146265,0.07913917652341168,0.015949434394545155,0.736328125,,
15.538474999999627,1392,,,,0.375,-0.263671875,-0.900390625,0.013401412738166321,0.3172006294058172,12.125,1.7291259765625,3007,3007,20.965652465820312,4.219974038493263,20.12803582131757,0.07516648835097416,0.015129537700910578,0.740234375,,
15.561659999998286,1392,,,,-0.0234375,-0.205078125,-0.67578125,0.01350306152215233,0.2994997619726314,12.128000259399414,1.69921875,3006,3007,20.608125440776348,4.251906981782861,20.63218701769841,0.07043892617026362,0.0145330909807073,0.736328125,,
15.584519999999554,1392,,,,0.01171875,0.017578125,-1.04296875,0.013424763705145988,0.332308256010898,12.128000259399414,1.7375837564468384,3008,3008,21.073416248915464,4.2284403151605465,20.06528160984891,0.07858884866352449,0.015769073798274167,0.7265625,,
15.613544999999926,1392,,,,-0.0625,0.06640625,-1.1328125,0.013737790152577029,0.339276726797481,12.125500679016113,1.656494140625,3012,3010,20.08582082693465,4.329914764687923,21.557071538154922,0.07835644469595796,0.016891354837862454,0.72265625,,
15.636084999999031,1392,,,,-0.1875,-0.029296875,-0.966796875,0.013789117075990252,0.3414661825310645,12.127111434936523,1.6265190839767456,3012,3012,19.72497818243687,4.348884755058273,22.047602358975087,0.07851810332152365,0.01731135920013874,0.71484375,,
15.66243499999866,1392,,,,0.0859375,0.0234375,-1.087890625,0.013249557395973227,0.33843206367183454,12.12743091583252,1.6796875,3010,3011,20.370294116437435,4.177718077080058,20.50887460534468,0.08100883243619339,0.01661399986359269,0.70703125,,
15.685364999998361,1392,,,,0.19921875,-0.0625,-1.1875,0.013352327523303217,0.34222193374874815,12.128002166748047,1.6845703125,3009,3010,20.430472400039434,4.208989987458511,20.60153042496652,0.0813073765365239,0.016750563914914057,0.697265625,,
15.710629999998957,1392,,,,0.048828125,0.05078125,-1.185546875,0.01325395119119301,0.3309745773914562,12.125715255737305,2.0040457248687744,3018,3012,24.300487819236423,4.181178691501238,17.20615126166887,0.0791581995919483,0.013620079557804374,0.693359375,,
15.73439999999851,1392,,,,0.048828125,-0.1484375,-0.984375,0.016063640985054986,0.32000507074654794,12.128000259399414,1.6253662109375,3040,3028,19.712441827869043,5.093039946206592,25.83667711326436,0.06283183994755327,0.01623365961157239,0.693359375,,
