Time (s),ESC signal (µs),Servo 1 (µs),Servo 2 (µs),Servo 3 (µs),AccX (g),AccY (g),AccZ (g),Torque (N·m),Thrust (N),Voltage (V),Current (A),Motor Electrical Speed (RPM),Motor Optical Speed (RPM),Electrical Power (W),Mechanical Power (W),Motor Efficiency (%),Propeller Mech. Efficiency (N/W),Overall Efficiency (N/W),Vibration (g),App message,
0,1385,,,,0.037109375,-0.337890625,-0.9453125,0.009171072038395938,0.014388907544375726,12.134285926818848,1.5171595811843872,3011,3011,18.409648154704087,2.891750077064029,15.707796546481637,0.0049758475528371635,0.0007815960100627469,0.859375,,
0,1385,,,,0.603515625,-0.349609375,-0.685546875,0.009143690885841963,0.01263289736211078,12.129142761230469,1.4934431314468384,3008,3010,18.114184947097783,2.8819954894496496,15.910158242650585,0.004383385542537119,0.0006974035762031235,0.86328125,,
0.022759999999776483,1385,,,,0.125,-0.33984375,-0.8671875,0.009220301436891414,0.012121653891324783,12.132000923156738,1.4529855251312256,3009,3010,17.627621732225407,2.9058395384955404,16.484580748538058,0.0041714808167283065,0.0006876511236433526,0.861328125,,
0.04677500000037253,1385,,,,0.287109375,-0.1015625,-0.830078125,0.0094947852226017,0.03180452751658567,12.130857467651367,1.5115792751312256,3012,3010,18.33675273767267,2.9932495001202346,16.323770860315058,0.010625418133472711,0.0017344689090584503,0.857421875,,
0.06997499999962747,1385,,,,0.44921875,-0.2265625,-0.986328125,0.009650253386808775,0.03868408639520592,12.132001876831055,1.4898681640625,3012,3012,18.075083362637088,3.043357674203324,16.837309201540023,0.01271098915618995,0.0021401885468019253,0.85546875,,
0.09184500000067056,1385,,,,0.328125,-0.38671875,-0.869140625,0.009359766287743439,0.011654866374520179,12.134857177734375,1.4878627061843872,2656,3012,18.055001439624903,2.952593458261443,16.353327182691068,0.003947331909819661,0.000645520102199577,0.849609375,,
0.13102999999932946,1385,,,,0.3359375,-0.11328125,-0.921875,0.009289514051917427,0.030926522425453188,12.135430335998535,1.4857701063156128,2931,3012,18.030459620502256,2.929881493907808,16.249621782110697,0.010555554035123827,0.0017152376077139459,0.841796875,,
0.15423999999836088,1385,,,,-0.125,0.01171875,-0.916015625,0.009284514829979013,0.01674507310538945,12.13107681274414,1.5189303159713745,2997,3011,18.426260336254472,2.927485103153335,15.887570509320224,0.005719951601923619,0.0009087613438546066,0.82421875,,
0.17639499999955296,1385,,,,-0.140625,-0.07421875,-0.990234375,0.009427853904508591,0.019112352654898523,12.133713722229004,1.5171595811843872,3009,3011,18.408780029028208,2.9728180638203283,16.14891404608338,0.006429035428537963,0.001038219405346844,0.80859375,,
0.199285000000149,1385,,,,-0.162109375,-0.041015625,-1.00390625,0.009489723778432668,0.014455591475347813,12.132667541503906,1.60888671875,3010,3011,19.52008767053485,2.9918550747043104,15.327057568601246,0.004831648296592869,0.0007405495159311306,0.794921875,,
0.2227199999988079,1385,,,,-0.53125,0.05859375,-1.087890625,0.00965177425143071,0.032182403125427486,12.131000518798828,1.458740234375,3011,3011,17.69597853999585,3.0431140298170813,17.19664172817083,0.010575483800507449,0.0018186280601940102,0.787109375,,
0.2455949999988079,1385,,,,-0.099609375,0.1171875,-1.01171875,0.009855809335341218,0.033638335618318034,12.131428718566895,1.5115792751312256,3012,3011,18.33761622871748,3.1077969194423014,16.947660375700092,0.010823852552229984,0.0018343897701184838,0.779296875,,
0.269570000000298,1385,,,,-0.298828125,-0.044921875,-1.2109375,0.009522409791746213,0.03243802486082049,12.131500244140625,1.451416015625,3009,3010,17.6078537479043,3.0019869942987114,17.049136352895992,0.010805518119307599,0.001842247517797635,0.7734375,,
0.29408999999985097,1385,,,,-0.125,0.0703125,-1.0390625,0.009522898720936965,0.03593893123685503,12.136001586914062,1.4913504123687744,3010,3009,18.099030971152388,3.0009905503199725,16.580945991546063,0.011975689571239448,0.001985682619922427,0.767578125,,
0.3197599999997765,1385,,,,0.28125,0.208984375,-1.1953125,0.009483658485362131,0.03943983761288957,12.134500503540039,1.480712890625,3007,3008,17.96771131688729,2.987722788553891,16.628288021000337,0.013200634866121275,0.0021950395861392376,0.76953125,,
0.3454899999983609,1385,,,,-0.21875,0.15625,-0.9609375,0.009392044557307735,0.02338012423711206,12.133501052856445,1.524658203125,3006,3007,18.499441912863404,2.957732950573948,15.98822799360946,0.007904744825787992,0.0012638286250600307,0.783203125,,
0.37340000000037255,1385,,,,-0.19921875,0.2421875,-0.9375,0.008898043582071675,0.004119582174674398,12.135000228881836,1.5264892578125,3006,3006,18.52394749294035,2.8009761771331525,15.120838461675786,0.0014707665878439789,0.00022239223989618895,0.796875,,
0.3957949999999255,1385,,,,-0.599609375,0.2109375,-0.66796875,0.009278910478693343,0.047708645053428304,12.13155746459961,1.4708116054534912,3005,3005,17.843235511159037,2.919986439603795,16.364669052188745,0.016338652949327313,0.00267376648274309,0.80078125,,
0.42065999999828635,1385,,,,-0.486328125,0.4375,-0.83984375,0.009462972965855684,0.025602921936181612,12.134286880493164,1.5101841688156128,3006,3006,18.325007946787764,2.978431631188707,16.25337156653623,0.0085961086593629,0.0013971574806694485,0.810546875,,
0.4449799999985844,1385,,,,-0.0859375,0.1328125,-0.916015625,0.009343843181692043,0.03134885398827641,12.131999969482422,1.4532470703125,3005,3006,17.63079341268167,2.941024015364175,16.68117790574713,0.010659162871335684,0.0017780739218308497,0.810546875,,
0.47914000000059603,1385,,,,0.3359375,0.01171875,-1.060546875,0.009259476696166249,0.040095562934115085,12.130857467651367,1.5094865560531616,3007,3006,18.31136626081684,2.914649448318012,15.917159903872701,0.013756564432560995,0.002189654358010012,0.80078125,,
0.5049399999994785,1385,,,,0.205078125,0.04296875,-1.2109375,0.009259563610700874,0.033860615388225,12.13272762298584,1.5633877515792847,3007,3007,18.96815775902371,2.9156862324492843,15.371478187238328,0.011613257630873687,0.0017851293635575392,0.79296875,,
0.5269949999991804,1385,,,,0.4375,-0.10546875,-1.208984375,0.009675032413215223,0.02324675637516789,12.131001472473145,1.4776611328125,3009,3009,17.925509377964772,3.0483981251284846,17.005921900750995,0.00762589249204058,0.0012968533214316547,0.79296875,,
0.551804999999702,1385,,,,0.15625,0.03125,-1.1171875,0.009438231947091385,0.013722068234654862,12.13257122039795,1.5290178060531616,3009,3009,18.550917429196602,2.974447575310393,16.03396482499038,0.0046133165528133135,0.0007396975533435455,0.787109375,,
0.7254749999996275,1385,,,,-0.224609375,0.0703125,-1.0625,0.009293226085056136,0.018745591034552048,12.12900161743164,1.46728515625,3009,3009,17.796704033389688,2.9281340526085597,16.45323789795501,0.006401889632700502,0.0010533181312327318,0.77734375,,
0.7484999999981373,1385,,,,0.091796875,-0.232421875,-0.8984375,0.00951789018703889,0.025677541949563662,12.132550239562988,1.4691373109817505,3007,3007,17.82438223430256,2.9973947892145203,16.81626184747156,0.00856661993340309,0.0014405852394787572,0.794921875,,
0.7743800000008195,1385,,,,-0.07421875,0.13671875,-1.08984375,0.00960875868322491,0.021568544112370375,12.136001586914062,1.5018136501312256,3007,3006,18.226012841241754,3.0252015387118347,16.59826296109273,0.007129622220658564,0.0011833934443174073,0.796875,,
0.8003799999989569,1385,,,,-0.01171875,0.271484375,-1.208984375,0.009321883288301724,0.025636263901667657,12.129500389099121,1.65771484375,3010,3007,20.107252842281014,2.9351731705563893,14.59758423281167,0.00873415720708842,0.0012749759553309233,0.7890625,,
0.8236649999991059,1385,,,,0.01171875,0.103515625,-1.078125,0.009982310366338407,0.028859320565318508,12.13466739654541,1.4773221015930176,3023,3016,17.926812340396737,3.152657365372771,17.586268576418867,0.009153966708306144,0.0016098411707186882,0.779296875,,
0.8467849999982864,1385,,,,-0.4375,-0.029296875,-1.046875,0.011231677317683824,0.037005874132408405,12.130857467651367,1.4773995876312256,3022,3023,17.922123820321303,3.5550057323229187,19.835850750523303,0.010409511803579557,0.002064815225216147,0.7734375,,
0.870640000000596,1385,,,,-0.390625,0.087890625,-1.111328125,0.0086188008762558,0.03543880175456438,12.131428718566895,1.4690290689468384,3017,3020,17.82142143543126,2.72603450010986,15.29639209749092,0.013000129584983677,0.001988550794501022,0.76953125,,
0.8972249999996275,1385,,,,-0.5,0.001953125,-1,0.008798110312139644,0.032726988561699526,12.131999969482422,1.47216796875,3013,3016,17.860341751948,2.778903404190289,15.559071840756902,0.011776943564267377,0.0018323831098097576,0.7734375,,
0.919625,1385,,,,-0.349609375,0.015625,-1.212890625,0.008992946987713812,0.02105730064158438,12.133000373840332,1.5142822265625,3010,3012,18.372786820982583,2.836347255518539,15.437762834537969,0.007424091179461274,0.001146113588905084,0.767578125,,
0.9421799999997019,1385,,,,-0.015625,0.15234375,-1.060546875,0.009246179471038724,0.040784630220826644,12.130000114440918,1.47705078125,3008,3009,17.916626145597547,2.9138818872403176,16.263563594847422,0.013996665547570633,0.002276356602487249,0.763671875,,
0.9674199999999255,1385,,,,0.0859375,0.033203125,-1.271484375,0.009479637360662992,0.04292963000042877,12.12933349609375,1.4493814706802368,3007,3008,17.580031220939418,2.9858308155904196,16.984217934914835,0.014377783823608855,0.002441954138812659,0.759765625,,
0.9930300000011921,1385,,,,0.125,0.107421875,-0.931640625,0.009653861877069419,0.02562514991317231,12.130223274230957,1.5565321445465088,3007,3007,18.881082446866685,3.039832400632803,16.099884152231237,0.008429790375231843,0.0013571864846882655,0.75390625,,
1.017859999999404,1385,,,,0,0.1015625,-1.0078125,0.009804826974085527,0.016389425473538322,12.132500648498535,1.46240234375,3008,3008,17.742597383912653,3.088017848585214,17.40454219732869,0.005307425758904598,0.0009237331558004432,0.751953125,,
1.042300000000745,1385,,,,-0.25,0.125,-0.7734375,0.00974806605388317,0.03022634115024628,12.132000923156738,1.474609375,3008,3009,17.88996229879558,3.0713355400988385,17.167926286270667,0.009841432417792284,0.0016895698629997241,0.744140625,,
1.070289999999106,1385,,,,-0.38671875,0.3515625,-0.90625,0.009493242838947077,0.022613259030933065,12.133142471313477,1.4976283311843872,3009,3008,18.170937911335614,2.990626944591649,16.458297085072314,0.007561377413464306,0.0012444739584315122,0.74609375,,
1.095539999999106,1385,,,,-0.474609375,0.033203125,-0.71875,0.009495915530753744,0.024769372799030534,12.131601333618164,1.44189453125,3007,3008,17.492489618249238,2.990921681060425,17.09831902909985,0.008281518354652672,0.0014160004287319746,0.759765625,,
1.1199399999994784,1385,,,,-0.5625,0.62109375,-0.87109375,0.009423582097052033,0.01972362202214265,12.134000778198242,1.4788818359375,3007,3007,17.94475334812887,2.967315189624913,16.535837144478332,0.006646958870801937,0.0010991302939362645,0.775390625,,
1.1421550000011922,1385,,,,0.1484375,-0.0546875,-0.94921875,0.00942372225023246,0.038261754832382706,12.134285926818848,1.4990234375,3007,3007,18.189579001627862,2.967310822584259,16.31324629513801,0.012894420948817282,0.0021034986477124346,0.779296875,,
1.1676099999994038,1385,,,,0.4375,0.0078125,-1.2265625,0.009564203526044058,0.038261754832382706,12.134857177734375,1.4927455186843872,3009,3008,18.11425367193806,3.012349164230534,16.629717231448268,0.012701633425073477,0.002112245722364837,0.77734375,,
1.193320000000298,1385,,,,0.287109375,-0.123046875,-1.185546875,0.009750178971371988,0.000229686201302683,12.131000518798828,1.46484375,3011,3009,17.77002029120922,3.072372596447426,17.289640338606254,0.00007475857634203233,0.000012925488971799775,0.77734375,,
1.2215299999993294,1385,,,,0.32421875,0.103515625,-1.2109375,0.009603618289358028,-0.004578963260083276,12.132001876831055,1.4776611328125,3008,3009,17.926987636601552,3.0265989499563983,16.88291982629021,0.0015129071726365467,0.0002554229050024222,0.775390625,,
1.242949999999255,1385,,,,0.11328125,0.01953125,-1.05859375,0.009315390269523015,0.005786680448976561,12.133777618408203,1.3975694179534912,3009,3009,16.95779652373585,2.935046429826448,17.307946971284032,0.0019715805481546446,0.00034124011577075695,0.771484375,,
1.2677350000012666,1385,,,,0.046875,-0.076171875,-1.107421875,0.009218286752389481,0.016189373680622066,12.133713722229004,1.4773995876312256,3009,3008,17.926343649656474,2.9039536655020672,16.199364032373197,0.005574942146269772,0.0009031051728684396,0.763671875,,
1.292714999999851,1385,,,,-0.048828125,-0.296875,-0.9609375,0.009300453405891832,0.034482998743964474,12.134001731872559,1.4678955078125,3007,3008,17.811446634004824,2.929204507767839,16.44562941999069,0.0117721376750993,0.0019360021368579384,0.759765625,,
1.319184999998659,1385,,,,0.07421875,-0.4375,-0.76953125,0.009602757807518458,0.028381419060018554,12.129142761230469,1.5122767686843872,3007,3007,18.34262082186524,3.0243349382221583,16.48801971971755,0.00938435049019486,0.0015472935593907394,0.7578125,,
1.3427499999981374,1385,,,,0.19921875,-0.23828125,-0.8515625,0.00953608807143309,0.022279839376072634,12.135555267333984,1.5483940839767456,3007,3007,18.790621981712775,3.0030438481041344,15.981609608381921,0.007419085602142715,0.0011856892974461198,0.755859375,,
1.3637599999997765,1385,,,,0.5859375,-0.400390625,-0.71484375,0.009504163189100408,0.0059867322418928216,12.131428718566895,1.4962332248687744,3009,3008,18.151446713847008,2.9933708209535403,16.49108673343386,0.00199999685972276,0.00032982121680283393,0.76171875,,
1.387620000001043,1385,,,,0.203125,-0.205078125,-0.970703125,0.009759105457386178,0.022057559606165678,12.13371467590332,1.4494978189468384,3009,3009,17.587792958445107,3.0752172084724174,17.48495229468684,0.007172683459690493,0.0012541402811757757,0.767578125,,
1.4086699999999255,1385,,,,0.0859375,0.12890625,-1.015625,0.00966196812462985,0.03996219507217092,12.132000923156738,1.4655412435531616,3011,3010,17.77994771971123,3.0451213736945917,17.126717253047403,0.013123350490192611,0.002247599132581699,0.7734375,,
1.430984999999404,1385,,,,-0.421875,0.189453125,-1.017578125,0.009268836776715712,0.0276478958193256,12.13028621673584,1.4711216688156128,3008,3009,17.845126902375455,2.9206156298507553,16.366460411452593,0.009466461638000074,0.0015493246963486289,0.787109375,,
1.4544350000005215,1385,,,,-0.07421875,-0.40234375,-0.81640625,0.00922609760231937,0.023746885857458537,12.128000259399414,1.474609375,3008,3009,17.884062882512808,2.9067263966880796,16.25316582581636,0.008169632299935663,0.0013278238850679982,0.802734375,,
1.476714999999851,1385,,,,-0.2109375,0.2734375,-1.259765625,0.009424491904986012,0.032149061159941435,12.130857467651367,1.5234375,3007,3008,18.48060317337513,2.968776314304921,16.06428256942401,0.010829061457083369,0.0017396110320824568,0.8203125,,
1.4999700000006706,1385,,,,-0.34375,0.1953125,-1.0390625,0.009402183654787302,0.02878152264585107,12.130857467651367,1.4955357313156128,3007,3007,18.14213079436945,2.9609680110645686,16.320949532474586,0.00972030854041653,0.0015864466512821986,0.8203125,,
1.524839999999851,1385,,,,0.111328125,0.0625,-1.171875,0.009397567962009667,0.030037403345825366,12.131429672241211,1.5213449001312256,3006,3007,18.456088663164792,2.9592034705523385,16.033751920895376,0.01015050287847184,0.001627506450257519,0.8125,,
1.5508449999988079,1385,,,,0.037109375,0.35546875,-1.021484375,0.00953342152792148,0.030637558724574146,12.130001068115234,1.5106201171875,3008,3007,18.323823635000736,3.0022395310904995,16.384350727737065,0.010204901510122247,0.0016720068548385651,0.80859375,,
1.574339999999851,1385,,,,0.048828125,0.00390625,-1.03515625,0.00978727596718467,0.04728631349060509,12.129499435424805,1.461181640625,3009,3008,17.723401885014027,3.083380426224597,17.397226820386784,0.015335867442248819,0.002668015643801876,0.802734375,,
1.5971399999987335,1385,,,,-0.15625,0.03515625,-0.943359375,0.009286602415007535,0.0383062107863641,12.133500099182129,1.4898681640625,3009,3009,18.07731551642064,2.9261462829012204,16.186840796373982,0.013091010182985174,0.002119020976956917,0.79296875,,
1.6235299999993293,1385,,,,-0.375,0.193359375,-0.705078125,0.009217950412703244,0.022390979261026112,12.133143424987793,1.4920480251312256,3006,3008,18.10323268588695,2.9035678154681346,16.038946556388897,0.007711539968773236,0.0012368497742661084,0.7890625,,
1.6470099999997765,1385,,,,-0.666015625,0.322265625,-0.783203125,0.009318470565344952,0.028670382760897593,12.134499549865723,1.5057373046875,3007,3007,18.271368645946495,2.9344317431076687,16.060273315971173,0.009770335543921914,0.0015691425922413382,0.791015625,,
1.6699249999988823,1385,,,,-0.21875,0.123046875,-0.76953125,0.009573992589907496,0.034949786260769077,12.131000518798828,1.4288330078125,3006,3006,17.333173959050328,3.0141212720010873,17.38932107369347,0.011595348397367493,0.0020163523624316037,0.796875,,
1.692519999999553,1385,,,,0.099609375,0.2890625,-1.166015625,0.00948983039545826,0.01926794849383339,12.131430625915527,1.4704240560531616,3005,3006,17.838347426686255,2.9871345151322894,16.745578744943167,0.006450311626820088,0.0010801420127633822,0.796875,,
1.7222449999991805,1385,,,,0.19921875,-0.1328125,-0.97265625,0.009278262532235062,0.019479114275245,12.13257122039795,1.4522879123687744,3005,3006,17.61998652933721,2.9204249037374077,16.574501341842183,0.006669958967380618,0.0011055124385488235,0.8046875,,
1.7467750000003726,1385,,,,0.44921875,0.15234375,-1.330078125,0.009391804773800638,0.030244861570137355,12.132000923156738,1.5342881679534912,3007,3006,18.613985470000216,2.956143342122567,15.88130251249483,0.010231189110207683,0.0016248460932175104,0.814453125,,
1.7700400000009686,1385,,,,0.3359375,-0.3046875,-1.0234375,0.009738217603078868,0.018023181782354444,12.127001762390137,1.7572021484375,3008,3006,21.309593550977297,3.0651758544993766,14.384018386680125,0.005879982956246437,0.0008457778295601451,0.822265625,,
1.792554999999702,1385,,,,0,-0.021484375,-1.0625,0.00992353797551562,0.03715035598284793,12.140998840332031,1.580810546875,3035,3016,19.19261901639402,3.1337381986368067,16.327829964008657,0.011854964782638365,0.0019356584920023011,0.822265625,,
1.982480000000447,1385,,,,-0.53125,0.18359375,-0.9140625,0.015453099775744746,0.05037600229231177,12.131999015808105,1.3902064561843872,3043,3036,16.86598335819906,4.912898147695519,29.12903471653915,0.0102538259043578,0.0029868405074538673,0.818359375,,
2.005859999999404,1385,,,,0.087890625,0.142578125,-1.111328125,0.00901539361341474,0.03811032673913359,12.131811141967773,1.4799572229385376,3022,3023,17.954561526881434,2.8539126811913857,15.895195641054944,0.013353711551968074,0.00212259857652748,0.79296875,,
2.0277599999997764,1385,,,,-0.1875,0.11328125,-0.9609375,0.009503420223536752,0.027614553853839558,12.130500793457031,1.4892578125,3010,3011,18.065443076193333,2.996480180009944,16.586807018083658,0.009215663777141326,0.0015285843661498708,0.765625,,
2.063745000001043,1385,,,,-0.07421875,0.0234375,-1.01171875,0.009404026326761713,0.034216263020076125,12.13371467590332,1.5171595811843872,3009,3009,18.408781475904334,2.9630263090596625,16.09572210381243,0.011547741886549398,0.0018586924433245382,0.7578125,,
2.269535000000149,1385,,,,-0.3828125,0.15234375,-0.77734375,0.0097901841107451,0.033349371917439,12.132332801818848,1.4510091543197632,3009,3009,17.60412595869309,3.084650879502005,17.52231770404241,0.010811392673009084,0.0018944065723962148,0.75,,
2.2967299999985844,1385,,,,0.013671875,0.021484375,-1,0.009539335943228736,0.02564321014447725,12.132871627807617,1.4803413152694702,3007,3007,17.960791143504366,3.0037211726910877,16.723768728736665,0.008537147315009614,0.0014277327729937596,0.771484375,,
2.3291850000005216,1385,,,,0.236328125,-0.37109375,-0.810546875,0.009548746991746853,0.04022893079605926,12.133500099182129,1.492919921875,3006,3006,18.11434402014129,3.0060098724786073,16.594638310590952,0.013382833890325343,0.0022208328798066783,0.7734375,,
2.351625,1385,,,,0.302734375,-0.166015625,-0.958984375,0.009536079507050215,0.028814864611337115,12.131999969482422,1.5101207494735718,3006,3006,18.320784886528145,3.0018812042150675,16.385112443640153,0.009598935684355847,0.0015727964052744052,0.771484375,,
2.3741349999997765,1385,,,,-0.01171875,-0.009765625,-1.046875,0.009362377915801502,0.022479891168988894,12.13028621673584,1.4906529188156128,3006,3006,18.082046555046077,2.947177026422087,16.298912943566286,0.00762760124941656,0.0012432160873247795,0.767578125,,
2.3993100000005216,1385,,,,-0.412109375,0.109375,-1.0703125,0.009661136148521892,0.0397954852447407,12.131999969482422,1.4298502206802368,3006,3006,17.346942833657067,3.041218561840196,17.531726431585,0.01308537496912456,0.002294092142134018,0.775390625,,
2.425704999998212,1385,,,,-0.1484375,0.1796875,-1.2265625,0.009574324597840399,0.04718628759414696,12.131000518798828,1.513671875,3008,3006,18.362354300916195,3.014172198786384,16.414955018246168,0.015654808180218065,0.0025697297209755173,0.78125,,
2.4485249999985097,1385,,,,-0.0625,0.162109375,-1.078125,0.009663164957072373,0.047575277191484126,12.13466739654541,1.4789496660232544,3009,3008,17.94656229342411,3.0439902150736913,16.96141113437115,0.015629247740644392,0.0026509409665001096,0.787109375,,
2.472714999999851,1385,,,,-0.015625,0.22265625,-1.240234375,0.009604902444620395,0.030826496528995065,12.133143424987793,1.4760044813156128,3009,3009,17.908574067727045,3.0266076828732795,16.900327582906304,0.010185164302408114,0.001721326131964205,0.7890625,,
2.4956500000003725,1385,,,,-0.0859375,0.22265625,-0.978515625,0.009755177674984674,0.033127092147532046,12.130287170410156,1.5213449001312256,3007,3008,18.454350523830726,3.0733062173600385,16.653559351175076,0.010778975411043851,0.0017950830675267555,0.791015625,,
2.523964999999851,1385,,,,-0.109375,0.037109375,-0.91015625,0.009552267449601044,0.03928424177395471,12.131500244140625,1.8896484375,3014,3010,22.9242704808712,3.010611650677334,13.132856956950897,0.013048591559498033,0.001713652864405645,0.794921875,,
2.545609999999404,1385,,,,0.0234375,0.12109375,-0.90234375,0.01174708095689744,0.03268253260771813,12.1355562210083,1.4350043535232544,3041,3025,17.414576009573125,3.7216561004094397,21.370925702489536,0.008781717527345568,0.0018767343281715226,0.798828125,,
2.5699550000000744,1385,,,,-0.046875,-0.09375,-0.9453125,0.01229349290389185,0.05791128649215755,12.134285926818848,1.4969308376312256,3039,3042,18.16418679648973,3.9162482121862427,21.56027272821851,0.01478744026283988,0.00318821245019067,0.794921875,,
2.593789999999106,1385,,,,0.123046875,-0.31640625,-0.728515625,0.00805822504430577,0.05412141641524396,12.134000778198242,1.485595703125,3028,3036,18.026219417806715,2.5616527337073407,14.210704276554411,0.021127538367355897,0.0030023719983005184,0.787109375,,
2.620394999999553,1385,,,,-0.099609375,-0.205078125,-0.96484375,0.00817211480427586,0.04394100295350541,12.134285926818848,1.5011160373687744,3021,3025,18.214971206765995,2.5889089124962763,14.213082651125026,0.01697278832075117,0.0024123564322288595,0.78515625,,
2.6455649999994786,1385,,,,-0.32421875,-0.2421875,-0.80859375,0.008587834988217524,0.03883968223414079,12.131111145019531,1.4333767890930176,3015,3018,17.388453141178616,2.714348762317599,15.610064565717984,0.01430902423938264,0.002233647922491867,0.783203125,,
2.669730000000447,1385,,,,0.07421875,-0.24609375,-0.9453125,0.008873892240696625,0.03611675505278059,12.132500648498535,1.46484375,3010,3013,17.772217746824026,2.8002621853250487,15.756402634811673,0.01289763338663527,0.00203220304676015,0.77734375,,
2.692195000000298,1385,,,,0.453125,-0.42578125,-0.650390625,0.009251656484059798,0.03391618533070173,12.133001327514648,1.4691162109375,3009,3010,17.824788937577978,2.916219590639092,16.360471929578686,0.011630189111811353,0.0019027538249948134,0.775390625,,
2.7174700000006706,1385,,,,0.0859375,-0.189453125,-0.966796875,0.009262367652447322,0.031026548321911318,12.13657283782959,1.4146205186843872,3007,3008,17.16864496290134,2.9179863861527497,16.996020317608323,0.010632862603179792,0.0018071634883798148,0.7734375,,
2.7441749999988825,1385,,,,0.298828125,-0.158203125,-0.783203125,0.009256359091372054,0.0355610556280132,12.128500938415527,1.54052734375,3007,3008,18.684287334326655,2.915536633738068,15.604216428322973,0.01219708756751914,0.0019032599419877606,0.771484375,,
2.7733650000002235,1385,,,,0.23828125,-0.1796875,-0.931640625,0.009588025234963835,0.030615330747583453,12.12550163269043,1.6326904296875,3010,3008,19.79719047085382,3.0203233447804467,15.256323109216341,0.010136441451042368,0.0015464482595475611,0.767578125,,
2.7956199999991806,1385,,,,0.25,-0.19140625,-1.0859375,0.009902874114775835,0.028225823221083683,12.13599967956543,1.5760633945465088,3027,3016,19.127104851191234,3.127517219540712,16.351231636323313,0.009024993705783258,0.00147569762599622,0.763671875,,
2.8196450000014157,1385,,,,0.3125,-0.236328125,-0.908203125,0.012859694146348116,0.03188232543605309,12.129142761230469,1.4460099935531616,3033,3030,17.538861645972247,4.079798438558677,23.261477973375722,0.007814681513363335,0.0018178104189204769,0.759765625,,
2.84202499999851,1385,,,,-0.111328125,-0.107421875,-0.94140625,0.0095196093830832,0.04378540711457054,12.131999969482422,1.458740234375,3025,3030,17.69743647892028,3.0209129010838764,17.06977677067601,0.014494097826806171,0.0024741101439592164,0.755859375,,
2.8701500000003723,1385,,,,0.298828125,0.08984375,-1.095703125,0.00870881974094568,0.055688488793088,12.133143424987793,1.4132254123687744,3020,3024,17.146866620107858,2.757633158486453,16.08243196603991,0.020194306346262906,0.003247735579151411,0.7578125,,
2.8980250000003727,1385,,,,0.2109375,-0.10546875,-1.115234375,0.008866814295483937,0.05076499188964893,12.131112098693848,1.5028212070465088,3013,3017,18.230892526975595,2.801618501229052,15.367423712709611,0.01811988030039731,0.0027845587819978535,0.763671875,,
2.9200250000003725,1385,,,,-0.009765625,0.00390625,-1.1953125,0.00914814392826863,0.04377429312607519,12.13550090789795,1.4385986328125,3013,3014,17.458115014596842,2.887121353836683,16.537417421197777,0.01516191658099294,0.0025073894340526008,0.76953125,,
2.9426249999981375,1385,,,,-0.15625,0.078125,-1.046875,0.00954987324761352,0.04018447484207787,12.13371467590332,1.4501953125,3011,3012,17.596256146207452,3.012486439972289,17.120041984735344,0.013339304804454994,0.0022836945829945135,0.7734375,,
2.9682699999995528,1385,,,,-0.046875,-0.15625,-1.0234375,0.00934113569612473,0.04368538121811242,12.132000923156738,1.4605712890625,3009,3010,17.719652227242477,2.9446889162365357,16.618209423485883,0.01483531281597806,0.0024653633523884747,0.76953125,,
2.992269999999553,1385,,,,0.14453125,-0.419921875,-0.927734375,0.009367382069039353,0.03957320547483374,12.130500793457031,1.4703369140625,3007,3009,17.83592310268432,2.951553689321476,16.548365185972713,0.013407584492874703,0.0022187360444987534,0.76953125,,
3.0173000000007453,1385,,,,0.0234375,-0.2890625,-0.80859375,0.009498000920648796,0.0363056928572015,12.12800121307373,1.6929408311843872,3011,3009,20.531988454266298,2.992553633022117,14.575079465332061,0.012132010753818017,0.0017682502081116072,0.763671875,,
3.042449999999255,1385,,,,-0.0234375,-0.16796875,-0.951171875,0.010546675923519188,0.030826496528995065,12.132499694824219,1.480712890625,3024,3015,17.9647486936301,3.3296227232950995,18.534201508066236,0.009258255090981656,0.0017159436546933414,0.7578125,,
3.071085000000894,1385,,,,-0.111328125,0.189453125,-1.068359375,0.011206637547673506,0.03189343942454844,12.136000633239746,1.463623046875,3025,3025,17.762530223699287,3.5499691746794646,19.98571785647403,0.008984145454566708,0.0017955459623649386,0.751953125,,
3.092749999998137,1385,,,,0.17578125,-0.091796875,-1.05859375,0.00896598336028758,0.05144294518786515,12.134222984313965,1.4816622734069824,3019,3022,17.978820412965888,2.837509318456725,15.782511050671502,0.01812961277457377,0.002861308139591058,0.7578125,,
3.1181899999994784,1385,,,,0.21875,-0.03515625,-1.181640625,0.00875434884395664,0.05976732257088062,12.13257122039795,1.4153181314468384,3012,3017,17.171448029299313,2.7655829495950517,16.105706081841152,0.02161111189220775,0.0034806221623768,0.767578125,,
3.143059999998659,1385,,,,0.19921875,-0.099609375,-1.16015625,0.009053079549083267,0.05940056095053415,12.131501197814941,1.519775390625,3013,3013,18.437156971776858,2.856617089164144,15.493804676810976,0.02079402282365921,0.003221785280749253,0.771484375,,
3.177414999999106,1385,,,,-0.25,0.07421875,-1.02734375,0.009396487399153972,0.034338516893524955,12.135499954223633,1.4813232421875,3010,3011,17.97659813775681,2.962401855822889,16.479212769410825,0.011591444565844185,0.001910178813053772,0.76953125,,
3.199375,1385,,,,0.16015625,-0.404296875,-0.94921875,0.009408921646007064,0.026051189033095144,12.1290922164917,1.4217861890792847,3007,3009,17.244975799476947,2.96434862397381,17.18963632331523,0.008788166419566616,0.0015106538470112145,0.765625,,
3.2252399999983608,1385,,,,0.140625,-0.34765625,-0.7890625,0.009446302841955254,0.024269243316739884,12.132573127746582,1.5018136501312256,3009,3008,18.220863934465115,2.9750971225345464,16.32796959153563,0.008157462535564021,0.001331948002247805,0.76171875,,
3.247425000000745,1385,,,,0.173828125,-0.04296875,-0.818359375,0.00953144345372191,0.024458181121160792,12.134500503540039,1.5582275390625,3007,3007,18.908312857383862,3.0014625695788326,15.873772515916116,0.00814875433365567,0.0012935147258053572,0.759765625,,
3.270179999999702,1385,,,,0.484375,-0.337890625,-0.87109375,0.00978412189182209,0.062223514028352474,12.13371467590332,1.4432199001312256,3011,3008,17.511618482777976,3.082420250894411,17.602143707766682,0.020186577093210235,0.003553270309625976,0.76171875,,
3.296265000000596,1385,,,,0.326171875,-0.06640625,-0.93359375,0.009940917528824865,0.036961418178427026,12.134285926818848,1.4773995876312256,3011,3010,17.92718902448155,3.1338851204653686,17.481185233143375,0.011794120319553516,0.0020617520196809513,0.76171875,,
3.3199000000003727,1385,,,,0.419921875,-0.396484375,-0.91796875,0.009556738936912874,0.049531339166665335,12.132445335388184,1.5239800214767456,3009,3010,18.489604302790326,3.0124196478416745,16.292504688091462,0.01644237687871719,0.002678875023798665,0.76171875,,
3.342269999999553,1385,,,,-0.1875,0.19140625,-1.107421875,0.009351780071670538,0.029848465541404457,12.13371467590332,1.5576171875,3009,3009,18.899682527408004,2.9468636260002263,15.592132945761042,0.010128892724471861,0.0015793104195331701,0.76171875,,
3.369925000000745,1385,,,,0.1875,-0.291015625,-0.955078125,0.009656555668706839,0.04081797218631269,12.131500244140625,1.4837646484375,3011,3010,18.00029119476676,3.0434498828923418,16.907781379543273,0.013411744486333168,0.0022676284369321613,0.763671875,,
3.3989799999985846,1385,,,,-0.39453125,0.140625,-1.033203125,0.009850478763529609,0.03996219507217092,12.133499145507812,1.4678955078125,3011,3011,17.810708889737725,3.106218292304005,17.440172154482653,0.012865224305446149,0.0022437172669301534,0.7734375,,
3.5901199999991804,1385,,,,-0.57421875,0.23046875,-1.197265625,0.009462759871538478,0.03491644429528303,12.13155746459961,1.4431424140930176,3010,3011,17.507565126170448,2.983933640500941,17.043681511374377,0.011701481501251242,0.0019943632391856508,0.783203125,,
3.612234999999404,1385,,,,-0.142578125,0.189453125,-0.98828125,0.009541887974744973,0.03499424221475047,12.131625175476074,1.498260498046875,3007,3007,18.17633477752679,3.0046798876703757,16.530724837800413,0.011646579177485232,0.0019252639568466425,0.787109375,,
3.634359999999404,1385,,,,0.5,-0.1640625,-1.189453125,0.009577042423722119,0.029014916404253376,12.132573127746582,1.5011160373687744,3005,3006,18.212400096609827,3.014282483381461,16.550715267575082,0.009625811968261205,0.0015931407310590766,0.779296875,,
3.6802599999997763,1385,,,,0.421875,0.02734375,-1.3359375,0.009526079904691372,0.044185510700403066,12.13257122039795,1.5359933376312256,3005,3005,18.635548562867598,2.99818548801792,16.088528212107356,0.014737417306897115,0.002371033541156134,0.783203125,,
3.8803499999996274,1385,,,,-0.037109375,-0.064453125,-0.994140625,0.009554874955506746,0.020162624567708887,12.13066577911377,1.4749349355697632,3005,3005,17.8919427493355,3.007196782348836,16.80754753398997,0.006704790549809126,0.0011269108587136365,0.78515625,,
3.913410000000149,1385,,,,0.111328125,-0.125,-1.001953125,0.009641270395867027,0.03312570289897013,12.131940841674805,1.48831045627594,3006,3006,18.05609440958574,3.035087981287142,16.809216392199712,0.010914247989912284,0.0018345995622056634,0.783203125,,
3.9465649999994783,1385,,,,-0.29296875,0.1328125,-1.0234375,0.009534964860020478,0.04674543127003091,12.134182929992676,1.5456321239471436,3007,3006,18.754982934447753,3.0012876518910656,16.00261467782263,0.015575125310157235,0.002492427288972489,0.779296875,,
3.967769999999553,1385,,,,-0.1875,0.10546875,-0.75,0.009657202637027268,0.043718723183598464,12.132801055908203,1.42529296875,3005,3006,17.292796036228538,3.039508856728986,17.576734556755266,0.014383482741566029,0.0025281465815017654,0.787109375,,
3.992519999999553,1385,,,,-0.625,0.23828125,-0.744140625,0.009664149651502106,0.04585260897470523,12.12742805480957,1.4983259439468384,3005,3005,18.17084008786992,3.0415084626736113,16.738403111609536,0.015075614464803723,0.0025234171206709637,0.796875,,
4.013809999998659,1385,,,,-0.5,0.208984375,-0.861328125,0.009572035615538677,0.02932610808212311,12.134500503540039,1.456298828125,3005,3005,17.67145886318758,3.0125223853935568,17.04738928866316,0.009734735324893507,0.001659518227055605,0.80078125,,
4.036775000000373,1385,,,,0.111328125,0.3046875,-1.130859375,0.009459461311242137,0.01882338895401948,12.130001068115234,1.4501953125,3007,3006,17.590870689600706,2.977653998773672,16.927268986940984,0.006321550106819588,0.001070065790725607,0.798828125,,
4.05863000000082,1385,,,,0.3125,-0.103515625,-1.185546875,0.009530623215268146,0.028837092588327812,12.131999015808105,1.4718191623687744,3005,3006,17.85610862930548,3.0000135547170106,16.80104896871753,0.009612320765346674,0.0016149707188160985,0.7890625,,
4.081599999999628,1385,,,,0.46875,-0.126953125,-1.232421875,0.009508385670462558,0.03927312778545936,12.134285926818848,1.4801896810531616,3006,3006,17.961044815825858,2.992865124111321,16.66309034246295,0.01312225113957343,0.0021865725623519947,0.7890625,,
4.103679999999702,1385,,,,0.1875,0.0234375,-1.1875,0.009583529853141686,0.026569838935276868,12.132000923156738,1.5394810438156128,3006,3006,18.676985444753313,3.0169902538810387,16.15351825810071,0.00880673674735859,0.0014225978284274348,0.787109375,,
4.1256549999993295,1385,,,,-0.125,-0.009765625,-1.12890625,0.009802804324746818,0.03174895757410893,12.132499694824219,1.47705078125,3011,3008,17.9203181527555,3.0876347344116213,17.229798645828474,0.01028261446221844,0.0017716737673670756,0.783203125,,
4.148535000000149,1385,,,,-0.099609375,-0.12109375,-1.0234375,0.009980832400047868,0.03692807621294098,12.130001068115234,1.4168294668197632,3011,3010,17.186142945860865,3.1462336604807737,18.306804909000927,0.011737232576457155,0.002148712269487715,0.7734375,,
4.1725,1385,,,,-0.21875,-0.029296875,-1.109375,0.009986716737616258,0.04081797218631269,12.132573127746582,1.4913504123687744,3013,3012,18.093917937159176,3.149949344737099,17.40888488428535,0.012958294791156217,0.0022558946231587304,0.767578125,,
4.197855000000447,1385,,,,-0.07421875,-0.123046875,-0.92578125,0.010336374469343088,0.03922867183147797,12.132500648498535,1.50634765625,3016,3015,18.275763916317374,3.2631439987742357,17.855034753763498,0.012021740948672135,0.002146486024392827,0.76171875,,
4.220439999999479,1385,,,,-0.2109375,0.08203125,-1.111328125,0.010119018534345972,0.024858284706993312,12.134000778198242,1.483154296875,3016,3017,17.996595392469317,3.1965949661804682,17.76222055599519,0.007776488723154019,0.001381277078518711,0.75390625,,
4.242480000000447,1385,,,,-0.140625,-0.005859375,-1.01171875,0.009218814108424319,0.035827791351901554,12.13028621673584,1.4494978189468384,3017,3016,17.582823414359495,2.911439451229712,16.558429682300087,0.01230586860969026,0.002037658600531801,0.75,,
4.269570000000298,1385,,,,0.173828125,-0.26171875,-0.9765625,0.009360333887164084,0.043996572895982154,12.134857177734375,1.4822824001312256,3014,3014,17.98728522266174,2.9544336066661727,16.425122357786123,0.014891711493096826,0.002445981833909652,0.7421875,,
4.292125,1385,,,,0,-0.2109375,-0.97265625,0.009507403200859764,0.04105136594471499,12.133000373840332,1.505126953125,3010,3012,18.261705884942785,2.9990309579093766,16.42251264369639,0.013688210132159451,0.002247948039649616,0.740234375,,
4.3207350000012665,1385,,,,0.0625,-0.384765625,-0.880859375,0.009456131590268585,0.0581113382850738,12.133500099182129,1.4996337890625,3009,3010,18.195806728326716,2.9808311139593386,16.381967331620782,0.01949501198271057,0.0031936664943032025,0.734375,,
4.345425000000745,1385,,,,0.07421875,-0.283203125,-0.705078125,0.009241780116153269,0.024991652568937487,12.13022232055664,1.4572482109069824,3007,3008,17.67674477453511,2.9112740751551205,16.469514677550045,0.008584438264406921,0.0014138153199417202,0.740234375,,
4.371734999999404,1385,,,,0.15625,-0.162109375,-0.873046875,0.00952427300461546,0.032326884975867005,12.129714965820312,1.4969308376312256,3006,3007,18.157344384013413,2.9988118385452123,16.5156962115314,0.01077989774495137,0.0017803751634698922,0.748046875,,
4.395610000001267,1385,,,,0.44921875,-0.4921875,-0.724609375,0.01001906124108636,0.03358276567584131,12.131999969482422,1.4800347089767456,3008,3007,17.955781044138803,3.1549925620914823,17.570901284304462,0.010644324832759317,0.0018703038087448456,0.765625,,
4.422794999999925,1385,,,,-0.1875,0.22265625,-1.076171875,0.009921109818171318,0.052365406232979014,12.132573127746582,1.4557756185531616,3007,3007,17.662304149686747,3.1240526926454515,17.687684835281576,0.016762011203029975,0.0029648117136465315,0.76953125,,
4.445489999998361,1385,,,,-0.173828125,-0.21875,-1,0.009572210283011796,0.04368538121811242,12.13155746459961,1.5662977695465088,3005,3006,19.001631397927667,3.013236460368311,15.85777766795822,0.014497827101419284,0.002299033188428062,0.767578125,,
4.469679999999702,1385,,,,-0.15625,0.2578125,-1.279296875,0.009609350456623835,0.04268512225353112,12.130857467651367,1.4885603189468384,3007,3006,18.057513061145755,3.024479080236825,16.74914518956976,0.01411321458047207,0.0023638428009987956,0.76171875,,
4.492669999999926,1385,,,,-0.099609375,0.208984375,-1.05859375,0.00999785311650034,0.02661429488925826,12.132000923156738,1.4892578125,3008,3007,18.067677156068385,3.148550054223471,17.42642414421252,0.00845287336421976,0.0014730335648221013,0.75390625,,
4.517574999999255,1385,,,,0.26171875,0.1328125,-1.3046875,0.010353563006303731,0.04309633982785898,12.133143424987793,1.4878627061843872,3009,3009,18.052451610825642,3.262131881634103,18.07029843901023,0.013211096728030104,0.0023872846058213553,0.751953125,,
4.545584999999031,1385,,,,0.111328125,0.0703125,-0.978515625,0.009762980280609835,0.05084278980911637,12.131000518798828,1.4599609375,3007,3008,17.710786890238523,3.07550895665406,17.3651739796449,0.016531504386977886,0.0028707244982513385,0.74609375,,
4.571484999999404,1385,,,,-0.03125,0.04296875,-0.86328125,0.009471522060087433,0.054654887863020654,12.131112098693848,1.4344618320465088,3007,3007,17.401617285853945,2.982019704601613,17.136451489631053,0.01832814443804031,0.003140793580574289,0.740234375,,
4.595549999998882,1385,,,,-0.724609375,0.337890625,-0.830078125,0.009604547101113081,0.040217816807563915,12.135499954223633,1.5277099609375,3004,3006,18.53952416102402,3.0233327496604465,16.307499175283336,0.013302477807671293,0.0021693014587782448,0.748046875,,
4.62,1385,,,,-0.361328125,0.11328125,-0.76953125,0.009845545315684878,0.02740338807242795,12.13257122039795,1.4829798936843872,3008,3006,17.992359178544007,3.099576568797507,17.22718259478596,0.008841010203874136,0.001523056971045056,0.765625,,
4.642245000001043,1385,,,,-0.1875,0.298828125,-0.904296875,0.010023805628858183,0.030948750402443884,12.131000518798828,1.4862060546875,3008,3007,18.029166420456022,3.1568726508925233,17.509809257241717,0.0098036106694687,0.0017165935285465672,0.7734375,,
4.6698149999994785,1385,,,,-0.162109375,0.263671875,-1.013671875,0.009469425042578694,0.03243802486082049,12.132570266723633,1.4920480251312256,3007,3007,18.102377506230823,2.9822426210558386,16.474314603313037,0.010877057631661123,0.0017919206938235236,0.779296875,,
4.692700000001118,1385,,,,0.375,-0.208984375,-1.21484375,0.009619538460995877,0.03817284292441993,12.13022232055664,1.4930555820465088,3006,3007,18.111096147172248,3.0287732456457452,16.723301676683104,0.012603400726448687,0.0021077047250052834,0.77734375,,
4.720565000001341,1385,,,,0.375,0.173828125,-1.2421875,0.009521071279966212,0.030848724505985754,12.13371467590332,1.50390625,3006,3006,18.247969336807728,2.99734405028624,16.42563068231564,0.010292019864399541,0.0016905291726768315,0.77734375,,
4.745644999999553,1385,,,,0.17578125,-0.13671875,-1.119140625,0.009511869628054895,0.035761107420929465,12.129779815673828,1.4539930820465088,3006,3006,17.636615938737123,2.9944610007744266,16.9786596883214,0.011942418823180846,0.0020276626505419133,0.7734375,,
4.770035000000149,1385,,,,-0.0859375,-0.29296875,-0.9453125,0.009638499244005765,0.03559439759349925,12.131429672241211,1.4983259439468384,3008,3007,18.176835815085497,3.034698930471393,16.695419166149954,0.011729136368717214,0.0019582284813266784,0.763671875,,
4.793109999999404,1385,,,,0.07421875,-0.23046875,-0.923828125,0.010045175565391301,0.03091540843695784,12.131500244140625,1.468505859375,3010,3009,17.81517919152975,3.1651037210799577,17.766331099183162,0.00976758146377878,0.0017353408632373795,0.7578125,,
4.819394999999553,1385,,,,-0.078125,-0.328125,-0.740234375,0.009996869668759695,0.03906196200404775,12.133000373840332,1.473388671875,3011,3011,17.876625306671485,3.151748639084718,17.630557138256393,0.012393742800311485,0.0021850859059774543,0.7578125,,
4.842330000000074,1385,,,,0.01171875,-0.39453125,-0.84375,0.00946297883468278,0.029114942300711506,12.131501197814941,1.4678955078125,3008,3010,17.807776111294515,2.9829094576331294,16.75060063081785,0.009760585332621375,0.0016349566682975906,0.75390625,,
4.872694999998435,1385,,,,0.3125,-0.263671875,-0.693359375,0.009275232680379365,0.03640571875365963,12.133142471313477,1.4857701063156128,3009,3009,18.0270603795459,2.9222778052106255,16.21050655894146,0.012457993791262998,0.002019503900645208,0.755859375,,
4.896044999999925,1385,,,,0.13671875,-0.263671875,-0.84765625,0.009305516077973199,0.03787276523504554,12.130000114440918,1.46875,3007,3007,17.8159376680851,2.9306837134204673,16.449786522717805,0.012922842905774837,0.002125780070666143,0.763671875,,
4.919830000000075,1385,,,,-0.037109375,0.1796875,-0.978515625,0.009688933149395866,0.027236678244997734,12.134285926818848,1.5283203125,3009,3008,18.545075659640133,3.052065551628233,16.457552439489255,0.008924014830044314,0.0014686744203623412,0.771484375,,
4.94335000000149,1385,,,,0,-0.3515625,-0.9140625,0.00983020811420531,0.02175748191679129,12.131429672241211,1.4864675998687744,3009,3009,18.032977147873225,3.0978898085204,17.179025865320074,0.007023323378691445,0.0012065385398304753,0.783203125,,
4.968839999999851,1385,,,,-0.265625,-0.060546875,-0.994140625,0.009545251686008793,0.02952615987503937,12.131999969482422,1.5069580078125,3007,3009,18.28241450479254,3.007373030006676,16.449539688635355,0.009817924008906145,0.001615003306445076,0.796875,,
4.992285000000149,1385,,,,-0.21875,0.171875,-1.25,0.009346578474321077,0.03253805075727861,12.135000228881836,1.48681640625,3007,3008,18.04251743014902,2.9438643325652056,16.316261541452153,0.01105283636794696,0.0018034096895429667,0.810546875,,
5.018289999999106,1385,,,,-0.3125,0.3203125,-1.009765625,0.009534306323473308,0.04673061406583771,12.131999969482422,1.4910888671875,3007,3007,18.08989009121433,3.002582167862882,16.59812277865159,0.01556347551983854,0.002583244775408185,0.810546875,,
5.205824999999255,1385,,,,-0.03125,0.265625,-1.109375,0.009521599893606857,0.049131235580832815,12.130857467651367,1.4299665689468384,3007,3007,17.346720631400558,2.9983420604361326,17.28477747551094,0.01638613426704433,0.0028323068448970583,0.8046875,,
5.228224999999627,1385,,,,-0.263671875,0.185546875,-0.880859375,0.009530175664801774,0.03598857516593483,12.132246971130371,1.49017333984375,3008,3008,18.079150988778565,3.0016275836861497,16.602702115542986,0.011989686982333448,0.0019906120142628575,0.7890625,,
5.2513100000005215,1385,,,,0.236328125,0.130859375,-1.306640625,0.009384266405128811,0.04837548436314917,12.131333351135254,1.5869140625,3009,3008,19.251383491791785,2.956090483482452,15.35521062547448,0.016364683230589053,0.0025128315782486504,0.80078125,,
5.286344999998808,1385,,,,0.25,-0.009765625,-1.076171875,0.009982848761357545,0.051731908888744196,12.131000518798828,1.4727783203125,3009,3009,17.866274567786604,3.1457193669181565,17.607024648495983,0.016445176080479695,0.0028955062059786256,0.810546875,,
5.475544999999926,1385,,,,0.3359375,-0.044921875,-1.185546875,0.009729126061542607,0.03659465655808055,12.132363319396973,1.557173252105713,3009,3009,18.892191645793446,3.065628962082555,16.22696307320782,0.011937079473969,0.0019370254782604195,0.822265625,,
5.513275000000372,1385,,,,0.0625,-0.1953125,-0.921875,0.009586687600451222,0.033444214180200466,12.131811141967773,1.487884521484375,3008,3008,18.05073401570553,3.019485492180276,16.727771233862796,0.011076130111177135,0.001852789706562704,0.80078125,,
5.537859999999404,1385,,,,-0.23046875,0.271484375,-1.16796875,0.009596198025591501,0.029748439644946327,12.131333351135254,1.49169921875,3006,3006,18.096300482284278,3.020567448660693,16.69162960472355,0.009848626177222649,0.0016438962026558486,0.798828125,,
5.561324999999255,1385,,,,0.123046875,0.306640625,-1.076171875,0.009448229633784718,0.02125735243450064,12.132500648498535,1.458740234375,3006,3006,17.698166839545593,2.9745625590244997,16.80717887898989,0.007146379345765696,0.0012011047600140282,0.80078125,,
5.583594999998808,1385,,,,-0.26171875,0.2109375,-0.96875,0.00943605489170644,0.019145694620384568,12.131501197814941,1.45263671875,3006,3006,17.62266409350559,2.9706389461421643,16.856923166554154,0.00644497529571819,0.0010864245337026115,0.8046875,,
5.605544999999926,1385,,,,-0.287109375,-0.00390625,-0.80078125,0.009338693425648604,0.020468259251330948,12.12933349609375,1.4851888418197632,3006,3006,18.014350767109136,2.9398336070145867,16.319398045596948,0.006962386987648784,0.0011362196459892518,0.80078125,,
5.629064999999478,1385,,,,-0.703125,0.373046875,-0.73046875,0.009710668210814786,0.030793154563509013,12.130857467651367,1.4578683376312256,3006,3006,17.685193010406238,3.057083772206762,17.28612048739263,0.010072721867638228,0.0017411828383998894,0.798828125,,
5.650370000001043,1385,,,,-0.6875,0.2265625,-0.6171875,0.009654700560408345,0.03878411229166406,12.132001876831055,1.484375,3005,3006,18.008440285921097,3.0393471204228897,16.8773479111294,0.012760672195371914,0.0021536630422116718,0.806640625,,
5.673785000000149,1385,,,,-0.099609375,0.4375,-0.95703125,0.009802648661094775,0.046775070019819086,12.132001876831055,1.4501953125,3006,3006,17.593772253021598,3.085645523698979,17.538282747573035,0.015158925307708885,0.0026586151819593903,0.806640625,,
5.697330000000075,1385,,,,0.09375,-0.162109375,-0.966796875,0.009782857159582737,0.03673913840852007,12.132000923156738,1.463623046875,3005,3006,17.756676155840978,3.079258478578663,17.34141261322579,0.011931164163093666,0.0020690324070833997,0.8046875,,
5.722709999999031,1385,,,,0.298828125,0.03515625,-1.251953125,0.009728426163737796,0.02670320679722104,12.133142471313477,1.5227400064468384,3006,3006,18.475621444988292,3.0623210856724796,16.574928723186016,0.008719923891115118,0.0014453211696683994,0.802734375,,
5.7463249999992545,1385,,,,0.39453125,-0.181640625,-1.080078125,0.009683223479300597,0.05050937015425593,12.135000228881836,1.54296875,3007,3006,18.72392613440752,3.0478412844654823,16.277789511595532,0.016572178614318513,0.0026975843523244173,0.8046875,,
5.769610000001267,1385,,,,0,-0.015625,-1.041015625,0.009639124693293508,0.051943074670155805,12.134857177734375,1.4669363498687744,3004,3005,17.80106309448456,3.0337296305402517,17.042407042982816,0.017121853624413357,0.0029179759879762305,0.80078125,,
5.795159999998287,1385,,,,0.07421875,-0.423828125,-0.916015625,0.009831076421147673,0.05902268534169232,12.129142761230469,1.4557756185531616,3005,3005,17.65731030574989,3.0939556021316874,17.522236108203742,0.01907677191651574,0.003342677017035392,0.806640625,,
5.819650000000372,1385,,,,0.0859375,-0.1875,-0.7734375,0.009453530453175627,0.03526097793863881,12.131999969482422,1.4569091796875,3006,3006,17.67522212350741,2.975369979775084,16.833564856975396,0.011850955739394898,0.0019949383205624884,0.814453125,,
5.842150000000372,1385,,,,0.13671875,-0.341796875,-0.875,0.009588541691748354,0.03951763553235701,12.131999969482422,1.4666748046875,3006,3006,17.793698685709387,3.0184342132964614,16.96350076850885,0.01309209767046717,0.002220878088943628,0.818359375,,
5.873605000000447,1385,,,,0.32421875,-0.234375,-0.7265625,0.009679886492160167,0.02254657509996098,12.131428718566895,1.5018136501312256,3004,3006,18.219145245137724,3.0471686898774313,16.72509137436429,0.007399188359627011,0.0012375210141089437,0.814453125,,
5.897054999999702,1385,,,,-0.041015625,0.01171875,-1.080078125,0.009527771803702985,0.02234652330704472,12.13272762298584,1.4905894994735718,3006,3006,18.08491639479564,2.999493254543764,16.585607525434504,0.007450099537044541,0.0012356442694684204,0.802734375,,
5.922955000000075,1385,,,,-0.21875,-0.0078125,-0.96875,0.009607822325835015,0.038395122694326884,12.133143424987793,1.4669363498687744,3007,3006,17.798549128285913,3.024511132775011,16.993020672501782,0.012694654113935788,0.002157205197883706,0.7890625,,
5.948195000000298,1385,,,,0.072265625,0.056640625,-1.306640625,0.00957637952572814,0.028470330967981336,12.134500503540039,1.4630126953125,3005,3006,17.752928287955,3.014175724407878,16.97847068110411,0.009445478157572983,0.0016036977396736217,0.783203125,,
5.97390499999933,1385,,,,-0.2109375,0.41015625,-1.03125,0.009435616127013966,0.05546620902318104,12.133000373840332,1.4654541015625,3006,3005,17.78035516210366,2.9694275785904116,16.700608910891336,0.018679091358581264,0.003119521995904756,0.78515625,,
5.997559999998659,1385,,,,0.0859375,-0.01171875,-0.90234375,0.009482533487101272,0.013922120027571119,12.131000518798828,1.463623046875,3005,3005,17.755211940966547,2.9842796590179566,16.80790783540205,0.004665152605755622,0.000784114550356262,0.798828125,,
6.021279999999329,1385,,,,-0.2734375,0.19140625,-0.947265625,0.00945005148539633,0.021390720296444815,12.133499145507812,1.466064453125,3008,3006,17.788491789251566,2.9743658884700586,16.720731154213283,0.007191690968271452,0.001202503312246508,0.80078125,,
6.046410000000149,1385,,,,-0.28125,0.134765625,-0.78515625,0.009617520003676522,0.026336445176874564,12.134857177734375,1.5220423936843872,3009,3007,18.469767065816995,3.028962214309532,16.399569109430715,0.008694874123042864,0.0014259218907864224,0.8046875,,
6.071824999999255,1385,,,,-0.548828125,0.28515625,-0.77734375,0.009725885660274786,0.05036488830381642,12.131001472473145,1.4813232421875,3010,3010,17.969934432185255,3.065249293788162,17.05765430227788,0.0164309273003937,0.0028027307775597564,0.80859375,,
6.099255000000819,1385,,,,-0.69921875,0.5078125,-0.73046875,0.009504572050721482,0.03242691087232513,12.134500503540039,1.513671875,3009,3010,18.367652129381895,2.995466898583048,16.30838213552257,0.010825327726927679,0.0017654358131300452,0.818359375,,
6.125530000001192,1385,,,,-0.40625,0.19140625,-0.783203125,0.009452654310213748,0.03057087479360206,12.131112098693848,1.5180121660232544,3007,3008,18.415175753209155,2.977962854246419,16.171243186356552,0.01026570051067279,0.001660091394363943,0.822265625,,
6.148394999999553,1385,,,,0.15625,0.10546875,-1.033203125,0.009339984288141936,0.04734188343308183,12.13550090789795,1.456298828125,3007,3007,17.672915750881657,2.941098141054393,16.64183874643135,0.016096669054406192,0.0026787817075809945,0.81640625,,
6.171144999999553,1385,,,,0.328125,-0.0546875,-1.212890625,0.009471736242582993,0.03174895757410893,12.133143424987793,1.5415736436843872,3006,3006,18.704134119003697,2.9818043121347153,15.941953223619985,0.010647565785891362,0.0016974299570409667,0.80859375,,
6.193445000000298,1385,,,,0.21875,0.185546875,-1.126953125,0.009437456283776763,0.031648931677650795,12.133142471313477,1.4899553060531616,3006,3007,18.077840004232485,2.971614284134608,16.437883527229342,0.010650417130723807,0.0017507031631124608,0.8046875,,
6.219009999999776,1385,,,,0.296875,-0.291015625,-1.28515625,0.009378993124248383,0.03154890578119266,12.135429382324219,1.552734375,3005,3006,18.843098357319832,2.9524995921437487,15.668864727847765,0.010685490309682195,0.0016742950221313847,0.806640625,,
6.2426549999993295,1385,,,,0.19921875,-0.357421875,-0.9296875,0.00955809910745954,0.03747636486491088,12.130001068115234,1.463623046875,3006,3006,17.753749121911824,3.008301257322777,16.944597091382278,0.012457650234891296,0.002110898639355968,0.80859375,,
6.266440000001341,1385,,,,-0.21875,-0.302734375,-0.900390625,0.00961248804337695,0.015211342693031461,12.131999969482422,1.474609375,3005,3005,17.889960892498493,3.0250351088438774,16.909120858460437,0.005028484677272062,0.0008502725514290972,0.8046875,,
6.289609999999404,1385,,,,0.291015625,-0.345703125,-0.701171875,0.00960641660201136,0.015211342693031461,12.131429672241211,1.4871652126312256,3004,3005,18.04144018803936,3.022840363620186,16.754983704816368,0.005032135628496834,0.0008431335045589032,0.814453125,,
6.3119149999991055,1385,,,,0.09375,-0.15234375,-0.75390625,0.009707960445779519,0.05923385112310393,12.133500099182129,1.4892578125,3004,3005,18.06990981567651,3.0545993854047038,16.904342171949818,0.019391692215395384,0.0032780380050217916,0.822265625,,
6.3335999999996275,1385,,,,-0.162109375,0.37109375,-1.09375,0.009766966891016285,0.057133307297483206,12.131428718566895,1.484375,3004,3005,18.007589504122734,3.073022995414711,17.065154637777365,0.018591890585502417,0.0031727348785023594,0.82421875,,
6.354820000000298,1385,,,,-0.078125,-0.36328125,-0.9375,0.009460314526914822,0.055132789368320605,12.131333351135254,1.41845703125,3006,3005,17.207775090355426,2.9767603510909892,17.298926418206133,0.018521070850770475,0.0032039464183386095,0.82421875,,
6.377189999999478,1385,,,,-0.1875,0.1328125,-1.259765625,0.009578220520894805,0.03797279113150367,12.13257122039795,1.4641462564468384,3003,3005,17.763858733420307,3.014149516546854,16.96787596535058,0.012598177669370237,0.002137643160833236,0.818359375,,
6.401155000001192,1385,,,,-0.048828125,0.17578125,-1.15234375,0.009620257112847275,0.02685880263615591,12.133143424987793,1.4676339626312256,3005,3005,17.807013363987835,3.027209431891512,17.000096366601344,0.008872462655936409,0.0015083272015999068,0.810546875,,
6.426810000000522,1385,,,,0.3359375,0.10546875,-1.1640625,0.009583372372947924,0.02942613397858124,12.131429672241211,1.4864675998687744,3006,3006,18.032977147873225,3.016256897852966,16.72633904606649,0.009755844735747598,0.0016317956673089725,0.802734375,,
6.448454999998212,1385,,,,-0.13671875,0.076171875,-0.9609375,0.009620257671783185,0.030782040575013672,12.134000778198242,1.5240478515625,3008,3006,18.492797816870734,3.02880051505623,16.378270854684278,0.01016311256617777,0.001664542103355049,0.794921875,,
6.4738249999992545,1385,,,,-0.25,0.275390625,-0.892578125,0.009836175314022944,0.02992626346087189,12.134499549865723,1.4825439453125,3008,3008,17.989928837050684,3.098160789610844,17.221640050238044,0.009659364214157166,0.0016635009361036517,0.787109375,,
6.496714999999851,1385,,,,-0.224609375,0.08203125,-0.81640625,0.00956411870751911,0.028425875013999943,12.130000114440918,1.4373779296875,3008,3008,17.435394451604225,3.012860130532643,17.280137474924924,0.009434847215749952,0.0016303545694307186,0.787109375,,
6.520980000000447,1385,,,,-0.599609375,0.521484375,-0.876953125,0.009380733371216553,0.05126512137193958,12.133142471313477,1.4906529188156128,3007,3007,18.08630423926911,2.9541932900996564,16.333869269352945,0.01735334026508814,0.002834471912765483,0.798828125,,
6.5455649999994785,1385,,,,-0.2109375,0.1640625,-0.884765625,0.009453896824750525,0.047230743548128354,12.130858421325684,1.5073939561843872,3006,3007,18.285982667634812,2.976902042560299,16.279694105962665,0.01586573655191802,0.0025828933783101624,0.80859375,,
6.571894999999553,1385,,,,-0.3359375,0.23828125,-0.88671875,0.009611734597764909,0.043196365724317114,12.133500099182129,1.4752197265625,3006,3007,17.899578698561527,3.026235968655317,16.906744117382587,0.014273958201452169,0.0024132615885416636,0.81640625,,
6.600544999999926,1385,,,,0.3359375,-0.048828125,-1.21875,0.009698943132679305,0.04874224598349565,12.132000923156738,1.531982421875,3008,3007,18.586012156447396,3.0543163238768307,16.43341400063221,0.015958480004987605,0.002622523087427725,0.814453125,,
6.625364999998361,1385,,,,0.39453125,-0.115234375,-1.1796875,0.010392687961346306,0.04746413730653066,12.135555267333984,1.4854600429534912,3011,3010,18.026882448678407,3.2757488925579223,18.17146643011518,0.014489553034532969,0.0026329642655438944,0.8125,,
6.650900000000372,1385,,,,0.412109375,-0.021484375,-1.22265625,0.009930234586700995,0.025902999625556006,12.131999969482422,1.5264892578125,3009,3011,18.519367629196495,3.131171747124161,16.90755218978292,0.008272621790659275,0.001398697846719071,0.8125,,
6.844594999998808,1385,,,,0.423828125,-0.287109375,-1.1953125,0.009268561081576138,0.03220463110241818,12.131500244140625,1.4947509765625,3015,3012,18.133571837097406,2.923926170253504,16.12438077021195,0.011014173829028672,0.0017759673268856165,0.80859375,,
6.880055000001565,1385,,,,0.25,-0.009765625,-1.16796875,0.009601204559547008,0.03262918546294046,12.132369041442871,1.485576868057251,3013,3013,18.023566802701453,3.029381885513423,16.807893346944876,0.010770905318663855,0.0018103622784614339,0.798828125,,
6.9044700000006705,1385,,,,-0.1953125,-0.025390625,-1.064453125,0.009812957355014048,0.02756269146846244,12.133092880249023,1.5664950609207153,3013,3012,19.00643007060239,3.0953381817127035,16.285742089464357,0.008904581616090663,0.0014501771961423825,0.783203125,,
6.926140000000596,1385,,,,-0.0859375,-0.064453125,-0.923828125,0.009668212556660817,0.03028191109272302,12.131000518798828,1.546630859375,3013,3012,18.762179757468402,3.0499569075591952,16.255877232735397,0.009928635718645901,0.0016139868333085933,0.7734375,,
6.948390000000596,1385,,,,0.109375,-0.20703125,-1.009765625,0.009343127743722151,0.029459475944067285,12.13257122039795,1.5436662435531616,3011,3012,18.7286406404329,2.946911976849561,15.73478841004365,0.009996727481341797,0.0015729639171178174,0.767578125,,
6.9724000000003725,1385,,,,-0.0859375,-0.322265625,-0.900390625,0.009676658637256943,0.02051271520531234,12.136000633239746,1.4885603189468384,3015,3013,18.06516897335439,3.053217539804688,16.9011291525039,0.006718392953626398,0.001135484270065119,0.763671875,,
6.998955000000074,1385,,,,-0.048828125,-0.1171875,-0.904296875,0.009797712837772412,0.016656161197426668,12.13371467590332,1.5094865560531616,3012,3014,18.315679178261007,3.0922489580656944,16.88307011697335,0.0053864230931282,0.0009093935876096787,0.755859375,,
7.023525000000372,1385,,,,0,-0.443359375,-0.783203125,0.009437837338336115,0.02588077164856531,12.131999969482422,1.4529080390930176,3012,3012,17.626680285937255,2.977105667793197,16.88976948296023,0.008693266056541969,0.0014682725974903654,0.75390625,,
7.046335000000894,1385,,,,0.048828125,-0.3515625,-0.91015625,0.009565531138573734,0.02793685952020464,12.133142471313477,1.5032087564468384,3011,3011,18.23864600609545,3.016456222263498,16.53881664930271,0.009261483496432544,0.001531739774480408,0.751953125,,
7.070289999999106,1385,,,,0.421875,-0.462890625,-0.8359375,0.009396952853036336,0.02999294739184398,12.133999824523926,1.51123046875,3010,3011,18.33727024262771,2.9628550287040185,16.15755774715269,0.010122988503073397,0.0016356277131217118,0.751953125,,
7.093029999999329,1385,,,,0,-0.2421875,-0.76171875,0.009178775712364324,0.03177118555109962,12.133143424987793,1.5066964626312256,3010,3010,18.28096427902642,2.89306514205674,15.825560938138953,0.010981842437364829,0.001737938167055575,0.75390625,,
7.120114999998361,1385,,,,0.361328125,-0.255859375,-0.734375,0.009535332949013306,0.03859517448724314,12.131428718566895,1.5220423936843872,3009,3008,18.464548805619074,3.004022871099745,16.26913770124494,0.012847829774715996,0.002090231117670093,0.755859375,,
7.1429199999999256,1385,,,,0.236328125,-0.20703125,-0.89453125,0.010005933781825987,0.03349385376787853,12.132444381713867,1.4990234375,3013,3010,18.186818482354283,3.154440404282102,17.34465215751007,0.010618001761076596,0.0018416554715370288,0.759765625,,
7.177644999999553,1385,,,,0.375,-0.3046875,-0.724609375,0.010213135248605903,0.01258844140812939,12.131429672241211,1.4411271810531616,3015,3014,17.482933045701657,3.2231559155539746,18.436013608977458,0.0039056259572741677,0.0007200417329988217,0.763671875,,
7.199650000000372,1385,,,,0.1796875,-0.142578125,-0.923828125,0.00947070261942735,0.03023745513874163,12.130908966064453,1.4559658765792847,3013,3013,17.662189506479535,2.9885684064772358,16.920713059843752,0.010117705545306195,0.0017119879235611612,0.76953125,,
7.223685000000522,1385,,,,0.34375,-0.322265625,-0.927734375,0.00917584101934798,0.027058854429072167,12.132000923156738,1.4780970811843872,3010,3011,17.932275153444266,2.8930971474689833,16.13346395096611,0.009352902114864867,0.0015089470910708703,0.783203125,,
7.247589999999851,1385,,,,0.19921875,-0.2109375,-1.060546875,0.009212327936610556,0.01826768952925209,12.131999969482422,1.490478515625,3009,3009,18.082485306076705,2.903114732666811,16.054843587740706,0.006292444912251652,0.0010102421885067507,0.791015625,,
7.273830000000075,1385,,,,-0.1484375,0.091796875,-1.13671875,0.009358996632989891,0.028537014898953418,12.131430625915527,1.4801896810531616,3008,3008,17.95681842889246,2.9485150668172624,16.420030522072395,0.009678436179658849,0.0015892021747592802,0.80859375,,
7.297339999999851,1385,,,,-0.224609375,-0.23828125,-1.0625,0.009581286284382979,0.0382839828093734,12.132890701293945,1.4860025644302368,3010,3009,18.029506696074577,3.0194841333976448,16.74745839859863,0.012678981282241325,0.0021234071156094737,0.822265625,,
7.319779999999329,1385,,,,-0.0859375,0.341796875,-1.12890625,0.009356617382538061,0.029892921495385846,12.130858421325684,1.4927455186843872,3009,3010,18.108284546228674,2.9487959756244133,16.284237019229657,0.010137331216703103,0.001650787042752291,0.826171875,,
7.345254999998957,1385,,,,-0.046875,0.1171875,-1.294921875,0.009565872229215237,0.029570615829020763,12.130858421325684,1.4990234375,3011,3010,18.18444109056145,3.015050716218174,16.58038705288073,0.00980766780139329,0.001626149282331765,0.82421875,,
7.37015499999933,1385,,,,0.07421875,-0.10546875,-1.166015625,0.010228318602975146,0.021724139951305246,12.132501602172852,1.500244140625,3016,3013,18.201714439783245,3.227556287005031,17.73215538394891,0.0067308322518718575,0.0011935216335348653,0.81640625,,
7.3923100000005215,1385,,,,-0.26171875,0.166015625,-1.21875,0.009653277230103398,0.01877893300003809,12.131429672241211,1.4543806314468384,3013,3015,17.643716347067084,3.047968828918784,17.27509538785715,0.006161130265462591,0.001064341130328799,0.8125,,
7.429769999999553,1385,,,,0.2734375,-0.01953125,-1.25,0.00916780533744669,0.045252453595956456,12.13257122039795,1.4341517686843872,3013,3013,17.399948474423013,2.8930089195491235,16.62653727855396,0.01564200279168481,0.0026007234252719267,0.806640625,,
7.453334999999031,1385,,,,0.1328125,0.23046875,-1.076171875,0.009547854650560187,0.047123306878872735,12.130462646484375,1.4351712465286255,3009,3010,17.40929119732391,3.0098243896280925,17.288609602272327,0.01565649711699476,0.002706790663948246,0.80078125,,
7.474504999998957,1385,,,,-0.099609375,0.056640625,-1.01953125,0.009282714736257858,0.036994760143913064,12.132000923156738,1.4578683376312256,3007,3009,17.686860017983008,2.9246239405201777,16.53557464437771,0.012649407546507715,0.0020916522269243303,0.791015625,,
7.499539999999106,1385,,,,-0.21875,-0.013671875,-0.78515625,0.009364959780522148,0.022879994754821414,12.130858421325684,1.4369419813156128,3009,3008,17.431339734998915,2.9496485352912187,16.92152513882148,0.007756854581511174,0.0013125780979922391,0.787109375,,
7.524174999998882,1385,,,,-0.07421875,0.08203125,-0.865234375,0.009506221330869655,0.03317154810151343,12.132570266723633,1.4794921875,3010,3009,17.950042923912406,2.99522741212681,16.686463786315937,0.01107480118778675,0.0018479926896065235,0.77734375,,
7.547009999999776,1385,,,,-0.55078125,0.173828125,-0.8046875,0.010215524280436221,0.03791722118902693,12.134500503540039,1.4593505859375,3011,3011,17.708490419900045,3.2210533361776696,18.189316309864488,0.011771683741822851,0.0021411887907970503,0.7734375,,
7.571099999999627,1385,,,,-0.421875,0.18359375,-0.791015625,0.009654072735642968,0.01654502131247319,12.130287170410156,1.4704240560531616,3010,3012,17.83666606220413,3.044984431561865,17.07148870165923,0.005433532316612453,0.0009275848555314978,0.771484375,,
7.593329999998212,1385,,,,-0.662109375,0.39453125,-0.765625,0.009203259201406255,0.01654502131247319,12.132000923156738,1.5106201171875,3011,3011,18.32684465625789,2.9018520294525656,15.833887850747391,0.0057015385845137,0.0009027752252389895,0.7734375,,
7.627809999998659,1385,,,,-0.546875,0.3671875,-0.8671875,0.009397502426773757,0.021735253939800595,12.132570266723633,1.435546875,3009,3010,17.416873332113028,2.961841924411348,17.00558916594024,0.007338424701419665,0.0012479423559753052,0.779296875,,
7.653080000000075,1385,,,,-0.09375,0.099609375,-0.82421875,0.00973523595944575,0.02783683362374651,12.130910873413086,1.4630681276321411,3008,3008,17.748349058036865,3.0668444885867836,17.279604308875392,0.009076702039291812,0.0015684181966852488,0.779296875,,
7.67502999999933,1385,,,,0.421875,0.015625,-1.240234375,0.009215107245442814,0.014777897141712898,12.131500244140625,1.50634765625,3007,3007,18.274256959557533,2.902150427225573,15.88108580090712,0.005092050709390837,0.0008086729421840585,0.78515625,,
7.698449999999255,1385,,,,0.162109375,-0.0703125,-0.990234375,0.009297759753988395,0.02365797394949576,12.13371467590332,1.5248326063156128,3007,3007,18.50188377354766,2.9279943863830065,15.825385253847454,0.008079924626741104,0.0012786792004022755,0.79296875,,
7.72275,1385,,,,0.236328125,0.193359375,-1.30078125,0.009546716657039328,0.031393309942257794,12.134858131408691,1.4794921875,3007,3007,17.953427801840007,3.006059692223188,16.74365321988876,0.010443342167646804,0.0017485969971171946,0.802734375,,
7.8984399999994785,1385,,,,0.4375,-0.236328125,-1.0703125,0.009434386747471171,0.033882843365215694,12.132500648498535,1.5118408203125,3006,3007,18.342409732867964,2.9703730382798827,16.194017479378616,0.011406932034650083,0.0018472405675520733,0.80859375,,
7.9301299999989565,1385,,,,-0.16015625,-0.009765625,-1.0234375,0.009928879199423079,0.03712336548813091,12.131999015808105,1.5221747159957886,3025,3024,18.46702215634889,3.144227149502755,17.02617304989685,0.011806833197150467,0.0020102518518595076,0.80859375,,
7.956235000001267,1385,,,,-0.103515625,-0.076171875,-1.08203125,0.00926213762062525,0.03189343942454844,12.13272762298584,1.455522060394287,3013,3015,17.65945270801103,2.92451821164268,16.56063899599789,0.010905536268359954,0.0018060264919807117,0.857421875,,
7.977425000000745,1385,,,,-0.224609375,0.30859375,-1.240234375,0.009291115263576996,0.046008204813640104,12.133501052856445,1.4642333984375,3011,3011,17.766277481568977,2.929387434409263,16.488470572680498,0.01570574252938245,0.0025896367351781907,0.875,,
7.999394999999553,1385,,,,-0.3125,0.099609375,-1.099609375,0.009306887456931616,0.013566472395719991,12.132000923156738,1.4871652126312256,3007,3009,18.042289732528616,2.932702779591794,16.254604172021452,0.004625928167738949,0.0007519263129480107,0.876953125,,
8.02377499999851,1385,,,,0,0.08203125,-1.08203125,0.009253461148392055,0.017200746633698707,12.135334014892578,1.5559896230697632,3008,3008,18.88245379965838,2.9148841226723428,15.436998568083768,0.005901005292083172,0.0009109381024414266,0.8671875,,
8.048560000000522,1385,,,,0.0625,0.33203125,-1.10546875,0.009523846117311156,0.033271573997971565,12.133501052856445,1.522216796875,3007,3007,18.46981910755858,2.9994438248624036,16.239703309465078,0.011092581138604209,0.0018014022662710067,0.85546875,,
8.074294999999925,1385,,,,0.037109375,0.033203125,-1.04296875,0.009446444811677404,0.03727260985629676,12.130500793457031,1.494140625,3009,3008,18.124674037098885,2.9755163894961707,16.4169373937742,0.012526434062965434,0.002056456837789441,0.84765625,,
8.097049999998882,1385,,,,0.048828125,0.072265625,-0.8828125,0.009657645733473079,0.0008520695570421574,12.132499694824219,1.5020751953125,3011,3010,18.223926848731935,3.043855730482547,16.702523861888448,0.00027993099295382096,0.000046755540894933215,0.83984375,,
8.121859999999405,1385,,,,-0.3984375,0.10546875,-0.880859375,0.009373856922400857,0.011321446719659744,12.134285926818848,1.4585658311843872,3010,3010,17.698654838679545,2.954876899840791,16.695488593760537,0.003831444457219096,0.0006396783723312846,0.83203125,,
8.146004999998956,1385,,,,-0.611328125,0.134765625,-0.6875,0.009310094212004091,0.02561403592467696,12.133000373840332,1.510009765625,3009,3010,18.320949050830677,2.93433404660415,16.016277532692044,0.008729079756382749,0.0013980736398322999,0.830078125,,
8.172574999999254,1385,,,,-0.4375,0.390625,-0.876953125,0.009530385527770727,0.017778674035456795,12.132500648498535,1.4544677734375,3007,3009,17.64633120445069,3.0029037799048304,17.017156399894894,0.005920494074578789,0.0010074997363175825,0.833984375,,
8.20041500000097,1385,,,,-0.48828125,0.37890625,-0.833984375,0.009505397599066429,0.004430773852544136,12.129500389099121,1.563720703125,3010,3008,18.96715087699704,2.994503510686595,15.78784040948536,0.0014796355511796427,0.00023360249946225106,0.833984375,,
8.22530999999866,1385,,,,-0.537109375,0.4296875,-0.849609375,0.009989012287414964,0.022539168668565254,12.13377857208252,1.4398871660232544,3018,3013,17.47127204130959,3.151588244420128,18.03868794995819,0.007151685728131123,0.001290070271659269,0.833984375,,
8.412265000000597,1385,,,,-0.548828125,0.125,-0.728515625,0.010237413328699447,0.02859258484143016,12.132500648498535,1.4990234375,3016,3017,18.186902827583253,3.234563796581722,17.7851271722638,0.008839703477682748,0.0015721525051569023,0.8359375,,
8.446769999999553,1385,,,,-0.41796875,0.25390625,-0.83203125,0.009285103535343772,0.0308598384944811,12.13244342803955,1.479724645614624,3013,3014,17.9526755519953,2.93040346778027,16.322934480117528,0.01053091795508176,0.0017189548379629282,0.84375,,
8.47643500000052,1385,,,,0.275390625,-0.009765625,-1.162109375,0.009468411562949388,0.036439060719145676,12.132363319396973,1.5065696239471436,3010,3010,18.278250043694015,2.984598088921032,16.328686180495254,0.012209034393746073,0.0019935749118235274,0.83984375,,
8.498509999999776,1385,,,,0.291015625,0.00390625,-1.15234375,0.009618103812238673,0.027340411698555483,12.133777618408203,1.4208984375,3007,3008,17.240865658968687,3.029893721752599,17.57390714413722,0.009023554688492773,0.0015857911220561608,0.849609375,,
8.521759999999777,1385,,,,0.46875,0.001953125,-1.25390625,0.009534471768503847,0.01407771586650599,12.132001876831055,1.5053013563156128,3009,3008,18.262318880017347,3.003361950630958,16.445676862631288,0.004687319110355143,0.0007708613544093704,0.861328125,,
8.546164999999107,1385,,,,0.048828125,-0.11328125,-1.07421875,0.00978868113207241,0.012810721178036343,12.133143424987793,1.4969308376312256,3010,3009,18.162476550266774,3.08424687721814,16.981422487633374,0.004153597843500475,0.0007053399982420447,0.861328125,,
8.571810000000522,1385,,,,-0.037109375,0.09765625,-1.078125,0.009732661081424033,0.037650485465138585,12.131499290466309,1.4910888671875,3010,3010,18.089143534307368,3.067661662596109,16.95857881152895,0.012273350064712035,0.00208138574353903,0.853515625,,
8.598320000000298,1385,,,,-0.1875,-0.2734375,-0.96875,0.009439473762958266,0.04057346443941504,12.132000923156738,1.4971923828125,3008,3009,18.163939370424487,2.9743526979063053,16.37504198428072,0.013641107346810403,0.0022337370551610055,0.849609375,,
8.623339999999851,1385,,,,0.173828125,-0.13671875,-0.8046875,0.009297254895124092,0.027714579750297688,12.132445335388184,1.5695528984069824,3009,3009,19.042514740922798,2.9296873731475763,15.384981516394006,0.009459910297705895,0.001455405450769505,0.83984375,,
8.646014999998734,1385,,,,0.236328125,-0.41015625,-0.837890625,0.009465695961894609,0.027347818129951212,12.132573127746582,1.4927455186843872,3008,3009,18.11084416655433,2.982327761284002,16.46708311251183,0.009169957267935222,0.001510024484692712,0.833984375,,
8.670209999999031,1385,,,,0.2734375,-0.0859375,-0.810546875,0.009530126880176536,0.034560796663431904,12.131000518798828,1.4996337890625,3008,3008,18.19205827312544,3.0017493510069486,16.500328362741335,0.01151355180666179,0.001899773854313533,0.830078125,,
8.696039999999106,1385,,,,0.07421875,-0.16015625,-1.046875,0.009597385315513298,0.03588336129437829,12.129000663757324,1.4599609375,3009,3007,17.707867179997265,3.0223029212191777,17.06757166460543,0.01187285398907108,0.0020264078632186706,0.828125,,
8.722544999999926,1385,,,,0.07421875,-0.017578125,-0.97265625,0.009454585154328588,0.011076938972762095,12.132499694824219,1.4642333984375,3007,3007,17.764811259694397,2.977473972803345,16.760515658045698,0.003720247120189923,0.0006235326010974264,0.8203125,,
8.747599999999627,1385,,,,-0.13671875,0.0234375,-1.083984375,0.009415064472658913,0.04012890489960113,12.134000778198242,1.5008544921875,3007,3007,18.211369576165453,2.964795794462178,16.27991668645516,0.013535132832607322,0.0022035083485495103,0.822265625,,
8.770550000000744,1385,,,,-0.26171875,-0.060546875,-1.04296875,0.009485000350757614,0.03898416408458032,12.131501197814941,1.5185546875,3006,3007,18.422348010353744,2.9864481351328265,16.211007052165012,0.013053688636332684,0.0021161343854035545,0.828125,,
8.792294999999925,1385,,,,-0.0625,0.28125,-1.21875,0.009545119916867068,0.01872336305756135,12.130857467651367,1.4341517686843872,3009,3008,17.397490692890415,3.006212427918558,17.279574859304645,0.00622822355588658,0.0010762105517442674,0.828125,,
8.817599999999628,1385,,,,-0.15625,0.150390625,-1.228515625,0.009920013185908095,0.032049035263483315,12.133143424987793,1.4271763563156128,3009,3009,17.316135423928813,3.125704299148398,18.050819207783807,0.010253380421243019,0.0018508191625248788,0.826171875,,
8.842234999999404,1385,,,,0.2109375,0.03125,-1.06640625,0.009408319234049025,0.03354942371035526,12.132000923156738,1.4990234375,3008,3010,18.186153727583587,2.965136558924162,16.30436321687325,0.011314630218086135,0.0018447784074028615,0.828125,,
8.867865000000224,1385,,,,0.298828125,0.298828125,-1.220703125,0.009332044743217851,0.026380901130855956,12.131000518798828,1.484375,3008,3009,18.00695389509201,2.9407522102382346,16.331203086157554,0.008970800409164294,0.0014650396332744739,0.8359375,,
8.894664999999106,1385,,,,-0.0625,-0.0703125,-0.8984375,0.00943679282684687,0.016367197496547626,12.132001876831055,1.5130615234375,3010,3009,18.356465242104605,2.973824674484617,16.200421133713117,0.0055037533439607255,0.0008916312198824557,0.837890625,,
8.919929999999702,1385,,,,-0.30078125,0.130859375,-0.96484375,0.00977275956309478,0.022368751284035416,12.130500793457031,1.4501953125,3012,3011,17.591595388948917,3.0811879584438673,17.515113838847597,0.00725978148224771,0.0012715589910672637,0.830078125,,
8.942445000000298,1385,,,,-0.287109375,0.169921875,-0.755859375,0.009367238981445375,0.023124502501719064,12.133500099182129,1.4788818359375,3010,3011,17.944012903026305,2.9534495949396864,16.459248056166853,0.00782965876287159,0.0012887029577324399,0.82421875,,
8.967669999999925,1385,,,,-0.375,0.26171875,-0.859375,0.009322285861893766,0.014355565578889683,12.129714965820312,1.5004185438156128,3010,3010,18.19964926591456,2.938812181214945,16.14763085967231,0.0048848189995438565,0.00078878254020948,0.81640625,,
8.992009999999777,1385,,,,-0.361328125,0.265625,-0.84375,0.00931430259115113,0.020190409538947254,12.135499954223633,1.4971923828125,3011,3010,18.169178093085065,2.9359678321830263,16.159056932247335,0.006876917831873778,0.0011112450676363528,0.8125,,
9.015984999999404,1385,,,,-0.546875,0.3984375,-0.830078125,0.009327481730150109,0.020245979481423995,12.132499694824219,1.5142822265625,3009,3009,18.37202865164727,2.9393775748456292,15.999199819351901,0.00688784579928874,0.0011020002126770417,0.81640625,,
9.041140000000595,1385,,,,-0.5625,0.392578125,-0.830078125,0.0095578836376647,0.01451116141782455,12.132499694824219,1.4886474609375,3012,3010,18.061014865525067,3.012802493346811,16.681246960809826,0.00481649940541062,0.0008034521606824825,0.81640625,,
9.069974999999628,1385,,,,-0.40625,0.359375,-0.900390625,0.009472277851483638,0.016722845128398754,12.132573127746582,1.4627511501312256,3012,3012,17.746935296662514,2.9874151504881366,16.833414336333043,0.005597764048852159,0.0009422948159135763,0.818359375,,
9.091990000000223,1385,,,,-0.20703125,0.0859375,-0.892578125,0.009139017472014493,0.024458181121160792,12.131600379943848,1.49267578125,3012,3012,18.10854607494548,2.8825079789787726,15.917942650111137,0.00848503501101355,0.001350643006894988,0.81640625,,
9.11791000000015,1385,,,,-0.125,0.28125,-0.947265625,0.009388590473093327,0.008098390056008896,12.13466739654541,1.5315755605697632,3013,3013,18.585160020191665,2.9619684546051412,15.937277114574961,0.002734124343362897,0.00043574497325879783,0.8125,,
9.142735000001267,1385,,,,0.19921875,0.11328125,-0.98046875,0.009384690358019563,0.015811498071780238,12.133501052856445,1.51123046875,3012,3013,18.336516483686864,2.9608484109950295,16.147278648205383,0.00534019168730985,0.0008622956320982223,0.806640625,,
9.16777499999851,1385,,,,-0.048828125,0.1328125,-1.06640625,0.009534183357572232,0.016800643047866187,12.136500358581543,1.5008544921875,3016,3013,18.215121082612313,3.008595746140445,16.51702304088647,0.0055842141867742685,0.000922345943881957,0.80078125,,
9.19250500000082,1385,,,,0.0859375,0.09375,-1.04296875,0.00969487547656533,0.017789788023952136,12.132499694824219,1.5191650390625,3014,3015,18.431269372813404,3.0612841555002555,16.609187862099876,0.005811217489232078,0.0009651960298617594,0.79296875,,
9.221349999999628,1385,,,,-0.287109375,0.177734375,-0.96875,0.009422250152769023,0.017278544553166145,12.130499839782715,1.4984130859375,3017,3016,18.176499698893167,2.975816059985076,16.371777345922574,0.005806321427424784,0.000950598016086579,0.7890625,,
9.245669999999926,1385,,,,-0.25,0.29296875,-0.953125,0.009363992821390965,0.014977948934629158,12.132888793945312,1.5201822519302368,3017,3017,18.44420220919892,2.9580666928796804,16.037921615305024,0.005063425030504675,0.0008120681374420742,0.7890625,,
9.268584999999032,1385,,,,-0.421875,0.38671875,-0.939453125,0.009357773681210105,0.01267735331609217,12.133501052856445,1.48193359375,3015,3016,17.98104282002896,2.9558461415387507,16.438680287476174,0.0042889083900329835,0.0007050399380602639,0.787109375,,
9.29256499999948,1385,,,,-0.236328125,0.271484375,-0.841796875,0.008888364908051246,0.018201005598280008,12.131429672241211,1.4146205186843872,3014,3014,17.161369335329027,2.805696724568158,16.348909400791506,0.006487160725142677,0.0010605800296373056,0.7890625,,
9.31425,1385,,,,0.01171875,0.265625,-1.109375,0.008997455085328005,0.022057559606165678,12.132000923156738,1.4732142686843872,3011,3012,17.873036867686665,2.838367114440175,15.88072097345564,0.007771214475374936,0.0012341248870830883,0.783203125,,
9.335820000000298,1385,,,,0,0.1015625,-0.92578125,0.009204921756282385,0.02612527939546296,12.132000923156738,1.4983259439468384,3013,3011,18.177691735152735,2.9026148614784795,15.96800574995608,0.00900060140330011,0.0014372165496095892,0.78125,,
9.356945000000298,1385,,,,0.5625,0.0078125,-1.072265625,0.009600494955470718,0.02612527939546296,12.128571510314941,1.5687779188156128,3015,3012,19.027035172158207,3.027868142533297,15.91350473227643,0.008628275131427941,0.0013730609713536158,0.77734375,,
9.380794999999926,1385,,,,-0.1875,0.35546875,-0.86328125,0.010526901469552525,0.026947714544118692,12.128666877746582,1.4078775644302368,3024,3017,17.075677983627543,3.3261070943794535,19.478623909215102,0.008101878195580555,0.001578134383299839,0.775390625,,
9.402119999999181,1385,,,,-0.46875,0.12109375,-0.8671875,0.010564965703964346,0.03821729887840132,12.133001327514648,1.5032958984375,3024,3023,18.239491131389514,3.3446610783180346,18.337469254073607,0.011426359198588833,0.0020953051049012387,0.76953125,,
9.423695000000299,1385,,,,-0.6484375,0.2734375,-0.7890625,0.009152418390670781,0.03808393101645715,12.13066577911377,1.44287109375,3019,3022,17.50298700062558,2.8966409953067394,16.549409510520743,0.01314761859621622,0.0021758532423692013,0.775390625,,
9.447310000000522,1385,,,,-0.59375,0.3515625,-0.736328125,0.009010829193837173,0.03552771366252717,12.133143424987793,1.4397321939468384,3017,3020,17.468477202729332,2.8495453992026833,16.31250031775787,0.01246785317842909,0.00203381858934883,0.779296875,,
9.471234999999403,1385,,,,-0.349609375,0.359375,-0.99609375,0.009061323294878533,0.03574999343243411,12.133000373840332,1.470947265625,3015,3016,17.84700372372754,2.8621881095671338,16.037359289401966,0.012490441600583968,0.0020031369963185806,0.779296875,,
9.496044999999926,1385,,,,-0.736328125,0.208984375,-0.640625,0.009158754767659595,0.038050589050971105,12.13371467590332,1.4787946939468384,3013,3013,17.943272880590712,2.8901676749872776,16.10724918592516,0.01316552993802984,0.002120604713766045,0.783203125,,
9.524294999999926,1385,,,,-0.548828125,0.4375,-0.890625,0.009174024896829485,0.02679211870518382,12.132000923156738,1.4453125,3012,3012,17.534532584249973,2.8937903105151235,16.50337867069471,0.009258486562702796,0.0015279630966182288,0.783203125,,
9.54953500000015,1385,,,,-0.7109375,0.267578125,-0.75,0.00917498696527142,0.01946800028674965,12.132444381713867,1.5223524570465088,3011,3011,18.469856514482217,2.8930703084131664,15.663740030382527,0.006729183259091876,0.001054041771872174,0.791015625,,
9.57377999999933,1385,,,,-0.197265625,0.30078125,-0.939453125,0.009105672763643043,0.024435953144170096,12.130500793457031,1.484375,3010,3010,18.00621211528778,2.870415107815618,15.941248994720855,0.008513038089032992,0.0013570845987881752,0.791015625,,
9.597025000000373,1385,,,,-0.234375,0.1328125,-0.802734375,0.009339236990824947,0.03032636704670441,12.131501197814941,1.50390625,3010,3010,18.244640473276377,2.9438473446328772,16.13540891060497,0.010301609932999554,0.0016622068870649767,0.7890625,,
9.623605000000447,1385,,,,0.375,0.052734375,-1.041015625,0.009813109705660796,0.01768976212749401,12.132000923156738,1.5004185438156128,3011,3011,18.203079158692503,3.094104634535581,16.99769916705579,0.005717247545556651,0.0009718005384296003,0.78515625,,
9.648889999998733,1385,,,,0.048828125,0.033203125,-1.0859375,0.009370874410670397,0.022857766777830718,12.131000518798828,1.45751953125,3011,3011,17.681170189753175,2.9544439804292977,16.709550039518856,0.007736740628437758,0.0012927745467365929,0.779296875,,
9.67078500000015,1385,,,,0.375,-0.009765625,-1.224609375,0.009337043027628602,0.019423544332768262,12.130500793457031,1.4404296875,3008,3010,17.473133467137814,2.9429789124643606,16.842880059259542,0.0065999604178283355,0.0011116234171334317,0.7734375,,
9.853109999999404,1385,,,,0.359375,0.15234375,-1.189453125,0.009388926253843648,0.008298441848925156,12.133143424987793,1.5108816623687744,3009,3009,18.331743907704322,2.958546008168035,16.138922860059377,0.0028049054589702476,0.0004526815283208026,0.7734375,,
9.879929999999701,1385,,,,0.10546875,-0.150390625,-0.984375,0.009582491614398067,0.028586237712062895,12.133111953735352,1.4837346076965332,3010,3010,18.00231810481364,3.020097600670979,16.77615950949914,0.009465335724816263,0.0015879198193047828,0.791015625,,
9.906919999999925,1385,,,,0.40625,-0.400390625,-0.76171875,0.009792418317327247,0.02587336521716958,12.13333511352539,1.4952256679534912,3009,3009,18.14207409962455,3.085488464950995,17.00736336985223,0.008385500549126347,0.0014261525487708723,0.822265625,,
9.929224999999628,1385,,,,0.07421875,-0.14453125,-0.8359375,0.009814229813232407,0.027114424371548908,12.133000373840332,1.48681640625,3009,3009,18.03954401286319,3.092596881030318,17.143431556945817,0.008767526261785393,0.001503054863926429,0.818359375,,
9.953740000000224,1385,,,,0.5,-0.41796875,-0.9453125,0.009426658620056549,0.021746367928295943,12.130857467651367,1.4725167751312256,3008,3009,17.862891117842537,2.9699395544434206,16.62630945265554,0.00732215842432231,0.0012174047182415145,0.810546875,,
9.97641500000097,1385,,,,-0.32421875,0.205078125,-1.0546875,0.00942496979519246,0.01902344074693574,12.134000778198242,1.52099609375,3008,3008,18.455767785198987,2.968579569388787,16.084833770879502,0.006408263717469617,0.0010307585665545714,0.802734375,,
9.999199999999256,1385,,,,-0.09375,-0.189453125,-1.029296875,0.010018969715330443,0.016300513565575537,12.134858131408691,1.4892578125,3010,3009,18.071932275779545,3.1567141417348608,17.467496522026966,0.0051637597937889725,0.0009019795623859155,0.796875,,
10.02448999999836,1385,,,,-0.375,0.140625,-1.083984375,0.010436897835866302,0.022268725387577286,12.133715629577637,1.5666853189468384,3012,3011,19.009714141135078,3.291390928913039,17.31425788139973,0.006765749152420309,0.0011714392558586687,0.7890625,,
10.048064999999479,1385,,,,-0.19921875,-0.1015625,-1.12109375,0.009880747379015195,0.022857766777830718,12.135000228881836,1.490478515625,3013,3012,18.086957128252834,3.116914306123764,17.232939095404667,0.007333460125266305,0.0012637707169729292,0.78125,,
10.072605000000447,1385,,,,-0.546875,0.1640625,-1.2265625,0.00978463429632123,0.054532633989571824,12.130001068115234,1.456298828125,3011,3011,17.664906340651214,3.085709990306743,17.468023496992902,0.01767263746783633,0.0030870604654200215,0.775390625,,
10.097205000000075,1385,,,,-0.03125,0.0703125,-1.1171875,0.009223037428190339,0.04705291973220278,12.129143714904785,1.6469029188156128,3011,3011,19.975522186810736,2.9076868413101873,14.55624946430712,0.016182251494112416,0.002355528896424569,0.76953125,,
10.121664999999107,1385,,,,-0.390625,0.125,-1.13671875,0.010098239124522691,0.03957320547483374,12.13550090789795,1.473388671875,3024,3015,17.880309565225616,3.1884096248746463,17.831959862012685,0.01241158136209979,0.0022132282067306814,0.763671875,,
10.145939999999479,1385,,,,-0.125,0.1328125,-1.02734375,0.01148136824332379,0.05611082035591121,12.133001327514648,1.453857421875,3024,3025,17.6396540296264,3.637528324371803,20.621313310694475,0.015425534965587242,0.003180947895104472,0.7578125,,
10.168784999998286,1385,,,,-0.048828125,-0.041015625,-1.00390625,0.008677732004878157,0.05072053593566755,12.129715919494629,1.4718191623687744,3019,3023,17.852748324401773,2.7469965436073713,15.38696728196565,0.01846399699835845,0.0028410491770805343,0.75,,
10.194580000000075,1385,,,,-0.037109375,-0.04296875,-0.951171875,0.008557503492441613,0.04219610675973582,12.132000923156738,1.4536830186843872,3015,3018,17.63608372465626,2.7043893939897408,15.334410043704027,0.015602822157753177,0.002392600728059781,0.736328125,,
10.221,1385,,,,0.048828125,-0.13671875,-1.00390625,0.00915424694951336,0.025458440085742093,12.13333511352539,1.5033637285232544,3013,3014,18.240815915691655,2.8892570481893816,15.839516508161783,0.008811414028286684,0.0013956853796129524,0.7265625,,
10.247179999999702,1385,,,,-0.103515625,0.009765625,-1.009765625,0.009213132105656791,0.03503869816873186,12.130500793457031,1.4971923828125,3010,3011,18.161693387664855,2.905390435609331,15.997354286261809,0.012059893134942254,0.0019292638313412784,0.720703125,,
10.273359999999403,1385,,,,-0.162109375,0.005859375,-1.109375,0.009380637234239349,0.02630310321138852,12.132000923156738,1.512451171875,3009,3010,18.34905901341699,2.9567129975457784,16.113703680302102,0.008896062361555358,0.0014334851281559162,0.712890625,,
10.295910000000148,1385,,,,-0.486328125,0.1328125,-1.078125,0.009350695177061507,0.01059903746746214,12.132000923156738,1.4762369394302368,3009,3009,17.90970791196571,2.9467133583810843,16.453162568957065,0.0035969014214824145,0.0005918040383216292,0.7109375,,
10.323419999999926,1385,,,,0.078125,-0.013671875,-1.236328125,0.009572788222746851,0.020234865492928647,12.130857467651367,1.5415736436843872,3010,3010,18.700610147423276,3.0170124167160655,16.133229840801608,0.006706921516403216,0.0010820430634835073,0.705078125,,
10.348464999999852,1385,,,,-0.041015625,0.291015625,-1.1171875,0.009639464416288698,0.03706144407488516,12.135499954223633,1.45263671875,3011,3010,17.628472833894193,3.038885450557991,17.238506586430667,0.012195735797833396,0.002102362718773192,0.705078125,,
10.370375,1385,,,,0.287109375,0.015625,-1.17578125,0.009241498522493135,0.03472750649086213,12.131000518798828,1.4361572265625,3010,3010,17.422024060506374,2.912639925220574,16.718148907985825,0.01192303456055668,0.001993310672184479,0.71484375,,
10.39338000000082,1385,,,,-0.037109375,0.28125,-1.029296875,0.009357438319661718,0.021546316135379683,12.13371467590332,1.484375,3007,3009,18.01098272204399,2.9482236280446505,16.369032570534102,0.007308236705798957,0.0011962876467039596,0.724609375,,
10.420059999998658,1385,,,,0.09375,-0.03125,-1.005859375,0.009504665951955031,0.030437506931657886,12.134285926818848,1.4508928060531616,3009,3008,17.605548157813587,2.9940158844776175,17.006092952288064,0.01016611404417064,0.0017288588039872702,0.7421875,,
10.443679999999702,1385,,,,-0.19921875,0.044921875,-0.8359375,0.009397294362879775,0.024824942741507268,12.134222984313965,1.5375434160232544,3007,3008,18.656894658089982,2.959986206682357,15.865374495207599,0.008386844062132245,0.0013306042187863618,0.744140625,,
10.467894999999553,1385,,,,-0.3984375,0.33984375,-0.923828125,0.009483712702145788,0.03097097837943458,12.137715339660645,1.4739118814468384,3010,3008,17.88992285274537,2.98727678280098,16.698097623951213,0.010367629326397756,0.0017311968662112927,0.748046875,,
10.492349999999627,1385,,,,-0.7109375,0.3515625,-0.662109375,0.010028822637622056,0.036961418178427026,12.131000518798828,1.4990234375,3009,3009,18.184654098004103,3.15989339591317,17.376703339438233,0.011697045927635045,0.0020325609703229826,0.759765625,,
10.515839999999852,1385,,,,-0.474609375,0.35546875,-0.89453125,0.009503566525012235,0.04295185797741947,12.134857177734375,1.4871652126312256,3008,3009,18.046537454974896,2.994947622199883,16.595691166087178,0.014341438781446862,0.002380060888942378,0.765625,,
10.537464999999852,1385,,,,-0.3125,0.345703125,-0.984375,0.009518630417746584,0.03172672959711823,12.127500534057617,1.5167236328125,3009,3009,18.394066666951403,2.999136391441142,16.30491204443489,0.010578621795147146,0.0017248349792121612,0.771484375,,
10.559529999999329,1385,,,,-0.01171875,-0.05078125,-0.9453125,0.009554348368008789,0.015244684658517502,12.131335258483887,1.5519205331802368,3009,3008,18.82686828253452,3.009725806943512,15.986332733498761,0.005065140692666301,0.0008097302445494788,0.76953125,,
10.582144999999553,1385,,,,0.59375,0.03125,-1.341796875,0.00961594590040878,0.022457663191998198,12.132000923156738,1.4654541015625,3008,3008,17.77889051300008,3.028653529615879,17.035109853459648,0.007415065134520844,0.0012631644913712113,0.763671875,,
10.60363000000082,1385,,,,0.125,-0.009765625,-0.9921875,0.00951582440880772,0.027247792233493082,12.132573127746582,1.5311105251312256,3007,3008,18.576310412817065,2.997001920138187,16.13346166992532,0.009091683275343624,0.0014668032363785743,0.759765625,,
10.624634999999776,1385,,,,0.40625,0.072265625,-1.38671875,0.009475326846894389,0.03997330906066627,12.132667541503906,1.5185546875,3008,3007,18.424119167029858,2.9839461683754838,16.195868802864048,0.013396122719743463,0.002169618460360314,0.76171875,,
10.645889999998733,1385,,,,0.203125,-0.048828125,-1.125,0.009495043311259978,0.03431628891653426,12.130285263061523,1.5150669813156128,3006,3007,18.378194676003886,2.9898899721861683,16.26868158105877,0.011477442058325191,0.001867228502119443,0.76171875,,
10.673050000000744,1385,,,,-0.0625,-0.203125,-1.041015625,0.009572459288961473,0.026647636854744305,12.132667541503906,1.4518228769302368,3006,3007,17.614484294944305,3.0140764657171357,17.11135231238211,0.008841061982946097,0.0015128252640579827,0.755859375,,
10.696310000000521,1385,,,,-0.009765625,-0.37109375,-0.798828125,0.00958627716289287,0.023124502501719064,12.13022232055664,1.4507378339767456,3007,3006,17.597772454980714,3.018036475560295,17.150105124277236,0.0076621017303728995,0.0013140585014880172,0.755859375,,
10.720210000000893,1385,,,,0.296875,-0.3359375,-0.859375,0.009480957427557831,0.03229354301038096,12.132573127746582,1.5025111436843872,3007,3007,18.22932632600498,2.9850246877384974,16.374849154355317,0.010818517898036907,0.001771515986540475,0.759765625,,
10.74328500000015,1385,,,,0.44921875,-0.45703125,-0.806640625,0.009566566707088357,0.04875335997199099,12.130000114440918,1.7987060546875,3016,3008,21.818304649204947,3.013109331424149,13.810006688736678,0.016180415182262126,0.0022345164189357647,0.76953125,,
10.769799999998883,1385,,,,0.375,-0.021484375,-0.892578125,0.012166586225155094,0.03057087479360206,12.133715629577637,1.4892578125,3041,3024,18.07023079600185,3.852330684255418,21.318657895104305,0.007935682914902938,0.0016917810922683985,0.76953125,,
10.79249499999918,1385,,,,0.53125,-0.048828125,-1.09765625,0.011330902415812845,0.03496460346496229,12.132000923156738,1.4501953125,3036,3038,17.593770870007575,3.6045193768088906,20.487474819588456,0.009700212375031459,0.0019873285677811737,0.767578125,,
10.81856500000134,1385,,,,-0.234375,0.140625,-0.955078125,0.008042764737191148,0.04355201335616824,12.133001327514648,1.4453125,3026,3032,17.535978481173515,2.553927802544376,14.563930979307784,0.01705295400785375,0.0024835804516369206,0.763671875,,
10.842185000000521,1385,,,,-0.486328125,0.078125,-0.787109375,0.00820545742755435,0.03609082386009203,12.134500503540039,1.4190673828125,3019,3024,17.219673871295527,2.5984664300516545,15.090102457649845,0.0138892784769879,0.0020959063528057822,0.765625,,
10.863609999999404,1385,,,,-0.26171875,0.41796875,-0.92578125,0.008878078810426302,0.02116844052653786,12.134857177734375,1.5004185438156128,3015,3017,18.207364736026648,2.8052206378332554,15.407065649004142,0.007546087548710002,0.0011626306625610776,0.771484375,,
10.886814999999478,1385,,,,-0.4375,0.125,-0.71875,0.00913158629022089,0.017989839816868396,12.13371467590332,1.4850724935531616,3012,3013,18.019445909806336,2.8816431906342173,15.991852385793964,0.006242910251809849,0.000998356992047029,0.771484375,,
10.909595000000671,1385,,,,-0.09375,0.146484375,-0.97265625,0.009271901422332054,0.053854680691355614,12.136000633239746,1.4613560438156128,3009,3011,17.735017873135007,2.9234391740861527,16.48399339092055,0.01842168674783193,0.0030366296260087027,0.7734375,,
10.93125,1385,,,,0.2734375,0.1875,-1.068359375,0.009571361259358462,0.04968693500560021,12.133713722229004,1.533203125,3008,3009,18.60344779677689,3.0159947464516286,16.212020370622696,0.01647447664292445,0.00267084550930439,0.767578125,,
10.952644999999553,1385,,,,0.375,-0.01953125,-1.11328125,0.009574231395276744,0.0521986964055488,12.134285926818848,1.4920480251312256,3007,3008,18.104937353487685,3.015784216968826,16.65724745735104,0.017308498436938526,0.002883119415792587,0.7578125,,
10.975115000000223,1385,,,,0.375,-0.12890625,-1.267578125,0.009621816404313295,0.04644165036495866,12.131429672241211,1.4990234375,3008,3007,18.18529740907252,3.0302639238392515,16.663262940794546,0.01532594240376215,0.002553802080893615,0.7578125,,
11.001530000001193,1385,,,,0.1875,-0.005859375,-1.154296875,0.009597242647121255,0.031059890287397366,12.136000633239746,1.484375,3006,3007,18.014375939965248,3.0223523174325515,16.777446676503533,0.010276727206238595,0.0017241724271164114,0.755859375,,
11.198464999999851,1385,,,,0.099609375,-0.126953125,-1.015625,0.00948290769469568,0.031204372137836882,12.132500648498535,1.4971923828125,3007,3007,18.164687555399723,2.9862315989826027,16.43976308359293,0.01044941462292077,0.0017178590076304902,0.75,,
11.220575000001118,1385,,,,0.109375,-0.193359375,-0.91796875,0.009563438802153273,0.03267419711634663,12.132301330566406,1.4810458421707153,3008,3008,17.968494441597613,3.01214793954349,16.763496515157527,0.010847474218447123,0.0018184159625919943,0.76953125,,
11.265515000000596,1385,,,,-0.421875,0.177734375,-1.015625,0.009425066770573535,0.03985105518721744,12.133143424987793,1.474609375,3008,3007,17.89164704270661,2.968235791242909,16.590064537702172,0.013425838777629706,0.0022273553179366127,0.779296875,,
11.451565000001342,1385,,,,0.21484375,0.13671875,-1.1953125,0.009602989696055771,0.033979161704574205,12.131732940673828,1.4739583730697632,3009,3008,17.88166934775245,3.0248209106520116,16.915763577924576,0.011233445783489334,0.0019002231303893926,0.775390625,,
11.480054999999702,1385,,,,-0.16796875,0.150390625,-0.93359375,0.009452255874494142,0.034068073612536984,12.133610725402832,1.4987871646881104,3008,3008,18.185700016555757,2.977095126153373,16.370528071193895,0.011443394372337524,0.001873344088020937,0.787109375,,
11.50703500000015,1385,,,,0.42578125,-0.052734375,-1.2734375,0.009996015614683136,0.02259103105394237,12.13244342803955,1.4881727695465088,3008,3009,18.055171937671957,3.1493679234805887,17.443023718369915,0.007173195257852066,0.0012512221501921222,0.8046875,,
11.529744999999181,1385,,,,-0.0625,0.09375,-1.048828125,0.009704298996341025,0.06260880040999178,12.131112098693848,1.4577908515930176,3009,3008,17.684624237125263,3.0571644723582203,17.287132773453713,0.02047936935551816,0.0035402957716544163,0.802734375,,
11.552175000000744,1385,,,,0.328125,-0.20703125,-1.1328125,0.009541888289146424,0.012210565799287566,12.133143424987793,1.4683314561843872,3006,3008,17.81547615330635,3.00518597170406,16.868401079172568,0.0040631647805688675,0.0006853909316940387,0.796875,,
11.574719999998807,1385,,,,-0.125,-0.328125,-0.857421875,0.009414165005039346,0.014244425693936205,12.133142471313477,1.4669363498687744,3007,3007,17.798547729306392,2.964714500950112,16.6570584636438,0.004804653429317139,0.0008003139306968225,0.7890625,,
11.597370000001042,1385,,,,0.125,-0.50390625,-0.798828125,0.009369416316298274,0.03928424177395471,12.134285926818848,1.4983259439468384,3007,3007,18.181115415421687,2.95036983567765,16.22766133025629,0.013315022848629343,0.0021607168139218132,0.78515625,,
11.625054999999701,1385,,,,0.44921875,-0.345703125,-0.75,0.0094905708458103,0.03560551158199459,12.13257122039795,1.4934431314468384,3006,3007,18.119305155892903,2.988015876205976,16.490786211159925,0.011916105220700695,0.001965059436642618,0.78515625,,
11.648509999999776,1385,,,,0.2109375,-0.146484375,-0.888671875,0.009501445922154603,0.025236160315835136,12.130667686462402,1.5223524570465088,3007,3006,18.467151758100727,2.991281639870604,16.197850535118175,0.008436571127059369,0.0013665431814500113,0.787109375,,
11.670209999999031,1385,,,,0.0859375,-0.16015625,-0.908203125,0.009480616336916324,0.03308263619355065,12.130858421325684,1.4522879123687744,3006,3006,17.617499051948244,2.9845737811751976,16.94096178109427,0.011084542926100534,0.00187782818071968,0.79296875,,
11.69275,1385,,,,0.296875,-0.234375,-1.080078125,0.009551450005826852,0.039728801313768616,12.131428718566895,1.5115792751312256,3005,3006,18.33761622871748,3.006721803665038,16.396470327241254,0.013213327972458666,0.002166519400245253,0.806640625,,
11.717550000000745,1385,,,,-0.361328125,0.10546875,-1.203125,0.009549830069814165,0.03852849055627106,12.132000923156738,1.4955357313156128,3007,3006,18.143840872934902,3.006007204746562,16.567645328231528,0.012817165073800752,0.0021235024505612734,0.8203125,,
11.742394999999552,1385,,,,-0.1875,0.115234375,-1.087890625,0.009475984155529228,0.03440520082449704,12.132500648498535,1.4703369140625,3005,3006,17.838863563374616,2.982657078623722,16.719994903416854,0.01153508429483034,0.0019286655062004708,0.826171875,,
11.767735000001267,1385,,,,0.2109375,0.1796875,-1.171875,0.009510065831819977,0.048042064708288736,12.134501457214355,1.5130615234375,3006,3006,18.360247261007316,2.9933043098888445,16.303180819606347,0.016049843161476875,0.002616634951878799,0.822265625,,
11.794824999999255,1385,,,,-0.1875,0.109375,-0.94921875,0.009359981897272255,0.04302965589688689,12.130500793457031,1.478271484375,3005,3005,17.93217341415584,2.945868399589392,16.427838006874804,0.014606781451229985,0.002399578394826298,0.8203125,,
11.81996499999985,1385,,,,-0.0859375,0.046875,-0.826171875,0.00962706425360964,0.027814605646755815,12.131999969482422,1.4959716796875,3007,3006,18.149128372315317,3.0306728476843507,16.69872395804605,0.009177699819367884,0.001532558758534334,0.8125,,
11.843490000000223,1385,,,,-0.478515625,0.26953125,-0.751953125,0.010034570455093454,0.03883968223414079,12.131999969482422,1.5191650390625,3007,3008,18.430510207545012,3.160637903378257,17.148944157196294,0.012288558013123516,0.0021073579513952224,0.810546875,,
11.86983999999985,1385,,,,-0.625,0.40234375,-0.85546875,0.009732257110492205,0.04137367161108008,12.130857467651367,1.4704240560531616,3009,3008,17.837504640986708,3.065479941721368,17.185587353275643,0.01349663752418729,0.002319476431474186,0.814453125,,
11.892719999998809,1385,,,,-0.423828125,0.33203125,-0.837890625,0.009640469213634583,0.03411623712361799,12.135555267333984,1.5413411855697632,3008,3008,18.705031143299948,3.03629148751192,16.232485603743598,0.011236153466798552,0.0018239069939126119,0.81640625,,
11.920854999998584,1385,,,,-0.14453125,0.283203125,-1.009765625,0.009680786239247697,0.04085131415179873,12.136000633239746,1.4829798936843872,3007,3009,17.997444928835534,3.0499490116036903,16.946566713573084,0.013394097408310032,0.0022698396529802238,0.8125,,
11.948164999999106,1385,,,,0.07421875,0.03125,-1.015625,0.009519850284462127,0.051620769003790715,12.133777618408203,1.4458550214767456,3008,3008,17.543683299057648,2.9990391725999213,17.094695118903644,0.01721243572788672,0.0029424134102194782,0.810546875,,
11.972834999999032,1385,,,,0.5625,-0.173828125,-1.28125,0.00946357560881146,0.03469046130967822,12.130000114440918,1.46484375,3006,3007,17.768554855138063,2.9800817512976026,16.771660810872664,0.011640775054098135,0.0019523513078300182,0.818359375,,
11.996894999999553,1385,,,,0.2734375,0.119140625,-1.1328125,0.009635857712876304,0.024502637075142185,12.132999420166016,1.4697265625,3007,3006,17.83219153061509,3.033319172273177,17.010355497053972,0.00807783015355415,0.0013740676255677817,0.830078125,,
12.023194999998436,1385,,,,-0.28125,-0.05859375,-0.9609375,0.00966650405899923,0.0497906641177562,12.131999969482422,1.4691162109375,3007,3005,17.82331782625988,3.0421609278128705,17.06843224963828,0.016366873843703156,0.002793568773396242,0.828125,,
12.047389999998734,1385,,,,0.322265625,-0.486328125,-0.931640625,0.009572266735539108,0.05259879999138132,12.135001182556152,1.497802734375,3004,3005,18.175837952876464,3.012116107403717,16.572089359583153,0.017462407860737703,0.0028938858350163253,0.82421875,,
12.07018500000052,1385,,,,0.234375,-0.337890625,-0.689453125,0.009578291226287925,0.047975380777316654,12.133502006530762,1.4794921875,3004,3005,17.951421425677836,3.013731422844574,16.788260669618683,0.015918930404234255,0.0026725115320780308,0.8203125,,
12.092939999999478,1385,,,,0.1484375,-0.201171875,-0.90234375,0.009550776488050508,0.03659465655808055,12.13257122039795,1.4836775064468384,3003,3004,18.000823015068704,3.0045997932522073,16.691457889103297,0.012179544390659146,0.002032943523051514,0.818359375,,
12.123370000001042,1385,,,,0.1875,-0.27734375,-0.87109375,0.009562596725025347,0.03196012335552053,12.138285636901855,1.4739118814468384,3006,3004,17.89076342062515,3.0085015255070977,16.815948290047718,0.010623269785490134,0.0017864035538402842,0.814453125,,
12.145990000000223,1385,,,,-0.166015625,0.03515625,-1.15234375,0.009861458780091757,0.03726149586780141,12.131556510925293,1.435546875,3003,3005,17.415418038144708,3.1029467438871174,17.817239512085116,0.012008422619952304,0.0021395694198203087,0.8203125,,
12.168970000000671,1385,,,,-0.5,0.3515625,-1.064453125,0.009781636583280587,0.0372837238447921,12.131500244140625,1.54296875,3004,3005,18.718525767326355,3.0779016637368803,16.443077312794756,0.01211335770861696,0.0019918087732032695,0.822265625,,
12.192429999999701,1385,,,,-0.048828125,0.259765625,-1.146484375,0.009702581805479307,0.0502426344303676,12.130858421325684,1.4606584310531616,3006,3005,17.719040629021606,3.053038476012828,17.230269628776217,0.0164566004736314,0.002835516633337154,0.82421875,,
12.22035000000149,1385,,,,-0.037109375,0.033203125,-0.916015625,0.009710869846945755,0.043707609195103116,12.133142471313477,1.4711216688156128,3005,3005,17.84932880037627,3.0556485272484113,17.1191228612697,0.014303873238477949,0.0024486976336153174,0.82421875,,
12.243134999999777,1385,,,,-0.26171875,0.2890625,-0.84375,0.009664836863208343,0.04744190932953996,12.132445335388184,1.5565321445465088,3005,3005,18.884541156485056,3.041555345781372,16.106059027740187,0.01559791091598637,0.0025122087392230943,0.8203125,,
12.27475,1385,,,,-0.548828125,0.17578125,-0.875,0.009874592656198422,0.035816677363406206,12.128000259399414,1.5883091688156128,3009,3007,19.26301401140222,3.1092135411995034,16.14084659523732,0.011519529581615192,0.0018593495982614915,0.8125,,
12.299044999998063,1385,,,,-0.134765625,0.173828125,-0.779296875,0.010536106055877391,0.037572687545671155,12.133454322814941,1.58203125,3029,3015,19.195503909140825,3.3264486612828486,17.32931147329144,0.011295135254298861,0.0019573691695469993,0.8125,,
12.324969999998808,1385,,,,-0.375,0.0546875,-1.068359375,0.013319036343962245,0.04876447396048634,12.134858131408691,1.4236886501312256,3037,3035,17.276259792639166,4.233515135675422,24.504812884784126,0.011518672402881671,0.002822629119137421,0.818359375,,
12.34911999999918,1385,,,,-0.2734375,0.0859375,-1.001953125,0.008343715256300139,0.06071201159298518,12.129779815673828,1.4512803554534912,3029,3035,17.603711162463696,2.652062740455788,15.065361593246132,0.022892373799026755,0.003448818890100917,0.818359375,,
12.373759999999777,1385,,,,0.32421875,-0.296875,-0.875,0.008623826967728274,0.057011053424034376,12.134286880493164,1.5234375,3024,3028,18.485827669501305,2.734157192450672,14.790558698984302,0.02085141760738869,0.003084041160791172,0.80859375,,
12.397109999999405,1385,,,,0.3359375,-0.21484375,-0.76171875,0.008593844946632576,0.053310095255083574,12.130000114440918,1.458740234375,3019,3022,17.69451920990832,2.719641492668903,15.369965470132682,0.01960188333601575,0.003012802700241313,0.80859375,,
12.420810000000522,1385,,,,0.13671875,-0.248046875,-1.0078125,0.00885413916602867,0.025925227602546695,12.135428428649902,1.5311105251312256,3013,3016,18.580682194082556,2.7963183707288723,15.049600125120403,0.009271200258856496,0.0013952785657570302,0.8125,,
12.445214999999852,1385,,,,0.203125,-0.095703125,-0.953125,0.009445955882486652,0.0366057705465759,12.13257122039795,1.5004185438156128,3010,3012,18.203934843248703,2.9790285326246524,16.364750578798546,0.012287821397375014,0.0020108713232486596,0.80859375,,
12.47122000000067,1385,,,,0.3125,-0.1328125,-0.953125,0.009429287016192032,0.04728631349060509,12.129000663757324,1.4605712890625,3009,3010,17.715270134503953,2.97252459730694,16.779448321916167,0.015907795526215573,0.0026692403294774343,0.8046875,,
12.496644999999553,1385,,,,0.07421875,-0.166015625,-0.888671875,0.009790719571350689,0.02031266341239608,12.132000923156738,1.4910888671875,3013,3012,18.089891513227485,3.0879008921794946,17.069759041515507,0.006578146165196074,0.0011228736997976625,0.798828125,,
12.521594999998808,1385,,,,-0.0234375,-0.109375,-0.97265625,0.010020818116397972,0.018478855310663702,12.132501602172852,1.4410400390625,3015,3015,17.48342058272101,3.1635200686017013,18.094400083975735,0.005841232206512124,0.0010569359252803475,0.791015625,,
12.546835000000893,1385,,,,-0.0625,-0.091796875,-0.798828125,0.009495622508600839,0.0566442918036879,12.13700008392334,1.5020751953125,3013,3014,18.23068677156698,2.9968110060193536,16.438278182110245,0.018901522882128017,0.003107084912019426,0.78125,,
12.573830000000074,1385,,,,-0.236328125,0.033203125,-1.068359375,0.009324962466251828,0.04388543301102867,12.134000778198242,1.5191650390625,3011,3012,18.433549766195938,2.9411197602772563,15.955254400705721,0.014921334929554735,0.002380736947991822,0.78125,,
12.599685000000521,1385,,,,-0.19921875,-0.0703125,-0.8671875,0.00953947804744484,0.026984764066704355,12.128889083862305,1.6742621660232544,3013,3012,20.306940109003108,3.008734079605216,14.816284794533324,0.008968809922292998,0.0013288444207672934,0.78515625,,
12.798905000001191,1385,,,,-0.1484375,0.14453125,-0.974609375,0.010365215422770396,0.053710198840916094,12.134501457214355,1.455078125,3013,3012,17.656647628173232,3.2692789882732227,18.5158533891604,0.016428759684802827,0.0030419250568955816,0.77734375,,
12.821375,1385,,,,0.16796875,-0.341796875,-0.8359375,0.00950946777039202,0.03968156686266339,12.131875991821289,1.4754838943481445,3015,3016,17.900387634161234,3.003278491366393,16.777728799765843,0.013212749658993356,0.0022167993047778915,0.759765625,,
12.86706000000052,1385,,,,0.548828125,-0.375,-0.6875,0.009447167376080201,0.04962025107462812,12.135428428649902,1.4760044813156128,3011,3013,17.91194674337214,2.9808730872322498,16.641815264079245,0.016646213918721606,0.002770232168817096,0.7578125,,
13.056674999998883,1385,,,,-0.033203125,-0.0703125,-0.96875,0.00965194329985122,0.05195974565289882,12.132534980773926,1.4775390625,3009,3009,17.926294361241162,3.041581923804506,16.967153738035105,0.017083132052516256,0.0028985212786219855,0.75390625,,
13.080209999999031,1385,,,,0.013671875,0.076171875,-1.095703125,0.010179537582433194,0.03449633553015889,12.131621360778809,1.4989471435546875,3014,3011,18.184659185426426,3.210235062286702,17.653534386057963,0.010745735081962067,0.0018970020377288672,0.775390625,,
13.106689999999478,1385,,,,-0.125,0.111328125,-0.935546875,0.008213308800338005,0.04322970768980316,12.132000923156738,1.4892578125,3023,3028,18.067677156068385,2.604582893797394,14.415704195392895,0.01659755494545835,0.002392654424605081,0.7890625,,
13.129919999999926,1385,,,,0.125,-0.10546875,-0.984375,0.008271923850701008,0.04650833429593075,12.131000518798828,1.458740234375,3017,3024,17.69597853999585,2.619129756200861,14.800705992501026,0.017757170749490743,0.0026281866352185156,0.78125,,
13.152564999999479,1385,,,,0.3125,-0.154296875,-1.060546875,0.008614230876489132,0.048097634650765476,12.130000114440918,1.4556884765625,3013,3017,17.65750138729345,2.7211766914022886,15.41088193463476,0.017675307451637617,0.0027239207629555736,0.7734375,,
13.174205000000075,1385,,,,0.13671875,-0.15625,-1.08203125,0.00895973277996156,0.010876887179845834,12.134666442871094,1.5340169668197632,3011,3013,18.61478421006268,2.8266359147937297,15.184897567954195,0.003847997233361256,0.0005843144383036181,0.771484375,,
13.196424999998882,1385,,,,0.041015625,-0.19140625,-1.001953125,0.009445382693706868,0.02130180838848203,12.132573127746582,1.4913504123687744,3009,3010,18.093917937159176,2.9777181113338376,16.457011254696518,0.007153735710375926,0.0011772910909878097,0.771484375,,
13.221115000000223,1385,,,,-0.2109375,0.109375,-1.0703125,0.009432800207879344,0.03720592592532467,12.129714012145996,1.4732142686843872,3009,3009,17.869667757754428,2.9720397023819625,16.631756911609422,0.01251865037183242,0.002082071498457457,0.775390625,,
13.246150000000373,1385,,,,-0.34375,0.39453125,-1.265625,0.009364220587775912,0.043596469310149634,12.131501197814941,1.4532470703125,3005,3007,17.630068574217148,2.9490714187236304,16.727509631110905,0.014783117503820355,0.0024728474042299917,0.787109375,,
13.272174999998882,1385,,,,0.1484375,0.09765625,-1.21875,0.009633654666971359,0.0355832836050039,12.130500793457031,1.4892578125,3007,3007,18.065443076193333,3.0331150352413654,16.78959670376648,0.011731597117671569,0.001969687842967749,0.78515625,,
13.296315000001341,1385,,,,-0.099609375,0.384765625,-1.140625,0.00981815032946703,0.02843698900249529,12.135001182556152,1.4752197265625,3005,3006,17.9017931263661,3.0906439949096214,17.264438110155915,0.009200991459816083,0.0015884994761006792,0.79296875,,
13.320609999999403,1385,,,,0.046875,-0.044921875,-0.92578125,0.0095906388192976,0.05531061318424617,12.130999565124512,1.444091796875,3005,3005,17.5182769598905,3.018212171635622,17.228932837093858,0.01832562127475365,0.0031573089814074897,0.794921875,,
13.34324499999918,1385,,,,-0.4375,0.380859375,-0.865234375,0.009502817271419547,0.029548387852030067,12.133143424987793,1.4934431314468384,3005,3005,18.120159710907387,2.990250814866275,16.502342487998607,0.00988157505220895,0.0016306913583241478,0.791015625,,
13.371459999999031,1385,,,,-0.4375,0.234375,-0.671875,0.009599183691816525,0.03673913840852007,12.130001068115234,1.51123046875,3007,3005,18.331227200105786,3.020803251564002,16.4790017525208,0.012162042790936023,0.002004183244660677,0.79296875,,
13.39674499999918,1385,,,,-0.548828125,0.29296875,-0.94140625,0.010070736013898962,0.042840718092465986,12.132444381713867,1.4800347089767456,3007,3007,17.956438789666436,3.170688896554204,17.6576710654836,0.013511485828528876,0.0023858137236610604,0.7890625,,
13.423230000000448,1385,,,,-0.103515625,0.13671875,-0.966796875,0.009811051843359503,0.0380950450049525,12.131999015808105,1.484375,3008,3008,18.008436039090157,3.0901011009748895,17.159186362809834,0.012328090169261442,0.002115399967118809,0.787109375,,
13.447025000000373,1385,,,,0.423828125,-0.05859375,-1.134765625,0.009677018731719523,0.041851573116380034,12.131999969482422,1.5223524570465088,3009,3009,18.469179962429735,3.048781159023508,16.507398624223608,0.013727312959971401,0.002266022270697188,0.78125,,
13.472990000000223,1385,,,,0.1875,-0.080078125,-1.103515625,0.00956444163274341,0.037105900028866545,12.131429672241211,1.4787946939468384,3009,3009,17.939893829299535,3.013966195047278,16.8003569236561,0.012311319247654834,0.0020683455756167844,0.77734375,,
13.495775000000373,1385,,,,0.423828125,-0.0234375,-1.2890625,0.009552565502177177,0.03406066718114126,12.129500389099121,1.5643310546875,3009,3009,18.97455413651187,3.009774267703965,15.86216069189417,0.0113166849576147,0.0017950707529722592,0.77734375,,
13.523179999999702,1385,,,,0.296875,-0.0078125,-1.171875,0.010311653432537716,0.0390508480155524,12.132000923156738,1.4898681640625,3016,3011,18.075081941788085,3.2515632971197266,17.989203631782065,0.012009868622315949,0.0021604797223779156,0.77734375,,
13.547265000000596,1385,,,,0.45703125,-0.189453125,-1.330078125,0.01074523706855615,0.04404102884996354,12.133000373840332,1.441650390625,3016,3016,17.491544728400186,3.3934753117137197,19.400661087433267,0.012978149184684248,0.0025178467387420747,0.77734375,,
13.57363000000082,1385,,,,0.412109375,0.11328125,-1.314453125,0.009038438083082622,0.046619474180884225,12.131500244140625,1.4697265625,3012,3015,17.82998815178871,2.8538348643097153,16.005814698331235,0.01633572942986683,0.002614666582165246,0.77734375,,
13.596645000001416,1385,,,,0.26171875,0.0234375,-1.046875,0.009453448418413533,0.020723880986723946,12.132500648498535,1.4959716796875,3013,3013,18.149877373944037,2.9825936963978417,16.433134147119105,0.00694827492318271,0.0011418193390372517,0.77734375,,
13.620099999999628,1385,,,,0.2734375,-0.025390625,-1.3203125,0.009717319827659087,0.029270538139646373,12.128572463989258,1.4697265625,3011,3012,17.825685115531087,3.065366149994012,17.196344096324427,0.009548790163192593,0.001642042813498577,0.77734375,,
13.643245000001043,1385,,,,0.2734375,-0.126953125,-1.0078125,0.009509736618566644,0.05337677918605566,12.131001472473145,1.5130615234375,3010,3011,18.354951568762772,2.999001832399093,16.33892533665368,0.01779818158475621,0.002908031600415362,0.779296875,,
13.66988000000082,1385,,,,-0.03125,-0.09765625,-1.056640625,0.009560656798201906,0.024013621581346886,12.128572463989258,1.4878627061843872,3011,3010,18.0456506484245,3.0139237804432915,16.7016631273776,0.007967561003754028,0.001330715198315303,0.78125,,
13.694764999998734,1385,,,,-0.13671875,0.1484375,-1.015625,0.00963688671389394,0.02092393277964021,12.131111145019531,1.5174696445465088,3012,3011,18.40859291718698,3.0383405953207365,16.50501268070317,0.006886631739662293,0.0011366394419045907,0.787109375,,
13.719359999999403,1385,,,,0,-0.37109375,-0.94140625,0.009687663246999307,0.01913458063188922,12.131501197814941,1.4849853515625,3012,3011,18.01510157121811,3.055024857849997,16.958132851889484,0.006263314219104378,0.0010621411462070048,0.798828125,,
13.742519999999553,1385,,,,0.048828125,-0.244140625,-0.86328125,0.00983841245501864,0.04256286838008229,12.131000518798828,1.4483642578125,3011,3011,17.570107562933117,3.102673649854079,17.65881989476065,0.01371812610136553,0.0024224591811762893,0.806640625,,
13.768970000000671,1385,,,,0.125,-0.56640625,-0.84375,0.009484945016102132,0.034216263020076125,12.131428718566895,1.5283203125,3010,3011,18.54070893023163,2.990485067295611,16.129291919466265,0.011441710040377818,0.0018454668129914199,0.81640625,,
13.792375,1385,,,,0.17578125,-0.3203125,-0.84375,0.009659556316161033,0.02948170392105798,12.132499694824219,1.5350341796875,3012,3011,18.62380171660334,3.0460699298143554,16.355790166616455,0.009678603774817067,0.0015830121244672988,0.82421875,,
13.817995000001043,1385,,,,0.046875,-0.248046875,-0.943359375,0.009985465309798328,0.03403843920415057,12.130000114440918,1.5313720703125,3014,3014,18.57554338814225,3.151512696143563,16.96592465852353,0.010800667008513929,0.0018324330272824804,0.833984375,,
13.842435000000522,1385,,,,0.125,-0.193359375,-0.833984375,0.009881072400249174,0.03503869816873186,12.133000373840332,1.495361328125,3017,3015,18.143219553167,3.120229555955138,17.197772130859125,0.011229525757763073,0.001931228251196225,0.837890625,,
13.870679999999702,1385,,,,0.125,-0.546875,-0.859375,0.009690609398201886,0.029759553633441675,12.13028621673584,1.4669363498687744,3014,3015,17.794357785641978,3.0598882305116812,17.19583402431451,0.00972569956532864,0.0016724151549573905,0.845703125,,
13.892695000000298,1385,,,,-0.041015625,-0.25,-0.91015625,0.009661721354423827,0.03366056359530874,12.132890701293945,1.5234375,3016,3015,18.483700677752495,3.050464836199002,16.50353946637227,0.011034568632251836,0.0018210943891676164,0.85546875,,
13.917699999999256,1385,,,,0,-0.427734375,-0.6953125,0.010003138973438833,0.04094022605976152,12.134285926818848,1.4474050998687744,3017,3016,17.563227333743498,3.159140847521626,17.987245666701018,0.012959291160405048,0.002331019537685125,0.86328125,,
13.943605000000447,1385,,,,-0.01953125,-0.2890625,-0.892578125,0.009859578240209176,0.0440076868844775,12.131501197814941,1.5301513671875,3013,3015,18.563033143873326,3.1133682506973726,16.771872498244882,0.014135072802460836,0.0023707163879628213,0.873046875,,
13.968935000000522,1385,,,,0.037109375,-0.08984375,-0.740234375,0.009217209263681308,0.04859776413305612,12.133500099182129,1.4324951171875,3012,3013,17.381179646472447,2.908338697649029,16.732688786398242,0.016709802119106824,0.0027959991854131236,0.8828125,,
13.992705000000074,1385,,,,0.173828125,-0.474609375,-0.8671875,0.009086523200028208,0.03370501954929013,12.131000518798828,1.4678955078125,3011,3011,17.807041166815907,2.865184603293508,16.090177904641944,0.011763646750909684,0.001892791690295,0.892578125,,
14.017794999998063,1385,,,,0.59375,-0.34375,-0.65234375,0.009256633389171839,0.0366057705465759,12.130000114440918,1.517333984375,3010,3010,18.405261404113844,2.917846326289426,15.853327275412916,0.012545475824673335,0.001988875340743271,0.892578125,,
14.045125,1385,,,,0.38671875,-0.15234375,-0.892578125,0.009474282864647587,0.03950652154386166,12.131000518798828,1.5252685546875,3010,3010,18.5030336282216,2.986534396886849,16.140782408413624,0.013228215815978245,0.002135137531372405,0.892578125,,
14.071064999999479,1385,,,,0.65625,-0.388671875,-0.828125,0.009865900783534122,0.03677248037400611,12.130223274230957,1.5272352695465088,3013,3012,18.52570481187945,3.111999302650298,16.798277497408655,0.01181635238243442,0.001984943663272993,0.89453125,,
14.093915000000969,1385,,,,0,-0.158203125,-0.83203125,0.009410273134270314,0.034160693077599384,12.132000923156738,1.51123046875,3011,3012,18.33424944197759,2.9685809909553273,16.191450870950554,0.011507414883299524,0.0018632174273458945,0.884765625,,
14.121570000000299,1385,,,,0.412109375,-0.33984375,-0.9375,0.009449416394464075,0.029214968197169636,12.131429672241211,1.4878627061843872,3010,3011,18.04990178202638,2.979342208450865,16.50614083350645,0.009805845100405641,0.001618566602188447,0.876953125,,
14.146529999999329,1385,,,,0.01171875,-0.013671875,-1.126953125,0.009424312766025582,0.027870175589232556,12.131999969482422,1.416015625,3009,3009,17.179101519286633,2.9700046933486024,17.288475127842034,0.009383882675892227,0.0016223302224475052,0.86328125,,
14.170324999999256,1385,,,,-0.0234375,-0.06640625,-1.072265625,0.009264680808727322,0.031037662310406666,12.131999969482422,1.4459228515625,3006,3008,17.541935991030186,2.9180721917595367,16.634835477974896,0.01063635861993243,0.0017693407572731607,0.849609375,,
14.19540499999933,1385,,,,-0.32421875,0.0625,-1.28125,0.009063013796550362,0.02576963176361183,12.132573127746582,1.4871652126312256,3005,3006,18.04314069528914,2.8526886248450514,15.810377323000402,0.009033454103323861,0.001428223179035565,0.837890625,,
14.381669999999925,1385,,,,0.298828125,0.10546875,-1.01953125,0.009485959345052026,0.018056523747840485,12.133501052856445,1.492919921875,3005,3006,18.114345443900675,2.9856170194052156,16.482058535603947,0.006047836554548327,0.0009968079610583082,0.8359375,,
14.40427999999933,1385,,,,-0.177734375,0.18359375,-0.966796875,0.009508157263484654,0.025993396292919333,12.132320404052734,1.4724042415618896,3007,3008,17.863680022915105,2.99454373718352,16.763308194852293,0.008680252677613949,0.001455097508440345,0.857421875,,
14.42753500000015,1385,,,,0.21875,-0.208984375,-1.078125,0.00949749592205052,0.047219629559633006,12.130500793457031,1.4788818359375,3007,3006,17.939577284269035,2.989996652538601,16.667040728771727,0.015792535927938934,0.0026321483952154905,0.84765625,,
14.46084500000067,1385,,,,0.44921875,0.03125,-1.32421875,0.0096828985978006,0.0454969613428541,12.132000923156738,1.5771484375,3006,3006,19.133966299705207,3.0481301063772466,15.930466577774876,0.01492618745101009,0.0023778113032191903,0.84375,,
14.656679999999701,1385,,,,-0.09375,-0.03125,-1.037109375,0.009431129827900417,0.041573723403996336,12.13233470916748,1.510009765625,3006,3006,18.31994389067404,2.9690006291283746,16.206384947716874,0.014002598381463246,0.002269314996382706,0.837890625,,
14.68,1385,,,,0.126953125,-0.154296875,-0.916015625,0.010210243593654935,0.03275060578725214,12.131135940551758,1.5337289571762085,3021,3019,18.60587447546527,3.2279954842676672,17.349334956141295,0.010145802850985786,0.0017602293206072572,0.8359375,,
14.706890000000596,1385,,,,0.048828125,0.044921875,-1.1171875,0.007658157581167116,0.03878411229166406,12.130858421325684,1.4229910373687744,3025,3032,17.262102809135968,2.4316416368575378,14.086589934863506,0.015949764843550544,0.002246777969085989,0.833984375,,
14.729370000001044,1385,,,,-0.111328125,0.072265625,-1.146484375,0.008264227722367462,0.03254916474577397,12.131111145019531,1.4344618320465088,3019,3026,17.401615917844538,2.618502716223669,15.04746874420161,0.012430449105172384,0.0018704679438647034,0.822265625,,
14.752550000000745,1385,,,,-0.3125,0.19140625,-1.314453125,0.008913580603140488,0.03498312822625513,12.132001876831055,1.4801896810531616,3016,3018,17.957663988602917,2.8171814462884015,15.687905999780178,0.01241777602658321,0.001948089030313612,0.81640625,,
14.775025000000372,1385,,,,0.1875,0.0703125,-1.107421875,0.009141806712875943,0.04292963000042877,12.135429382324219,1.5004185438156128,3011,3014,18.208223282404106,2.8851677734874928,15.845410772591054,0.014879422401331237,0.0023577056000798663,0.80859375,,
14.79727999999933,1385,,,,0.111328125,0.08203125,-1.265625,0.009143708352589274,0.03797279113150367,12.134286880493164,1.5171595811843872,3011,3011,18.409649601580213,2.883451362080305,15.662717240597566,0.013169215070133067,0.0020626569192411046,0.80078125,,
14.822175000000746,1385,,,,0.046875,0.306640625,-1.1015625,0.009503320593210088,0.032993724285587875,12.134285926818848,1.4850724935531616,3010,3010,18.020294258827903,2.995935121129228,16.625339620420235,0.011012830035235167,0.001830920395177492,0.802734375,,
14.843459999999032,1385,,,,0.349609375,-0.091796875,-0.994140625,0.009760202508851339,0.03572776545544343,12.130501747131348,1.4544677734375,3010,3010,17.643423866829835,3.0769446865919257,17.439612117332135,0.011611442224207184,0.002024990485129856,0.8125,,
14.870099999999628,1385,,,,0.046875,0.001953125,-0.970703125,0.00950940377222987,0.04114027785267778,12.132000923156738,1.4718191623687744,3008,3010,17.85611143657775,2.9969512567399343,16.783896468078503,0.013727376366284292,0.002303988637100632,0.822265625,,
14.893310000000522,1385,,,,-0.08203125,0.181640625,-0.904296875,0.009383394744570964,0.02676989072819313,12.131000518798828,1.4959716796875,3008,3008,18.147633222397417,2.955800193808111,16.287524425830505,0.009056732178403469,0.0014751174657395161,0.828125,,
14.921239999998361,1385,,,,-0.736328125,0.306640625,-0.822265625,0.00948898360754858,0.02669209280872569,12.131999015808105,1.5220423936843872,3010,3008,18.4654168221972,2.989147293075664,16.18781380273216,0.008929667959340014,0.001445518022460194,0.828125,,
14.946830000000075,1385,,,,-0.38671875,0.22265625,-0.84765625,0.01001464651546327,0.046952893835744657,12.132889747619629,1.5256075859069824,3010,3010,18.51002863794156,3.156727257486979,17.054145724098827,0.014873915294513953,0.002536619189205433,0.8359375,,
14.969119999999181,1385,,,,-0.69921875,0.482421875,-0.68359375,0.009613166871044479,0.04002887900314301,12.131501197814941,1.5045166015625,3010,3011,18.252044953987934,3.0311518508923956,16.60719036433291,0.013205830975230813,0.0021931174892486226,0.84375,,
14.99473999999836,1385,,,,-0.412109375,0.177734375,-0.794921875,0.009243997385230551,0.03848403460228967,12.132001876831055,1.4899553060531616,3009,3010,18.076140569431345,2.913296441813927,16.11680563460885,0.013209790136676948,0.0021289962010679546,0.8515625,,
15.020884999999776,1385,,,,-0.3359375,0.3671875,-0.8046875,0.009500927788562345,0.043863205034037976,12.132501602172852,1.43798828125,3010,3009,17.44639512617141,2.9934082378562867,17.157746435341608,0.014653265291155333,0.0025141701031543527,0.8515625,,
15.046209999999032,1385,,,,-0.173828125,0.21484375,-1.048828125,0.009760179732212847,0.036994760143913064,12.132889747619629,1.46484375,3011,3010,17.77278771623969,3.07675333446051,17.311596715067722,0.012023960364180403,0.0020815395274265,0.84765625,,
15.069870000001043,1385,,,,0.099609375,0.015625,-0.939453125,0.009938241762870672,0.036450174707641024,12.133000373840332,1.47216796875,3012,3012,17.861814515199512,3.1347044344294432,17.549753591730372,0.011627946260992682,0.002040675916583041,0.83984375,,
15.095355000000447,1385,,,,0.13671875,-0.00390625,-1.15625,0.00966190580327544,0.035905589271368984,12.129714965820312,1.4522879123687744,3011,3012,17.61583842533946,3.0471200817558572,17.297615975931834,0.01178345070361616,0.0020382560514247607,0.83203125,,
15.120959999999032,1385,,,,0.236328125,0.025390625,-1.048828125,0.009403112885744294,0.032149061159941435,12.129501342773438,1.488037109375,3008,3010,18.049148116260767,2.9636464984603013,16.419869122744384,0.010847805626158108,0.0017811954865048635,0.8203125,,
15.148114999998361,1385,,,,0.4609375,-0.171875,-1.349609375,0.009788479076739508,0.03859517448724314,12.130000114440918,1.488037109375,3007,3008,18.049890307011083,3.083491676101628,17.083160194629624,0.012516711099424123,0.00213824980821361,0.81640625,,
15.169804999999702,1385,,,,0.125,0.107421875,-1.01953125,0.00973427277313199,0.047897582857849216,12.12933349609375,1.4485677480697632,3008,3007,17.57016130802367,3.0657171402060754,17.44842910921979,0.015623614530409538,0.002726075305636271,0.814453125,,
15.193205000000075,1385,,,,-0.0625,-0.0390625,-1.208984375,0.009826399804355415,0.031226600114827578,12.132573127746582,1.5597097873687744,3012,3009,18.923293053313728,3.0962364791161012,16.362038416848954,0.01008534080825183,0.0016501673375163089,0.8046875,,
15.220449999999255,1385,,,,0.07421875,-0.2578125,-0.927734375,0.009591388492092224,0.023635745972505062,12.133143424987793,1.4927455186843872,3009,3010,18.111695475205465,3.023489288452781,16.6935740090809,0.007817373808061431,0.0013049990822152407,0.796875,,
15.24253500000015,1385,,,,-0.224609375,-0.03125,-0.98828125,0.009846568028673477,0.04032895669251739,12.132889747619629,1.4751518964767456,3010,3011,17.89785532094436,3.10445488079709,17.345401586547673,0.01299067251451329,0.0022532843164356007,0.791015625,,
15.270125,1385,,,,0.13671875,-0.55078125,-0.818359375,0.009531864052997179,0.04650833429593075,12.12800121307373,1.5226236581802368,3008,3010,18.466381573464673,3.004470941369379,16.269949418172228,0.015479708475640362,0.002518540739067206,0.7890625,,
15.292605000000448,1385,,,,-0.111328125,-0.09375,-0.98046875,0.009428647983014904,0.04819766054722361,12.135111808776855,1.533203125,3010,3009,18.605591347441077,2.9712814574895674,15.969830799805365,0.016221169632292514,0.0025904933440265244,0.79296875,,
15.32022000000067,1385,,,,0.6484375,-0.66796875,-0.69921875,0.009996717358723135,0.04835325638615847,12.130857467651367,1.4334542751312256,3010,3010,17.389029498012405,3.1505845867951288,18.118231308741215,0.015347391905876391,0.0027806759653657112,0.802734375,,
15.342935000000521,1385,,,,0.111328125,0.046875,-0.888671875,0.009617252692575661,0.056073775174727294,12.13022232055664,1.4865450859069824,3009,3009,18.032122381582667,3.0305347955316364,16.806312265420907,0.018502930656795334,0.0031096603044353196,0.8125,,
15.370640000000597,1385,,,,0.4375,-0.263671875,-0.935546875,0.009476468194030736,0.04983141685603972,12.129143714904785,1.4711216688156128,3006,3008,17.84344614317513,2.9847540404296438,16.727452850083395,0.01669531766472345,0.0027927013905382596,0.82421875,,
15.392984999999404,1385,,,,-0.166015625,0.09765625,-1.080078125,0.009512508242030083,0.039728801313768616,12.131556510925293,1.4284939765930176,3007,3007,17.329855402554585,2.9952192202566406,17.283578833641723,0.01326407130572717,0.0022925062206758063,0.830078125,,
15.41996499999985,1385,,,,-0.296875,0.13671875,-1.09375,0.009538392424472448,0.04050678050844296,12.13028621673584,1.5359933376312256,3006,3007,18.632038812466135,3.003213892508819,16.118546782435097,0.013487810711545584,0.0021740390794667674,0.83203125,,
15.44275,1385,,,,-0.236328125,0.03515625,-1.1171875,0.009720598545730484,0.035305433892620204,12.132445335388184,1.4925130605697632,3009,3008,18.107833119715565,3.0615690083667118,16.907428890723082,0.01153181058344165,0.0019497326742082754,0.826171875,,
15.472264999998734,1385,,,,-0.07421875,0.01953125,-1.11328125,0.010127155674032365,0.0234356941795888,12.129714965820312,1.46484375,3013,3011,17.76813715696335,3.1928186875676454,17.969349624906386,0.0073401268511875915,0.0013189730568015303,0.81640625,,
15.496549999998882,1385,,,,-0.0625,0.28515625,-1.400390625,0.009829386198943805,0.039928853106684876,12.131555557250977,1.5044487714767456,3010,3011,18.251303854208118,3.0997828297000365,16.983897996883847,0.012881177585769373,0.0021877260619645356,0.810546875,,
15.52386999999918,1385,,,,-0.046875,0.263671875,-1.08203125,0.009489189715166862,0.03800613309698971,12.132500648498535,1.4849853515625,3009,3010,18.016585740842856,2.9908160777761403,16.600348816346948,0.012707612941966547,0.0021095080745976956,0.798828125,,
15.549019999999553,1385,,,,0.291015625,0.0546875,-1.12109375,0.009397998471480696,0.036083413087294555,12.132445335388184,1.4854600429534912,3008,3008,18.022262769036615,2.9605540795868053,16.427205160237836,0.012188060787705861,0.002002157750650941,0.794921875,,
15.573245000001043,1385,,,,-0.0859375,0.111328125,-0.78515625,0.009424725120996118,0.026781004716688473,12.131500244140625,1.5234375,3008,3008,18.481582403182983,2.9684036567421312,16.061415045450325,0.009022022545977133,0.0014490644866034916,0.7890625,,
15.596559999998659,1385,,,,-0.19921875,0.1328125,-0.966796875,0.009727823910290484,0.03675025239701541,12.126856803894043,1.6727120876312256,3011,3010,20.284739960846537,3.065801279793594,15.1138308191832,0.011987160628848598,0.001811719177467914,0.78125,,
15.619534999998287,1385,,,,0.0234375,0.203125,-0.978515625,0.010555347814224566,0.04239615855265207,12.129142761230469,1.4250837564468384,3025,3016,17.285044328654294,3.3342788967503054,19.289964395537606,0.012715240645877802,0.0024527653933967535,0.771484375,,
15.646299999998883,1385,,,,0.09375,0.0546875,-0.9921875,0.011237296300427049,0.04281849011547529,12.130500793457031,1.473388671875,3022,3024,17.87294245325029,3.558484537921611,19.909897585299287,0.012032788019498914,0.0023957157713383965,0.765625,,
15.67008999999985,1385,,,,0.23828125,0.126953125,-1.26171875,0.008843724652877489,0.042051624909296294,12.133501052856445,1.4471435546875,3018,3021,17.5589178444352,2.7980377098833467,15.935137544766775,0.015028970038809618,0.002394887047246101,0.7578125,,
15.69308999999985,1385,,,,0.171875,0.171875,-1.0546875,0.009023275129874237,0.058422529962943545,12.132999420166016,1.488037109375,3012,3015,18.05435338523239,2.8493646852387133,15.782147521103468,0.020503703953939134,0.0032359248053009985,0.75,,
15.720164999999106,1385,,,,0.2109375,0.26953125,-1.388671875,0.009352121302046022,0.058422529962943545,12.130858421325684,1.4815847873687744,3013,3013,17.97289529476052,2.9506820806385883,16.417399824828305,0.01979966948872367,0.003250590903958304,0.75,,
15.742705000000074,1385,,,,0.23828125,0.181640625,-1.05078125,0.009849758714338427,0.038965639323287476,12.132500648498535,1.47216796875,3014,3013,17.861078835558146,3.1079168092373775,17.400498804417587,0.01253754257754695,0.0021815949463094026,0.74609375,,
15.770514999998733,1385,,,,0.203125,0.044921875,-1.0390625,0.009833016208237136,0.03723926789081071,12.131999969482422,1.4788818359375,3013,3013,17.941794388461858,3.1027220157315467,17.293264812614666,0.012002128357615884,0.0020755598400324336,0.744140625,,
15.793450000001117,1385,,,,0.20703125,0.25,-1.0859375,0.009800506678938432,0.04032895669251739,12.134001731872559,1.4434814453125,3012,3013,17.51520635734778,3.0920883710266267,17.653736461571686,0.013042627458647787,0.002302511079214265,0.740234375,,
