Time (s),ESC signal (µs),Servo 1 (µs),Servo 2 (µs),Servo 3 (µs),AccX (g),AccY (g),AccZ (g),Torque (N·m),Thrust (N),Voltage (V),Current (A),Motor Electrical Speed (RPM),Motor Optical Speed (RPM),Electrical Power (W),Mechanical Power (W),Motor Efficiency (%),Propeller Mech. Efficiency (N/W),Overall Efficiency (N/W),Vibration (g),App message,
0,1228,,,,-0.03125,0.025390625,-0.99609375,0.001113353390028233,0.01641536100762864,12.145819664001465,0.41415128111839294,1017,1023,5.030206774079176,0.11932557260442933,2.372180269394054,0.13756783771779113,0.0032633571033734727,0.259765625,,
0,1228,,,,-0.0078125,-0.005859375,-0.9609375,0.00113843966525327,0.019050105636521063,12.138120651245117,0.3641510009765625,1017,1019,4.420108785125194,0.12142438412167161,2.747090400360642,0.1568886329901593,0.004309872576129706,0.2578125,,
0.024890000000596046,1228,,,,0.0625,0.1171875,-1.033203125,0.0011725472185301605,0.025751111343720753,12.133142471313477,0.2699497640132904,1017,1017,3.275338946870704,0.12489380765342625,3.813156735206022,0.20618405209631158,0.007862121069431197,0.2578125,,
0.195125,1228,,,,-0.111328125,0.04296875,-0.90625,0.0010354563082387816,0.0175934437881355,12.144500732421875,0.3863525390625,1017,1017,4.692058693617582,0.1102685896945228,2.3501110470872133,0.1595508189310722,0.003749621421417245,0.2578125,,
0.22049500000011177,1228,,,,0.01171875,-0.005859375,-0.998046875,0.0011183095938788632,0.02296945367940545,12.137656211853027,0.3560243844985962,1018,1018,4.321301582080537,0.11917337575353322,2.757812050140595,0.19273980898979828,0.005315401677738622,0.259765625,,
0.2463500000005588,1228,,,,-0.2734375,0.072265625,-0.818359375,0.001039538496686523,0.017660127719107587,12.137001037597656,0.421142578125,1017,1019,5.111407907679677,0.1109173220284109,2.16999550870832,0.15921884333435343,0.0034550417493728063,0.259765625,,
0.2683650000002235,1228,,,,0.07421875,0.009765625,-1,0.0011924316431378996,0.01804911731644476,12.132500648498535,0.2978515625,1016,1018,3.613684275187552,0.12714163432977335,3.518338201340919,0.14196071500567548,0.00499465806694139,0.259765625,,
0.29265000000037256,1228,,,,-0.0234375,-0.10546875,-0.93359375,0.0011673941088712367,0.020483080796925915,12.141143798828125,0.3048270046710968,1017,1018,3.700948497477839,0.12442399462079733,3.3619488275935505,0.16462323733739212,0.005534548997611001,0.2578125,,
0.316660000000149,1228,,,,-0.125,0.171875,-0.982421875,0.0009933403473865294,0.01601525742179612,12.138501167297363,0.5230712890625,1018,1017,6.349301452864893,0.10583361203508565,1.6668544220298762,0.1513248684783317,0.002522365261861966,0.259765625,,
0.34575,1228,,,,-0.0234375,-0.00390625,-0.935546875,0.0011967624183333834,0.01268106087319179,12.133713722229004,0.5001395344734192,1020,1017,6.068549932469352,0.1274018753832111,2.099379205921274,0.09953590427965464,0.002089636076872773,0.2578125,,
0.3681150000002235,1228,,,,0.01953125,0.021484375,-0.966796875,0.006314866340166869,0.025973391113627706,12.134000778198242,0.3427734375,1028,1018,4.1592131573706865,0.6732880146542951,16.18786989700535,0.038576939657783665,0.006244784802048281,0.255859375,,
0.3932750000003725,1228,,,,0.03125,-0.0234375,-0.9140625,0.00043592026760682164,0.027929453088808915,12.129714965820312,0.3104073703289032,1055,1032,3.765152925379425,0.047115842295694266,1.251365966521699,0.592782633780088,0.007417880134574981,0.25390625,,
0.41638000000081954,1228,,,,0.0234375,-0.041015625,-1.02734375,-0.0009492832021050301,0.021883443347339732,12.134000778198242,0.264892578125,1052,1035,3.2142067491076887,0.10284000660115356,3.199545475091279,0.21279115074555302,0.006808349635074004,0.255859375,,
0.44029000000003726,1228,,,,-0.048828125,-0.001953125,-0.9765625,-0.00019646387775373633,0.0193383399819051,12.144572257995605,0.3383091390132904,1043,1041,4.108619784287185,0.02140849101722063,0.5210628420545086,0.9033023376729198,0.00470677283302333,0.25390625,,
0.465785000000149,1228,,,,0.0234375,-0.033203125,-1.009765625,0.00044836818961305636,0.019216086108456275,12.144500732421875,0.460205078125,1032,1044,5.588960908353329,0.04901344854122246,0.8769688918018081,0.39205741853268505,0.003438221598532865,0.251953125,,
0.4914900000002235,1228,,,,0.048828125,-0.08203125,-0.9296875,0.001148142958654035,0.020349712934981747,12.134000778198242,0.3662109375,1027,1041,4.443603800609708,0.12521168004164404,2.817795772531829,0.16252248135488362,0.004579551609031741,0.251953125,,
0.5151000000005588,1228,,,,0.037109375,-0.0078125,-1.041015625,0.000640135608349589,0.020949868313730524,12.133501052856445,0.274658203125,1024,1032,3.332565596792847,0.06917402880516416,2.075698941132172,0.30285742605419164,0.006286408385747005,0.251953125,,
0.5376300000008196,1228,,,,0.1484375,0.052734375,-1.2265625,0.0008529050440538608,0.013570179952819611,12.147430419921875,0.3578403890132904,1023,1030,4.346841226976721,0.09201488920641096,2.11682194958863,0.1474780882730676,0.0031218485433979907,0.255859375,,
0.5624750000005588,1228,,,,0.078125,-0.115234375,-0.998046875,0.000928791074424818,0.013392356136894048,12.14000129699707,0.4443359375,1021,1025,5.394238857552409,0.09968125368347815,1.8479206485993036,0.13435180279151915,0.0024827147055498985,0.255859375,,
0.5986100000003353,1228,,,,-0.099609375,0.10546875,-0.98046875,0.001217572021612735,0.028040592973762393,12.133001327514648,0.333251953125,1020,1023,4.043346389662474,0.13046665272062885,3.2266998705376757,0.2149253651337736,0.006934996478524099,0.255859375,,
0.6236650000000372,1228,,,,0.0078125,0.001953125,-1.001953125,0.0011593321866754606,0.027410811869430705,12.1416654586792,0.3275553286075592,1019,1021,3.977067219160716,0.12396200275547166,3.1169199795831326,0.22112269292310058,0.006892217395112379,0.2578125,,
0.6459900000002236,1228,,,,0,0.078125,-0.982421875,0.0013942117001034635,0.025384349723374278,12.144001007080078,0.4522705078125,1018,1019,5.492373502347618,0.1488392438312649,2.7099257500904876,0.17054876838901334,0.0046217449910360585,0.255859375,,
0.6712900000000372,1228,,,,0.123046875,-0.08984375,-0.947265625,0.001347311946497448,0.025695541401244016,12.13028621673584,0.3550502359867096,1021,1020,4.306860983838391,0.14385079274665452,3.340037983265734,0.17862634546962974,0.005966187786805103,0.2578125,,
0.6942350000003352,1228,,,,0.01171875,-0.037109375,-1.09375,0.0013736179858208854,0.023217121966781468,12.135000228881836,0.274658203125,1023,1020,3.332977357786149,0.1467225733994924,4.402147319024976,0.15823824125253375,0.006965880494970687,0.255859375,,
0.7167050000010058,1228,,,,0,0.072265625,-1.12109375,0.0010555167976594242,0.028485152513576303,12.146001815795898,0.3717041015625,1022,1020,4.514718692516908,0.11275299663526249,2.4974534254404204,0.2526332191925782,0.006309396986525451,0.259765625,,
0.7505,1228,,,,-0.07421875,0.0859375,-0.974609375,0.0012407435483305813,0.031819349062180625,12.139334678649902,0.4557291567325592,1022,1022,5.532248756395433,0.13273756367555664,2.399341922615254,0.23971623541287054,0.005751612131576076,0.259765625,,
0.774804999999702,1228,,,,0.115234375,-0.06640625,-1.08984375,0.0014008944776249682,0.032152768717041064,12.132729530334473,0.35910865664482117,1022,1022,4.3569682030733645,0.1499196777507017,3.440917416954059,0.21446663439676833,0.007379619776513586,0.2578125,,
0.7972300000004471,1228,,,,0.078125,0.015625,-0.953125,0.0015408007481150557,0.02076093050930961,12.13800048828125,0.269775390625,1024,1023,3.274533823132515,0.16509634459305367,5.041827432862418,0.12575039477998906,0.006340117900950278,0.259765625,,
0.8257050000000745,1228,,,,0.173828125,-0.1015625,-0.958984375,0.0014481298722473267,0.023083754104837293,12.145715713500977,0.4136439859867096,1026,1023,5.0240022603939565,0.15520026105597637,3.0891757808207347,0.148735278844097,0.004594694211588031,0.26171875,,
0.8467700000004843,1228,,,,0.01171875,0.015625,-1.05859375,0.0009078485841319177,0.026451292618927664,12.13911247253418,0.3873697817325592,1022,1023,4.702325348912552,0.09730174458241521,2.0692261245793415,0.27184808178360303,0.005625151527434129,0.26171875,,
0.8679550000010058,1228,,,,-0.078125,0.189453125,-0.998046875,0.0007217609324192551,0.03426442653115714,12.132000923156738,0.2880859375,1021,1024,3.4950588596984744,0.07735893419039738,2.2133800114906017,0.4429278517052062,0.009803676534967767,0.259765625,,
0.893105000000447,1228,,,,-0.048828125,0.05078125,-1.16796875,0.0006090369730317439,0.02298372820837916,12.140000343322754,0.322265625,1018,1024,3.912304798141122,0.06527735486615989,1.6685140405516343,0.3520934366213733,0.005874728425888383,0.259765625,,
0.9170499999998137,1228,,,,0.07421875,-0.00390625,-0.9921875,0.0012455812784000432,0.020494194785421263,12.144444465637207,0.4432508647441864,1018,1021,5.383035511231441,0.13314801988469274,2.4734746706925095,0.1539203872740233,0.003807181792254784,0.259765625,,
0.9386849999995902,1228,,,,-0.099609375,0.005859375,-0.875,0.0016439305725391277,0.020494194785421263,12.133143424987793,0.3536551296710968,1019,1020,4.2909484112820735,0.17558344155216649,4.091949488148348,0.11672054382948384,0.004776145695794533,0.259765625,,
0.9626299999998882,1228,,,,0.125,-0.1953125,-0.97265625,0.0010938079600523222,0.015281734181103167,12.135428428649902,0.2922711968421936,1018,1019,3.546836191034288,0.1167555759698795,3.291823182164851,0.13088654699494212,0.004308553696314597,0.26171875,,
0.9924550000000745,1228,,,,-0.046875,0.078125,-0.935546875,0.0011307033197340373,0.013814687699717262,12.140570640563965,0.4896763265132904,1017,1019,5.944950033046467,0.12060765751965906,2.028741315725645,0.11454237636167891,0.002323768513263345,0.26171875,,
1.018050000000745,1228,,,,0.041015625,0.013671875,-0.90234375,0.002857130831268804,0.016852522798850335,12.147601127624512,0.43115234375,1029,1020,5.237466697115451,0.30530424259904576,5.829235014843968,0.055199111074858705,0.003217685910658278,0.26171875,,
1.0437050000000745,1228,,,,0.0625,-0.015625,-1.0078125,0.0035205397383044606,0.02411735503490463,12.144001007080078,0.44677734375,1038,1029,5.425664512440562,0.379211620868601,6.989219845773781,0.06359867078878745,0.004445050920418264,0.2578125,,
1.0665,1228,,,,-0.0859375,-0.041015625,-0.927734375,-0.0009049186420708428,0.026240126837516056,12.136445045471191,0.3830295205116272,1047,1030,4.648616726482544,0.09760532010641064,2.099663746214358,0.2688391043532126,0.005644717209751792,0.259765625,,
1.0934249999998138,1228,,,,0,-0.0078125,-0.978515625,-0.0004147196886556417,0.02947429748966225,12.12800121307373,0.3369140625,1038,1038,4.086094158701599,0.045072001707845005,1.1030583231142947,0.6539380629401268,0.007213318231273465,0.255859375,,
1.1164400000004098,1228,,,,-0.0625,-0.046875,-0.974609375,0.0008679851350129984,0.024828650298606893,12.14000129699707,0.257568359375,1035,1039,3.1268802168779075,0.09445650989403312,3.020790799218558,0.2628580108079489,0.007940390605495444,0.255859375,,
1.1440700000002981,1228,,,,-0.0234375,0.056640625,-0.962890625,0.0012982837649310036,0.0181046872589215,12.147429466247559,0.3738839328289032,1034,1036,4.541728702602342,0.14091688928807955,3.1027148144568018,0.12847776693331403,0.003986298707923216,0.255859375,,
1.1669799999995156,1228,,,,0.048828125,0.06640625,-0.97265625,0.0004835706721453095,0.01953839177482136,12.142666816711426,0.4242621660232544,1030,1035,5.151674124956685,0.05240452195727575,1.017232858410204,0.37283789728585975,0.0037926295997974513,0.25390625,,
1.190910000000149,1228,,,,0.0625,-0.095703125,-1.138671875,0.00065649356654206,0.021383313865049085,12.13371467590332,0.3229631781578064,1026,1033,3.918743054589754,0.07100169316156582,1.811848650765873,0.3011662527031702,0.005456676686164529,0.2578125,,
1.2165149999996647,1228,,,,0.037109375,-0.03515625,-1.029296875,0.0006363525903498045,0.02632903874547884,12.139500617980957,0.28564453125,1022,1028,3.467581963632256,0.06850084073559085,1.975464212642199,0.3843608116739378,0.007592910282039721,0.25390625,,
1.2419199999999255,1228,,,,0.111328125,0.05859375,-1.154296875,0.0007212884918379649,0.01936056795889579,12.144001007080078,0.435791015625,1020,1027,5.29224653262645,0.07758103769086917,1.4659377111891092,0.24955283578495385,0.003658289129113469,0.25390625,,
1.2670350000010804,1228,,,,0.0234375,-0.021484375,-1.015625,0.0010386796916546954,0.02160559363495604,12.137001037597656,0.3656005859375,1017,1022,4.437294690869749,0.11119251525897111,2.5058627611044786,0.19430798543081682,0.004869091448763155,0.251953125,,
1.2961500000003725,1228,,,,-0.099609375,0.1015625,-1.01171875,0.0010363311826781364,0.03484235393291522,12.134000778198242,0.274658203125,1017,1020,3.332702850457281,0.1107054600523039,3.3217921014804537,0.31473022122353855,0.010454683629575464,0.251953125,,
1.3185099999997765,1228,,,,-0.08203125,0.10546875,-0.966796875,0.001010861032014054,0.03114139576396442,12.14666748046875,0.4020182192325592,1017,1018,4.8831816301080835,0.10779398960968917,2.207454028436441,0.288897329774361,0.0063772757441494425,0.25390625,,
1.4889950000001118,1228,,,,0.0625,-0.068359375,-1.03515625,0.0010135211477626557,0.027440437595013616,12.135001182556152,0.3851318359375,1017,1017,4.6735752845415846,0.1079474117501737,2.3097394431030738,0.2542019039652376,0.00587140164100409,0.25390625,,
1.5125600000005215,1228,,,,0.005859375,0.013671875,-0.998046875,0.0012921209245525843,0.023620629211590687,12.138641357421875,0.3662109375,1018,1017,4.445303231477737,0.1376682035176367,3.0969361672065756,0.1715765050174759,0.005313614838315216,0.255859375,,
1.5576850000005216,1228,,,,-0.203125,0.064453125,-0.826171875,0.0017338524618479326,0.021172148083637477,12.130000114440918,0.31005859375,1018,1018,3.76101077767089,0.1848449926918414,4.91476902404177,0.11454001417790077,0.005629377136948519,0.255859375,,
1.7274000000003726,1228,,,,0.0859375,-0.02734375,-1.041015625,0.0011348626036752339,0.016871034535937898,12.14346694946289,0.3561197817325592,1023,1020,4.324528799519271,0.12127084620922032,2.8042557196682605,0.13911863455484966,0.003901242266628757,0.25390625,,
1.7545650000004098,1228,,,,-0.0234375,-0.00390625,-0.9765625,0.0011138045308936814,0.019011276139215442,12.139500617980957,0.3558349609375,1019,1020,4.319658728200011,0.11895643998984898,2.753838844102802,0.15981712415769797,0.00440110604458269,0.255859375,,
1.7815300000002607,1228,,,,-0.0859375,0.072265625,-0.849609375,0.0012716399885815447,0.016270879157189118,12.13759994506836,0.4013671875,1016,1018,4.871634352952242,0.13554414912230878,2.782313681653225,0.12004117671288805,0.003339922083300209,0.26171875,,
1.803765000000596,1228,,,,0.05078125,-0.06640625,-0.990234375,0.0010704818875542609,0.02175007548539556,12.134500503540039,0.272216796875,1017,1017,3.303214858751744,0.11401849952983785,3.4517433592837627,0.1907591800899267,0.006584517330978199,0.26171875,,
1.8252750000003726,1228,,,,-0.09375,0.078125,-0.798828125,0.0013730559757593804,0.022539168668565254,12.14342975616455,0.3836495578289032,1018,1017,4.658821456478876,0.14622720900235792,3.138716741312427,0.15413799403229947,0.004837955023414934,0.263671875,,
1.8463399999998509,1228,,,,-0.0625,0.0625,-1.005859375,0.0011103915886200616,0.02428406486233485,12.13800048828125,0.4524739682674408,1017,1017,5.492129247764751,0.11824315431985821,2.152956512594494,0.20537396014186413,0.0044216120500474845,0.263671875,,
1.8692850000010803,1228,,,,-0.01171875,-0.052734375,-1.001953125,0.0010854253186824306,0.0210832361756747,12.132000923156738,0.3452846109867096,1016,1017,4.188993219242576,0.1155810128597909,2.7591597028340247,0.1824108965133431,0.005033007950174438,0.263671875,,
1.8956349999997766,1228,,,,-0.046875,0.087890625,-1.076171875,0.0018257876383188877,0.018938236396072578,12.136000633239746,0.2783203125,1019,1017,3.377695488743484,0.19441711705743894,5.7559101377064295,0.09741033445361415,0.005606851315989316,0.263671875,,
1.9180949999997392,1228,,,,0.01953125,0.04296875,-1.021484375,0.0010084474070035168,0.021027666233197958,12.149001121520996,0.40771484375,1020,1018,4.953328093979508,0.10752226277677576,2.1707074665105073,0.19556569672322616,0.004245159180704364,0.259765625,,
1.9423050000006332,1228,,,,-0.078125,-0.072265625,-0.92578125,0.0009561567165071799,0.02651797654989975,12.137715339660645,0.4010881781578064,1021,1018,4.868294132582548,0.1019695410977397,2.0945640982387927,0.2600578198589888,0.005447077729428893,0.26171875,,
1.9675350000010803,1228,,,,-0.0859375,0.072265625,-0.9453125,0.0010068920280888933,0.029185333788783213,12.131501197814941,0.2978515625,1020,1019,3.613386587239802,0.10742315480000117,2.9729217233315657,0.2716856886499008,0.008077002857055862,0.259765625,,
1.9920300000002609,1228,,,,-0.048828125,0.00390625,-0.927734375,0.0012340392517763887,0.024017329138446505,12.143501281738281,0.3173828125,1018,1019,3.8541385903954506,0.1316850711717297,3.416718628123289,0.18238460081117053,0.006231568630743562,0.2578125,,
2.0138300000000746,1228,,,,0.0234375,-0.05078125,-1.037109375,0.0013026032216742287,0.024406318735783677,12.146286010742188,0.4568917453289032,1018,1019,5.549537814712039,0.13896682899412083,2.5041153630076076,0.17562693854672481,0.004397901149728466,0.259765625,,
2.0394550000000744,1228,,,,-0.109375,0.14453125,-0.953125,0.001221048323529724,0.017815723558042455,12.136000633239746,0.3620256781578064,1018,1018,4.393543859372187,0.13014787487428392,2.9622527745263327,0.13688831704130028,0.00405497796955832,0.2578125,,
2.066245000000112,1228,,,,0.099609375,-0.189453125,-0.83984375,0.001300408699541971,0.01961618969428879,12.13550090789795,0.27587890625,1016,1018,3.347928717266768,0.13858501306996363,4.139425441026226,0.14154625568628912,0.0058592017186982846,0.2578125,,
2.091484999999404,1228,,,,0.041015625,-0.001953125,-0.921875,0.001329230229946268,0.019742159807640748,12.14577865600586,0.41015625,1016,1017,4.981667026877403,0.14159376612878224,2.842296873011517,0.13942817079732786,0.003962962538669607,0.259765625,,
2.11794000000041,1228,,,,-0.1875,0.15625,-0.81640625,0.0013425470178307828,0.022172407048218778,12.13550090789795,0.389404296875,1017,1017,4.725616198265925,0.14299272268922839,3.0259063937883885,0.1550596885717529,0.004691961030681034,0.259765625,,
2.144410000000149,1228,,,,0.01171875,-0.044921875,-0.9921875,0.0010375745356187816,0.024239608908353458,12.134000778198242,0.279541015625,1017,1017,3.391950901132077,0.11049932437147772,3.2576923308234833,0.2193643178022021,0.0071462145576055925,0.26171875,,
2.1686150000002233,1228,,,,0.0234375,-0.04296875,-0.953125,0.0011612406436602696,0.022683650519004773,12.142667770385742,0.380859375,1017,1017,4.624648857861757,0.1236596031245805,2.6739241599794776,0.18343622287184763,0.004904945481524134,0.259765625,,
2.194620000000112,1228,,,,-0.111328125,0.056640625,-0.9140625,0.0012951542827486385,0.02124994600310491,12.13900089263916,0.3936767578125,1017,1017,4.778842514497228,0.1379161391203791,2.885973720665473,0.15407874769867977,0.004446672167714356,0.259765625,,
2.2204749999996274,1228,,,,0.048828125,-0.033203125,-1.033203125,0.0011468393803686586,0.024839764287102235,12.133500099182129,0.299072265625,1017,1017,3.6287933646235615,0.1221169152160289,3.3652209686703087,0.2034096934332141,0.006845185655722512,0.26171875,,
2.2465400000000373,1228,,,,-0.072265625,0.046875,-1.06640625,0.0010917767869409246,0.025395463711869626,12.142500877380371,0.3369140625,1017,1017,4.090979299508035,0.11625284724216688,2.841687496589068,0.21845025145034264,0.006207673481731766,0.263671875,,
2.2687750000003724,1228,,,,0,0.06640625,-1.001953125,0.001173352505448225,0.026084530998581185,12.143000602722168,0.438232421875,1017,1017,5.32145656296052,0.12494199668049755,2.347890943057661,0.20877312426249045,0.004901765276097529,0.26171875,,
2.2955750000001864,1228,,,,0.1875,-0.009765625,-1.12109375,0.001320696536145624,0.02285036034643499,12.128571510314941,0.3892299234867096,1017,1017,4.7208029609629705,0.14063264175751303,2.978998338215458,0.1624826218214325,0.004840354603949382,0.263671875,,
2.318390000000596,1228,,,,0.07421875,-0.033203125,-1.08203125,0.0015958528614944032,0.021916785312825777,12.138999938964844,0.26611328125,1019,1018,3.2303491048514843,0.17010185780097953,5.265742255086699,0.12884506728003278,0.006784649151359572,0.265625,,
2.345145000000484,1228,,,,0.109375,-0.08203125,-1.021484375,0.0017548994731567467,0.021483339761507212,12.145500183105469,0.374755859375,1021,1019,4.55159735865891,0.18727345494273123,4.1144556555835115,0.1147164170601588,0.004719956109614472,0.263671875,,
2.3705950000006704,1228,,,,0.03125,0.01171875,-1.10546875,0.0006576782312117372,0.020449738831439874,12.141000747680664,0.4290771484375,1023,1020,5.209425979992375,0.07023365383685407,1.3482033165764815,0.2911672355669068,0.003925526326697093,0.265625,,
2.395269999999553,1228,,,,-0.0625,0.18359375,-1.04296875,0.0007892483917467726,0.02468416844816737,12.131501197814941,0.323486328125,1021,1022,3.9243747771251947,0.0844438890726193,2.151779426491951,0.29231444358205366,0.006289962057663052,0.263671875,,
2.4194350000005214,1228,,,,0.037109375,-0.0078125,-1.03515625,0.0010403258976553402,0.0270181060321904,12.142499923706055,0.29541015625,1020,1022,3.5870177997276187,0.11134398110715908,3.1040822020903835,0.24265439194407623,0.007532191792926711,0.263671875,,
2.446045000000857,1228,,,,0,-0.009765625,-0.974609375,0.0009896480167387882,0.028351784651632128,12.145500183105469,0.4608154296875,1024,1021,5.5968338856473565,0.10580368211527773,1.8904202675481045,0.26796595434874965,0.005065682711137464,0.265625,,
2.470635000000708,1228,,,,-0.1484375,0,-0.78125,0.0010990527352011386,0.02443966070126972,12.134000778198242,0.3643798828125,1021,1021,4.421385781606659,0.11747792912359191,2.657038650920489,0.20803618929610285,0.005527601957499567,0.267578125,,
2.4949300000006334,1228,,,,-0.037109375,-0.033203125,-0.93359375,0.0012358959293529619,0.02496201816055106,12.136500358581543,0.2783203125,1015,1020,3.377834572456777,0.1319727356680015,3.907021875615853,0.1891452657566106,0.007389946909802515,0.26953125,,
2.517929999999702,1228,,,,-0.0234375,-0.05859375,-0.935546875,0.0011328814929908112,0.01798243338547267,12.145999908447266,0.4046630859375,1016,1019,4.915037804748863,0.12083444760996256,2.458464256230409,0.14881876601544586,0.0036586561690529038,0.26953125,,
2.5471800000006333,1228,,,,-0.07421875,0.07421875,-0.90234375,0.001075591260477916,0.01868261466067958,12.14000129699707,0.4031808078289032,1018,1018,4.894615529967211,0.11469143153827044,2.3432163534821857,0.1628945982285131,0.003816972864629622,0.26953125,,
2.5702700000004843,1228,,,,0.01171875,-0.0234375,-1.0234375,0.0011434049664409034,0.017949091419986633,12.132445335388184,0.3032768964767456,1019,1018,3.6794903679902973,0.12184466365786815,3.311454888368645,0.147311264040143,0.004878146054174958,0.265625,,
2.5950300000002606,1228,,,,0.048828125,-0.0546875,-1.0859375,0.0012578204378424073,0.025973391113627706,12.144001007080078,0.341796875,1018,1017,4.150781594216824,0.13402238168081781,3.228846872298647,0.19379890722644272,0.006257469954529952,0.263671875,,
2.6182299999995156,1228,,,,0,0.09375,-1.0390625,0.0011213847401761892,0.028829686156932082,12.146499633789062,0.443115234375,1015,1017,5.382299032062292,0.11945506229304202,2.2194059003680326,0.24134336045305754,0.005356388782041648,0.263671875,,
2.6444150000009685,1228,,,,0.13671875,-0.181640625,-1.056640625,0.0012776866970329417,0.032219452648013146,12.131428718566895,0.3313336968421936,1015,1017,4.019551125300325,0.13608866080078136,3.385668114635894,0.23675339634048453,0.008015684250217328,0.26171875,,
2.6672599999997764,1228,,,,-0.037109375,0.044921875,-0.9765625,0.0012589081271310088,0.030096680845401725,12.138999938964844,0.29052734375,1015,1017,3.526711408048868,0.13408013610534483,3.8018459860180016,0.22446785720559828,0.008533922219071658,0.26171875,,
2.6938300000000743,1228,,,,-0.078125,0.18359375,-1.087890625,0.0012401663072654202,0.027207043836611308,12.144498825073242,0.435791015625,1018,1017,5.292463477235287,0.13207704228314207,2.495568327514229,0.2059937394591697,0.00514071451860522,0.259765625,,
2.720035000000149,1228,,,,-0.041015625,0.021484375,-0.919921875,0.0016932007733563251,0.026784712273788095,12.13850212097168,0.3948974609375,1019,1017,4.793463667156175,0.18032331763421489,3.761858442148067,0.14853715329329054,0.005587757440890065,0.26171875,,
2.7448600000003354,1228,,,,-0.048828125,-0.048828125,-0.955078125,0.0011933482980368245,0.027773857249874048,12.133500099182129,0.281982421875,1021,1018,3.4214337437879294,0.1272391586556365,3.718884192530579,0.21828073639689777,0.008117607801203573,0.26171875,,
2.7677250000005587,1228,,,,-0.099609375,0.01953125,-0.845703125,0.0010598741223108211,0.029396499570194818,12.144001007080078,0.3546142578125,1020,1018,4.3064359039999545,0.11303083364175052,2.624695598900332,0.26007504875498455,0.006826178358509972,0.26171875,,
2.7937750000003727,1228,,,,-0.0234375,0.01953125,-0.984375,0.0010468133270749092,0.033308623520557225,12.142500877380371,0.433349609375,1018,1019,5.261948012048379,0.11167108404074982,2.1222384520914024,0.29827438147195384,0.006330093616335597,0.259765625,,
2.8164199999999253,1228,,,,0.0234375,-0.08203125,-1.005859375,0.0010647842345811434,0.029396499570194818,12.131501197814941,0.32470703125,1018,1019,3.9391837385483086,0.11360577876039167,2.883992885344778,0.25875884035965807,0.00746258654617319,0.255859375,,
2.8421950000002982,1228,,,,-0.13671875,0.09765625,-0.888671875,0.0011103208832269433,0.03379763901435253,12.142287254333496,0.2978515625,1017,1019,3.6165992310270667,0.11843323246558486,3.274712648543902,0.2853729338526134,0.009345143560392354,0.255859375,,
2.866950000000186,1228,,,,0.01171875,0.00390625,-1.01171875,0.00112050008435834,0.03404214676125018,12.148000717163086,0.4498291015625,1020,1018,5.464524248382077,0.11942723389776239,2.18550103301531,0.28504509105848097,0.0062296634096425324,0.255859375,,
2.895019999999553,1228,,,,-0.037109375,-0.025390625,-1.08203125,0.001186779124239836,0.027395981641032224,12.132999420166016,0.382080078125,1018,1018,4.635777366347611,0.12647483113435923,2.72823350086816,0.2166121227070735,0.0059096844986360276,0.255859375,,
2.919910000000149,1228,,,,0.01171875,0.09765625,-1.005859375,0.00122267119395596,0.02558068527638741,12.138223648071289,0.2924262285232544,1015,1017,3.5495349623772654,0.13024595241211115,3.669380744030768,0.19640291926652412,0.007206770900280131,0.25390625,,
3.0740199999995528,1228,,,,0.19921875,-0.078125,-1.140625,0.0014310894533038885,0.020627562647365438,12.146500587463379,0.426025390625,1015,1017,5.174717657500878,0.15244525332919562,2.9459627252942497,0.13531128189883063,0.003986219927857375,0.255859375,,
3.1039150000009688,1228,,,,0.0078125,0.025390625,-1.025390625,0.001101987731920551,0.02235394710404747,12.138921737670898,0.3475247919559479,1016,1017,4.218576251453612,0.11732693193109094,2.7811973741297935,0.1905269892949771,0.0052989316232804565,0.25390625,,
3.1317000000001864,1228,,,,0.01171875,0.068359375,-1.158203125,0.001280891915031651,0.02469528243666272,12.14120101928711,0.41845703125,1016,1016,5.080570934340358,0.13626895443980144,2.6821582889186466,0.18122456826783812,0.004860729779352852,0.255859375,,
3.1539000000003727,1228,,,,-0.009765625,0.0546875,-1.0078125,0.0011464270253981213,0.024839764287102235,12.134000778198242,0.28564453125,1016,1016,3.466010964475572,0.12194721454189691,3.518373594076274,0.20369275657844682,0.007166672160502135,0.255859375,,
3.176035000000149,1228,,,,0.09375,0.0546875,-1.083984375,0.0014496070001339936,0.01819359916688428,12.145000457763672,0.3472900390625,1015,1016,4.217837683390826,0.15419325918365426,3.655741893312841,0.11799218242876956,0.004313489643882642,0.25390625,,
3.1979350000005216,1228,,,,0.01171875,-0.08203125,-1.03125,0.001318604159551646,0.014537096951914866,12.140572547912598,0.4520089328289032,1017,1016,5.4876472413138515,0.14029494942390638,2.5565591820059663,0.1036181060801447,0.0026490582052126218,0.251953125,,
3.2198450000006704,1228,,,,-0.03125,0.169921875,-0.919921875,0.00121302144486908,0.01567072377844034,12.131429672241211,0.3369140625,1017,1016,4.08724925480783,0.12911247321197378,3.1589087222928436,0.12137265586038709,0.003834051412452243,0.251953125,,
3.244975000000559,1228,,,,0.0234375,-0.10546875,-0.865234375,0.001249896123921978,0.018149143212902886,12.136001586914062,0.2718099057674408,1016,1016,3.2986854477326233,0.1330466874281669,4.033324472317224,0.13641183830827638,0.005501932057625513,0.251953125,,
3.2678450000006705,1228,,,,-0.0625,0,-0.91796875,0.001344144875874868,0.02011631917657944,12.144001007080078,0.3948974609375,1016,1017,4.795635163318366,0.1431054536511644,2.9840771613690023,0.1405698990732752,0.004194714254005061,0.251953125,,
3.2942250000005586,1228,,,,-0.078125,0.08203125,-0.986328125,0.0011802420892579014,0.015681837766935686,12.140501022338867,0.4083251953125,1018,1017,4.957272451138124,0.12566246938345396,2.5349114986529244,0.12479332806267868,0.003163400422612508,0.251953125,,
3.317535000000149,1228,,,,0.009765625,-0.041015625,-1.01953125,0.0012053423640809087,0.01611899955815738,12.131502151489258,0.31005859375,1017,1017,3.7614764971658587,0.12832976491806258,3.411685943398944,0.12560608654156905,0.004285285198592224,0.251953125,,
3.3445800000000747,1228,,,,-0.0625,0.158203125,-0.97265625,0.0009455775967293318,0.011058418552871018,12.147500991821289,0.3436279296875,1016,1017,4.174220616696402,0.10066629750381961,2.4116190002312288,0.10985224277719587,0.002649217558994993,0.25,,
3.3678800000008198,1228,,,,0.009765625,-0.02734375,-0.93359375,0.0009155612010749273,0.015844831354462772,12.144001007080078,0.4364013671875,1015,1017,5.299658642616123,0.09746139114833585,1.8390126179942983,0.16257546878586002,0.002989783384735348,0.25,,
3.3928899999996647,1228,,,,-0.015625,-0.076171875,-0.865234375,0.0010870562936794198,0.020305256981000355,12.132000923156738,0.31494140625,1015,1016,3.8208694313652813,0.11563720348017453,3.026463101065843,0.17559450047130892,0.005314302764265053,0.25,,
3.4184000000003727,1228,,,,0.0234375,0.09375,-1.15625,0.001022925943185235,0.018964180612966404,12.143500328063965,0.3106689453125,1015,1016,3.7726084393216297,0.10880236517695249,2.8840089536701763,0.17429934158254468,0.005026808617428753,0.25,,
3.442765000000596,1228,,,,0,-0.09765625,-0.96875,0.0007965513086648361,0.018560360787230754,12.144001007080078,0.4541015625,1014,1015,5.514609832316637,0.08465292195219941,1.5350663877636017,0.21925245294794612,0.003365670709551127,0.25,,
3.4673149999994783,1228,,,,-0.0859375,0.154296875,-1.025390625,0.0010578011687398538,0.007101838648527217,12.132573127746582,0.3341238796710968,1013,1014,4.0537824038359815,0.11234522513958758,2.7713679213092055,0.06321442357432876,0.001751904256579471,0.248046875,,
3.4926800000006333,1228,,,,-0.103515625,0.10546875,-1.048828125,0.0013106943779649803,0.01634867707665655,12.14050006866455,0.29052734375,1013,1014,3.5271472367458045,0.13919173156958345,3.9462977365811267,0.11745436953978598,0.004635099126664207,0.251953125,,
3.516709999999963,1228,,,,0,-0.0859375,-1.02734375,0.0015344163026376374,0.024202550702964284,12.148000717163086,0.4327392578125,1014,1014,5.2569168142508715,0.1629580946837183,3.099879652688405,0.1485200888605041,0.004603944014741506,0.251953125,,
3.544485000000335,1228,,,,-0.09375,0.041015625,-0.92578125,0.0016312541854780543,0.019060490269521405,12.13650131225586,0.38818359375,1019,1014,4.71119069494307,0.17324388981832076,3.6772845982286055,0.11002114007893705,0.004045790438918272,0.25,,
3.5664950000001117,1228,,,,-0.0625,0.0625,-0.9609375,0.0010372791379882438,0.023972873184465112,12.133500099182129,0.323486328125,1020,1016,3.92502139438875,0.11039485759677564,2.81259250598219,0.21715570549515614,0.006107705099069516,0.25,,
3.5935400000009685,1228,,,,0,-0.015625,-1.052734375,0.0014123968197987298,0.028351784651632128,12.143000602722168,0.347900390625,1020,1017,4.224554653046653,0.15041328124574016,3.560452961290619,0.18849256140694076,0.00671118898442596,0.25,,
3.616800000000745,1228,,,,-0.09375,-0.005859375,-1.068359375,0.0040247382198231,0.022350230864144338,12.145500183105469,0.34912109375,1035,1022,4.2402503080666065,0.43092045589478173,10.162618350030028,0.05186625642483218,0.005270969692903625,0.25390625,,
3.6415599999995902,1228,,,,-0.046875,0.001953125,-0.935546875,0.0022947079014889304,0.028885256099408823,12.146001815795898,0.43701171875,1041,1028,5.3079451294615865,0.24694625235823806,4.652388944029781,0.11696980951752119,0.005441890485845848,0.25390625,,
3.663350000000559,1228,,,,-0.0234375,-0.005859375,-0.97265625,-0.00009637410576579313,0.03350867531347349,12.135501861572266,0.3662109375,1039,1030,4.444153513759375,0.010396523600285316,0.23393709438922472,0,0.0075399455058716034,0.25390625,,
3.6882949999999255,1228,,,,-0.0234375,0.1328125,-1.05078125,0.00009011667847482628,0.021094350164170047,12.134285926818848,0.2894810140132904,1035,1035,3.5126453944227194,0.009771315642811963,0.2781754075810381,0,0.006005260365211663,0.25390625,,
3.713105000000447,1228,,,,0,-0.09375,-0.83984375,0.0004857366885459544,0.02165004958893743,12.1371431350708,0.3620256781578064,1026,1036,4.393957474372371,0.05271431230237316,1.199700102011179,0.41070534060562447,0.004927232390211037,0.255859375,,
3.738195000000298,1228,,,,0.037109375,-0.02734375,-1.0390625,0.0020955774802235818,0.02210572311724669,12.145000457763672,0.3631591796875,1029,1033,4.410568403545767,0.22675217249908036,5.141109982939809,0.09748847331258245,0.005011989633688788,0.2578125,,
3.7661350000007077,1228,,,,0,-0.091796875,-0.84765625,0.0019815717410513393,0.0232949198862489,12.143001556396484,0.443115234375,1033,1032,5.380748980678618,0.214212619762664,3.981092976681614,0.10874672048760904,0.004329308051703789,0.2578125,,
3.7937000000001864,1228,,,,0,-0.041015625,-0.943359375,0.0002197428599010449,0.014848288629784602,12.131112098693848,0.3564453125,1033,1031,4.324078042991459,0.02373424568598331,0.5488856919326928,0.6256060894555218,0.003433862312881001,0.2578125,,
3.817469999999739,1228,,,,-0.009765625,-0.00390625,-1.015625,0.0006000638158687343,0.0215500236924793,12.136890411376953,0.2718099057674408,1029,1031,3.2989270390261254,0.06476512939736989,1.9632179987978509,0.3327411508785536,0.006532434163454877,0.255859375,,
3.843415000000037,1228,,,,0,0,-1.00390625,0.0005983348873528206,0.02027191501551431,12.147429466247559,0.4010881781578064,1023,1030,4.872190353917688,0.06451736140076733,1.3241962385334443,0.31420868081677633,0.004160739532521308,0.2578125,,
3.8662650000005963,1228,,,,-0.13671875,0.005859375,-0.919921875,0.0007084761436158163,0.017126656271330896,12.138001441955566,0.41259765625,1022,1027,5.008110946509987,0.07619321796789114,1.521396366448073,0.2247792746927726,0.0034197837177041743,0.2578125,,
3.890725000000559,1228,,,,-0.037109375,0.0625,-0.94140625,0.001006142495028248,0.01679323661647046,12.130500793457031,0.29541015625,1021,1027,3.5834731347858906,0.10815624146317035,3.0181959622709043,0.15526830804479222,0.004686301804094268,0.2578125,,
3.9128700000001118,1228,,,,0.015625,-0.0703125,-1.009765625,0.0009675149929491137,0.01629310713417981,12.143000602722168,0.3173828125,1020,1021,3.853979683481157,0.10346220462536668,2.6845550086531103,0.1574788319384516,0.004227605870372117,0.2578125,,
3.940730000000447,1228,,,,-0.01171875,0.0625,-0.98046875,0.0012190599090157455,0.01505945441119621,12.145715713500977,0.458984375,1019,1020,5.574693735688925,0.13024114717305676,2.3362924197836934,0.11562747056570452,0.0027013958300141764,0.2578125,,
3.9636399999996645,1228,,,,-0.037109375,0.056640625,-0.943359375,0.0011984956786026302,0.02091652634824448,12.133777618408203,0.3466796875,1018,1020,4.20653423294425,0.12796303701179276,3.042006315071124,0.16345756428332395,0.0049723894279601576,0.2578125,,
3.989460000000894,1228,,,,0.13671875,-0.095703125,-1.072265625,0.0009566341875116958,0.02428406486233485,12.136571884155273,0.2783203125,1018,1019,3.3778544794768095,0.10206777128257992,3.0216746133595733,0.2379209867834104,0.007189198057488898,0.255859375,,
4.013639999999665,1228,,,,-0.01171875,0.126953125,-1.015625,0.0008009020658192443,0.03251953033738753,12.146501541137695,0.411376953125,1018,1019,4.996790795121342,0.08543524789647977,1.7098023791569419,0.38063365107561714,0.006508083221962834,0.255859375,,
4.037875,1228,,,,0.037109375,0.021484375,-1.02734375,0.0011404466905865092,0.03251953033738753,12.136500358581543,0.404052734375,1017,1018,4.90378615562804,0.1215787330650168,2.4792829296905974,0.26747712792826217,0.006631514773552085,0.255859375,,
4.062950000000186,1228,,,,-0.0234375,0.044921875,-1.13671875,0.00117971501269102,0.025628857470271927,12.13257122039795,0.2936663031578064,1017,1018,3.5629273380930613,0.12575127455395585,3.529436966325001,0.20380594599282098,0.007193202397438991,0.255859375,,
4.0910750000001865,1228,,,,-0.07421875,0.064453125,-0.95703125,0.0010528007883194245,0.011325154276759364,12.145001411437988,0.3271484375,1016,1017,3.9732182351872325,0.11215227721134367,2.8227061936369737,0.10098015446817765,0.002850373074517434,0.255859375,,
4.113380000000819,1228,,,,-0.14453125,0.033203125,-0.865234375,0.0012842242909507904,0.01744896193769598,12.143112182617188,0.4421657919883728,1017,1017,5.369268815430587,0.1367626044932021,2.5471364760163246,0.12758576807129535,0.0032497836367495533,0.2578125,,
4.138919999999925,1228,,,,-0.0625,-0.115234375,-1.0078125,0.0011676929998512364,0.01595968747931938,12.130287170410156,0.3159877359867096,1018,1017,3.833021979846535,0.12434901788706973,3.2441509216716873,0.1283459069521041,0.004163734923314571,0.26171875,,
4.162804999999702,1228,,,,-0.099609375,0.1328125,-0.90234375,0.0012637371936938039,0.018760412580147014,12.141000747680664,0.294189453125,1018,1017,3.5717543703503907,0.13458051131503826,3.767910594082533,0.13939917746508587,0.005252436375770882,0.263671875,,
4.188930000000633,1228,,,,-0.07421875,-0.0234375,-0.8984375,0.0012945819323727245,0.022839246357939644,12.14699935913086,0.443115234375,1017,1017,5.3825204679742455,0.13786593318018442,2.561363844326845,0.1656627263247825,0.0042432251756091095,0.263671875,,
4.342084999999963,1228,,,,0.01953125,-0.05859375,-0.935546875,0.0012041646861101563,0.012503237057266227,12.133001327514648,0.3521728515625,1017,1017,4.272913675522432,0.12823538122980913,3.001122675714489,0.09750224109256807,0.002926161866758871,0.263671875,,
4.364054999999702,1228,,,,-0.013671875,0.01953125,-0.98046875,0.0011827351827286836,0.025121330239389065,12.139996528625488,0.3617110848426819,1018,1018,4.3911713143555176,0.1260363154321756,2.8702208684079475,0.1993181897871943,0.005720872277805009,0.263671875,,
4.405174999999813,1228,,,,-0.0234375,-0.01953125,-0.982421875,0.0010759317921835074,0.023750593414558156,12.13257122039795,0.3550502359867096,1019,1019,4.307672274927853,0.11475647151057758,2.664001906052604,0.20696517679500948,0.005513556254684194,0.265625,,
4.557599999999628,1228,,,,0.015625,-0.076171875,-0.873046875,0.0014798454330802258,0.025743713595128538,12.139693260192871,0.31024640798568726,1019,1019,3.7662962280228953,0.15784155839298805,4.190896011274356,0.1630984504792635,0.006835286455585735,0.267578125,,
4.587240000001155,1228,,,,-0.005859375,-0.001953125,-1.025390625,0.0010457746434750699,0.023131926298721815,12.139215469360352,0.3549134433269501,1018,1018,4.308370761518461,0.11148623394595705,2.5876657353106807,0.20748683922658126,0.005369065843945403,0.265625,,
4.618935000000522,1228,,,,0.04296875,0.00390625,-1.0390625,0.001103001896901353,0.0270921877117547,12.141091346740723,0.4212535619735718,1017,1017,5.114477976061039,0.11749513879783507,2.2973046193137585,0.2305813499090389,0.005297156002736372,0.259765625,,
4.641460000000894,1228,,,,-0.11328125,0.119140625,-1.0234375,0.001315870823198313,0.025050930068513846,12.132888793945312,0.3325737714767456,1017,1017,4.035080585110336,0.14014366986154006,3.473131871979899,0.17875177732439723,0.006208284949984177,0.2578125,,
4.665870000001043,1228,,,,-0.046875,0.09375,-1.029296875,0.0013592410362415327,0.027040334009181096,12.14000129699707,0.289306640625,1018,1017,3.5121829924173653,0.14475668375457676,4.121558702012381,0.18679851809140496,0.007699010577626474,0.2578125,,
4.689450000001117,1228,,,,-0.037109375,-0.01953125,-0.943359375,0.0010882146883611401,0.02081650045178635,12.145501136779785,0.4278564453125,1018,1017,5.196530942921527,0.11588646673812018,2.2300736397225798,0.17962839870532427,0.004005845568983212,0.2578125,,
4.7146250000009315,1228,,,,0.048828125,0.126953125,-1.130859375,0.0014448988034625962,0.022016811209283907,12.136000633239746,0.3690011203289032,1017,1017,4.478197829977745,0.15386910565344267,3.4359604353210838,0.1430879260380708,0.004916444526389608,0.259765625,,
4.738084999999963,1228,,,,-0.01171875,-0.021484375,-0.951171875,0.00122104217523467,0.023583883587127943,12.13550090789795,0.4095458984375,1020,1017,4.9700446223141626,0.13010365012636446,2.617756177524727,0.18126996102124623,0.004745205602630338,0.2578125,,
4.759759999999776,1228,,,,0,0,-1.0078125,0.004405567248536596,0.018815982522623755,12.135429382324219,0.2490234375,1029,1018,3.0220063403248787,0.4695017901640336,15.536095470718308,0.040076487282508254,0.006226321325520765,0.2578125,,
4.781629999999888,1228,,,,0.078125,0.01171875,-1.080078125,0.002871187975403259,0.02988551506399012,12.137715339660645,0.2546038031578064,1038,1022,3.090308487124446,0.30739587209070846,9.947093417095797,0.09722158876346686,0.00967072225588676,0.259765625,,
4.80369000000041,1228,,,,0.015625,-0.046875,-0.986328125,-0.0008027792520863407,0.03285294999224797,12.14342975616455,0.3383091390132904,1047,1033,4.1082332654764,0.08680145405215349,2.1128657610946977,0.37848386701573816,0.00799685603744272,0.2578125,,
4.82575,1228,,,,-0.0625,-0.001953125,-0.9453125,-0.00028204451181867074,0.02001629328012131,12.143430709838867,0.4443359375,1042,1034,5.3957626689225435,0.03054916168869958,0.5661694845225617,0.6552157955786239,0.003709631892337896,0.255859375,,
4.846849999999628,1228,,,,0,0.119140625,-1.056640625,0.00025651315767200765,0.023061526127846597,12.13657283782959,0.3648158609867096,1035,1038,4.427614269260715,0.027879756569445822,0.6296789845268282,0.8271781738984173,0.005208567125631116,0.25390625,,
4.870415000000038,1228,,,,0.046875,-0.0703125,-1.048828125,0.0004200353089315549,0.024106241046409283,12.12933349609375,0.2962239682674408,1028,1040,3.5929993006520817,0.045738419885726585,1.2729871636052272,0.5270457769777925,0.006709225087250733,0.25390625,,
4.89363000000082,1228,,,,-0.111328125,0.0234375,-0.9296875,0.0007279183398750903,0.024539686597727848,12.138856887817383,0.2894810140132904,1025,1040,3.5139686008475906,0.07929073342355131,2.256443993393279,0.3094899686025474,0.006983467806686926,0.255859375,,
4.917490000000224,1228,,,,0.0625,0.02734375,-0.986328125,0.0008176273846411774,0.025384349723374278,12.146001815795898,0.43701171875,1020,1028,5.3079451294615865,0.0879991515312273,1.6578760590947088,0.28846130083841104,0.0047823308463531815,0.255859375,,
4.942350000000559,1228,,,,-0.037109375,-0.025390625,-0.9375,0.001138613660256617,0.021683391554423476,12.139429092407227,0.3829520046710968,1019,1026,4.648818706499981,0.1222911446321564,2.630585367013105,0.17730958050679524,0.004664279879124077,0.255859375,,
4.966405000000261,1228,,,,-0.0625,-0.017578125,-0.9453125,0.0009599233856314802,0.026984764066704355,12.132500648498535,0.284423828125,1019,1022,3.4507722791749984,0.10278314773938024,2.978554926955463,0.2625407438885571,0.007819920262358141,0.255859375,,
4.991605000000447,1228,,,,0,0.13671875,-0.984375,0.0007950991931603202,0.0297188052365599,12.149500846862793,0.37109375,1018,1020,4.50860382989049,0.08495083390205652,1.8841938016124142,0.34983535618760375,0.00659157609713554,0.25390625,,
5.015920000000857,1228,,,,0.037109375,-0.087890625,-0.962890625,0.0011246067262523178,0.02060533467037474,12.142000198364258,0.4339599609375,1017,1019,5.269141931785271,0.12006454384914524,2.2786355995627057,0.17161881442921448,0.003910567401131539,0.255859375,,
5.041075000000186,1228,,,,-0.125,0.07421875,-0.990234375,0.0010174304852789992,0.021438883807525826,12.130001068115234,0.316162109375,1019,1018,3.8350467244163156,0.10848014441844454,2.828652483626649,0.19762956550674207,0.005590253613087014,0.255859375,,
5.062820000000298,1228,,,,0.19921875,-0.046875,-1.1953125,0.001138330838684144,0.02547326163133706,12.14000129699707,0.30517578125,1020,1018,3.704834380187094,0.12134296767745077,3.2752602471617895,0.20992779490154803,0.006875681614153736,0.2578125,,
5.085125,1228,,,,0.07421875,-0.076171875,-1.095703125,0.0011906955881890828,0.02338383179421168,12.142858505249023,0.4603794515132904,1017,1017,5.590322538450039,0.12683492109861702,2.268830111791421,0.1843643027619359,0.004182912816457104,0.2578125,,
5.107870000001043,1228,,,,-0.0859375,0.12890625,-0.96875,0.0013553764135983074,0.02097209629072122,12.133142471313477,0.3620256781578064,1016,1017,4.392509131362544,0.14435884715902442,3.286478020689844,0.14527752682603892,0.004774513988139561,0.2578125,,
5.129825000000186,1228,,,,0.0625,-0.013671875,-1.115234375,0.0013291704238034723,0.0230392981508559,12.133334159851074,0.2522786557674408,1017,1017,3.0609812318243996,0.14156009555086063,4.624663950209466,0.16275277338010974,0.007526768838476043,0.259765625,,
5.152305000000633,1228,,,,-0.046875,0.033203125,-0.98828125,0.0011211200840209204,0.02451745862073715,12.141143798828125,0.3508649468421936,1017,1017,4.259901773579259,0.1193781588268401,2.802368814399588,0.20537641777756108,0.005755404683929383,0.259765625,,
5.174714999999851,1228,,,,0.037109375,0.04296875,-1.05078125,0.0011149875789067277,0.0203385989464864,12.141000747680664,0.450439453125,1017,1017,5.468785737175494,0.11872098767664827,2.1708838740858223,0.17131426670641559,0.0037190337899379524,0.2578125,,
5.197860000000335,1228,,,,0.048828125,-0.044921875,-1.04296875,0.001046362405526307,0.019682873625260878,12.133334159851074,0.3466796875,1017,1017,4.2063804948702455,0.11141327520810711,2.6486732558782435,0.17666542508956448,0.004679289866730907,0.2578125,,
5.219740000000224,1228,,,,-0.171875,0.1875,-0.923828125,0.001257176264201547,0.027284841756078745,12.13599967956543,0.283203125,1017,1017,3.4369530342519283,0.1338599032154726,3.894725993676778,0.20383132738530882,0.007938671690932035,0.2578125,,
5.243294999999925,1228,,,,0.048828125,-0.0234375,-1.046875,0.0012317604700550987,0.029318701650727388,12.148001670837402,0.3963216245174408,1017,1017,4.814515756826864,0.1311536899667895,2.7241304544660965,0.22354461897451314,0.006089647044804909,0.259765625,,
5.266924999999814,1228,,,,-0.046875,0.015625,-0.90625,0.0012565673035232674,0.01368131983777309,12.13900089263916,0.4205322265625,1017,1017,5.104841073625721,0.13380469385596616,2.621133389387403,0.10224842973371563,0.002680067731874738,0.259765625,,
5.2935050000008195,1228,,,,-0.1875,0.07421875,-0.9375,0.0012425301869796134,0.011914195667012796,12.13257122039795,0.3062221109867096,1016,1017,3.7152615708068595,0.1323131943207605,3.5613426349419983,0.09004540876044295,0.003206825532993452,0.259765625,,
5.31781500000041,1228,,,,-0.07421875,-0.109375,-0.93359375,0.0011729068937908057,0.017315594075751808,12.143112182617188,0.3162977397441864,1015,1017,3.8408389368219105,0.12489712158592417,3.2518187729389627,0.13863885617123192,0.004508284351563968,0.263671875,,
5.343214999999851,1228,,,,-0.099609375,0.0625,-0.865234375,0.0012861939811116502,0.017604557776630846,12.142500877380371,0.4547119140625,1018,1017,5.521339815459214,0.13695531231277433,2.4804724376737832,0.12854235063497282,0.0031884575782384923,0.26171875,,
5.368615000000224,1228,,,,0.01171875,-0.015625,-0.91796875,0.001287440268465844,0.019416137901372532,12.132000923156738,0.3515625,1018,1017,4.265156574547291,0.13708712701245512,3.214117104880393,0.1416335605283235,0.00455226849519197,0.265625,,
5.393585000000894,1228,,,,0.0234375,-0.08984375,-0.974609375,0.001147985897662207,0.023961759195969767,12.13900089263916,0.28564453125,1018,1017,3.4674392198212445,0.12224126823458632,3.5254047867892604,0.19602021103041983,0.006910505902740829,0.263671875,,
5.416095000000671,1228,,,,-0.037109375,0.05078125,-0.90234375,0.0012346475137847757,0.0257622253322161,12.146001815795898,0.4461669921875,1018,1017,5.419145097257569,0.13146989428009873,2.4260264658097235,0.19595532097507637,0.004753927948017745,0.26171875,,
5.441835000000894,1228,,,,-0.037109375,0.017578125,-1.00390625,0.001248029557437247,0.012903340643098747,12.13657283782959,0.3801618218421936,1017,1017,4.613861640949779,0.13290028738487833,2.8804567134249908,0.09709038932121163,0.0027966466372933005,0.26171875,,
5.596285000000149,1228,,,,0.13671875,-0.140625,-1.0234375,0.0011442981782357562,0.020027407268616657,12.136001586914062,0.28076171875,1016,1017,3.4073246642947197,0.12185492907268203,3.576264109774955,0.16435451090099967,0.005877751386148617,0.259765625,,
5.620605000000447,1228,,,,0.001953125,0,-1.001953125,0.001283898937302777,0.01961990593419192,12.138748168945312,0.3853592276573181,1017,1017,4.67777861911145,0.1367579926762364,2.923567013571364,0.14346441879006283,0.004194278423958154,0.255859375,,
5.646540000000969,1228,,,,0.099609375,-0.087890625,-0.98828125,0.0016860803490141756,0.0247841943446255,12.13550090789795,0.28076171875,1027,1019,3.4071840927936137,0.17993911505337004,5.281167971931761,0.13773655793113407,0.007274098983100287,0.255859375,,
5.669150000000372,1228,,,,0.0625,-0.078125,-1.1171875,0.0007414301667001128,0.021316629934077,12.145501136779785,0.3546142578125,1027,1021,4.306967871380039,0.0792493609857874,1.840026750893647,0.26898172640029144,0.004949335720780922,0.2578125,,
5.694509999999776,1228,,,,-0.099609375,0.0546875,-0.9765625,0.000723696946691298,0.02412846902339998,12.143001556396484,0.4290771484375,1025,1023,5.210284481290728,0.07753467154983759,1.4881082180493561,0.31119586297454976,0.004630931211153888,0.2578125,,
5.717849999999627,1228,,,,-0.0625,0.1015625,-1.013671875,0.0009586185497402977,0.0257622253322161,12.132499694824219,0.3271484375,1021,1023,3.96912831813097,0.10274448422327015,2.588590642281167,0.2507407139855137,0.0064906506586179915,0.2578125,,
5.7424799999995155,1228,,,,0.046875,-0.11328125,-0.984375,0.0011184033760110285,0.02047196680843057,12.137715339660645,0.2852957546710968,1020,1022,3.4628386578114316,0.11974988938859868,3.4581423283602386,0.1709560393997299,0.005911903161370266,0.2578125,,
5.767765000000596,1228,,,,0.0234375,0.07421875,-1.03515625,0.0010704941841443685,0.01848256286776332,12.142999649047852,0.4266357421875,1018,1022,5.180637667654082,0.11460039922797485,2.2120906069825317,0.16127834625598392,0.003567623148625384,0.255859375,,
5.794464999999851,1228,,,,-0.0234375,0.015625,-0.99609375,0.001168199675257258,0.027540463491471743,12.135000228881836,0.382080078125,1018,1021,4.636541835498065,0.12487279231182885,2.693231221506164,0.22054815129542765,0.005939871669143108,0.255859375,,
5.816540000000969,1228,,,,0.1875,-0.03515625,-1.115234375,0.0011931092131996202,0.027740515284388003,12.133501052856445,0.28076171875,1018,1019,3.40662261005491,0.12731388995589835,3.737246667127775,0.21789072106741333,0.008143113711072581,0.255859375,,
5.843685000000521,1228,,,,0.0859375,0.09375,-1.134765625,0.001228142897085852,0.024095127057913935,12.14228630065918,0.3703961968421936,1016,1019,4.497456666733228,0.13099545370840743,2.9126562725407483,0.18393865111951962,0.0053575006594595315,0.259765625,,
5.867355000000447,1228,,,,-0.111328125,0.20703125,-1.0078125,0.001169686863990376,0.02399510116145581,12.140890121459961,0.4258897602558136,1016,1018,5.170680783120758,0.12465496838089395,2.410803791791196,0.19249213627921125,0.004640607720319101,0.26171875,,
5.894790000000037,1228,,,,-0.0234375,0.0078125,-1.064453125,0.0011717839915396232,0.017004402397882066,12.126856803894043,0.3585379421710968,1018,1018,4.347938283471734,0.1248602953091009,2.871712686993401,0.13618742736260883,0.00391091162966196,0.263671875,,
5.920920000000857,1228,,,,0.0234375,0.021484375,-1.005859375,0.0015778285756083844,0.02027191501551431,12.138667106628418,0.2945963442325592,1021,1019,3.576006953468749,0.16831691518093242,4.706839706160637,0.12043896475718435,0.00566886901487997,0.26171875,,
6.076674999999813,1228,,,,-0.072265625,0.095703125,-0.966796875,0.002532910662495593,0.01803800332794941,12.145501136779785,0.3985595703125,1025,1019,4.8407057143049315,0.27026068821231475,5.58308445426993,0.06674297859324213,0.0037263168621560084,0.265625,,
6.1041850000005216,1228,,,,-0.04296875,0.013671875,-1,0.0008756344148010763,0.0252723415580696,12.138343811035156,0.3496277928352356,1024,1024,4.243902355327464,0.09391431160441119,2.2129234779994054,0.26910000325107586,0.005954977151240221,0.267578125,,
6.130070000000298,1228,,,,-0.07421875,0.0234375,-1.0078125,0.001169708662491021,0.023761707403053504,12.147557258605957,0.4069010317325592,1020,1022,4.942853581557102,0.12514156173500726,2.5317675239650743,0.189878622846101,0.0048072853081697125,0.265625,,
6.152270000000485,1228,,,,0.0234375,-0.015625,-0.978515625,0.0014413234301548547,0.025228753884439407,12.135001182556152,0.59814453125,1019,1020,7.258484594058245,0.15393558195693083,2.120767495779238,0.16389163287470526,0.0034757604783085885,0.265625,,
6.1743650000011545,1228,,,,-0.01171875,0.04296875,-0.919921875,0.002361495573052147,0.025795567297702146,12.133713722229004,0.3787667453289032,1037,1020,4.595847255321331,0.25213533138383704,5.486155596052513,0.1023084196733713,0.00561279909114355,0.263671875,,
6.196150000000372,1228,,,,0.015625,0.046875,-0.97265625,0.004599143803092699,0.0322527946134992,12.135429382324219,0.3410993218421936,1043,1028,4.139386732574621,0.4949832641615927,11.95788884054625,0.06515936385875447,0.007791684299436927,0.265625,,
6.218160000000149,1228,,,,-0.07421875,0.05078125,-1.03515625,-0.0009913415925581427,0.029863287086999424,12.131999969482422,0.3173828125,1049,1035,3.8504882715642452,0.10748403143441307,2.7914390034162633,0.2778392909947935,0.007755714335643875,0.263671875,,
6.245094999999739,1228,,,,0,0.025390625,-0.935546875,-0.0009060566355917029,0.02577333932071145,12.134857177734375,0.2671596109867096,1048,1037,3.2419437229827963,0.09836487144156453,3.034132602124954,0.26201771977125576,0.007949965058924072,0.265625,,
6.267415000000037,1228,,,,-0.041015625,0.03125,-0.994140625,-0.00013116822622594426,0.026951422101218314,12.142667770385742,0.3309461772441864,1037,1042,4.0185694801553495,0.01431948583730993,0.3563329166765176,0,0.006706720447241446,0.263671875,,
6.293165000000037,1228,,,,-0.09375,0.015625,-0.9296875,0.0005039100705870272,0.011547434046666319,12.14342975616455,0.4471261203289032,1033,1044,5.429644634360415,0.0551054824475418,1.0149003509146406,0.20955145538665798,0.002126738456065928,0.263671875,,
6.316820000000298,1228,,,,-0.0625,0.087890625,-1.00390625,0.0007645481753041955,0.025906707182655624,12.133500099182129,0.3668212890625,1026,1037,4.45082614722196,0.0830519037658664,1.8659884933430686,0.3119339353820213,0.005820651341060721,0.263671875,,
6.342634999999777,1228,,,,-0.0234375,0.08984375,-1.0625,0.0009698377908736296,0.02389507526499768,12.135429382324219,0.2573939859867096,1023,1030,3.123586540376664,0.10464147466924648,3.350042437326807,0.2283518589596129,0.007649884181571688,0.26171875,,
6.367570000000298,1228,,,,0,0.029296875,-1.146484375,0.0011069862715641482,0.010235983404215285,12.144889831542969,0.3705512285232544,1022,1028,4.500303847357827,0.11922480256825914,2.64926117462618,0.08585447980385567,0.0022745094001208237,0.263671875,,
6.392855000000447,1228,,,,0,-0.029296875,-1.03125,0.0007823593668730102,0.020049635245607354,12.140501022338867,0.419921875,1023,1024,5.098061952739954,0.08386504891369927,1.645037853426359,0.23907021465210485,0.003932795527294775,0.265625,,
6.418990000000224,1228,,,,-0.11328125,0,-0.8828125,0.0013586171562318696,0.028318442686146087,12.128500938415527,0.325927734375,1022,1023,3.9530148322228342,0.1455188428572276,3.6812116582775474,0.1946032701340957,0.007163758267565681,0.265625,,
6.443850000000559,1228,,,,0.0234375,0.052734375,-1.0234375,0.001230087994066497,0.030441214488757504,12.13949966430664,0.2783203125,1021,1023,3.3786693401634693,0.1317525607406269,3.8995399512594022,0.23104837065508907,0.009009823520429103,0.265625,,
6.4678700000001115,1228,,,,0.037109375,0.142578125,-1.068359375,0.0010712469310865185,0.021405541842039782,12.142999649047852,0.4327392578125,1023,1023,5.254752655746415,0.11473940813558565,2.183535851304259,0.18655788965501033,0.00407355840405379,0.267578125,,
6.494910000000149,1228,,,,0.0625,-0.125,-0.9296875,0.0008878082164041785,0.017882407489014544,12.136571884155273,0.3885323703289032,1025,1023,4.715451041817971,0.0950640525169844,2.0160118655443378,0.18810903822787928,0.003792300530835381,0.26953125,,
6.517445000000298,1228,,,,-0.111328125,0.0390625,-0.9296875,0.0008466521717085077,0.014881630595270647,12.133199691772461,0.3017578125,1017,1022,3.661287797614932,0.09063294682789678,2.475439021399456,0.1641966979571946,0.0040645891330817994,0.26953125,,
6.542660000000149,1228,,,,-0.01171875,0.1328125,-1.0703125,0.0008077507075732218,0.01926054206243766,12.144667625427246,0.3556315004825592,1017,1022,4.319026370492651,0.08642911250136114,2.001124908424733,0.2228478518986798,0.004459463872233942,0.267578125,,
6.567115000000223,1228,,,,-0.0234375,-0.10546875,-0.935546875,0.0011909751958800504,0.02249471271458386,12.142500877380371,0.44189453125,1018,1019,5.365704733412713,0.127110599530054,2.368945103119916,0.17696960597896652,0.0041923128148493366,0.265625,,
6.595259999999777,1228,,,,-0.19921875,0.01953125,-0.837890625,0.0012551638154432675,0.01943836587836323,12.131501197814941,0.31982421875,1018,1019,3.879947892855853,0.13390280072666522,3.4511494593321834,0.14516773191355886,0.0050099553950595805,0.267578125,,
6.619049999999814,1228,,,,-0.0234375,0.0078125,-0.9609375,0.0012514949601039132,0.023117096070323334,12.143112182617188,0.3146701455116272,1017,1017,3.8210748774681633,0.13328178803520482,3.4880705641528036,0.17344527268959825,0.006049893501600439,0.267578125,,
6.643730000000447,1228,,,,0.0234375,-0.1171875,-0.8359375,0.001286489937678102,0.030007768937438947,12.145999908447266,0.44677734375,1017,1016,5.4265575762838125,0.13693969762512984,2.5235095306757658,0.2191312633067492,0.0055297983142360225,0.267578125,,
6.667839999999851,1228,,,,-0.0234375,0.068359375,-1.0234375,0.0012636959721701482,0.026740256319806702,12.13028621673584,0.3480747640132904,1017,1016,4.222246512303997,0.13450933085932976,3.185728982601034,0.198798523113402,0.006333182167806463,0.267578125,,
6.6933450000006705,1228,,,,-0.01171875,0.04296875,-0.962890625,0.0012636959721701482,0.02275033444997686,12.137001037597656,0.277099609375,1015,1016,3.3631582465022802,0.13451618142846294,3.999698246978452,0.1691271206808358,0.006764574481036521,0.263671875,,
6.716965000000783,1228,,,,0,-0.1015625,-0.9375,0.0012734238325510072,0.02445077468976507,12.146001815795898,0.4412841796875,1017,1017,5.3598384477663785,0.13556428238822596,2.529260605694563,0.18036295592775303,0.004561849191546904,0.263671875,,
6.746925000000745,1228,,,,-0.09375,0.115234375,-1.072265625,0.0013363246637684177,0.025173183941962673,12.13900089263916,0.4437255859375,1019,1017,5.386385283782147,0.14234630892505332,2.642705662991532,0.17684465534836308,0.004673483721589049,0.263671875,,
6.76944000000041,1228,,,,0.017578125,-0.01171875,-1.01171875,0.002194527208312865,0.023494971679165158,12.131556510925293,0.3564453125,1023,1017,4.324236451648176,0.2337874823283173,5.406445390820606,0.10049713288827931,0.005433322608945236,0.26171875,,
6.7932750000003725,1228,,,,0.03125,0.009765625,-1.017578125,0.0032389989674782627,0.022783676415462903,12.134500503540039,0.25634765625,1029,1025,3.110650763846934,0.34772264278711673,11.178453294354684,0.06552255623287541,0.007324408345759261,0.259765625,,
6.81653000000026,1228,,,,-0.037109375,-0.09375,-0.912109375,0.0005103206463184241,0.0252732098384208,12.144000053405762,0.3062221109867096,1040,1027,3.7187613321766264,0.054857727414061086,1.4751612839308603,0.46070464508419995,0.0067961365575531976,0.26171875,,
6.841735000000336,1228,,,,-0.0859375,0.044921875,-0.916015625,-0.00038271907050661385,0.023683909483586073,12.147430419921875,0.4401506781578064,1035,1029,5.34669973720338,0.04122652840514023,0.7710649640240316,0.5744822666327903,0.004429631482536565,0.263671875,,
6.866160000000149,1228,,,,-0.048828125,0.2265625,-1.02734375,-0.000009479972303009434,0.015337304123579906,12.136000633239746,0.374755859375,1030,1032,4.548037346685305,0.001024690018664002,0.02253037828308106,0,0.003372290716732575,0.265625,,
6.8904350000005214,1228,,,,0.1875,-0.158203125,-1.046875,0.0006713162675128104,0.012314299252845315,12.132999420166016,0.27587890625,1021,1033,3.3472386095672846,0.07260518809909804,2.169107033229522,0.1696063266999276,0.00367894276125037,0.267578125,,
6.915725000000559,1228,,,,-0.111328125,0.083984375,-1.046875,0.0009571862764607277,0.015526241928000818,12.146286964416504,0.3564453125,1018,1025,4.329487052746117,0.102789456697078,2.374171707751856,0.15104897357086802,0.0035861619953691274,0.267578125,,
6.942919999999925,1228,,,,-0.0859375,0.185546875,-1.078125,0.0009687368268570705,0.019560619751812055,12.140891075134277,0.4307725727558136,1017,1024,5.2299628839836885,0.10390181507874549,1.9866644827812423,0.1882606164000829,0.0037401068010854853,0.265625,,
6.966920000000857,1228,,,,0.03125,-0.072265625,-1.0859375,0.000956576337644599,0.01793797743149128,12.130500793457031,0.31005859375,1017,1020,3.7611660175025463,0.10220923475411707,2.7174879885250336,0.17550251182923296,0.004769259678519133,0.26953125,,
6.993740000000224,1228,,,,-0.15625,0.037109375,-0.8984375,0.0010304638926551266,0.017860179512023847,12.144501686096191,0.3125,1017,1018,3.79515677690506,0.10983590229727441,2.894107114774987,0.16260784623669491,0.004706045247118559,0.26953125,,
7.016930000000634,1228,,,,-0.009765625,0.0078125,-0.853515625,0.001052999707607015,0.02660688845786253,12.144444465637207,0.4448784589767456,1017,1017,5.402801739001347,0.11217801174090185,2.07629332261296,0.23718452524650377,0.004924646459964407,0.271484375,,
7.0434500000001865,1228,,,,0.037109375,-0.103515625,-0.998046875,0.0012183869501753155,0.023795049368539548,12.131429672241211,0.3243582546710968,1018,1017,3.934929355153315,0.12975589412205105,3.2975406267997767,0.18338318678731805,0.006047135087031933,0.26953125,,
7.068974999999628,1228,,,,-0.162109375,-0.001953125,-0.884765625,0.0011759315754893002,0.02428406486233485,12.143000602722168,0.28076171875,1017,1017,3.409289720002562,0.12522762778182783,3.673129539185474,0.19391938737865946,0.007122910300013048,0.271484375,,
7.093424999999813,1228,,,,0.037109375,0.03515625,-0.923828125,0.0009592595094996526,0.028218416789687954,12.142499923706055,0.4461669921875,1015,1016,5.417582668596879,0.10209265115396694,1.8844687270902012,0.27640007846530973,0.005208673040331539,0.271484375,,
7.117360000000335,1228,,,,0.01171875,-0.1328125,-0.7890625,0.0014592427758230242,0.026562432503881142,12.134501457214355,0.3704833984375,1014,1016,4.49563133821357,0.1552891014848949,3.4542223283504856,0.17105149202286352,0.005908498830430401,0.271484375,,
7.140950000000187,1228,,,,-0.0625,0.0546875,-0.865234375,0.0013837365424056152,0.026873624181750877,12.13657283782959,0.2671596109867096,1016,1016,3.2424020780664193,0.14720414254337053,4.539971878847133,0.18256024400830392,0.008288183739931707,0.2734375,,
7.162980000000447,1228,,,,-0.046875,-0.08203125,-1.00390625,0.0012727951693817599,0.024261836885344154,12.145502090454102,0.4022216796875,1017,1016,4.885184251470491,0.13537687163515702,2.771172276550412,0.179217000602069,0.004966411835549722,0.271484375,,
7.189299999999814,1228,,,,-0.125,0.01171875,-0.8828125,0.0012319760795839157,0.014737148744831126,12.13942813873291,0.4234096109867096,1017,1016,5.139950545822018,0.13105304636504483,2.5496946944668686,0.11245178310301299,0.0028671771476109125,0.275390625,,
7.214139999999665,1228,,,,0.01171875,0.037109375,-1.0234375,0.0014366922269056078,0.020082977211093398,12.130000114440918,0.313720703125,1018,1017,3.8054321648087353,0.15298804827908183,4.020254248488783,0.13127154334603902,0.005277449798425928,0.2734375,,
7.250360000000335,1228,,,,0.125,-0.015625,-1.123046875,0.0013276386599312144,0.021172148083637477,12.144001007080078,0.3076171875,1020,1017,3.735703434795141,0.14139995785555817,3.785095908270681,0.1497323507356706,0.005667513081053373,0.2734375,,
7.274435000000522,1228,,,,-0.0546875,0.078125,-1.017578125,0.0010337638205977846,0.022861474334930337,12.142001152038574,0.4256184995174408,1018,1018,5.1678603114696955,0.11021634133537288,2.132726790055753,0.2074236366217789,0.0044237794671405746,0.26953125,,
7.444410000000149,1228,,,,0,0.05078125,-1.1015625,0.0015495605314929048,0.026184556895039318,12.132000923156738,0.31494140625,1018,1019,3.8208694313652813,0.1652732942627482,4.32554153528592,0.1584318689346848,0.0068530362958995426,0.271484375,,
7.466530000000261,1228,,,,-0.013671875,0.0078125,-0.978515625,0.0012747175557700483,0.023596595211469496,12.140212059020996,0.3634697198867798,1019,1019,4.4125994764584675,0.13603087754209167,3.082783249824193,0.17346499293271167,0.005347549746438356,0.26953125,,
7.6308400000007826,1228,,,,-0.15625,0.17578125,-0.9921875,0.001227182086249723,0.025395463711869626,12.139429092407227,0.2852957546710968,1020,1019,3.4633275841945874,0.1309178547837589,3.780117577708273,0.19398013933100344,0.007332677344114261,0.26953125,,
7.653435000000521,1228,,,,0.021484375,-0.01171875,-1.013671875,0.001217572429570452,0.022762316718823405,12.13891315460205,0.36940696835517883,1020,1020,4.484199107568344,0.13002496546227824,2.899625158098458,0.17506112489933345,0.005076116419631236,0.267578125,,
7.677800000000745,1228,,,,0.03125,-0.07421875,-1.064453125,0.001160316862328442,0.02114992010664678,12.143427848815918,0.2978515625,1022,1021,3.616938958875835,0.12407513283771832,3.4303905663998697,0.1704605880560242,0.005847463932103597,0.267578125,,
7.703785000000149,1228,,,,-0.099609375,0.13671875,-0.97265625,0.0008910553545964362,0.018382536971305194,12.146501541137695,0.4437255859375,1022,1022,5.389713513432071,0.09531820444532531,1.7685207981421713,0.19285441934493686,0.0034106705162515274,0.267578125,,
7.724950000001118,1228,,,,-0.03125,0.1796875,-1.07421875,0.0009583161654108355,0.015970801467814728,12.13700008392334,0.3857421875,1022,1022,4.681752962060273,0.10253415588774269,2.190080440353287,0.1557607933623603,0.003411286669168154,0.26953125,,
7.745835000000894,1228,,,,0.07421875,-0.08984375,-0.94921875,0.001063709959754477,0.016648754766030942,12.130858421325684,0.2894810140132904,1022,1022,3.511653196657022,0.1138275368147927,3.2414230688597825,0.14626298022349296,0.004741001982166123,0.26953125,,
7.768125,1228,,,,0.103515625,-0.142578125,-1.03515625,0.0015475496198083883,0.0183380810173238,12.14228630065918,0.3048270046710968,1020,1022,3.7012967628888305,0.1656076246151915,4.4743136047793195,0.11073210584316064,0.0049545016765991726,0.267578125,,
7.795485000000335,1228,,,,0.048828125,0.0234375,-1.08984375,0.001139589003426509,0.020260801027018962,12.143427848815918,0.48828125,1019,1021,5.9294081293046474,0.12182455428339935,2.054582036296529,0.16631130847305578,0.0034170022682171114,0.267578125,,
7.818105000000447,1228,,,,-0.07421875,0.0234375,-0.958984375,0.0014865469349548484,0.02348385769066981,12.136446952819824,0.3770616352558136,1021,1020,4.576188534225679,0.15885935070469817,3.4714336945817776,0.14782798485890633,0.005131750476413322,0.265625,,
7.843515000000596,1228,,,,0.0234375,-0.10546875,-0.935546875,0.001983343288430694,0.021861215370349036,12.132000923156738,0.2880859375,1022,1021,3.4950588596984744,0.21215471030059224,6.070132687805299,0.1030437426507047,0.006254891905378397,0.265625,,
7.866310000000522,1228,,,,0.0859375,0.0078125,-1.0859375,0.0011350094239131131,0.022320605138561427,12.139501571655273,0.2978515625,1027,1023,3.615769511088729,0.12159606947739103,3.362937518679883,0.1835635414408819,0.006173127205732914,0.263671875,,
7.888405000000261,1228,,,,-0.0859375,-0.091796875,-0.876953125,0.0007122609781573209,0.017860179512023847,12.147430419921875,0.4352678656578064,1024,1023,5.287386112106105,0.07632634853765104,1.4435554150829404,0.23399756249591314,0.0033778844845718417,0.263671875,,
7.912759999999777,1228,,,,-0.03125,0.04296875,-0.955078125,0.0008062549950674156,0.016070827364272858,12.13257122039795,0.4073660671710968,1022,1024,4.942397822726747,0.08643706587906685,1.7488892836914345,0.18592518384135545,0.003251625615885064,0.263671875,,
7.937820000000298,1228,,,,-0.01171875,-0.091796875,-0.73046875,0.001064043365027165,0.016659868754526286,12.133001327514648,0.289306640625,1023,1024,3.5101578547619283,0.11408273654935126,3.250074249355625,0.14603321465136282,0.0047461879048901695,0.263671875,,
7.966040000000037,1228,,,,-0.048828125,0.029296875,-1.01953125,0.0013728209432075523,0.022828132369444296,12.142000198364258,0.31494140625,1023,1023,3.8240186171606183,0.14704956928186785,3.8454198058024622,0.1552410692593518,0.005969670824038631,0.263671875,,
7.988020000000485,1228,,,,-0.1484375,0.203125,-1.060546875,0.0009375705602936338,0.02383950532252094,12.144888877868652,0.458984375,1022,1022,5.574314231052995,0.10031504599037362,1.7995943865443693,0.2376463579033659,0.004276670516656114,0.263671875,,
8.013520000000485,1228,,,,-0.01171875,-0.009765625,-0.888671875,0.0014815406857073222,0.03216388270553641,12.133713722229004,0.3564453125,1022,1022,4.3250053795054555,0.15848906974539437,3.664482603800064,0.20294069967857253,0.007436726635751423,0.267578125,,
8.039129999999888,1228,,,,0.07421875,-0.138671875,-0.939453125,0.0009669264334316944,0.03670950400013364,12.138999938964844,0.2734375,1020,1022,3.3192577958106995,0.10344741475105236,3.1165827156183945,0.3548614925609845,0.011059551941541096,0.267578125,,
8.06297500000056,1228,,,,-0.048828125,0.03515625,-0.8984375,0.0009420607719585794,0.03688732781605921,12.14950180053711,0.38330078125,1020,1022,4.656913531944156,0.10078875443899546,2.164282281550511,0.36598654305611095,0.007920981904222642,0.267578125,,
8.088620000000112,1228,,,,-0.0234375,0.111328125,-1.0390625,0.0009679260903138448,0.011791941793563972,12.143501281738281,0.42236328125,1020,1021,5.128969047218561,0.10348480137471486,2.0176530687163075,0.11394853772647986,0.00229908616819568,0.265625,,
8.113820000000299,1228,,,,0.0234375,0.029296875,-1.015625,0.0015021145577649537,0.01864927269519354,12.130000114440918,0.32470703125,1021,1021,3.9386963262222707,0.16056220007911234,4.076531592703738,0.11614983281248421,0.0047348846294734915,0.263671875,,
8.141419999999925,1228,,,,0,-0.099609375,-1.021484375,0.00144112151455593,0.024650826482681326,12.139999389648438,0.281982421875,1021,1021,3.423266429454088,0.15405858156761607,4.50033863102452,0.16000943428044037,0.007200966384206449,0.26171875,,
8.16310000000056,1228,,,,0.099609375,-0.0390625,-0.951171875,0.0014723283039731298,0.025973391113627706,12.146222114562988,0.4410807192325592,1022,1021,5.357464386249859,0.15741962441785,2.938323301259335,0.16499462001436813,0.004848075365706476,0.26171875,,
8.184035000000149,1228,,,,0,0.01953125,-1.060546875,0.0009134276029572932,0.028251758755173998,12.13257122039795,0.3850446343421936,1022,1021,4.67158144918875,0.09768084833692396,2.0909589054448974,0.2892251576043557,0.0060475791897153155,0.26171875,,
8.206665000000969,1228,,,,0.01953125,0.1171875,-1.03125,0.001100667780524579,0.02472862440214876,12.131999015808105,0.2964564859867096,1022,1022,3.59660979622069,0.11782121012552521,3.2758963802337266,0.2098826210985543,0.006875537187307209,0.259765625,,
8.230375,1228,,,,0.01171875,-0.083984375,-0.89453125,0.001141605783938122,0.022683650519004773,12.146000862121582,0.30517578125,1023,1022,3.7066653021611273,0.12222509154086104,3.29744073384773,0.18558914731040646,0.00611969214101401,0.26171875,,
8.251955000001006,1228,,,,-0.07421875,0.099609375,-0.931640625,0.0008343286692188096,0.024350748793306936,12.146000862121582,0.4451497495174408,1023,1022,5.406789241412042,0.08925502058019352,1.6507952611980041,0.27282217442802964,0.004503735526955268,0.26171875,,
8.273834999999963,1228,,,,0.0625,-0.173828125,-0.98828125,0.0007599879569160241,0.02947429748966225,12.134857177734375,0.3662109375,1017,1021,4.44391742348671,0.08123988350642605,1.8281141561511065,0.36280575768342704,0.00663250341554201,0.26171875,,
8.298025000000372,1228,,,,-0.099609375,-0.005859375,-0.82421875,0.0007713808873846247,0.0339532348532874,12.135429382324219,0.2783203125,1016,1021,3.3775364980101585,0.0824465720907326,2.441026829445223,0.4118210617164508,0.010052662605804735,0.26171875,,
8.318920000000857,1228,,,,0.046875,-0.013671875,-1.0078125,0.0011792652090142459,0.022328002887153645,12.146500587463379,0.3759765625,1015,1017,4.566799537278712,0.12564706788972588,2.751315595617256,0.17770413000604054,0.004889201442912156,0.26171875,,
8.34463000000082,1228,,,,-0.03125,0.064453125,-1.017578125,0.0012390946873843452,0.016104169329758902,12.144000053405762,0.4451497495174408,1015,1017,5.4058985819133625,0.13194956937880734,2.4408443365969537,0.12204791122528226,0.00297899952907718,0.26171875,,
8.366544999999926,1228,,,,-0.05078125,0.078125,-0.982421875,0.0012469565402163868,0.016104169329758902,12.135501861572266,0.328369140625,1014,1017,3.9849243173375726,0.13273825039079162,3.331010574360854,0.12132274820819913,0.004041273571920307,0.263671875,,
8.388359999999404,1228,,,,0.109375,-0.126953125,-1,0.001114031938227803,0.020349712934981747,12.138856887817383,0.2713448703289032,1014,1016,3.293816548165921,0.11848416637143895,3.5971695642070256,0.17175048412111812,0.006178156141183082,0.263671875,,
8.413334999999963,1228,,,,-0.125,0.02734375,-0.7734375,0.0011185271803159746,0.018893780442091185,12.146858215332031,0.4282924234867096,1018,1015,5.202407342794004,0.11894363539426622,2.286319151056449,0.15884650220638855,0.003631738000727966,0.263671875,,
8.438865000000224,1228,,,,-0.0625,0.02734375,-0.9375,0.0011392421836918854,0.022439142772107123,12.13650131225586,0.3961181640625,1017,1016,4.807488617952913,0.12123756500756375,2.521848196474528,0.1850840766284542,0.004667539448416205,0.265625,,
8.46872000000067,1228,,,,-0.01171875,-0.12109375,-0.962890625,0.0009934587020663144,0.027384867652536875,12.132000923156738,0.27587890625,1015,1017,3.3469631453044713,0.10576430214516777,3.160007970017443,0.2589235412809657,0.008182004540729919,0.265625,,
8.494665000000037,1228,,,,-0.03125,0.01953125,-0.923828125,0.0009972642494409517,0.0299966549489436,12.147201538085938,0.392578125,1017,1017,4.768725603818893,0.10619107720905648,2.2268229718232577,0.2824781115073324,0.006290287477417795,0.265625,,
8.517929999999701,1228,,,,0.01171875,0.107421875,-1.029296875,0.0009203417799471848,0.026873624181750877,12.140501022338867,0.423583984375,1018,1017,5.142521795351058,0.09802051935651566,1.9060788316955342,0.2741632502885175,0.005225767678037878,0.263671875,,
8.543834999999962,1228,,,,0.0625,-0.02734375,-1.166015625,0.0012321746415673567,0.022928158265902426,12.130858421325684,0.3048270046710968,1020,1017,3.697813236661858,0.1312368245070808,3.5490387455466177,0.17470826768339973,0.006200464111757157,0.263671875,,
8.56715500000026,1228,,,,0.009765625,0.009765625,-1.03125,0.0012813971930978874,0.02263919456502338,12.14000129699707,0.302734375,1019,1018,3.6751957051455975,0.1366182695255468,3.7173059745980104,0.16571132575200706,0.00615999701276493,0.265625,,
8.59340500000026,1228,,,,-0.03125,0.193359375,-1.138671875,0.0010535044886351235,0.02657354649237649,12.148502349853516,0.4498291015625,1018,1018,5.464749897364527,0.11234084365297058,2.0557362324513506,0.23654394633588652,0.004862719610497098,0.265625,,
8.619540000000969,1228,,,,-0.009765625,0.001953125,-0.9609375,0.0010322450816789973,0.03145258744183415,12.134501457214355,0.3570556640625,1020,1019,4.332692475873046,0.11013255105443712,2.541896330462392,0.28558847625610284,0.007259362998177339,0.263671875,,
8.644525000000373,1228,,,,0.0625,-0.1171875,-0.837890625,0.0011912309090606956,0.024917562206569672,12.13900089263916,0.272216796875,1020,1019,3.304439940256998,0.1271249569168634,3.8470953993788264,0.19600842203521962,0.007540630986511968,0.263671875,,
8.668195000000297,1228,,,,-0.01171875,0.12890625,-1.0078125,0.0011618620406626354,0.018827096511119103,12.144500732421875,0.4052734375,1017,1019,4.921843558549881,0.12393840112917393,2.518129632825831,0.15190688551401185,0.003825212298431142,0.265625,,
8.69515500000026,1228,,,,-0.0234375,0.005859375,-0.8984375,0.0011494257165766155,0.024106241046409283,12.135430335998535,0.4052734375,1016,1018,4.918167567811906,0.12254608556923245,2.4917021203438425,0.19671163656052035,0.004901468019141559,0.265625,,
8.717390000000597,1228,,,,0,-0.07421875,-0.93359375,0.0013192174519832587,0.02176118947389091,12.136001586914062,0.3021918535232544,1016,1018,3.6674008139107173,0.14063277629467766,3.8346715679738996,0.15473767955980028,0.005933681803022222,0.267578125,,
8.866875000000931,1228,,,,0,0.111328125,-1.025390625,0.0013966855504587321,0.015981915456310072,12.146286964416504,0.33203125,1017,1018,4.032946843653917,0.148882510993022,3.6916556742446907,0.1073458215455483,0.003962838112150814,0.267578125,,
8.889520000000484,1228,,,,0.03125,-0.01171875,-0.998046875,0.0012485092240119003,0.024247006656945676,12.138323783874512,0.36738282442092896,1020,1020,4.459411675455556,0.13330495495341377,2.989294657120793,0.18189126327239155,0.005437265814771115,0.26953125,,
8.929294999999925,1228,,,,-0.0625,0.0625,-0.93359375,0.0011709938737274291,0.02947429748966225,12.140572547912598,0.3006417453289032,1018,1019,3.6499629200966126,0.12495564168600201,3.423477016656775,0.23587808515062886,0.008075232032461875,0.26953125,,
9.083140000000595,1228,,,,-0.0078125,0.052734375,-1.05859375,0.0012653929041158312,0.02018671934745466,12.142461776733398,0.4233022928237915,1018,1019,5.139931910616497,0.13501722155842297,2.6268289912468634,0.14951218159025526,0.003927429331458481,0.267578125,,
9.106485000000335,1228,,,,0.0234375,0.005859375,-1.0078125,0.001219819470718527,0.018070477013084257,12.139151573181152,0.36301833391189575,1018,1018,4.40673457920019,0.13004183154466628,2.9509794431111054,0.138958954964253,0.0041006501953571245,0.263671875,,
9.129435000000521,1228,,,,0,0.060546875,-1.02734375,0.0008854754973671895,0.009146812531671204,12.132573127746582,0.3655133843421936,1019,1019,4.434617864701806,0.09446441584784476,2.1301590966778092,0.09682812781486005,0.0020625931727910577,0.26171875,,
9.153370000000113,1228,,,,0.046875,-0.046875,-1.0234375,0.0007013199473751721,0.012847770700622008,12.134285926818848,0.2839006781578064,1017,1019,3.444932003584597,0.07481654710507603,2.1717858880008736,0.17172365202283355,0.003729470040991625,0.2578125,,
9.175530000000261,1228,,,,0,0.044921875,-1.17578125,0.0007418418230007578,0.0242951788508302,12.145502090454102,0.3729248046875,1016,1019,4.529358994914219,0.07913908611516762,1.7472469328226972,0.3069934218784697,0.005363933147739005,0.259765625,,
9.198605000000446,1228,,,,0.0625,0.072265625,-1.05078125,0.0010217855741867406,0.024084013069418594,12.140572547912598,0.4157366156578064,1016,1017,5.047280543217255,0.10885268434420271,2.156660074908724,0.22125327652244767,0.004771681079187027,0.26171875,,
9.220459999999962,1228,,,,0.078125,-0.171875,-1.0546875,0.0012498635659049888,0.03494237982937334,12.132000923156738,0.311279296875,1016,1017,3.7764407170470804,0.13304509423428162,3.523028804178179,0.26263561261298857,0.009252728282385405,0.259765625,,
9.245230000000447,1228,,,,-0.07421875,0.083984375,-0.947265625,0.0011756546227439239,0.0292520177197553,12.140666961669922,0.29296875,1015,1016,3.556836023926735,0.12512824534744804,3.51796496958853,0.23377629597961821,0.008224168199764566,0.259765625,,
9.267515000000596,1228,,,,-0.0859375,0.013671875,-0.98828125,0.0011109181062510295,0.02675137030830205,12.146000862121582,0.438232421875,1015,1016,5.322771373903379,0.1181789558853268,2.2202523381849097,0.22636323115140608,0.0050258349324300055,0.259765625,,
9.293405000000261,1228,,,,-0.171875,0.103515625,-0.99609375,0.0012080622859723064,0.03317525565861306,12.131429672241211,0.4387555718421936,1018,1016,5.322732363107548,0.12850203396261117,2.4142118219821294,0.258169109356399,0.0062327491587881555,0.26171875,,
9.316209999999963,1228,,,,-0.01171875,0.11328125,-0.990234375,0.002140065285626801,0.03165263923475042,12.132500648498535,0.308837890625,1021,1018,3.746975908288732,0.228091055118877,6.087337114026112,0.13877194446864047,0.008447516079495258,0.26171875,,
9.339280000000262,1228,,,,-0.0625,0.091796875,-0.978515625,0.0028684451371393887,0.027062561986171792,12.138285636901855,0.2852957546710968,1026,1020,3.4630013611932497,0.30631576081374623,8.845383783164287,0.08834857832413999,0.007814770819739678,0.26171875,,
9.363235000000335,1228,,,,-0.046875,-0.017578125,-0.923828125,0.001005566371834915,0.01927165605093301,12.14900016784668,0.399169921875,1026,1020,4.849515447858721,0.1074186134472656,2.2150380713746514,0.17940704531988708,0.003973934356563873,0.259765625,,
9.388495000000113,1228,,,,0.0234375,-0.0703125,-1.00390625,0.0005925560489381976,0.0183380810173238,12.138285636901855,0.41015625,1027,1024,4.978593718260527,0.06356092842181277,1.27668438154902,0.28851184953790826,0.0036833857219686836,0.2578125,,
9.414849999999628,1228,,,,-0.009765625,0.037109375,-1.080078125,0.0007476329580054881,0.012658832896201096,12.132501602172852,0.31005859375,1024,1025,3.7617863854393363,0.08025200443438406,2.1333482609489396,0.15773852610187772,0.0033651121034408977,0.2578125,,
9.4395,1228,,,,-0.0625,0.126953125,-1.029296875,0.0010117733254661747,0.01609305534126355,12.144001007080078,0.3146701455116272,1023,1024,3.8213545639912354,0.1085015672828705,2.8393483375053643,0.14832094820628655,0.00421134837706739,0.2578125,,
9.462760000000708,1228,,,,0.0234375,-0.01171875,-1.08203125,0.001236373787355098,0.019605075705793448,12.142501831054688,0.447998046875,1019,1023,5.439817104488611,0.13247993703953606,2.435374838801502,0.1479852432292649,0.0036039953787447214,0.255859375,,
9.484535000000148,1228,,,,0,-0.060546875,-0.998046875,0.0009533560283762122,0.019204972119960927,12.133143424987793,0.3410993218421936,1019,1023,4.138606994077406,0.10209040964361797,2.4667819338660433,0.18811729903918056,0.004640443547175266,0.2578125,,
9.505580000000075,1228,,,,-0.111328125,0.171875,-1.009765625,0.001054694323462005,0.02199458323229321,12.137715339660645,0.2699497640132904,1019,1020,3.276573391601886,0.1126032007250912,3.436614635695389,0.19532822415937057,0.006712678339104825,0.259765625,,
9.526674999999814,1228,,,,0.015625,-0.17578125,-0.890625,0.001138133953508445,0.02199458323229321,12.14533519744873,0.3678385317325592,1016,1019,4.467522266429313,0.12144591257060373,2.7184176222958127,0.18110599827315266,0.004923217372092132,0.26171875,,
9.548700000000187,1228,,,,-0.0625,0.181640625,-1.0859375,0.0007348928522502213,0.0232949198862489,12.142858505249023,0.439453125,1014,1018,5.336217116564512,0.07832899525775844,1.4678749673549096,0.29739842582675735,0.004365437046018529,0.26171875,,
9.572670000000857,1228,,,,0.099609375,-0.107421875,-1.072265625,0.0007589919331173146,0.021127692129656084,12.13371467590332,0.3257533609867096,1014,1017,3.9525983369292703,0.08079793299865398,2.0441726204192303,0.26148802754654693,0.005345266664780806,0.259765625,,
9.596070000000298,1228,,,,-0.109375,0.21484375,-1.076171875,0.0013849205084054002,0.019316112004914402,12.142500877380371,0.316162109375,1014,1016,3.8389986904803663,0.14739842809766984,3.839501911349341,0.1310469334999629,0.005031549516495776,0.26171875,,
9.618640000000596,1228,,,,0.0625,-0.029296875,-0.99609375,0.001856440522245335,0.0163597910651519,12.147429466247559,0.4729352593421936,1017,1016,5.7449477049607935,0.197447482812036,3.436889123316806,0.08285641747444268,0.0028476832001490863,0.259765625,,
9.643429999999702,1228,,,,0,-0.0078125,-1.021484375,0.0020012183384276803,0.01045826317412224,12.138856887817383,0.4206194281578064,1019,1015,5.105839042643197,0.21279728715367588,4.167724156136241,0.049146600100073615,0.0020482947242904457,0.259765625,,
9.667264999999665,1228,,,,-0.0234375,-0.0703125,-1.05859375,0.001810306930043406,0.014803832675803213,12.131000518798828,0.30517578125,1025,1017,3.7020875606685877,0.19283108466740972,5.208712152464187,0.07677098690460875,0.003998779724467045,0.259765625,,
9.695165000000037,1228,,,,-0.0234375,-0.0078125,-0.869140625,0.0009747688632407254,0.02330603387474425,12.143430709838867,0.2713448703289032,1026,1020,3.2950576313092483,0.10416721723856365,3.161317005468404,0.22373674263918172,0.007073027692533529,0.259765625,,
9.71806500000041,1228,,,,-0.0859375,0.1015625,-0.974609375,0.0008683794643003102,0.025291721575508363,12.144444465637207,0.4182942807674408,1023,1021,5.079951663073842,0.09287492277567377,1.828263907524581,0.2723202433944084,0.004978732722863061,0.259765625,,
9.746305000000634,1228,,,,0.0234375,-0.03125,-0.986328125,0.0009828734339934126,0.01966064564827018,12.139430046081543,0.3941127359867096,1022,1024,4.784303988780465,0.10535455939037652,2.2020874851899146,0.18661409398923515,0.004109405609337492,0.2578125,,
9.768674999999813,1228,,,,-0.0234375,0.017578125,-1.05078125,0.0009554398811975025,0.013503496021847526,12.136401176452637,0.29296875,1022,1024,3.5555862821638584,0.10245314673509781,2.881469850669659,0.13180167180967195,0.0037978254358742684,0.2578125,,
9.79425,1228,,,,-0.037109375,0.103515625,-1.078125,0.0005318451286317544,0.01734893604123785,12.146000862121582,0.3792317807674408,1016,1021,4.606149536145239,0.05684846480946656,1.2341862625901958,0.30517862002755186,0.0037664726047423767,0.255859375,,
9.81666000000015,1228,,,,0.236328125,-0.171875,-1.1328125,0.0010057856144471728,0.017871293500519195,12.138668060302734,0.419921875,1015,1020,5.097292251884937,0.10739027230945367,2.1068101847552807,0.16641445371347635,0.0035060366597403823,0.255859375,,
9.84460000000056,1228,,,,0,0.01171875,-1.15234375,0.0010363672340445882,0.027240385802097353,12.13028621673584,0.3062221109867096,1014,1019,3.714561852161836,0.1105401692907342,2.9758602411318305,0.2464297456470489,0.007333404823032825,0.259765625,,
9.868210000000895,1228,,,,0.01171875,0.033203125,-1.0390625,0.0014553872358884013,0.024317406827820895,12.143112182617188,0.3428819477558136,1014,1016,4.16365395699313,0.15487209977322408,3.71961986689855,0.1570160594673176,0.005840400542167587,0.2578125,,
9.896530000000261,1228,,,,0.0859375,-0.1015625,-0.884765625,0.0013118814181122922,0.019249428073942313,12.141143798828125,0.4408482015132904,1014,1016,5.352401408027617,0.13954502624928436,2.607147999774316,0.13794420762482054,0.0035964096498950385,0.259765625,,
9.918445000000299,1228,,,,0.05078125,0.03125,-1.009765625,0.001288267912820467,0.01723779615628437,12.132000923156738,0.3217231035232544,1017,1015,3.903144988944973,0.1369661691881534,3.509123273055137,0.12585440812471316,0.004416386325670104,0.2578125,,
9.944804999999702,1228,,,,0.15625,0,-1.173828125,0.0012683429653589646,0.02824064476667865,12.14228630065918,0.2992466390132904,1017,1015,3.633538365409379,0.13483644743807274,3.7108854752076126,0.2094437023761615,0.007772215930214038,0.259765625,,
9.968225000000558,1228,,,,0.037109375,-0.0625,-0.998046875,0.001099798076242429,0.023661681506595377,12.144444465637207,0.4421657919883728,1016,1016,5.369857905407287,0.11699116692453017,2.1786641096540666,0.20225186335528467,0.004406388758028172,0.2578125,,
9.99322000000067,1228,,,,-0.0625,0.181640625,-1.0625,0.0011119855341127497,0.02479530833312085,12.13371467590332,0.3424944281578064,1016,1016,4.155729669353491,0.1183378838021713,2.847583775115507,0.20952975950264455,0.005966535435635847,0.255859375,,
10.017830000001005,1228,,,,0.0234375,-0.0703125,-0.9765625,0.0010422834309600714,0.023283805897753553,12.136999130249023,0.286865234375,1016,1016,3.4816831001080573,0.11092359026102397,3.185918622449624,0.2099085130851102,0.00668751440848563,0.255859375,,
10.044200000000187,1228,,,,0.099609375,-0.0390625,-1.03125,0.0010909326539768386,0.02428406486233485,12.145715713500977,0.4296875,1017,1016,5.218862220644951,0.1160870007078587,2.2243737389471185,0.2091884940971767,0.0046531339275965415,0.255859375,,
10.071520000000485,1228,,,,0.134765625,-0.04296875,-1.0625,0.001975730860750265,0.01030266733518737,12.135112762451172,0.3955078125,1017,1016,4.799531903117895,0.21023469858120775,4.380316723066974,0.04900555143711322,0.002146598364831058,0.255859375,,
10.095245000000112,1228,,,,-0.07421875,0.07421875,-0.943359375,0.001468594332599797,0.018445504662374147,12.135555267333984,0.2761501669883728,1019,1017,3.351235613570907,0.1564414582646844,4.668172468422425,0.11790675481409836,0.005504090666642071,0.2578125,,
10.117464999999852,1228,,,,-0.0234375,-0.0390625,-0.96875,0.0010821988611189905,0.021527795715488605,12.14571475982666,0.3641183078289032,1018,1017,4.422477105720617,0.11530245913237547,2.607191770042812,0.18670716893187123,0.004867813942471677,0.2578125,,
10.143480000000448,1228,,,,-0.046875,0.01953125,-0.927734375,0.00112377950109963,0.018382536971305194,12.14228630065918,0.4624721109867096,1017,1018,5.615468777670856,0.11982511050106577,2.1338398492666175,0.15341139177285962,0.0032735534109638075,0.255859375,,
10.167535000000148,1228,,,,-0.048828125,0.126953125,-0.99609375,0.0016623746192965447,0.01601525742179612,12.132445335388184,0.3423393964767456,1020,1019,4.153414013903898,0.17737555786013712,4.270596604777605,0.0902901031856055,0.003855926081094665,0.25390625,,
10.193549999999814,1228,,,,0.162109375,-0.14453125,-0.99609375,0.0010849233942316781,0.01744896193769598,12.137716293334961,0.2755301296710968,1022,1019,3.344306544213566,0.11577999257672689,3.462002990636531,0.1507079206809642,0.005217512721101112,0.255859375,,
10.216985000000335,1228,,,,-0.0234375,0.029296875,-0.970703125,0.000940298586755784,0.022272432944676904,12.147111892700195,0.4123263955116272,1020,1019,5.008574862593491,0.10037842890485203,2.0041315475691035,0.22188465378142927,0.004446860345648106,0.255859375,,
10.242630000000819,1228,,,,-0.048828125,0.14453125,-1.146484375,0.001206466523937898,0.02338383179421168,12.138287544250488,0.390625,1019,1019,4.741518571972847,0.12879943852732945,2.716417463566713,0.1815522805190642,0.0049317178535234875,0.255859375,,
10.266054999999701,1228,,,,0.07421875,-0.046875,-1.009765625,0.0010367260709013622,0.023517199656155854,12.130001068115234,0.2880859375,1018,1019,3.4944827295839787,0.11065228282813099,3.1664853253203584,0.2125324399559257,0.0067298085227496885,0.255859375,,
10.291375000000931,1228,,,,-0.037109375,0.068359375,-1,0.001159534631516829,0.026062303021590492,12.140501022338867,0.3509521484375,1017,1019,4.260734916897491,0.12375048459032119,2.9044398913329186,0.21060364416244787,0.006116856253654968,0.2578125,,
10.448580000000074,1228,,,,-0.037109375,0.173828125,-1.078125,0.001217543795349079,0.03226390860199454,12.14000129699707,0.435791015625,1017,1019,5.2905034949071705,0.12990810803183486,2.4554961197339553,0.24835946801787037,0.0060984571001707006,0.259765625,,
10.471770000000484,1228,,,,-0.01171875,-0.03125,-0.923828125,0.0011214331605105825,0.024256696665665056,12.14007568359375,0.3531588017940521,1017,1018,4.287374582107077,0.11949317596000397,2.7870943784267563,0.2029965014385768,0.005657704079997563,0.263671875,,
10.497605000000448,1228,,,,0.046875,0.017578125,-1.044921875,0.0010350637954931903,0.020060749234102702,12.136001586914062,0.3668212890625,1018,1017,4.451743746176362,0.11025402388354587,2.4766480320940287,0.18195026836654563,0.004506267740889857,0.263671875,,
10.522889999999665,1228,,,,0.03125,-0.119140625,-1.0078125,0.0010773475768536148,0.01937168194739114,12.137001037597656,0.277099609375,1017,1017,3.3631582465022802,0.11475882384286133,3.412233841872047,0.16880342006569085,0.005759967425718933,0.263671875,,
10.545509999999776,1228,,,,-0.07421875,0.083984375,-0.900390625,0.0011178669372675875,0.018382536971305194,12.1485013961792,0.380859375,1017,1017,4.626870648935437,0.11906841670036677,2.5734113990794696,0.15438633922179776,0.003972995652155242,0.265625,,
10.567985000000336,1228,,,,0,-0.0390625,-0.984375,0.0009634249793985766,0.022072381151760648,12.138287544250488,0.4178292453289032,1016,1017,5.071731524199407,0.10259999148453437,2.0229775766912304,0.21513043843758775,0.004352040530229932,0.263671875,,
10.593865000000223,1228,,,,0.037109375,0.03125,-1.0703125,0.001224802137128003,0.022594738611041994,12.131999015808105,0.3020368218421936,1015,1017,3.664310425327301,0.1304313134606109,3.5595050178905248,0.17323093674024376,0.006166163885807737,0.263671875,,
10.619435000000522,1228,,,,0,0.05859375,-1.01953125,0.0013057368958759488,0.02445077468976507,12.144889831542969,0.3342013955116272,1015,1016,4.058839130036631,0.13895297301067502,3.42346588664678,0.17596438679931406,0.006024080754721708,0.265625,,
10.644839999999851,1228,,,,0.125,-0.1796875,-1.033203125,0.0015073730268436627,0.022917044277407077,12.141143798828125,0.4547991156578064,1016,1016,5.521781462781291,0.16035418677255614,2.9040299376822243,0.14291516011310795,0.004150299035171139,0.265625,,
10.667790000000037,1228,,,,-0.0234375,0.06640625,-0.9921875,0.0012809511622385327,0.017693469684593628,12.130223274230957,0.3531900942325592,1018,1016,4.284274701287615,0.13629637549806947,3.18131737577673,0.12981614235841687,0.004129863493411372,0.265625,,
10.694580000000075,1228,,,,-0.037109375,0.037109375,-0.958984375,0.0017640115258943804,0.02383950532252094,12.135428428649902,0.2727399468421936,1019,1017,3.3098161045372194,0.18778756245535475,5.6736554697987165,0.12694933046052306,0.007202667631546314,0.26171875,,
10.717839999999851,1228,,,,0.0625,-0.02734375,-0.986328125,0.0017475619022120168,0.01987181142968179,12.147112846374512,0.3879123330116272,1023,1017,4.712014883592644,0.18605225386520308,3.9484649022022777,0.10680768986587573,0.004217264147207162,0.263671875,,
10.743879999999889,1228,,,,-0.037109375,0.01171875,-0.99609375,0.0012857155319692848,0.015504013951010122,12.142858505249023,0.4234096109867096,1024,1021,5.141402995974147,0.13742073454769746,2.6728255819530484,0.11282150398947856,0.003015522020574962,0.265625,,
10.76769000000041,1228,,,,-0.01171875,0.0703125,-1.078125,0.000932389503839011,0.023528313644651203,12.132000923156738,0.303955078125,1023,1021,3.6875832884106785,0.09972343476773467,2.7043032514315017,0.23593565243165637,0.00638041551999541,0.267578125,,
10.796540000000038,1228,,,,-0.07421875,0.0703125,-0.9765625,0.0007238530295452764,0.023750593414558156,12.142500877380371,0.291748046875,1021,1022,3.542550915153697,0.07745181313377,2.186328862697791,0.30664993437322885,0.006704376022645737,0.265625,,
10.818270000000485,1228,,,,-0.15625,0.064453125,-0.884765625,0.0010207205218026548,0.02279479040395825,12.144445419311523,0.4399956464767456,1017,1022,5.343503113371526,0.10923753214768127,2.044305576885067,0.20867178117079152,0.004265888859859894,0.265625,,
10.8435,1228,,,,0.0625,-0.146484375,-1.083984375,0.0010220981590966332,0.02041639686595383,12.13028621673584,0.3438895046710968,1015,1021,4.171478118591921,0.10925645561672193,2.6191304978869545,0.18686673250298133,0.004894283581390419,0.26953125,,
10.86664999999944,1228,,,,-0.125,0.166015625,-0.974609375,0.001048491392422651,0.022483598726088513,12.137500762939453,0.279541015625,1015,1018,3.392929290421307,0.11178442958357636,3.294628918414502,0.20113354614632176,0.006626603975969294,0.26953125,,
10.891959999999962,1228,,,,-0.01171875,-0.087890625,-0.94140625,0.0013014917776092826,0.024461888678260418,12.146286010742188,0.4136439859867096,1017,1018,5.024238160418008,0.13869490838657347,2.7605162008290285,0.17637193003567012,0.004868775702349513,0.267578125,,
10.917665000000037,1228,,,,-0.0234375,0.01171875,-0.978515625,0.001147082657225218,0.023105982081827986,12.13750171661377,0.4010009765625,1017,1016,4.867150041391142,0.1220926187378514,2.508503286308276,0.18924962311963764,0.004747333015282137,0.265625,,
10.943825000000187,1228,,,,-0.1875,0.046875,-0.884765625,0.0010801811024695285,0.023606111564118636,12.133000373840332,0.284423828125,1017,1016,3.4509144129697233,0.11492938422160288,3.3304037848536234,0.20539665920946854,0.006840538112275038,0.265625,,
10.96928000000026,1228,,,,0,-0.046875,-1.02734375,0.0011334272939108113,0.024239608908353458,12.14355754852295,0.3678385317325592,1017,1016,4.466868378658518,0.12060899047334842,2.7000793452877496,0.20097679960027362,0.005426533054827341,0.267578125,,
10.996245000000112,1228,,,,-0.08203125,0.025390625,-0.91015625,0.0012300747193385395,0.019316112004914402,12.141501426696777,0.423583984375,1017,1016,5.142945550614968,0.13091967809364274,2.545616647214708,0.14754170103518122,0.0037558461031353286,0.26953125,,
11.019170000000857,1228,,,,-0.125,0.09765625,-0.921875,0.0012259578768641318,0.01803800332794941,12.131000518798828,0.311279296875,1014,1017,3.7761293118819594,0.13050815710263092,3.456135802658406,0.13821360847019257,0.004776850006484437,0.26953125,,
11.044359999999404,1228,,,,-0.03125,-0.015625,-0.9140625,0.0015388502015092499,0.015226164238626426,12.142001152038574,0.3076171875,1017,1017,3.735088245011866,0.16390543769538624,4.388261453106994,0.09289602866577151,0.004076520617407275,0.26953125,,
11.066800000000745,1228,,,,-0.01171875,0.056640625,-1.08203125,0.0015439872417606468,0.018026889339454063,12.146001815795898,0.4437255859375,1021,1017,5.389491772511974,0.16446779507812484,3.0516382994953246,0.1096074117786464,0.0033448217569227233,0.26953125,,
11.091504999999888,1228,,,,0.01171875,0.09375,-1.076171875,0.001165148723570807,0.020383054900467785,12.13371467590332,0.3494698703289032,1020,1018,4.240367694395843,0.1242470229745332,2.930100216043543,0.16405266228910514,0.004806907412158255,0.26953125,,
11.120205000000075,1228,,,,-0.01171875,0,-1.03515625,0.0011717575818176876,0.018982692350053967,12.137001037597656,0.260009765625,1019,1019,3.1557387951761484,0.12499686942988968,3.9609383901151594,0.15186534220124046,0.006015292640528693,0.267578125,,
11.145110000000335,1228,,,,-0.0234375,0.001953125,-0.994140625,0.0008969733680536395,0.018149143212902886,12.145333290100098,0.4188368022441864,1017,1019,5.086912557415388,0.09567420385510317,1.8807912024285771,0.18969735290809872,0.0035678111247354114,0.265625,,
11.16884499999974,1228,,,,-0.0859375,0.208984375,-1.04296875,0.0009730745887514785,0.019293884027923706,12.135001182556152,0.3857421875,1016,1018,4.680981901474297,0.10377199807158208,2.2168852658648093,0.18592572549884562,0.00412176001403616,0.265625,,
11.194259999999776,1228,,,,0.009765625,0.041015625,-1.103515625,0.0013644547904471233,0.022839246357939644,12.133143424987793,0.2839006781578064,1017,1018,3.444607646539964,0.14547939390859868,4.2233951972652,0.15699299910672582,0.006630434784316056,0.265625,,
11.218209999999964,1228,,,,-0.048828125,-0.091796875,-0.9765625,0.0013283840009725048,0.017337822052742504,12.145001411437988,0.3546142578125,1016,1017,4.306790661648847,0.14145100306028818,3.2843714536646162,0.12257122026453857,0.004025694168776884,0.263671875,,
11.243554999999702,1228,,,,-0.21875,0.1875,-0.921875,0.0013036622654972393,0.015893003548347297,12.139500617980957,0.4266357421875,1015,1017,5.1791448559379205,0.13878771588364186,2.67974192157458,0.11451304207406815,0.0030686539941291416,0.265625,,
11.270084999999963,1228,,,,-0.01171875,-0.12890625,-0.94921875,0.0011977001730630607,0.01953839177482136,12.132500648498535,0.303955078125,1017,1016,3.6877351824659854,0.1274833518926674,3.4569551658375697,0.15326230040822425,0.005298209011243603,0.267578125,,
11.295340000000783,1228,,,,-0.05078125,0.001953125,-0.91015625,0.0012779713351471354,0.018326967028828453,12.144001007080078,0.316162109375,1017,1016,3.839472974650562,0.13601643888752807,3.542580968418125,0.13474082382044286,0.004773302781352805,0.265625,,
11.317125,1228,,,,-0.037109375,0.041015625,-0.96875,0.001460298466030551,0.020427510854449177,12.144001007080078,0.4522705078125,1016,1017,5.492373502347618,0.1554999469912423,2.8311976038187603,0.13136667407095418,0.0037192501285132555,0.265625,,
11.342190000000409,1228,,,,0.0625,0.001953125,-0.98828125,0.0015527865698544091,0.015848547594365905,12.134286880493164,0.3620256781578064,1018,1017,4.392923436871911,0.16544920764900667,3.766266588220323,0.09579101537909998,0.0036077450067400338,0.265625,,
11.364834999999962,1228,,,,0.0859375,-0.05078125,-1.0859375,0.0012011212800585437,0.01770458367308898,12.13550090789795,0.263671875,1020,1018,3.1997902784496546,0.12799263295182062,4.000031933775201,0.13832502125144494,0.005533045022459131,0.267578125,,
11.39003000000026,1228,,,,-0.037109375,0.1015625,-1.00390625,0.0010447934724157697,0.015403988054551995,12.144000053405762,0.3703961968421936,1020,1019,4.49809143423289,0.11146779458975102,2.478113133526395,0.13819227438064272,0.0034245609009455383,0.267578125,,
11.415075000000186,1228,,,,0.1484375,-0.01171875,-1.15625,0.001167828961012312,0.018604816741212147,12.14000129699707,0.421142578125,1019,1019,5.11267144465819,0.12461993023691628,2.4374719084896683,0.14929246634821838,0.003638961928729214,0.265625,,
11.441735000000335,1228,,,,0.01171875,-0.125,-0.94921875,0.0010254907603605037,0.01977178553322366,12.131501197814941,0.30029296875,1020,1019,3.6430045100860298,0.10941017293925025,3.0032950175147195,0.18071249685531438,0.0054273294140821,0.265625,,
11.467820000000298,1228,,,,-0.0625,0.22265625,-1.05078125,0.0008783540948871906,0.019916267383663182,12.144001007080078,0.3325737714767456,1018,1019,4.038776215742018,0.09368815087317842,2.3197163167399135,0.21258042984136774,0.0049312629172260525,0.265625,,
11.495550000000746,1228,,,,-0.099609375,0.01953125,-0.984375,0.0011513319675112387,0.015937459502328683,12.142500877380371,0.438232421875,1012,1018,5.321237567113712,0.12273747478151793,2.3065588264666004,0.12984998697992262,0.0029950663358511366,0.267578125,,
11.518270000000484,1228,,,,0.08203125,-0.078125,-1.060546875,0.0011025491588110305,0.022839246357939644,12.133000373840332,0.296630859375,1013,1016,3.599022327689454,0.11734794554612989,3.2605506401919544,0.19462842959582496,0.0063459585071822195,0.267578125,,
11.543105000000446,1228,,,,0.046875,0.029296875,-0.998046875,0.000994908442093196,0.022539168668565254,12.141500473022461,0.333251953125,1014,1016,4.0461787465028465,0.10586171024671649,2.616337954377667,0.21291143526811052,0.005570482690129813,0.267578125,,
11.567730000000447,1228,,,,-0.009765625,-0.08984375,-0.9453125,0.0012932569747886385,0.02809616291623913,12.144572257995605,0.4331752359867096,1013,1015,5.260727953814893,0.1373981508804612,2.6117706919405506,0.2044871982351734,0.005340736712276633,0.265625,,
11.724544999999926,1228,,,,-0.01171875,0.12890625,-0.98828125,0.0014681656287537756,0.027873883146332174,12.132500648498535,0.33203125,1014,1014,4.028369355946779,0.15594214169199197,3.871098400194766,0.17874503225296906,0.0069193960839723035,0.263671875,,
11.74725,1228,,,,0.013671875,0.009765625,-1.013671875,0.0013064481813450022,0.023676511734993858,12.141074180603027,0.37006086111068726,1017,1016,4.492936366082688,0.1389896951645357,3.0935157731984164,0.17034724557792327,0.0052697189111620985,0.26171875,,
11.770680000000633,1228,,,,0.046875,0.0703125,-0.99609375,0.0011801574104669337,0.01303670850504292,12.135000228881836,0.291748046875,1019,1018,3.5403626156039536,0.12585629334137652,3.554898382066058,0.10358408116852566,0.0036823088255379106,0.259765625,,
11.803305000000634,1228,,,,0.0234375,-0.029296875,-1.009765625,0.0006529117654713077,0.015781863663393816,12.144572257995605,0.3271484375,1020,1018,3.973077838309109,0.06962497484265144,1.752419098647283,0.2266695779648028,0.003972200975078397,0.259765625,,
11.962425000000746,1228,,,,0,-0.013671875,-0.91796875,0.0007557855731754163,0.025751111343720753,12.141091346740723,0.41903409361839294,1016,1018,5.0875312080196124,0.08057885655656713,1.583849872597312,0.3195765296774003,0.005061612458146416,0.26171875,,
11.987474999999627,1228,,,,-0.072265625,0.02734375,-0.98046875,0.0011504353230638706,0.020805386463291,12.138714790344238,0.3555240333080292,1015,1015,4.315604841439011,0.12230488766671217,2.8340149795997167,0.17011083416377334,0.004820966522123368,0.265625,,
12.020504999999888,1228,,,,-0.236328125,0.087890625,-0.90234375,0.0010948582006346877,0.03163041125775972,12.133001327514648,0.29296875,1016,1015,3.554590232670307,0.11639242769850007,3.274426026064412,0.27175660722271655,0.00889846907445027,0.267578125,,
12.04294000000041,1228,,,,0.009765625,-0.05859375,-0.94921875,0.0010409559581643724,0.024372976770297632,12.145819664001465,0.3959517180919647,1015,1016,4.80915816359655,0.11072209452576327,2.3023175940414338,0.22012749013365554,0.005068033934668972,0.271484375,,
12.066370000000111,1228,,,,0,0,-1.0625,0.001174663908836397,0.02947429748966225,12.137715339660645,0.3899274468421936,1016,1016,4.732828352891204,0.12497116230589614,2.6405175296406727,0.2358487905995226,0.006227628659225917,0.271484375,,
12.089240000000224,1228,,,,-0.048828125,0.05078125,-0.99609375,0.0012768501097036944,0.03118585171794581,12.128572463989258,0.3131975531578064,1016,1016,3.7986392190185825,0.13581785457822942,3.5754344318416043,0.22961525798497384,0.008209742994756684,0.267578125,,
12.116075000000187,1228,,,,-0.125,0.021484375,-0.96484375,0.00144532820597851,0.026240126837516056,12.141715049743652,0.3131975531578064,1016,1016,3.8027554447190255,0.15372034585148972,4.042341088879768,0.17070041504373676,0.006900293016201272,0.267578125,,
12.137985000000334,1228,,,,-0.041015625,-0.033203125,-0.9296875,0.0018158679231855559,0.022127951094237385,12.14577865600586,0.4432508647441864,1018,1016,5.383626892266079,0.19322825986117148,3.589183718113083,0.11451715763592568,0.004110231176314537,0.26953125,,
12.162855000000446,1228,,,,-0.046875,0.041015625,-1.033203125,0.0010327781668069541,0.02766271736492057,12.133999824523926,0.38330078125,1022,1018,4.650971612427384,0.11011282955314064,2.3675231484733095,0.25122156498185794,0.005947728704902404,0.26953125,,
12.183780000000262,1228,,,,0.037109375,0,-1.130859375,0.0010012066717058831,0.02680694025077879,12.135001182556152,0.2783203125,1021,1018,3.377417321316898,0.10678195026009943,3.161645130026863,0.251043740870835,0.007937112207480012,0.26953125,,
12.205070000000298,1228,,,,0.046875,-0.05078125,-0.974609375,0.0010679496283959816,0.022628080576528032,12.14628791809082,0.3466796875,1020,1020,4.210871299728751,0.11405031086035645,2.708472967760928,0.19840437440134578,0.005373728847515633,0.267578125,,
12.226865000000224,1228,,,,-0.07421875,0,-0.88671875,0.0013912459861438941,0.018071345293435456,12.14571475982666,0.4457310140132904,1021,1021,5.413721755813725,0.14872379132037522,2.7471635600899265,0.12150944467591496,0.0033380631862043653,0.267578125,,
12.247935000000522,1228,,,,-0.015625,0.029296875,-0.8515625,0.0013126421298912164,0.017571215811144805,12.133334159851074,0.3621419370174408,1022,1021,4.393989135128351,0.14034546380737012,3.194033018547065,0.12519974165507777,0.0039989210875988074,0.26953125,,
12.271530000000261,1228,,,,0.03125,-0.1015625,-0.908203125,0.0008842612090940716,0.017571215811144805,12.130858421325684,0.2922711968421936,1020,1020,3.545500509524061,0.0944778453635964,2.6647251949282293,0.1859823934756585,0.004955919697076428,0.26953125,,
12.295535000000148,1228,,,,-0.07421875,0.09375,-1.033203125,0.000661575272137973,0.015781863663393816,12.146286964416504,0.3285435140132904,1019,1020,3.9905838015032202,0.07067646602021396,1.771080862744712,0.22329729473004623,0.003954775653990506,0.26953125,,
12.318400000000372,1228,,,,-0.048828125,0.021484375,-1.03125,0.0016117965084406377,0.015781863663393816,12.143501281738281,0.443115234375,1019,1020,5.380970416590571,0.17215887556721893,3.1994020081660337,0.0916703458441899,0.0029329028858317598,0.267578125,,
12.345040000000036,1228,,,,-0.046875,-0.04296875,-1.03125,0.001028279012167385,0.024017329138446505,12.130858421325684,0.3634207546710968,1018,1020,4.40860572228641,0.1098119833802499,2.490855165957067,0.2187131895731346,0.0054478287811118966,0.267578125,,
12.36693499999959,1228,,,,-0.09375,0.01953125,-0.935546875,0.0011488940287884438,0.021238832014609563,12.138501167297363,0.274658203125,1020,1020,3.333938919240609,0.1226887928198516,3.679995218622576,0.17311142710316915,0.006370492240285932,0.267578125,,
12.391084999999963,1228,,,,0.03125,0.095703125,-0.974609375,0.0011492991175920994,0.024595256540204585,12.145001411437988,0.3851318359375,1020,1020,4.677426691050641,0.12278666472006755,2.6250900939825796,0.20030885761314177,0.005258287978572255,0.267578125,,
12.412970000000671,1228,,,,0.048828125,-0.078125,-1.0078125,0.0009507625657353525,0.026562432503881142,12.141715049743652,0.4282924234867096,1020,1020,5.200204563939764,0.10158351699498175,1.9534523256912097,0.2614836864251642,0.00510795915377548,0.265625,,
12.440634999999777,1228,,,,0,0.064453125,-1.107421875,0.0009157172839289058,0.02074981652081426,12.132573127746582,0.3299386203289032,1021,1020,4.003004438808233,0.09783493967020629,2.444037751287968,0.2120900425835619,0.00518356070746498,0.263671875,,
12.463070000000299,1228,,,,-0.009765625,0.037109375,-1.013671875,0.0011032203011097402,0.023972873184465112,12.14133358001709,0.2967664897441864,1021,1020,3.6031409473548877,0.11785356064284967,3.270856243616212,0.20341237934349654,0.006653326510045051,0.259765625,,
12.488350000000558,1228,,,,0.015625,-0.07421875,-1.103515625,0.0011983348447933832,0.02239468681812573,12.14857292175293,0.4443359375,1018,1020,5.398047538474202,0.1280117130083246,2.3714447139624126,0.17494248215137476,0.0041486642454534135,0.2578125,,
12.513169999999926,1228,,,,-0.048828125,0.0703125,-1.01953125,0.001059029849612757,0.02239468681812573,12.135501861572266,0.35400390625,1017,1019,4.296015063300729,0.11296467577035169,2.6295223388615936,0.19824504134064325,0.0052128976477376155,0.2578125,,
12.538259999999777,1228,,,,0.009765625,-0.01171875,-1.029296875,0.0011911856352516635,0.02567331342425332,12.13371467590332,0.3034319281578064,1018,1018,3.6817564398260174,0.12702947670173412,3.4502411764026664,0.2021051655950248,0.006973115642996342,0.2578125,,
12.564885000000707,1228,,,,0,-0.046875,-0.923828125,0.002067006213374768,0.019471707843849273,12.145501136779785,0.3173828125,1021,1019,3.8547733100131154,0.2206627160183973,5.724401884935914,0.0882419476891867,0.005051323716823966,0.259765625,,
12.588185000000522,1228,,,,0.01171875,-0.01171875,-1.037109375,0.0016951812230335294,0.018749298591651666,12.145777702331543,0.4443359375,1025,1020,5.396805522032082,0.18112203936577298,3.356097206511424,0.10351748830404767,0.003474147533222934,0.2578125,,
12.616340000000783,1228,,,,0.01171875,-0.0546875,-1.01171875,0.0003467191261590919,0.02107212218717935,12.132000923156738,0.3550502359867096,1024,1021,4.307469790757779,0.03707059880726314,0.860611927837609,0.5684322040962215,0.004891995350122304,0.2578125,,
12.64072500000056,1228,,,,-0.099609375,0.068359375,-0.90234375,0.0009965304741155613,0.026262354814506752,12.138400077819824,0.291015625,1023,1023,3.532464085146785,0.10673100912468327,3.021432251030183,0.24606114970605256,0.007434570934474334,0.255859375,,
12.66356500000041,1228,,,,-0.037109375,0.146484375,-0.994140625,0.0009640924886138454,0.021805645427872302,12.144001960754395,0.419921875,1021,1023,5.099532073363662,0.10328751295724002,2.025431186063928,0.2111159887923685,0.004276009075767858,0.255859375,,
12.688125000000932,1228,,,,0.0234375,-0.119140625,-0.951171875,0.0006882443403375393,0.02068313258984218,12.136001586914062,0.3738839328289032,1019,1021,4.53745600213324,0.07357022906594744,1.6213981806404103,0.28113454113758535,0.004558310335156574,0.2578125,,
12.712919999999926,1228,,,,-0.07421875,0.048828125,-0.802734375,0.0009860087850028748,0.02036082692347709,12.134500503540039,0.294189453125,1017,1020,3.569842067081481,0.10535946462729846,2.95137607343607,0.1932510476918429,0.00570356518324158,0.255859375,,
12.737950000000186,1228,,,,-0.037109375,0.015625,-0.984375,0.0011063588660007073,0.01983846946419575,12.144001960754395,0.374755859375,1015,1019,4.551035891054198,0.11801095713492915,2.5930570525031214,0.1681070126523354,0.004359110747333699,0.255859375,,
12.75896499999985,1228,,,,-0.07421875,-0.060546875,-0.939453125,0.001425440707223244,0.018026889339454063,12.140000343322754,0.4366629421710968,1013,1017,5.301088267873439,0.15174444855355324,2.862515032492118,0.11879768592056308,0.003400601617728891,0.2578125,,
12.783660000000149,1228,,,,0.046875,0.158203125,-0.919921875,0.0014227585135060399,0.017026630374872762,12.13257122039795,0.3215680718421936,1019,1016,3.9014475338314583,0.1514045659438704,3.8807279767564093,0.11245783948936505,0.0043641828391196074,0.2578125,,
12.806195000000297,1228,,,,0,-0.103515625,-0.939453125,0.0013566875375185222,0.015848547594365905,12.14100170135498,0.294189453125,1019,1015,3.5717546509113163,0.14425515683042214,4.038775641927592,0.10986468659138836,0.004437188201133082,0.255859375,,
12.828220000000671,1228,,,,-0.140625,0.125,-0.798828125,0.0014520147563174338,0.020594220681879397,12.148000717163086,0.4464285671710968,1014,1015,5.423214554156573,0.15436957412375646,2.846458914398681,0.13340854762849336,0.0037974194965410594,0.255859375,,
12.850025000000372,1228,,,,0.01171875,-0.04296875,-1.03515625,0.0013130430266755178,0.020994324267711913,12.133142471313477,0.3724888265132904,1014,1016,4.519460001058121,0.13966045025376742,3.090202152935734,0.1503240482868598,0.004645316976540694,0.255859375,,
12.87350500000082,1228,,,,0.015625,-0.041015625,-0.8828125,0.0011448287481520998,0.0198273554757004,12.135429382324219,0.2880859375,1016,1016,3.4960465505719185,0.12182397746298508,3.4846211485100476,0.16275413008678635,0.005671364837077711,0.25390625,,
12.897005000000819,1228,,,,-0.099609375,0.05859375,-1.005859375,0.0011304631170250053,0.01730448008725646,12.144001960754395,0.3550502359867096,1016,1016,4.311730761988912,0.1203047577168198,2.790173235708384,0.14383870110930053,0.004013348940942282,0.25390625,,
12.919015000000597,1228,,,,0.0625,-0.10546875,-0.95703125,0.0010893389879521077,0.024939790183560368,12.142000198364258,0.4486083984375,1017,1017,5.447003262815997,0.11598169042095735,2.1292752147351757,0.21503213216707753,0.004578625893950167,0.255859375,,
12.94734500000067,1228,,,,-0.13671875,0.134765625,-1.044921875,0.001035671358831685,0.029174219800287865,12.132573127746582,0.3257533609867096,1018,1017,3.9522264737804846,0.11027666869320561,2.790241637841188,0.26455477977351477,0.0073817176201396665,0.255859375,,
12.970115000000224,1228,,,,-0.01953125,0.0390625,-1.064453125,0.001017621361893623,0.01770458367308898,12.138223648071289,0.3032768964767456,1018,1017,3.6812427967277017,0.1083697745220617,2.9438366471886295,0.16337197111621482,0.004809403956953555,0.255859375,,
12.993790000000038,1228,,,,0.09375,-0.16015625,-1,0.0011614160098032806,0.02592893515964632,12.14571475982666,0.4373604953289032,1018,1017,5.312055823481359,0.12370514380947024,2.328762119980842,0.2096027243586724,0.0048811488473126195,0.255859375,,
13.017714999999852,1228,,,,-0.0625,0.08203125,-1.0546875,0.001621521993343862,0.019982951314635265,12.134858131408691,0.3934151828289032,1018,1017,4.774037430370953,0.17271746035605973,3.61784889362795,0.11569734335741218,0.004185755056613067,0.255859375,,
13.04394000000041,1228,,,,-0.0234375,0.0390625,-0.953125,0.0010744492146716796,0.020883184382758435,12.133501052856445,0.29296875,1018,1019,3.5547366365790367,0.11460712645200753,3.224068001906935,0.1822154086683554,0.005874748685420401,0.2578125,,
13.066650000000372,1228,,,,-0.0625,-0.072265625,-0.859375,0.0010297049974179223,0.026895852158741573,12.146001815795898,0.33447265625,1019,1019,4.062505490146577,0.1098610398118861,2.704268094611787,0.24481701797830296,0.00662050850736725,0.2578125,,
13.093195000000298,1228,,,,-0.0625,0.0625,-0.927734375,0.0009739394023443816,0.02908530789232508,12.141715049743652,0.4527064859867096,1020,1019,5.496633154021396,0.10395117438573795,1.8911790449338277,0.2797977806811153,0.005291476996431161,0.259765625,,
13.245725000000558,1228,,,,-0.0625,0.14453125,-0.9765625,0.0010462306363845867,0.029741033213550597,12.132889747619629,0.3352864682674408,1020,1019,4.0679937533576265,0.11166933058492814,2.7450713387344536,0.26633125727329027,0.0073109830095002114,0.259765625,,
13.268669999999926,1228,,,,0.005859375,0.001953125,-1.005859375,0.0011983782444204285,0.017628626507966084,12.139997482299805,0.36707261204719543,1018,1018,4.4562605860741655,0.1277878702118978,2.8676031785761245,0.1379522679166207,0.003955923619694867,0.26171875,,
13.307535000000149,1228,,,,-0.078125,0.005859375,-0.90234375,0.0009150764639035295,0.019738443567737615,12.132501602172852,0.31005859375,1020,1019,3.7617863854393363,0.09766312661603463,2.5961901237682485,0.2021074304260181,0.005247093148122066,0.26171875,,
13.465635000000708,1228,,,,-0.0625,0.083984375,-0.97265625,0.0014544722577972185,0.017245193904876586,12.144333839416504,0.3690592348575592,1019,1019,4.481978554629819,0.15523282191380955,3.463488725385718,0.11109244612232647,0.0038476743462019804,0.263671875,,
13.488945000000298,1228,,,,0.033203125,-0.0078125,-1,0.0012104631316555074,0.01870654446715863,12.13668155670166,0.35533976554870605,1023,1021,4.312645578897673,0.12944732258272662,3.0015757199276694,0.14451086429542592,0.004337603015349127,0.263671875,,
13.512895000000483,1228,,,,-0.01171875,-0.013671875,-1.0390625,0.0009835567331482515,0.02412846902339998,12.145501136779785,0.3497314453125,1021,1024,4.247663666610606,0.10543480511928717,2.482183463537219,0.22884728620782707,0.005680409495004374,0.263671875,,
13.534465000000782,1228,,,,-0.07421875,0.056640625,-1.12890625,0.0010791217791785608,0.025406577700364974,12.14342975616455,0.4499163031578064,1020,1024,5.463527023550057,0.1157265028239214,2.1181647372675636,0.2195398381563577,0.004650215436082248,0.263671875,,
13.55650500000082,1228,,,,-0.0625,0.109375,-0.96875,0.001014195364208892,0.024172924977381372,12.13257122039795,0.3410993218421936,1020,1022,4.138411815479856,0.10853664231125922,2.622664131811981,0.22271672001846843,0.005841111531472486,0.26171875,,
13.57875500000082,1228,,,,0.109375,-0.099609375,-1.064453125,0.0011343308138157574,0.018804868534128407,12.140572547912598,0.2699497640132904,1016,1020,3.2773446942952376,0.12115125860772327,3.696628518160056,0.1552181029750327,0.005737836659922101,0.26171875,,
13.601465000000783,1228,,,,-0.13671875,0.048828125,-0.9375,0.0012555501798938052,0.019971837326139923,12.145715713500977,0.4066685140132904,1016,1020,4.939280160837313,0.1340509849574691,2.7139781626548714,0.1489868749004453,0.004043471250020018,0.259765625,,
13.625459999999963,1228,,,,0.140625,-0.103515625,-1.001953125,0.0007850866946652679,0.019971837326139923,12.140572547912598,0.4136439859867096,1018,1018,5.02187482087939,0.08367076497209315,1.6661260576272472,0.23869552684024295,0.003976968371075928,0.259765625,,
13.646349999999627,1228,,,,-0.0234375,0.095703125,-0.990234375,0.0008557933453893443,0.022828132369444296,12.132500648498535,0.31494140625,1018,1017,3.8210268155671656,0.09117750094971463,2.3862041631911683,0.2503702353284968,0.005974344978800117,0.259765625,,
13.66819000000041,1228,,,,0.0625,0.12109375,-1.212890625,0.0011894690033258575,0.019738443567737615,12.139334678649902,0.3238932192325592,1013,1017,3.9318481884093615,0.1266961129628538,3.222304292834587,0.15579360018349384,0.005020143866674274,0.26171875,,
13.69458999999985,1228,,,,0.048828125,-0.125,-0.978515625,0.0012313573375271419,0.019282770039428358,12.148001670837402,0.4478236734867096,1013,1016,5.4401627337570915,0.13102336557503672,2.4084457025892902,0.14717046806727896,0.003544520813646924,0.26171875,,
13.717669999999925,1228,,,,-0.2109375,0.130859375,-0.92578125,0.0013487764983260502,0.019160516165979535,12.135001182556152,0.372314453125,1018,1016,4.518036328954622,0.14349203670707122,3.1759823573679022,0.13353017077243362,0.004240894665495722,0.263671875,,
13.74041000000015,1228,,,,0,-0.095703125,-0.94921875,0.0014158026957905568,0.020183003107551528,12.13800048828125,0.2734375,1016,1016,3.3189845085144043,0.15062761845384423,4.538364613255335,0.13399271205855295,0.006081077828406482,0.265625,,
13.76468499999959,1228,,,,0.01171875,-0.00390625,-0.9765625,0.0013420142121707821,0.023061526127846597,12.1497163772583,0.3920200765132904,1015,1016,4.762932743827577,0.14278104639233727,2.9977548303064196,0.16151671885410876,0.004841875241201485,0.263671875,,
13.791115000000223,1228,,,,-0.099609375,0.123046875,-0.921875,0.0011621392728759685,0.01792686344299593,12.138501167297363,0.4278564453125,1017,1016,5.193535960861482,0.12366300622201921,2.381094636755081,0.1449654507897925,0.003451764573903576,0.267578125,,
13.816375,1228,,,,-0.03125,-0.07421875,-0.95703125,0.0011234262536019954,0.01595968747931938,12.131501197814941,0.301513671875,1017,1017,3.6578134715091437,0.11959213593196599,3.269497935405235,0.13345097781679044,0.004363176964498061,0.267578125,,
13.841070000000299,1228,,,,-0.162109375,-0.005859375,-0.80078125,0.0012528710603241279,0.017915749454500585,12.147000312805176,0.3338623046875,1018,1017,4.055425519472919,0.13338142389554516,3.2889624838401827,0.13431967459374947,0.004417723705804633,0.26953125,,
13.866575000000186,1228,,,,-0.0625,0.099609375,-0.96875,0.0010943696906458706,0.014459299032447434,12.142500877380371,0.4388427734375,1017,1017,5.328648761496879,0.11652833524008392,2.1868271011232827,0.1240839749633157,0.0027135019926488174,0.26953125,,
13.89321999999974,1228,,,,0.0234375,-0.125,-0.87890625,0.001113147561877911,0.029207561765773906,12.131000518798828,0.3271484375,1016,1017,3.968637865036726,0.11853147337127837,2.9867041892516304,0.2464118679625833,0.007359593583251673,0.267578125,,
13.916610000000336,1228,,,,-0.01171875,-0.015625,-0.9453125,0.0012563824354697192,0.023387548034114813,12.142999649047852,0.283203125,1018,1017,3.438935447484255,0.1337866218795084,3.890349903990774,0.17481230713171178,0.006800810422662606,0.267578125,,
13.945995000000112,1228,,,,0.048828125,0.05859375,-0.9296875,0.0010369156899101793,0.015148366319158994,12.146000862121582,0.4425048828125,1018,1017,5.374664688133635,0.1104181700812757,2.0544196984987857,0.13719088360193532,0.0028184765372626995,0.267578125,,
13.968235000000336,1228,,,,0.01953125,-0.0546875,-0.986328125,0.0012223973153581108,0.015140968570566777,12.131111145019531,0.3515625,1015,1017,4.264843761920929,0.1301358361197295,3.0513623331682145,0.11634741837472469,0.0035501812998999832,0.26953125,,
13.994745000000112,1228,,,,-0.0625,0.0546875,-0.921875,0.001269563821129072,0.013803573711221914,12.141143798828125,0.2852957546710968,1015,1016,3.463816782656977,0.13508043591997676,3.8997569558618834,0.10218780845065761,0.003985076168097338,0.267578125,,
14.017389999999665,1228,,,,0.01171875,-0.0234375,-0.94140625,0.0012151161969406927,0.0173600500297332,12.14799976348877,0.4269748330116272,1015,1016,5.186890170440904,0.1292745928494204,2.4923333365748053,0.13428818182358743,0.003346909122669458,0.267578125,,
14.043594999999739,1228,,,,-0.01171875,-0.0859375,-0.98046875,0.0010705388990174868,0.018549246798735406,12.136571884155273,0.3836495578289032,1016,1016,4.656190436914869,0.11387212218481281,2.4456070628473476,0.1628954167432679,0.0039837818169279815,0.267578125,,
14.06679000000097,1228,,,,-0.037109375,0.056640625,-1.048828125,0.0013589297089374468,0.020738702532318912,12.133001327514648,0.279541015625,1016,1016,3.391671513672918,0.14454335084751319,4.261714327723439,0.143477388691489,0.006114596430908635,0.267578125,,
14.08971499999985,1228,,,,-0.046875,0.09765625,-0.94140625,0.0013977011370144307,0.01723779615628437,12.141500473022461,0.355224609375,1021,1017,4.312959762755781,0.14886687666612833,3.4516175632255215,0.11579336211200623,0.003996744023707334,0.267578125,,
14.117150000000372,1228,,,,0.0859375,-0.12109375,-1.0390625,0.0010833520856435063,0.01723779615628437,12.144001960754395,0.5008370280265808,1022,1018,6.082165850373201,0.11550678856170983,1.899106196760852,0.1492362169438641,0.0028341542437923923,0.265625,,
14.140375,1228,,,,0.01953125,-0.00390625,-0.958984375,0.0017112374955664306,0.012669946884696442,12.133779525756836,0.3602430522441864,1022,1019,4.371109771616659,0.18257790609381055,4.176923381777345,0.06939474307579409,0.0028985652492571584,0.263671875,,
14.164185000000522,1228,,,,0.048828125,-0.091796875,-0.9765625,0.0018627584543489902,0.020438624842944526,12.138287544250488,0.2629743218421936,1026,1023,3.1920579352748177,0.199479542278095,6.249245669186796,0.10245975406566243,0.006402961743607852,0.263671875,,
14.188424999999814,1228,,,,-0.0859375,-0.015625,-0.83203125,0.0007252049557872117,0.024495230643746455,12.142000198364258,0.3350830078125,1028,1023,4.068577947327867,0.07771025408158908,1.9100102071935747,0.31521233501602725,0.006020587773139327,0.263671875,,
14.212960000000894,1228,,,,-0.09375,0.0859375,-0.875,0.0006472553340218461,0.028251758755173998,12.142500877380371,0.4449462890625,1020,1024,5.4027607053285465,0.0694138012964101,1.2847839295926948,0.40700492160822066,0.005229133825473764,0.267578125,,
14.23816000000015,1228,,,,0.173828125,-0.1875,-1.01171875,0.000945014608529977,0.02736263967554618,12.132000923156738,0.3341238796710968,1019,1024,4.053591216618457,0.10137248785225206,2.5008068755590482,0.2699217534783852,0.006750221769617002,0.267578125,,
14.263090000000782,1228,,,,-0.048828125,0.080078125,-1.015625,0.0012095890194213383,0.020594220681879397,12.138222694396973,0.2826606035232544,1020,1023,3.4309973524979114,0.12960026493548715,3.777335031784058,0.15890569893611606,0.006002400633415218,0.267578125,,
14.290695000000298,1228,,,,-0.0625,0.068359375,-0.9921875,0.0011581289076931735,0.023517199656155854,12.143430709838867,0.4387555718421936,1018,1021,5.327997885221407,0.12380762839605677,2.3237176715003875,0.18994952056528425,0.004413890576305772,0.263671875,,
14.31359500000067,1228,,,,0.009765625,0.00390625,-1.107421875,0.0012999739871348741,0.02840735459410887,12.13466739654541,0.3700086772441864,1017,1020,4.489932232193922,0.13891759340930104,3.0939797356678933,0.20449069046575416,0.00632690052433779,0.265625,,
14.338105000000446,1228,,,,0.048828125,-0.02734375,-1.03125,0.0010554521008273813,0.020283029004009658,12.134285926818848,0.2671596109867096,1018,1018,3.2417911078104282,0.11253921163578416,3.471513366936078,0.18023077209437505,0.006256735344588328,0.26171875,,
14.363020000000484,1228,,,,-0.13671875,0.091796875,-1.01953125,0.0011898979866398357,0.021116578141160736,12.148500442504883,0.3863525390625,1018,1018,4.693603991763666,0.12682662321286153,2.702115973895898,0.16649956930351592,0.0044990114586181745,0.259765625,,
14.389650000000373,1228,,,,-0.037109375,-0.037109375,-0.927734375,0.0011809153275662886,0.020649790624356134,12.142500877380371,0.42724609375,1018,1018,5.187836068216711,0.12583230947664373,2.4255259384072607,0.1641056316159327,0.003980424661231515,0.259765625,,
14.413115000000223,1228,,,,0.0234375,-0.08984375,-0.92578125,0.0016880873481472938,0.021916785312825777,12.133001327514648,0.29541015625,1018,1017,3.5842118179425597,0.1798402711423237,5.017568164974055,0.1218680619953084,0.0061148130819474395,0.259765625,,
14.441875,1228,,,,-0.078125,0.10546875,-0.853515625,0.0013466517034490615,0.024106241046409283,12.144001007080078,0.311279296875,1019,1018,3.7801760947331786,0.14351526460630826,3.7965232573758763,0.16796987492959467,0.006377015367087234,0.259765625,,
14.466995000001043,1228,,,,-0.009765625,0.04296875,-1.048828125,0.0011825236656587616,0.021672277565928127,12.14577865600586,0.4535590410232544,1020,1018,5.508827719698729,0.1261106212348632,2.289246054726141,0.1718513266663446,0.003934099715703826,0.2578125,,
14.494370000000112,1228,,,,0.029296875,0.02734375,-1.134765625,0.0014928225276630196,0.02149445375000256,12.133999824523926,0.367431640625,1021,1019,4.458415462868288,0.15922184005606635,3.5712652035714982,0.1349968932806817,0.004821097075635537,0.2578125,,
14.518684999999591,1228,,,,-0.0234375,0.001953125,-1.0078125,0.0012381559545168181,0.024006215149951157,12.13599967956543,0.2772352397441864,1020,1020,3.3645267806996912,0.13225578141184435,3.9308880574385046,0.1815135406080724,0.007135094090396508,0.259765625,,
14.544320000000297,1228,,,,-0.046875,0.14453125,-1.060546875,0.0009801287791878215,0.02347274370217446,12.146501541137695,0.4193115234375,1020,1020,5.093168065650389,0.10472085465796704,2.0561044384973455,0.2241458377974447,0.004608672519660322,0.259765625,,
14.56703500000015,1228,,,,0.01171875,-0.0625,-0.974609375,0.0008227184524136498,0.02190567132433043,12.137001037597656,0.386962890625,1019,1020,4.696569005027413,0.08783973999322033,1.8702959521981433,0.2493822423201749,0.004664185983615197,0.2578125,,
14.59708999999985,1228,,,,0.07421875,-0.060546875,-0.98828125,0.0012796235497088556,0.016104169329758902,12.133713722229004,0.2839006781578064,1016,1019,3.4447695543134955,0.13657094668755348,3.9645887637546355,0.11791797392019228,0.004674962744487065,0.2578125,,
14.61905999999959,1228,,,,0.01953125,0.0546875,-0.955078125,0.0011276837759884323,0.022231693230598645,12.143200874328613,0.36865234375,1015,1018,4.4766194629482925,0.12023706847265438,2.6858898655072747,0.1848988295623227,0.004966178924655994,0.259765625,,
14.772919999999926,1228,,,,0.08203125,-0.099609375,-0.94921875,0.0009825059336299718,0.02395064520747442,12.139429092407227,0.4241071343421936,1016,1018,5.148418484931085,0.10472777965921967,2.0341737946467946,0.22869428995256977,0.004652039316068731,0.2578125,,
14.795845000000671,1228,,,,-0.033203125,-0.001953125,-0.92578125,0.0010561883499900268,0.02001629328012131,12.139073371887207,0.36123421788215637,1017,1017,4.385048675307786,0.11244121347039779,2.564195332734945,0.17801562845451652,0.0045646684363694935,0.259765625,,
14.836705000001006,1228,,,,0.140625,-0.109375,-1.044921875,0.001397335033990775,0.02657354649237649,12.133713722229004,0.3585379421710968,1018,1017,4.350396748861186,0.1487489842333036,3.419205024742674,0.1786469106282939,0.006108304144750179,0.259765625,,
14.994455000000075,1228,,,,0.01953125,-0.015625,-1.05078125,0.000978976462934166,0.024278507868087176,12.138154029846191,0.2993539571762085,1019,1017,3.6336044416487994,0.10425563410331398,2.869207030581637,0.23287478012006482,0.006681659563656428,0.259765625,,
15.021035000000149,1228,,,,0.005859375,0.009765625,-0.99609375,0.0011095343126927939,0.022648467799174187,12.138945579528809,0.3638156056404114,1019,1018,4.416337837852268,0.11832643731474503,2.6792886246286125,0.19140665698342538,0.005128336787338823,0.259765625,,
15.047520000000484,1228,,,,0.03125,-0.033203125,-1.02734375,0.0010121621247812878,0.02369130723217829,12.146223068237305,0.3960503339767456,1019,1019,4.810515702731436,0.10802921951187433,2.2456889487032496,0.21930462276064294,0.0049248996773311095,0.2578125,,
15.069210000000894,1228,,,,0,0.05859375,-1.130859375,0.001116115930783072,0.029096421880820428,12.136001586914062,0.382080078125,1019,1019,4.636924434453249,0.11914311395304523,2.569442647540011,0.2442140457423955,0.0062749398425879805,0.2578125,,
15.094794999999925,1228,,,,0.046875,0.12890625,-1.123046875,0.0010971319519327517,0.028351784651632128,12.131333351135254,0.283203125,1018,1019,3.435631515458226,0.11704091265913137,3.4066782811986482,0.24223823966755578,0.008252277499512552,0.255859375,,
15.117685000000522,1228,,,,0,-0.04296875,-1.029296875,0.0008603661398355802,0.028351784651632128,12.144445419311523,0.3260633647441864,1017,1018,3.959858736372837,0.09172645080654047,2.3164071476590182,0.30909061020390566,0.007159796987506145,0.255859375,,
15.145379999999887,1228,,,,-0.099609375,-0.0390625,-0.8515625,0.000985103169088251,0.019004920327044664,12.14571475982666,0.4757254421710968,1017,1018,5.778025524602555,0.10501603000369492,1.8175072013188884,0.18097161287068259,0.0032891720962675967,0.2578125,,
15.167504999999888,1228,,,,0,0.083984375,-0.96484375,0.001551993270365025,0.019960723337644575,12.1324462890625,0.3369140625,1018,1018,4.087591767311096,0.1654707715820763,4.048123711995008,0.12062990428339011,0.0048832477590527975,0.255859375,,
15.194455000001005,1228,,,,0,-0.0546875,-0.865234375,0.00120626027658564,0.025050930068513846,12.138285636901855,0.2727399468421936,1021,1018,3.310595379363974,0.12861226580917412,3.8848681602969823,0.19477870101194442,0.007566895738653084,0.25390625,,
15.217175000000745,1228,,,,-0.01953125,-0.05078125,-0.982421875,0.0008074508384553723,0.019705101602251574,12.147500991821289,0.3997802734375,1020,1019,4.856331268092617,0.08614202798156341,1.7738087298026668,0.22875130832151955,0.004057610676544928,0.25390625,,
15.24118499999959,1228,,,,-0.078125,0.22265625,-1.09375,0.0008463654938603132,0.01609305534126355,12.1388578414917,0.4087611734867096,1020,1019,4.961893776076494,0.09031814405356581,1.8202353401644735,0.17818186489437934,0.0032433292745716086,0.251953125,,
15.266745000000112,1228,,,,-0.0234375,-0.0078125,-1.015625,0.0012116895005860693,0.011714143874096536,12.134500503540039,0.29541015625,1018,1019,3.5846546897664666,0.12929534970005105,3.606912266031247,0.09059988546588782,0.0032678583818793686,0.255859375,,
15.29578000000026,1228,,,,0.111328125,-0.095703125,-1.087890625,0.0011506057700250024,0.017715697661584325,12.144500732421875,0.3466796875,1018,1019,4.210251718759537,0.12275453249458997,2.915610293504186,0.1443180736512934,0.004207752610764063,0.25390625,,
15.318459999999963,1228,,,,0.009765625,0.04296875,-1.037109375,0.0009456196028920272,0.019449479866858577,12.144001007080078,0.4313150942325592,1016,1019,5.237890938729038,0.10086180853195709,1.9256187215771043,0.19283294787140562,0.003713227345580805,0.25390625,,
15.345060000000522,1228,,,,-0.0625,0.021484375,-1.03125,0.001310286075279819,0.02270587849599547,12.131001472473145,0.31005859375,1016,1017,3.7613212573342025,0.13952942035726582,3.7095852975918318,0.16273183417416162,0.00603667619502622,0.25390625,,
15.367785000000149,1228,,,,-0.125,0.1484375,-1.09375,0.0013833342482815294,0.02502870209152315,12.142999649047852,0.3314208984375,1015,1017,4.024443853413686,0.14726656527233092,3.6593022697388067,0.16995508821190422,0.006219170400474801,0.2578125,,
15.393630000000819,1228,,,,0.046875,0.052734375,-0.896484375,0.0011944351489215556,0.019416137901372532,12.14571475982666,0.6047711968421936,1018,1016,7.345378451804265,0.12713526736507041,1.7308198372521135,0.15272031359810542,0.0026433134832696457,0.2578125,,
15.418795000000857,1228,,,,0.01171875,0.0390625,-1.005859375,0.0030877820995263774,0.019705101602251574,12.147499084472656,0.4400634765625,1022,1016,5.345670678652823,0.32864627713777267,6.147896061951121,0.059958389834402256,0.0036861794874385174,0.255859375,,
15.445995000000112,1228,,,,-0.048828125,0.037109375,-1.0078125,0.004080057923771265,0.022383572829630383,12.137500762939453,0.377197265625,1042,1023,4.578232099302113,0.4371905043524728,9.549330284480693,0.05119867107539976,0.004889130202254805,0.251953125,,
15.467615000000224,1228,,,,0,0.015625,-1.005859375,-0.00036291010224726164,0.025062044057009195,12.132889747619629,0.2989366352558136,1042,1031,3.6269652370831693,0.03919245993194997,1.0805854859383437,0.6394608580457701,0.006909921220299388,0.25390625,,
15.494049999999813,1228,,,,-0.037109375,0.12109375,-1.09375,-0.00035176072810317726,0.028662976329501866,12.140572547912598,0.3090122640132904,1040,1034,3.7515858094480734,0.03807223418559909,1.0148304242359902,0.7528577437765317,0.00764022943506088,0.255859375,,
15.516870000000111,1228,,,,0.01171875,-0.015625,-0.9453125,0.000692888708274235,0.03156372732678763,12.146501541137695,0.3509521484375,1034,1039,4.262840811861679,0.07540890774967966,1.7689824949561486,0.41856762375558626,0.007404387993790234,0.25390625,,
15.542264999999665,1228,,,,0.078125,0.01953125,-1.017578125,0.002624301091509745,0.02561774348177658,12.147501945495605,0.45166015625,1033,1040,5.486542626749724,0.28588265755100156,5.210615810349785,0.08960929530049008,0.004669196108470363,0.25390625,,
15.566545000000858,1228,,,,0.0234375,-0.0390625,-1.01953125,0.0003396952579960821,0.026162328918048622,12.133500099182129,0.357666015625,1032,1035,4.339740636060014,0.03683330296275578,0.848744338698457,0.7102900585511656,0.006028546660290972,0.25390625,,
15.591065000000409,1228,,,,-0.0234375,-0.0390625,-0.962890625,0.0003609500537309179,0.03128587761440394,12.133142471313477,0.2797153890132904,1030,1033,3.393826666317125,0.03904353249903511,1.1504280076095914,0.8013075562560101,0.009218466554261123,0.25390625,,
15.616825000000187,1228,,,,-0.0625,0.0625,-0.81640625,0.0006511698416953939,0.03310857172764097,12.145000457763672,0.333251953125,1027,1031,4.047345123253763,0.07029639193015136,1.7368519310663164,0.47098536380841083,0.008180318386346098,0.255859375,,
15.64440500000026,1228,,,,-0.01171875,0.068359375,-0.953125,0.000749244929181402,0.03189714698164807,12.145000457763672,0.4449462890625,1020,1028,5.40387288434431,0.08064721402762945,1.4923965784109103,0.39551455516764933,0.005902645688439131,0.2578125,,
15.66719000000041,1228,,,,-0.009765625,0.08203125,-1.06640625,0.001056793127818994,0.030507898419729593,12.132445335388184,0.3184678852558136,1019,1027,3.863794208942835,0.11361905958924715,2.9406084652819597,0.2685103936788511,0.007895839366682212,0.259765625,,
15.692214999999852,1228,,,,-0.03125,0.041015625,-0.955078125,0.0012084788329621988,0.024139583011895328,12.139429092407227,0.2866908609867096,1020,1021,3.4802633783893384,0.12925950046381304,3.7140723678112595,0.1867528725182823,0.006936136834295311,0.259765625,,
15.716105000000447,1228,,,,-0.03125,0.212890625,-1.130859375,0.0011546608500809159,0.015215050250131082,12.144890785217285,0.4427083432674408,1019,1020,5.3766444786875525,0.12339365321413376,2.2949937215163305,0.12330496629131585,0.002829841234703526,0.259765625,,
15.738764999999665,1228,,,,0.048828125,-0.115234375,-1.009765625,0.0010713847087893144,0.019705101602251574,12.13371467590332,0.3703961968421936,1018,1019,4.4942817695229,0.11434851725456119,2.544311263036365,0.1723249419875234,0.0043844829080094405,0.259765625,,
15.767964999999851,1228,,,,-0.07421875,0.025390625,-0.96484375,0.0010111786473471721,0.015726293720917075,12.135000228881836,0.28076171875,1018,1018,3.4070435212925076,0.10782586974559809,3.1647928496285513,0.14584898557295511,0.004615818266668661,0.259765625,,
15.795025000000372,1228,,,,-0.009765625,0.001953125,-0.78125,0.0011655594017336024,0.010135957507757155,12.144501686096191,0.3875732421875,1018,1018,4.706883893231861,0.12424511139004557,2.63964682810002,0.08158033257290186,0.002153432661114052,0.263671875,,
15.817610000000336,1228,,,,0.037109375,-0.107421875,-0.935546875,0.0011741141953649991,0.012981138562566179,12.139111518859863,0.3960503339767456,1017,1017,4.8076991712254085,0.12509984025903467,2.602072962629828,0.10376622812377001,0.0027000729663494085,0.26171875,,
15.845769999999552,1228,,,,-0.173828125,-0.001953125,-0.81640625,0.0011164782609893085,0.01417033533156839,12.133143424987793,0.2880859375,1017,1017,3.4953879984095693,0.11894937713230141,3.403037865508046,0.11912912596261381,0.004054009265356525,0.265625,,
15.867990000000223,1228,,,,-0.14453125,0.0546875,-0.951171875,0.0009806698291525526,0.017604557776630846,12.14533519744873,0.3515625,1017,1017,4.269844405353069,0.10446722576761945,2.446628397902503,0.16851751970317505,0.004122997492498826,0.265625,,
15.894525000000373,1228,,,,0.046875,-0.078125,-0.95703125,0.0011746924145680097,0.01219204537939649,12.144001960754395,0.4310825765132904,1015,1017,5.235067654424455,0.12513299048505186,2.390284113698031,0.09743270205672042,0.0023289183988085224,0.267578125,,
15.919089999999851,1228,,,,-0.0625,0.009765625,-0.986328125,0.001087282103788667,0.02405067110393255,12.129500389099121,0.333251953125,1016,1017,4.04217969509773,0.11581920747505828,2.8652661734836125,0.20765701672679698,0.005949926257138121,0.265625,,
15.94419000000041,1228,,,,-0.0859375,0.14453125,-1.08203125,0.001333053523536174,0.025517717585318452,12.143001556396484,0.29052734375,1019,1017,3.5278739873319864,0.14199718911041406,4.025007401633464,0.17970579379199123,0.007233171501291817,0.265625,,
15.967105000000448,1228,,,,-0.01171875,-0.005859375,-0.98828125,0.0017431347105713723,0.02651797654989975,12.147001266479492,0.439453125,1020,1018,5.338037665933371,0.18574510126965899,3.4796513792897885,0.14276541544641747,0.004967738747730063,0.265625,,
15.991525000000372,1228,,,,-0.0625,-0.06640625,-0.96484375,0.0011081181167899544,0.024950904172055716,12.136001586914062,0.3766741156578064,1020,1018,4.5713176653725895,0.11815677215039637,2.584742098441892,0.21116778766008307,0.00545814270599855,0.263671875,,
16.014950000000187,1228,,,,-0.19921875,0.08984375,-0.904296875,0.001037689396949104,0.022828132369444296,12.131500244140625,0.294189453125,1019,1018,3.5689594224095345,0.11065957911549097,3.100611859598579,0.2062915163053303,0.006396299219908808,0.263671875,,
16.038965000000783,1228,,,,0.140625,-0.029296875,-1.037109375,0.0008894704918123502,0.022939272254397774,12.146501541137695,0.347900390625,1019,1019,4.225772630888969,0.09493939009243933,2.2466753037885785,0.24162017716842887,0.005428420849413301,0.267578125,,
16.06378000000026,1228,,,,0.173828125,-0.171875,-1.025390625,0.001758229054396316,0.019149402177484186,12.146499633789062,0.4388427734375,1020,1020,5.33040358684957,0.1877210570749053,3.5217043891015036,0.10200987825166094,0.003592486359705844,0.265625,,
16.092544999999927,1228,,,,-0.037109375,0.08984375,-1.0625,0.0011110075359972661,0.02160559363495604,12.132573127746582,0.3424944281578064,1020,1020,4.155338695470334,0.11865864788702538,2.855571027612579,0.1820819132839494,0.005199478362259119,0.267578125,,
16.117479999999517,1228,,,,-0.041015625,0.15234375,-1.056640625,0.0010824826311358424,0.02345051572518377,12.14000129699707,0.2772352397441864,1021,1020,3.3656361700677166,0.11567343383027547,3.4368965623502943,0.2027303499919617,0.006967632429714453,0.265625,,
16.142334999999964,1228,,,,-0.099609375,0.1171875,-1.056640625,0.0011517911333645719,0.021872329358844384,12.148000717163086,0.4443359375,1020,1020,5.397793287411332,0.12308339202327885,2.2802539013550676,0.17770333591966378,0.004052087250146234,0.265625,,
16.16466500000004,1228,,,,0.0625,-0.095703125,-0.99609375,0.0011301255197329622,0.024573028563213892,12.137001037597656,0.3778076171875,1019,1020,4.585451441816986,0.12071541315286156,2.6325742336293954,0.20356164901740542,0.00535891152158332,0.267578125,,
16.19050000000093,1228,,,,-0.111328125,-0.017578125,-0.8828125,0.0010084835981039465,0.02269476450750012,12.132573127746582,0.2685546875,1016,1020,3.258259384892881,0.10771385185683961,3.3058709922316645,0.21069494885080606,0.00696530319615614,0.265625,,
16.347230000000447,1228,,,,-0.07421875,0.052734375,-0.96484375,0.000962663429215781,0.018660386683688884,12.144499778747559,0.404052734375,1016,1019,4.907018343219534,0.10274777543203303,2.0938942601265964,0.1816135347478409,0.003802795379698063,0.265625,,
16.370929999999703,1228,,,,-0.015625,0.001953125,-1.015625,0.0011060708498175837,0.02330603387474425,12.13864517211914,0.3542342185974121,1021,1020,4.299923487376873,0.11819492838264016,2.7487681752854596,0.19718302801702373,0.005420104321196159,0.263671875,,
16.39678500000015,1228,,,,-0.0234375,0.04296875,-1.013671875,0.001139688633753176,0.02640683666494627,12.147430419921875,0.3662109375,1019,1019,4.4485218822956085,0.12167460423252313,2.7351692866065966,0.21702833415001016,0.005936092338905013,0.26171875,,
16.42297000000067,1228,,,,0.099609375,0.08203125,-1.15234375,0.001257660721904988,0.020371940911972437,12.139556884765625,0.4329427182674408,1020,1019,5.255732756252655,0.13424805376954368,2.554316590961195,0.15174850092757278,0.003876137135727894,0.263671875,,
16.444680000000634,1228,,,,0.0859375,-0.08203125,-1.0390625,0.001097586366830816,0.01194753763249884,12.131501197814941,0.306396484375,1017,1018,3.7170493172015995,0.11706381084017839,3.149374701552534,0.10206004355018171,0.0032142531919629215,0.265625,,
16.467240000000224,1228,,,,-0.125,0.212890625,-1.03515625,0.0010765766644942598,0.01852701882174471,12.143430709838867,0.3118024468421936,1017,1018,3.7863514083863947,0.11475051906563352,3.030635741085004,0.1614547713823226,0.0048931060071997524,0.265625,,
16.49275,1228,,,,0,0.064453125,-1.1171875,0.0010237875428966328,0.02285036034643499,12.146286964416504,0.44921875,1018,1018,5.456339847296476,0.10911177495410837,1.9997246873867545,0.20942158035689262,0.004187855043112271,0.267578125,,
16.518550000000744,1228,,,,-0.0625,-0.033203125,-0.939453125,0.000913481819740949,0.026718028342816006,12.132499694824219,0.3680419921875,1017,1017,4.465269357897341,0.0973101905186953,2.1792680960352606,0.2745655742774743,0.005983519962924993,0.267578125,,
16.545080000000073,1228,,,,-0.228515625,0.0234375,-0.888671875,0.001109351518924656,0.024095127057913935,12.136001586914062,0.272216796875,1016,1017,3.303623478859663,0.11816607513045403,3.5768626747755867,0.20390900714365934,0.007293545167027036,0.267578125,,
16.567995000000113,1228,,,,0.01171875,-0.0546875,-0.986328125,0.0007334935561895762,0.021461111784516523,12.145777702331543,0.4226345419883728,1015,1017,5.133225196317483,0.07809646816768184,1.5213918186115691,0.27480259079625874,0.00418082413370691,0.271484375,,
16.594050000000745,1228,,,,-0.0625,0.064453125,-0.9765625,0.0012252196622557449,0.033486447336482796,12.135430335998535,0.3599330484867096,1015,1017,4.367942435534047,0.130423333709962,2.9859215325033417,0.2567519659553452,0.007666412236586302,0.271484375,,
16.617675000000744,1228,,,,-0.009765625,0.05859375,-1.033203125,0.001333564358757235,0.02855183644454839,12.135000228881836,0.2880859375,1016,1016,3.4959229175001383,0.14188586945389883,4.058609780657249,0.20123100738953695,0.008167181347626857,0.267578125,,
16.643745000000113,1228,,,,0.015625,-0.103515625,-1.017578125,0.0012070740872763927,0.01739339199521924,12.146500587463379,0.399169921875,1015,1015,4.848517690552399,0.12834278077142242,2.647051923137361,0.1355229479264342,0.0035873627993791204,0.265625,,
16.66993499999959,1228,,,,0.103515625,0.052734375,-1.05859375,0.0013721461678254017,0.014248133251035825,12.140501022338867,0.419921875,1013,1015,5.098061952739954,0.1458775088548682,2.8614306810545194,0.09767189858726696,0.0027948136729445123,0.265625,,
16.694925000000744,1228,,,,-0.048828125,0.07421875,-0.998046875,0.0011508895697353249,0.014414843078466041,12.130500793457031,0.294189453125,1015,1015,3.5686653945595026,0.12232860995832216,3.4278531729204547,0.11783705449916608,0.00403928121152567,0.265625,,
16.71759499999974,1228,,,,0.0234375,0,-1.01171875,0.001079618705410403,0.028318442686146087,12.146001815795898,0.3387451171875,1016,1015,4.114398808451369,0.11474892321567697,2.788959664774637,0.24678613003557343,0.006882765624950429,0.265625,,
16.74212000000011,1228,,,,-0.037109375,0.03515625,-0.943359375,0.000953029609802449,0.034520048266550134,12.142858505249023,0.44921875,1017,1016,5.454799719154835,0.1013544411990202,1.858078140671387,0.3405874262457464,0.006328380516947496,0.263671875,,
16.767360000000334,1228,,,,-0.111328125,-0.00390625,-0.94140625,0.0010422018263166301,0.031874919004657366,12.131000518798828,0.330810546875,1017,1016,4.013062915764749,0.1108758280648931,2.7628729076071328,0.28748302998920294,0.007942790749539776,0.263671875,,
16.792165000000967,1228,,,,-0.140625,-0.001953125,-0.9921875,0.0011939407701056417,0.03118585171794581,12.13949966430664,0.281982421875,1016,1016,3.423125515691936,0.12704493867160552,3.711372489533887,0.24547102815765956,0.009110344208819359,0.265625,,
16.817300000000746,1228,,,,0.01171875,0.08984375,-0.96484375,0.0011993427459802645,0.024328520816316243,12.148001670837402,0.4644775390625,1017,1017,5.642473920597695,0.12768068198314608,2.262849306525836,0.19054190844256003,0.004311676253833562,0.265625,,
16.845915000000037,1228,,,,0.01171875,-0.05859375,-0.94921875,0.0013719302788286277,0.02405067110393255,12.133000373840332,0.3765869140625,1018,1017,4.5691291691036895,0.14606610222585564,3.196803960228354,0.1646560751429106,0.0052637319309251415,0.265625,,
16.868425000000745,1228,,,,-0.017578125,0.015625,-1.029296875,0.0016054033969457075,0.024939790183560368,12.134222984313965,0.2783203125,1022,1019,3.3772007329389453,0.17124187677185612,5.070527052232282,0.14564071974513224,0.007384752093742733,0.263671875,,
16.89468500000052,1228,,,,-0.03125,0.044921875,-1.068359375,0.0010648888953310356,0.015993029444805424,12.143999099731445,0.3787667453289032,1022,1019,4.59974301428241,0.11364689874304344,2.470722785820092,0.14072561259208483,0.0034769397757975487,0.265625,,
16.917740000000222,1228,,,,-0.07421875,0.123046875,-1.029296875,0.0013871268003961665,0.018115801247416845,12.140889167785645,0.4513888955116272,1021,1020,5.480262551975841,0.14819849502414484,2.704222537124863,0.12224011616626321,0.0033056447707757023,0.265625,,
16.945545000000855,1228,,,,0.01171875,0.09375,-0.96484375,0.0016489699387395571,0.02205015317476995,12.132000923156738,0.3271484375,1022,1021,3.9689651457592845,0.1763122953406002,4.442273712808599,0.12506304867833212,0.00555564293587457,0.263671875,,
16.967875,1228,,,,0.048828125,-0.09765625,-1.125,0.0007818045154487235,0.021783417450881606,12.140889167785645,0.2696397602558136,1022,1021,3.2736664444941255,0.0835978314392918,2.5536453654248223,0.2605739536042939,0.006654134689720279,0.263671875,,
16.997294999999927,1228,,,,0.01171875,-0.044921875,-1.03125,0.001034401176967169,0.03304188779666889,12.146858215332031,0.4429408609867096,1019,1021,5.380339836182657,0.11058941081952618,2.0554354220492734,0.2987798519931608,0.006141226911813819,0.26171875,,
17.019610000000334,1228,,,,0.08203125,-0.0234375,-1.087890625,0.0008370817080631103,0.02451745862073715,12.133777618408203,0.4009331464767456,1018,1021,4.8648336391975135,0.08949110412450459,1.8395511699196918,0.2739653160008755,0.005039732175668286,0.259765625,,
17.044010000000707,1228,,,,-0.015625,0.041015625,-1.037109375,0.001659113367972459,0.02834067066313678,12.133142471313477,0.2769252359867096,1016,1020,3.3599733421288533,0.17715273155777458,5.272444555930076,0.15997873932807,0.008434790332348395,0.2578125,,
17.06821499999985,1228,,,,-0.0234375,-0.052734375,-0.865234375,0.0018259427430350166,0.029429841535680863,12.141500473022461,0.3436279296875,1018,1019,4.17215867084451,0.1949243165475056,4.672025489098905,0.15098086301874208,0.007053864403897133,0.259765625,,
17.095040000000036,1228,,,,-0.0234375,0.078125,-0.875,0.0012157799011342266,0.02988551506399012,12.142999649047852,0.435791015625,1020,1019,5.291810149792582,0.12972474107814758,2.451424699792608,0.2303763708881621,0.005647503258438233,0.26171875,,
17.11997000000067,1228,,,,-0.0625,-0.01171875,-0.921875,0.0010215979114536224,0.0292520177197553,12.130499839782715,0.31005859375,1019,1018,3.761165721807629,0.10895936959721769,2.89695742374392,0.26846720780313926,0.007777380706771059,0.26171875,,
17.144575000000188,1228,,,,-0.01171875,-0.06640625,-1.0390625,0.0007178366433672127,0.024139583011895328,12.143000602722168,0.31982421875,1017,1018,3.8836256810463965,0.07652905858356787,1.9705570224509388,0.31543028829415815,0.006215733696917775,0.263671875,,
17.17053500000015,1228,,,,0,0.171875,-0.974609375,0.0009779760375151338,0.025995619090618403,12.144001007080078,0.4425048828125,1014,1017,5.373779742512852,0.10414543451646753,1.9380294598335683,0.2496088206968685,0.004837492479448461,0.26171875,,
17.19615500000026,1228,,,,0.0625,-0.0546875,-1.05859375,0.0012667458059847712,0.026140100941057925,12.131999969482422,0.3162977397441864,1014,1017,3.8373241689238284,0.13487066634358114,3.5147060922248174,0.19381605837451996,0.006812064811399262,0.26171875,,
17.218445000000298,1228,,,,-0.13671875,0.08984375,-0.923828125,0.0013369570997550841,0.03157484131528297,12.144001007080078,0.321044921875,1014,1015,3.898769854567945,0.14205643739918639,3.6436220320301222,0.22226969712436145,0.008098667654949857,0.26171875,,
17.37800000000093,1228,,,,0.15625,-0.0859375,-1.08203125,0.001257886532014235,0.026884738170246225,12.14342975616455,0.4554966390132904,1014,1014,5.5312914400269335,0.1335937452491795,2.415236056491881,0.2012424917057361,0.0048604812206596215,0.26171875,,
17.400049999999815,1228,,,,-0.05078125,0.041015625,-1.005859375,0.0012719612047937888,0.02186493161025217,12.14022445678711,0.3540499806404114,1016,1015,4.298246233895725,0.13518514540370108,3.1451233374588625,0.1617406375897093,0.0050869425389887075,0.259765625,,
17.426220000000672,1228,,,,0.140625,-0.2109375,-0.828125,0.0010765417309996363,0.026151214929553274,12.136000633239746,0.3927176296710968,1018,1016,4.766021402372843,0.11459351400442512,2.404385216301648,0.22820850862941008,0.0054870116438280065,0.259765625,,
17.45415000000037,1228,,,,-0.037109375,0.109375,-0.98046875,0.0010025373583830875,0.026899568398644706,12.13466739654541,0.2848307192325592,1017,1018,3.456326042205916,0.10683202455474101,3.090912814653275,0.2517931164438552,0.0077827057025779646,0.259765625,,
17.47697000000067,1228,,,,-0.041015625,0.033203125,-0.880859375,0.0009443467098062433,0.027273727767583397,12.143556594848633,0.3862847089767456,1016,1018,4.690870225183744,0.10070017013809737,2.1467268396697734,0.2708409303597102,0.005814214944843218,0.2578125,,
17.498049999999814,1228,,,,0.0625,-0.091796875,-1.03125,0.0009048898568712728,0.024239608908353458,12.142001152038574,0.419921875,1016,1018,5.098691890016198,0.09646269519302461,1.8919106561804455,0.25128479833420897,0.004754083877046442,0.2578125,,
17.519229999999517,1228,,,,-0.15625,0.171875,-0.95703125,0.001287797149046919,0.02399510116145581,12.132573127746582,0.3118024468421936,1015,1017,3.7829659877232302,0.137126167867691,3.6248321637758125,0.17498557375721294,0.006342933359519102,0.2578125,,
17.546200000000187,1228,,,,0.037109375,-0.119140625,-0.966796875,0.001262218704549503,0.026584660480871835,12.143430709838867,0.2950613796710968,1015,1017,3.5830574191854225,0.13437513326927258,3.7502924890280327,0.19783913759995445,0.007419546317768926,0.2578125,,
17.569375,1228,,,,-0.07421875,0.08203125,-0.96875,0.0011541093200677975,0.022994842196874508,12.144001007080078,0.4383680522441864,1015,1016,5.323542067925132,0.12275137275035078,2.3058214095825402,0.18732859504260654,0.004319462850762599,0.259765625,,
17.593955000000076,1228,,,,-0.125,0.0078125,-0.93359375,0.0012849288296703603,0.02898528199586695,12.134859085083008,0.3522600531578064,1015,1015,4.27462610637383,0.13658217558120309,3.195184144352356,0.21221862862064417,0.006780775973048833,0.2578125,,
17.616759999999775,1228,,,,-0.0234375,-0.107421875,-0.841796875,0.00151451594835635,0.03243061842942476,12.134857177734375,0.2685546875,1017,1015,3.258872777223587,0.16101339221794828,4.940769499910471,0.20141565855296412,0.009951483425828666,0.26171875,,
17.641390000000595,1228,,,,-0.140625,0.111328125,-0.890625,0.0015519207781236567,0.030774634143617943,12.146286964416504,0.3683035671710968,1017,1016,4.473520816878391,0.1651302544479084,3.6912816818663154,0.18636581313647788,0.006879287121568015,0.26171875,,
17.66541500000004,1228,,,,0.01953125,-0.015625,-1.005859375,0.0011981825347568236,0.028996395984362298,12.14000129699707,0.4425048828125,1019,1016,5.372009851271287,0.12750974272890286,2.3735947300753306,0.22740533675149227,0.00539768108904348,0.259765625,,
17.69026000000071,1228,,,,0.046875,-0.060546875,-1.015625,0.000983284950560079,0.020094091199588746,12.131000518798828,0.306396484375,1019,1018,3.716895910911262,0.10479191855271597,2.819339606608042,0.19175229805035335,0.005406148485514712,0.2578125,,
