Time (s),ESC signal (µs),Servo 1 (µs),Servo 2 (µs),Servo 3 (µs),AccX (g),AccY (g),AccZ (g),Torque (N·m),Thrust (N),Voltage (V),Current (A),Motor Electrical Speed (RPM),Motor Optical Speed (RPM),Electrical Power (W),Mechanical Power (W),Motor Efficiency (%),Propeller Mech. Efficiency (N/W),Overall Efficiency (N/W),Vibration (g),App message,
0,1294,,,,0,0.0078125,-1.056640625,0.004784344982445792,0.21638935600442083,12.133143424987793,0.7638114094734192,1793,1795,9.267433380783075,0.8992566043733163,9.703405111473609,0.24063137813174093,0.023349437445444734,0.330078125,,
0,1294,,,,0.033203125,0.015625,-0.978515625,0.005056145158322333,0.22543412822921913,12.134978294372559,0.7675365805625916,1794,1794,9.314039745263983,0.9499334928300214,10.198941799803302,0.23731569623638663,0.02420368974094707,0.328125,,
0.022114999999292194,1294,,,,-0.048828125,0.091796875,-1.0859375,0.004895381654042979,0.21713399323360913,12.133334159851074,0.8485243320465088,1795,1794,10.29542926348472,0.9197541543461601,8.933616372930608,0.23607829571366984,0.02109032927881195,0.330078125,,
0.043119999998249114,1294,,,,0.140625,-0.12890625,-1.05078125,0.005280086763585938,0.21158811297443061,12.133713722229004,0.7742745280265808,1794,1794,9.394825465488509,0.9918292491605395,10.557186536396891,0.21333118896575565,0.022521771559428166,0.33203125,,
0.07160999999847263,1294,,,,-0.111328125,-0.09765625,-0.927734375,0.005275229610493466,0.21797865635925556,12.13800048828125,0.7820637822151184,1794,1794,9.492690570394188,0.9908871819306174,10.438422853695425,0.21998332437256068,0.02296278960562431,0.330078125,,
0.22629999999795108,1294,,,,-0.048828125,0.083984375,-1.05859375,0.0050010735009627496,0.22639194565023382,12.137201309204102,0.75146484375,1793,1794,9.120680085383356,0.9394243535912181,10.299937557252155,0.24099007523573973,0.02482182726845618,0.33203125,,
0.2545749999983236,1294,,,,-0.02734375,-0.00390625,-0.966796875,0.00515717050824657,0.22420433067099485,12.136076927185059,0.7675405740737915,1794,1794,9.314931451695315,0.9688101726605985,10.40061515948435,0.2314223539326315,0.024069348425552795,0.32421875,,
0.2843099999986589,1294,,,,0.0625,0.005859375,-0.91015625,0.005199152703507884,0.22872588323425683,12.134500503540039,0.8837890625,1797,1796,10.724338823929429,0.9775717246010124,9.115449825398441,0.23397350545056872,0.02132773749407248,0.322265625,,
0.30706499999854714,1294,,,,0.0625,-0.083984375,-1.03515625,0.006793369419848094,0.24080678872869987,12.13640022277832,0.78466796875,1816,1802,9.523044510744512,1.2821827282697136,13.464000161115203,0.18781003941120392,0.02528674400891502,0.322265625,,
0.3314899999983609,1294,,,,-0.037109375,-0.060546875,-0.89453125,0.005796341213301136,0.22740331860331048,12.132000923156738,0.7763671875,1818,1810,9.4188874354586,1.0987219049026238,11.665092214249693,0.20697076993605992,0.024143331169583972,0.3203125,,
0.3537299999985844,1294,,,,0.203125,-0.12109375,-1.05078125,0.003674726681662718,0.22601407004139198,12.131999969482422,0.7440185546875,1810,1816,9.026433082763106,0.6987724405917405,7.741401660929806,0.3234444533187325,0.025039134281401688,0.3203125,,
0.3783499999986962,1294,,,,0.162109375,0.013671875,-1.041015625,0.004159867544524372,0.2309709089103171,12.136001586914062,0.8341471552848816,1804,1811,10.123211200257174,0.7889048999896754,7.793030140175617,0.2927740833062894,0.022815972554682002,0.318359375,,
0.40043999999947844,1294,,,,0.01171875,-0.1328125,-0.94140625,0.004615686489604739,0.22050153174769951,12.130001068115234,0.8392333984375,1799,1807,10.179902019444853,0.8732568994583735,8.578244641160067,0.2525047690828012,0.021660476822518995,0.318359375,,
0.4263749999990687,1294,,,,-0.03125,-0.103515625,-0.9609375,0.0047247248255754765,0.21913451116277172,12.128501892089844,0.838623046875,1801,1803,10.171241210773587,0.891850452102062,8.768354162689562,0.2457076863573696,0.02154452014476463,0.318359375,,
0.45003999999910593,1294,,,,-0.111328125,0.05078125,-0.986328125,0.005098076409631769,0.21822316410615322,12.131000518798828,0.8160400390625,1800,1800,9.899382137227803,0.9610563631903228,9.708245927552953,0.22706593750832635,0.022044119631012028,0.318359375,,
0.4814499999992549,1294,,,,0.0859375,0.150390625,-1.07421875,0.005269032967483143,0.21490008154604423,12.132000923156738,0.8510044813156128,1803,1800,10.324387152931536,0.9931149894701685,9.619118062500984,0.21638992848219363,0.02081480269606365,0.318359375,,
0.5058349999999627,1294,,,,-0.052734375,0.107421875,-0.99609375,0.004820555384941679,0.21987914839196002,12.133818626403809,0.8256391882896423,1800,1800,10.018156161557783,0.9086581751620073,9.070113906277086,0.24198224855321104,0.021948065576746778,0.3203125,,
0.5297199999978766,1294,,,,0.078125,0.083984375,-1.181640625,0.005065156062436289,0.22349119465294806,12.133143424987793,0.7735770344734192,1799,1800,9.385921109542721,0.9547446082819314,10.172092830731733,0.23408479368647267,0.02381132251641485,0.3203125,,
0.5534099999982863,1294,,,,-0.125,0.060546875,-1.01171875,0.0056844388897071725,0.2250360390538014,12.130858421325684,0.8377510905265808,1804,1802,10.162639871489148,1.072590602375434,10.554251807982896,0.20980608869350606,0.02214346290919256,0.3203125,,
0.5805,1294,,,,-0.19921875,0.041015625,-0.85546875,0.005146388314824451,0.23060414728997064,12.133000373840332,0.794677734375,1802,1803,9.641825248254463,0.9716315913757348,10.077257846502011,0.23733702087995906,0.02391706355927979,0.322265625,,
0.6036149999992922,1294,,,,0.037109375,0.05859375,-1.095703125,0.004438152653385624,0.2288147951422196,12.132889747619629,0.7703993320465088,1800,1802,9.347170157360097,0.8376438613695564,8.961470126977238,0.27316477287627355,0.02447957951873247,0.322265625,,
0.6265699999984353,1294,,,,-0.111328125,-0.0546875,-1.046875,0.004941094088033726,0.22083495140255996,12.135429382324219,0.7456752061843872,1798,1800,9.049088806800683,0.9314736683270841,10.2935631223671,0.2370812604925021,0.02440410920009928,0.3203125,,
0.650949999999255,1294,,,,-0.2109375,0.193359375,-0.9609375,0.004998938365771352,0.22530277477768976,12.130857467651367,0.7770647406578064,1796,1798,9.426461612057324,0.9411572263129333,9.984204731806317,0.23938909300025596,0.023901097150759783,0.322265625,,
0.6907799999983981,1294,,,,-0.099609375,0.04296875,-0.89453125,0.004832904775716321,0.22933715260150095,12.133001327514648,0.75927734375,1795,1797,9.212313019670546,0.9092488849061544,9.869930417742918,0.2522270375125853,0.024894633097226497,0.328125,,
0.7158049999997019,1294,,,,0.04296875,-0.07421875,-0.994140625,0.005236244430039571,0.21590773825921777,12.128307342529297,0.885667085647583,1796,1795,10.741642617896105,0.9845207540505261,9.165458106102562,0.2193023736380648,0.02010006718148534,0.326171875,,
0.7394899999992922,1294,,,,-0.111328125,0.041015625,-1.029296875,0.0065170004830339395,0.22144622076980408,12.137499809265137,0.7147216796875,1815,1804,8.67493425088469,1.2310335266518653,14.190695756873566,0.1798864254916664,0.02552713534943743,0.330078125,,
0.7625899999979884,1294,,,,-0.171875,0.01953125,-1.0390625,0.008754923989012123,0.2379504936853955,12.136500358581543,0.7623291015625,1833,1814,9.252007414470427,1.6626567640173682,17.970767742975664,0.1431146216314974,0.025718796259634805,0.337890625,,
0.7845999999986961,1294,,,,0.07421875,-0.08203125,-0.923828125,0.0036736697338493845,0.24196264353221603,12.129714965820312,0.8154296875,1825,1827,9.89092968404293,0.7026997092507286,7.104485945182648,0.34433292108547314,0.024463083983154298,0.33984375,,
0.8079599999981001,1294,,,,-0.015625,0.0390625,-0.86328125,0.0034586778292171566,0.23770598593849782,12.13257122039795,0.7749720811843872,1814,1822,9.4024039687896,0.6598196657871981,7.017563465443601,0.3602590196442578,0.025281405343520722,0.33984375,,
0.8315249999994412,1294,,,,-0.265625,0.212890625,-0.947265625,0.0037241751830364746,0.232437955391703,12.129501342773438,0.7818603515625,1806,1817,9.483576184138656,0.7085652141761805,7.471498097534774,0.32804031406191597,0.024509525824283146,0.341796875,,
0.8561399999996647,1294,,,,0.048828125,-0.115234375,-1.0703125,0.004719950115530316,0.23040409549705435,12.134857177734375,0.8231026530265808,1802,1809,9.988233137091811,0.8940920001099867,8.951453053190466,0.25769618279630196,0.02306755282287485,0.34375,,
0.8814799999995158,1294,,,,0,-0.01171875,-0.939453125,0.004721585422280637,0.22874811121124755,12.13257122039795,0.7491629719734192,1801,1804,9.089273113152501,0.8918549456367302,9.812170176140757,0.2564857798124731,0.025166821192801534,0.341796875,,
0.9038149999994785,1294,,,,-0.099609375,0.03515625,-1.1484375,0.0049027535995464205,0.22281324135473182,12.132001876831055,0.8245849609375,1799,1801,10.003866293700412,0.9244916104235235,9.241343129562717,0.2410116423367625,0.022272712850534674,0.341796875,,
0.9285699999993667,1294,,,,-0.1875,0.060546875,-0.998046875,0.004902637061408355,0.22585847420245714,12.133143424987793,0.8314732313156128,1798,1799,10.088383969590382,0.9237100921762835,9.156175012377021,0.24451229462084695,0.02238797362226367,0.341796875,,
0.9535949999988079,1294,,,,-0.0859375,-0.03515625,-0.953125,0.004853844750797609,0.23889518270750004,12.133000373840332,0.8087158203125,1796,1798,9.812149350182153,0.9138433614887068,9.313386179468845,0.2614180862662559,0.024346875916953423,0.341796875,,
0.9819349999995902,1294,,,,-0.25,0.265625,-1.052734375,0.004829200707414387,0.22934826658999632,12.131501197814941,0.7916259765625,1798,1797,9.603611482889391,0.9088931210348572,9.46407632851681,0.25233799363434783,0.02388146032340257,0.34375,,
1.0088549999995158,1294,,,,-0.0625,0.083984375,-1.013671875,0.005063955468093064,0.22075343724318938,12.132402420043945,0.78662109375,1796,1797,9.543603661470115,0.952851909093137,9.984194051771404,0.23167654400072332,0.023131035725469776,0.345703125,,
1.0357399999992922,1294,,,,-0.21875,0.126953125,-1.0234375,0.004918991246783407,0.22393575419276196,12.133500099182129,0.79833984375,1796,1797,9.68665657332167,0.9254776317162046,9.554149305396994,0.24196776509605722,0.02311796154820958,0.345703125,,
1.0605599999995903,1294,,,,0.111328125,-0.00390625,-0.958984375,0.004948393092400392,0.22844803352187315,12.131113052368164,0.7676866054534912,1796,1797,9.312892999545056,0.9309552763549894,9.99641332076367,0.24539098636008153,0.024530297248452553,0.34375,,
1.0855999999977648,1294,,,,0.0625,-0.12109375,-0.921875,0.004803433622046004,0.23143769642712173,12.132999420166016,0.7537841796875,1795,1796,9.145663015078753,0.9032714354842446,9.876500303969122,0.2562216487041326,0.025305731913098352,0.345703125,,
1.1084999999981373,1294,,,,-0.0234375,0.111328125,-1.08203125,0.004880925754765777,0.21972355255302517,12.133501052856445,0.687255859375,1794,1795,8.338819693308324,0.9173742795123362,11.001248536990243,0.2395135305840788,0.026349478779274647,0.345703125,,
1.1320649999994785,1294,,,,0.01171875,0.05078125,-1.03515625,0.0050261378641532845,0.2296038883253893,12.137144088745117,0.7470703125,1791,1794,9.067300027236342,0.9440850479167076,10.411975395992922,0.24320254709260714,0.025322189365710353,0.34375,,
1.1597399999983609,1294,,,,0.1875,-0.107421875,-1.044921875,0.005120217537992197,0.23114873272624264,12.133143424987793,0.7652064561843872,1791,1792,9.284359682611807,0.9610079655937832,10.350826534581646,0.24052738478959593,0.02489657236773679,0.341796875,,
1.18214999999851,1294,,,,0.14453125,-0.154296875,-0.966796875,0.00510465368799951,0.22622523582280363,12.131999969482422,0.8528645634651184,1791,1791,10.346952857931456,0.9574955504160061,9.25388917455092,0.2362676627839313,0.021863947669326693,0.341796875,,
1.204289999999106,1294,,,,-0.0625,0.03515625,-0.927734375,0.0052209273096427205,0.22130173891936455,12.13257122039795,0.7038225531578064,1792,1791,8.539177252709408,0.9793600743583811,11.469021492060474,0.22596565319895076,0.025916049330062495,0.33984375,,
1.2286399999987334,1294,,,,-0.037109375,0.0078125,-1.07421875,0.005504487515926123,0.21994583232293213,12.126666069030762,0.8463541865348816,1793,1792,10.26345459623468,1.0327912167701516,10.06280299762858,0.21296253177943247,0.021430000031726446,0.33984375,,
1.2537349999975413,1294,,,,-0.173828125,0.080078125,-0.8984375,0.005507823524928701,0.23304922475894713,12.135000228881836,0.8404541015625,1794,1793,10.198910714825615,1.034277285745023,10.141056380085269,0.22532567230370362,0.02285040346712476,0.34375,,
1.2766999999983235,1294,,,,-0.1875,0.080078125,-1.044921875,0.005232610188116696,0.232437955391703,12.132000923156738,0.7720947265625,1796,1794,9.3670539354207,0.9831012270227117,10.495308704321642,0.23643338956623353,0.024814414115067608,0.34375,,
1.3010849999990315,1294,,,,0.140625,0.232421875,-1.1328125,0.005292391737732172,0.22613632391484084,12.134001731872559,0.8056640625,1794,1795,9.775929129682481,0.9946803570107364,10.17479099751865,0.22734572199096917,0.023131952054380907,0.345703125,,
1.3300899999989197,1294,,,,-0.037109375,0.02734375,-0.91796875,0.0052807264657394855,0.2270587849599547,12.129500389099121,0.7861328125,1796,1795,9.535398255102336,0.9926088636285483,10.409726338356231,0.22874950373697658,0.023812197339367222,0.345703125,,
1.4764199999989942,1294,,,,0.15625,-0.07421875,-1.0703125,0.005403829026645706,0.21738961496900214,12.131000518798828,0.8209228515625,1796,1795,9.9586155381985,1.0158899533278578,10.201116304080465,0.2139893344322149,0.021829300883757945,0.34375,,
1.5006449999976903,1294,,,,0.033203125,0.0234375,-0.984375,0.005128916196487828,0.23040965249130205,12.135682106018066,0.771191418170929,1804,1803,9.358933893811638,0.9685150782862538,10.348562018657491,0.2378999126157149,0.02461921999936923,0.3359375,,
1.5449399999994784,1294,,,,-0.0234375,0.06640625,-1.1484375,0.00481844328707998,0.2302040437041381,12.13657283782959,0.7303292155265808,1802,1802,8.863693719833293,0.9093520055114971,10.259289572210085,0.2531517413596638,0.02597157020318023,0.333984375,,
1.6949699999978767,1294,,,,-0.125,0.01953125,-0.958984375,0.004911612174847064,0.2233522697967562,12.13253402709961,0.8551432490348816,1801,1801,10.375054566960216,0.9265611491303268,8.930662900617396,0.241055077699292,0.02152781639414511,0.33203125,,
1.7218199999984354,1294,,,,-0.0078125,0.02734375,-1.001953125,0.0051668326644007355,0.23056896457014003,12.13383674621582,0.818066418170929,1803,1802,9.926284365647575,0.9750789655984571,9.823202012758824,0.23646183817392447,0.023228124046907463,0.330078125,,
1.7556099999975414,1294,,,,0.1875,-0.025390625,-1.0234375,0.004871392404082984,0.2316488622085333,12.136000633239746,0.8425564169883728,1801,1802,10.225265210111104,0.9193217995152464,8.990689049377306,0.25197799326708076,0.022654557847504114,0.33203125,,
1.7766599999992176,1294,,,,0.03125,-0.05859375,-0.896484375,0.00490370561805862,0.2339939137810517,12.132399559020996,0.724609375,1799,1801,8.79125046171248,0.9246892659661866,10.518290543459992,0.2530514005010719,0.026616681528997318,0.33203125,,
1.8000799999982118,1294,,,,0.037109375,0.060546875,-1.06640625,0.004641545240463015,0.23013735977316602,12.131333351135254,0.8349609375,1797,1800,10.129189467988908,0.8747095646914056,8.635533647146538,0.26310145568644566,0.022720214731935355,0.328125,,
1.8256949999993668,1294,,,,0.1484375,-0.1328125,-1.064453125,0.005060818999211774,0.2354609602624376,12.135000228881836,0.7769775390625,1797,1799,9.428622614359483,0.9531780273847456,10.109409044891528,0.2470272640552539,0.024972996575749917,0.328125,,
1.8515999999996275,1294,,,,0.0625,-0.029296875,-1.08203125,0.005056021233060161,0.23973984583314648,12.131001472473145,0.8270263671875,1798,1797,10.032658078125678,0.9516141666361141,9.485164940594652,0.2519296730108686,0.02389594501938166,0.326171875,,
1.8748549999995157,1294,,,,0.048828125,0.06640625,-1,0.005284531561707872,0.23412728164299584,12.128499984741211,0.9051513671875,1798,1797,10.97812834312208,0.9945969470234125,9.059804330366921,0.2353991557521688,0.02132670290648216,0.326171875,,
1.8999399999985471,1294,,,,-0.048828125,0.181640625,-1.076171875,0.0057898061345949,0.2291371008085847,12.133501052856445,0.731201171875,1809,1798,8.87203018879518,1.0903713357040636,12.289986761780124,0.21014593222099753,0.02582690725038003,0.326171875,,
1.921875,1294,,,,0,-0.14453125,-0.89453125,0.00619349871633764,0.23817277345530244,12.132499694824219,0.7733154296875,1812,1805,9.382249214686453,1.1704827652151304,12.475502818481111,0.20348251211672233,0.02538546653423786,0.326171875,,
1.943904999997467,1294,,,,0.09375,-0.048828125,-0.974609375,0.0043145125358641356,0.23161552024304724,12.136000633239746,0.7240513563156128,1806,1809,8.787087718744374,0.8174508817857676,9.302864702738814,0.28333876126853036,0.026358621611227505,0.322265625,,
1.9658149999994785,1294,,,,0.048828125,-0.083984375,-0.9296875,0.004415003344370358,0.23161552024304724,12.13466739654541,0.77880859375,1805,1809,9.450583250727504,0.836465037994091,8.850935606854742,0.27689802887455944,0.024508066232337304,0.322265625,,
1.9878799999980257,1294,,,,0.046875,-0.0703125,-0.966796875,0.004621529745383449,0.2280368159475453,12.135430335998535,0.7840401530265808,1801,1806,9.514664657679702,0.8738508117266266,9.184252342738148,0.2609562329031558,0.023966878933929302,0.322265625,,
2.013064999998547,1294,,,,0.03125,0.044921875,-0.978515625,0.004785311941576974,0.22644751559271054,12.13599967956543,0.7114955186843872,1799,1802,8.634709386765962,0.9030009572032411,10.457803693859468,0.25077217669188284,0.02622526195725552,0.32421875,,
2.0349799999985843,1294,,,,0.046875,-0.046875,-1.03515625,0.005066658342439086,0.22015699810434372,12.132445335388184,0.7953559160232544,1797,1800,9.649612173329729,0.9551364670708233,9.898185024582606,0.2304979504965536,0.022815113618019696,0.32421875,,
2.0569899999983607,1294,,,,0.0859375,0.10546875,-1.130859375,0.005065348336390698,0.21510013333896053,12.13466739654541,0.7185872197151184,1797,1799,8.71981690665126,0.9541360781070464,10.942157253086988,0.22543968127241074,0.02466796443568528,0.32421875,,
2.080074999999255,1294,,,,-0.078125,0.052734375,-0.939453125,0.005198694236324442,0.21510013333896053,12.13371467590332,0.8189173936843872,1798,1798,9.936509998100746,0.9786323244308359,9.848853617798307,0.21979667743354062,0.02164745301721374,0.32421875,,
2.103604999997653,1294,,,,0.287109375,-0.109375,-0.9921875,0.0051963114925231545,0.2191789671167531,12.134858131408691,0.7791573405265808,1797,1797,9.45496378933575,0.9779550299774825,10.343297465406664,0.2241196787154924,0.02318136504805708,0.328125,,
2.1268949999986217,1294,,,,0.09375,-0.087890625,-0.9453125,0.005104349766596285,0.23010401780767997,12.135001182556152,0.7745361328125,1797,1797,9.398996887612157,0.9604898925334832,10.219068098633008,0.23956943180394624,0.02448176337955343,0.326171875,,
2.1506099999984727,1294,,,,-0.009765625,0.017578125,-1.080078125,0.005076927392518653,0.22804792993604064,12.137715339660645,0.7805524468421936,1797,1797,9.474123407446143,0.9552552155442792,10.082782062913607,0.23872984541215508,0.024070610032038153,0.328125,,
2.1779099999982865,1294,,,,-0.03125,0.10546875,-0.953125,0.005314612933662278,0.22863697132629404,12.134000778198242,0.81298828125,1797,1797,9.864800437353551,0.9999922347137079,10.13697378942597,0.2286387467716202,0.023177049832711155,0.32421875,,
2.200249999999069,1294,,,,0.009765625,-0.080078125,-1.009765625,0.005406612806965276,0.23095979492182173,12.13700008392334,0.7745361328125,1800,1798,9.400545108946972,1.0177819423747743,10.826839620248192,0.22692463415388073,0.024568766198675616,0.32421875,,
2.2343349999990316,1294,,,,-0.078125,0.048828125,-0.8984375,0.005446430004137312,0.2332826185173494,12.133142471313477,0.791015625,1802,1799,9.597505275160074,1.026229012581192,10.69266422012022,0.2273202332592335,0.024306589246803883,0.322265625,,
2.259469999998808,1294,,,,0.025390625,-0.013671875,-0.916015625,0.004761087549024641,0.22819241178648017,12.133999824523926,0.8365885615348816,1800,1801,10.151165458862977,0.8979492786094404,8.845775219095078,0.2541261708454822,0.02247942984588489,0.3203125,,
2.282629999998957,1294,,,,-0.01171875,-0.052734375,-0.98046875,0.004971027341970927,0.22064601359813904,12.131429672241211,0.7854352593421936,1799,1800,9.528452610808358,0.9368433198730957,9.832061491394848,0.23552072039967967,0.023156542054672637,0.3203125,,
2.3053549999985843,1294,,,,0.0859375,0.03515625,-1.09375,0.0048806686442453475,0.22390241222727594,12.136000633239746,0.7993861436843872,1795,1798,9.701350745956802,0.9189511604868474,9.472404251231053,0.24364995862092995,0.023079509038531665,0.32421875,,
2.3294899999974295,1294,,,,-0.046875,-0.2421875,-1.00390625,0.005008893713069201,0.22390241222727594,12.136000633239746,0.8070591688156128,1794,1797,9.79447058380822,0.9424610210819866,9.622378392151393,0.2375720663441615,0.022860083177688173,0.32421875,,
2.354079999999143,1294,,,,-0.1484375,0.16796875,-1.115234375,0.005095372557147899,0.22146844874679475,12.131001472473145,0.789794921875,1795,1795,9.581003360217437,0.9580025180880944,9.99897904290426,0.23117731380162126,0.023115371158973125,0.328125,,
2.3881099999994038,1294,,,,-0.25,0.08984375,-0.88671875,0.005132322273347249,0.22050153174769951,12.134000778198242,0.782470703125,1796,1795,9.494500120636076,0.9649911127432556,10.163685296563111,0.22850110103176247,0.02322413280805006,0.330078125,,
2.4180849999990315,1294,,,,-0.0625,-0.05859375,-0.97265625,0.005139615269152839,0.22226493967855668,12.135001182556152,0.7942708134651184,1798,1796,9.638477260669049,0.9665321763168021,10.027851393713936,0.22996124197908177,0.023060171608801232,0.333984375,,
2.4404249999988825,1294,,,,0.072265625,0.0703125,-1.005859375,0.005192715718054553,0.22462482147947352,12.135001182556152,0.7843017578125,1795,1796,9.517502758535556,0.9767008418891537,10.262154544827652,0.2299832372878883,0.023601235237680793,0.333984375,,
2.4632299999985845,1294,,,,-0.09375,0.060546875,-1.091796875,0.005235138674457557,0.22323557291755505,12.133000373840332,0.743408203125,1796,1796,9.019772006431594,0.9847627228257907,10.917822780039236,0.22668970681280196,0.024749580450412246,0.33203125,,
2.4871649999981744,1294,,,,0.0859375,-0.02734375,-1.029296875,0.004977630610858668,0.2227576714122551,12.134001731872559,0.8634440302848816,1796,1796,10.477031358851775,0.9363772027374176,8.937428653836152,0.237893095604039,0.02126152569201321,0.330078125,,
2.5101049999985845,1294,,,,-0.037109375,-0.046875,-0.9453125,0.005043149218429196,0.23679463888187932,12.131500244140625,0.8111572265625,1797,1796,9.840554092079401,0.9487119171167193,9.640838394255985,0.24959593593125134,0.02406314082176265,0.33203125,,
2.532529999998398,1294,,,,-0.21875,0.228515625,-1.060546875,0.005087693755827684,0.23609445760667241,12.132500648498535,0.8050537109375,1796,1796,9.767314670025371,0.9570392580383209,9.798386663791543,0.24669255270740306,0.02417189018504911,0.333984375,,
2.557984999999404,1294,,,,0.048828125,0.005859375,-0.9921875,0.004962522992305766,0.23374940603415403,12.132667541503906,0.8365885615348816,1795,1796,10.150050886127701,0.9333522390924053,9.195542461447543,0.25044071920955874,0.02302938267566959,0.333984375,,
2.582064999998547,1294,,,,-0.111328125,0.05078125,-1.017578125,0.005050276769204249,0.2350164007226237,12.132000923156738,0.7709418535232544,1795,1795,9.35306727864429,0.949338220583013,10.150020226526351,0.24755813642296431,0.02512720091934257,0.333984375,,
2.60464999999851,1294,,,,-0.111328125,0.05859375,-0.919921875,0.005457554505633224,0.227036556982964,12.136000633239746,0.7659040093421936,1794,1795,9.295011542377722,1.0256491523523177,11.034404289614795,0.22135888911160076,0.024425634755574133,0.333984375,,
2.6310449999980627,1294,,,,-0.111328125,-0.083984375,-0.943359375,0.00520732700151584,0.22564730842104552,12.134858131408691,0.7728794813156128,1794,1794,9.378782858441696,0.978509358384443,10.433223299371965,0.23060311737191558,0.024059338170724774,0.333984375,,
2.6578999999975785,1294,,,,0.01171875,0.03515625,-0.896484375,0.0050729982018606476,0.22366901846887363,12.132000923156738,0.828857421875,1794,1794,10.055699007352814,0.9532012584685478,9.479214301975016,0.23465036001759948,0.022243010486424155,0.33203125,,
2.68114999999851,1294,,,,0.0625,-0.064453125,-0.998046875,0.005362933362627646,0.22014588411584837,12.13377857208252,0.7638888955116272,1794,1794,9.268858711810765,1.0075506450946428,10.870277306210093,0.21849609762809424,0.023751131715421377,0.330078125,,
2.7040449999980627,1294,,,,0.13671875,0.0078125,-0.9921875,0.005261328734578844,0.2243136298016038,12.136571884155273,0.8091517686843872,1794,1794,9.820328605829445,0.9885752581256204,10.06662096356727,0.2269059719610136,0.022841764141013465,0.330078125,,
2.7281399999987332,1294,,,,-0.125,0.046875,-0.923828125,0.005004460373133503,0.22014588411584837,12.135499954223633,0.8111572265625,1796,1795,9.843798485817388,0.940542745118929,9.554672888458974,0.2340626040212681,0.02236391616844119,0.330078125,,
2.758929999999702,1294,,,,-0.13671875,0.015625,-0.96875,0.0049483244830169516,0.22742554658030115,12.132573127746582,0.751953125,1796,1795,9.123126277700067,0.9303486257419519,10.19769536694928,0.24445196164924687,0.024928466367521877,0.33203125,,
2.781754999999888,1294,,,,0.087890625,-0.064453125,-0.9765625,0.004931083844059083,0.22598444431580908,12.134000778198242,0.8251953125,1795,1795,10.012920564040542,0.9270135160939117,9.258173079122395,0.24377686019943165,0.022569283644113616,0.333984375,,
2.809219999998808,1294,,,,0.171875,0.0078125,-1.08984375,0.004973175053220388,0.21947904480612754,12.132001876831055,0.7889229655265808,1793,1795,9.5712148984436,0.9347213449273548,9.765963410552533,0.2348069250768903,0.022931158388452607,0.3359375,,
2.8349599999981,1294,,,,0.25,-0.140625,-1.119140625,0.005328864541862921,0.21564843501513567,12.132444381713867,0.8186848759651184,1795,1795,9.932648723797115,1.0014222923379168,10.08212733768246,0.21534215551731292,0.02171107033096568,0.337890625,,
2.858114999998361,1294,,,,0.111328125,-0.068359375,-1.001953125,0.005130662233682731,0.22551394055910134,12.133000373840332,0.8026123046875,1794,1795,9.738095392822288,0.9643347837884211,9.902704223858894,0.23385440860399367,0.023157910398507918,0.33984375,,
3.0116699999999255,1294,,,,-0.0625,-0.060546875,-0.8203125,0.005018137255480598,0.22981505410680095,12.131001472473145,0.8319091796875,1794,1795,10.091891483752988,0.9432087659011499,9.34620400367591,0.24365237306423213,0.022772247846380624,0.3359375,,
3.042784999999218,1294,,,,-0.009765625,0.013671875,-1.015625,0.005162502356440742,0.22762375761887288,12.134197235107422,0.7773246169090271,1796,1796,9.432210217278453,0.9708230005387734,10.292635322740848,0.2344647350676174,0.024132600140940336,0.3359375,,
3.0697799999993296,1294,,,,0.125,-0.1875,-0.970703125,0.004980809988988073,0.2303485255545776,12.13640022277832,0.79345703125,1797,1797,9.629712090827525,0.9373470117141938,9.7339048444349,0.2457451964703261,0.02392060358419114,0.33203125,,
3.092559999998659,1294,,,,-0.0234375,-0.048828125,-0.8671875,0.004762635911546869,0.22651419952368265,12.13466739654541,0.7356770634651184,1795,1796,8.92719647641644,0.8958706470930671,10.035296629347714,0.2528425283925519,0.025373497729335302,0.33203125,,
3.11471499999892,1294,,,,-0.109375,0.013671875,-0.865234375,0.005015277459876727,0.22585847420245714,12.13371467590332,0.7833426594734192,1793,1795,9.504856323513764,0.9424803514613734,9.915776939518812,0.23964263430240193,0.02376242906941297,0.330078125,,
3.136604999999516,1294,,,,-0.19921875,0.029296875,-0.89453125,0.004964164447351143,0.22920378473955683,12.134857177734375,0.8091517686843872,1792,1794,9.8189411480962,0.9324867271560815,9.496815523096211,0.2457984420202822,0.023343024597310805,0.33203125,,
3.1582499999981373,1294,,,,-0.109375,-0.103515625,-1.052734375,0.005300666504470666,0.22919267075106145,12.132000923156738,0.7868303656578064,1795,1793,9.545826722528261,0.9953785965519151,10.427369210492897,0.2302567802291574,0.024009724606687453,0.333984375,,
3.1828299999991434,1294,,,,-0.078125,0.119140625,-1.044921875,0.0053199461604194805,0.22919267075106145,12.132573127746582,0.7847377061843872,1794,1794,9.520887606382189,0.999238489805697,10.495224091668428,0.22936733631590614,0.024072615939445124,0.3359375,,
3.206894999998622,1294,,,,0.041015625,0.03125,-1.01171875,0.005194164619677563,0.2169339414406929,12.137144088745117,0.8028739094734192,1796,1794,9.744596324372992,0.975883321455606,10.014610035869273,0.22229495747208697,0.022261973120230955,0.3359375,,
3.2327449999991806,1294,,,,-0.13671875,-0.0078125,-0.93359375,0.005213283162349173,0.22021256804682046,12.132001876831055,0.7373046875,1795,1795,8.944981852546334,0.9798252199640294,10.95390953403786,0.2247467849979456,0.024618559509333535,0.337890625,,
3.2575799999991433,1294,,,,0.19921875,0,-1.0234375,0.0052607507948437895,0.23002621988821254,12.136500358581543,0.76171875,1796,1796,9.244599882513285,0.9891506384709737,10.699766902210788,0.23254923056389715,0.024882225603221717,0.33984375,,
3.2822499999981374,1294,,,,-0.01171875,-0.005859375,-0.958984375,0.005476237218025911,0.2274144325918058,12.139001846313477,0.7781982421875,1798,1797,9.446549898711964,1.030499656020732,10.908740937908352,0.2206836569649768,0.02407380843061166,0.337890625,,
3.3065699999984353,1294,,,,0.037109375,0.087890625,-1.041015625,0.005461923009002902,0.22924824069353822,12.133001327514648,0.7379150390625,1799,1798,8.953124148538336,1.0284141272511809,11.486651030289545,0.22291432470525213,0.025605390575418826,0.337890625,,
3.33330999999959,1294,,,,0.0625,-0.171875,-0.91015625,0.004925849949383836,0.2398398717296046,12.131001472473145,0.762939453125,1799,1799,9.25521962926723,0.9278545138037227,10.025202544838844,0.2584886619200519,0.02591401191292892,0.3359375,,
3.356919999998063,1294,,,,-0.11328125,-0.052734375,-0.947265625,0.005135151606943808,0.2299261939917544,12.135998725891113,0.711669921875,1797,1798,8.636825265130028,0.9670526033899888,11.196852705754372,0.2377597590717935,0.026621610016825184,0.333984375,,
3.3786699999999255,1294,,,,-0.140625,0.00390625,-0.9375,0.004971355018150496,0.2361166855836631,12.135000228881836,0.78125,1797,1797,9.480468928813934,0.9354170562005807,9.866780464387928,0.2524186233493617,0.024905591417111766,0.333984375,,
3.4007699999976904,1294,,,,0.01171875,0.2109375,-1.064453125,0.005002637124182104,0.22930381063601493,12.131999969482422,0.7584635615348816,1795,1796,9.201679905394712,0.9408511096193191,10.22477546809384,0.24371955168208742,0.024919776931338365,0.333984375,,
3.427954999999143,1294,,,,-0.03125,-0.08984375,-0.86328125,0.005221677122171322,0.22351342262993873,12.134286880493164,0.7777622938156128,1794,1795,9.43759079798906,0.9814778155050795,10.399664877547037,0.22773150762955985,0.02368331361405969,0.3359375,,
3.450694999999367,1294,,,,-0.11328125,0.171875,-1.025390625,0.005163753924429316,0.22984839607228696,12.136445045471191,0.7752821445465088,1794,1795,9.409169142023757,0.9705646195853654,10.315093765830774,0.23681926111265048,0.02442812883931751,0.333984375,,
3.4777299999985845,1294,,,,-0.25,0.1015625,-0.970703125,0.0050058373117575885,0.22781453617763833,12.134285926818848,0.7784598469734192,1796,1795,9.446054365723114,0.9408222246282728,9.959949288903452,0.2421440844125997,0.0241174280135745,0.33984375,,
3.502664999999106,1294,,,,0.05078125,0.044921875,-0.94921875,0.004750785801194105,0.22211306007952492,12.13688850402832,0.7546657919883728,1791,1794,9.15929457516711,0.8926875638030191,9.746247994068169,0.24881388414696962,0.024250018192637123,0.337890625,,
3.528304999999702,1294,,,,0.01171875,-0.193359375,-0.943359375,0.005132861925972194,0.22320223095206904,12.133143424987793,0.7603236436843872,1792,1793,9.225115818231984,0.9636828509295019,10.446295416963059,0.23161378324495824,0.02419506002417282,0.337890625,,
3.554304999999702,1294,,,,0.048828125,-0.033203125,-0.98828125,0.005238599337085671,0.22968168624485677,12.134668350219727,0.7758246660232544,1793,1793,9.414375020112175,0.9833916738881997,10.445639479916133,0.23356073916786987,0.024396912780102958,0.3359375,,
3.5785349999982863,1294,,,,-0.099609375,0.076171875,-1.01953125,0.005195564893876057,0.2388173847880326,12.133001327514648,0.7354736328125,1795,1793,8.923502563266084,0.9757182546621186,10.934251968265214,0.2447605993297037,0.026762740649745858,0.337890625,,
3.6037799999993294,1294,,,,0.07421875,-0.029296875,-1.103515625,0.005331641894419479,0.23356046822973311,12.135001182556152,0.7855224609375,1795,1794,9.532315992400981,1.001810817401482,10.509626602812059,0.23313829734395083,0.02450196451900294,0.337890625,,
3.628564999998547,1294,,,,-0.0859375,0.009765625,-0.85546875,0.005323785910414533,0.22739220461481513,12.137001037597656,0.751953125,1795,1795,9.1264558583498,1.0007101403387113,10.964937056296185,0.22723083882996276,0.024915718450199246,0.33984375,,
3.6564949999991803,1294,,,,0.0859375,-0.01953125,-0.939453125,0.005366421961134743,0.22693653108650585,12.138500213623047,0.7781982421875,1797,1795,9.446159529034048,1.0090082326579646,10.681676818569933,0.22491048510942452,0.024024211150466573,0.341796875,,
3.6811449999986214,1294,,,,0.01953125,-0.0859375,-0.96484375,0.005173873988394339,0.2264808575581966,12.134666442871094,0.7335069179534912,1795,1795,8.90086178290403,0.9727215141437756,10.928397023444303,0.23283216651947208,0.025444823555534873,0.34375,,
3.7054499999992547,1294,,,,0.0625,0.216796875,-1.111328125,0.0051484165535222995,0.22675870727058028,12.137715339660645,0.7707868218421936,1793,1795,9.35559103108227,0.9676310736919121,10.342810737206573,0.23434417665547075,0.02423777466514037,0.345703125,,
3.7281399999987332,1294,,,,-0.099609375,-0.076171875,-0.99609375,0.005347553542284639,0.22977059815281956,12.131001472473145,0.9063720703125,1796,1794,10.99520091956947,1.004724836457986,9.137848810654814,0.22869007494912041,0.020897353293823803,0.34375,,
3.7516999999983236,1294,,,,-0.203125,0.1015625,-0.912109375,0.006375376323012238,0.22882590913071496,12.137716293334961,0.8231026530265808,1812,1799,9.990586482727963,1.2011580914264197,12.022898690712696,0.19050440634252877,0.022904151775905882,0.345703125,,
3.7781299999980256,1294,,,,-0.0625,0,-1.048828125,0.008335129581459495,0.23272691909258203,12.136000633239746,0.7547432780265808,1823,1809,9.159564900064026,1.5786564750113394,17.2350596587869,0.14742087514062258,0.025408075779992042,0.345703125,,
3.801289999999106,1294,,,,-0.0234375,0.06640625,-0.888671875,0.005399044833466761,0.2347607789872307,12.135112762451172,0.8208550214767456,1824,1817,9.961168247244586,1.0274199325665774,10.314251371577603,0.2284954491789734,0.02356759500093467,0.349609375,,
3.8282949999989944,1294,,,,0.109375,0.00390625,-1.119140625,0.0037166150158640028,0.23679463888187932,12.133143424987793,0.7742745280265808,1813,1822,9.394383898861236,0.7091790110717116,7.548967752506649,0.3338996715709835,0.025205978532619154,0.34765625,,
3.8516049999995157,1294,,,,-0.125,0.076171875,-1.072265625,0.004289084660186906,0.22849248947585454,12.132888793945312,0.7427300214767456,1808,1814,9.011460754501968,0.8149253230886158,9.04321003319571,0.28038457390163596,0.02535576591860578,0.34765625,,
3.8781149999992923,1294,,,,-0.111328125,-0.01171875,-0.873046875,0.004471472779493576,0.22868142728027543,12.133142471313477,0.7491629719734192,1803,1808,9.08970107318612,0.8466430947310357,9.314311745944694,0.27010369387459976,0.025158300084792348,0.34765625,,
3.903679999998771,1294,,,,0.13671875,0.185546875,-1.123046875,0.00450246557178107,0.23060414728997064,12.136445999145508,0.7893880009651184,1800,1803,9.580364846086582,0.8502661483320807,8.87509152304779,0.271214075430774,0.024070497417869065,0.345703125,,
3.92826999999769,1294,,,,-0.23828125,0.076171875,-0.83984375,0.004890107395024702,0.23117096070323337,12.13371467590332,0.7777622938156128,1798,1799,9.437145758834731,0.9214461358464143,9.764034162382075,0.2508784308817859,0.02449585569734568,0.34765625,,
3.950394999999553,1294,,,,0.07421875,0.001953125,-0.97265625,0.0051918342761182075,0.22909264485460332,12.130001068115234,0.7550048828125,1797,1797,9.158210034947842,0.9772574892436912,10.670835081467498,0.23442403601521672,0.025015002274503744,0.349609375,,
3.97839499999769,1294,,,,0,-0.025390625,-0.859375,0.005242477642742073,0.22236868181491795,12.132573127746582,0.8182198405265808,1797,1797,9.927112049761888,0.9864505333454335,9.936933605671294,0.22542304383046977,0.022400138197317083,0.345703125,,
4.004164999998174,1294,,,,0.0703125,0.0390625,-1.048828125,0.005159571925310742,0.22572510634051296,12.13377857208252,0.7340494990348816,1796,1797,8.906794082237354,0.9707418506515495,10.89889180875396,0.23252845871331204,0.025343025139727,0.34375,,
4.0267349999994035,1294,,,,0.111328125,-0.1953125,-1.00390625,0.005164865897736706,0.22939272254397772,12.133001327514648,0.76416015625,1796,1797,9.271556190215051,0.9716811668493691,10.480238127390686,0.23607818116694898,0.024741555553109043,0.34375,,
4.052014999998733,1294,,,,0.125,-0.052734375,-1.123046875,0.005235834409936481,0.2262030078458129,12.134285926818848,0.7212611436843872,1795,1797,8.751988945370726,0.9850226416634887,11.254843302613015,0.22964244503436518,0.025845897344907026,0.33984375,,
4.078804999998771,1294,,,,0.01953125,0.021484375,-0.962890625,0.005199979340031188,0.24006215149951157,12.133001327514648,0.77880859375,1798,1797,9.449285701848567,0.9783832376280454,10.35404440609351,0.24536617377205786,0.02540532258989144,0.341796875,,
4.101094999999739,1294,,,,0.01171875,0.1484375,-0.984375,0.005851551075425484,0.2365390171464863,12.13599967956543,0.7552083134651184,1801,1797,9.165207850217826,1.1014353200055889,12.017570556017576,0.2147552496730231,0.025808363652207254,0.33984375,,
4.130209999999032,1294,,,,-0.09375,0.09375,-0.990234375,0.005785716679980277,0.21983469243797862,12.135334014892578,0.7177734375,1805,1801,8.710420411080122,1.0911124519241813,12.52651881803808,0.20147757644072273,0.025238126526974186,0.33984375,,
4.157159999998286,1294,,,,0.08203125,-0.009765625,-1.0703125,0.004718103735147119,0.22035704989726002,12.139201164245605,0.7451171875,1802,1803,9.045127429999411,0.8907588806928826,9.8479417519156,0.24738125509998155,0.02436196190740392,0.337890625,,
4.179484999998473,1294,,,,0.07421875,0.013671875,-1.0625,0.004807109883286218,0.22610298194935477,12.138667106628418,0.7671440839767456,1801,1802,9.31210665821311,0.9069181651378091,9.73912991361545,0.24930913354789594,0.024280540402738623,0.3359375,,
4.330339999997988,1294,,,,0.125,-0.15625,-1.033203125,0.005081029283457362,0.2296483442793707,12.133143424987793,0.7240513563156128,1800,1801,8.785018953234271,0.9584550233130865,10.910107632268955,0.23960262995497325,0.026140904817834675,0.337890625,,
4.353729999998585,1294,,,,-0.01953125,0.05078125,-0.986328125,0.005153548394359692,0.23415878285413735,12.134481430053711,0.8013671636581421,1798,1798,9.724174966064538,0.970396842289167,9.979220300700693,0.24130208657909127,0.024080066809915035,0.3359375,,
4.380919999998994,1294,,,,0.173828125,-0.12109375,-1.044921875,0.004909920555303407,0.2275700284307407,12.136001586914062,0.7806396484375,1796,1796,9.473844012245536,0.9233501683972873,9.746309599395973,0.24646124105413578,0.024020875595649683,0.33203125,,
4.404519999999553,1294,,,,0.037109375,0.0703125,-1.125,0.0050422640036754335,0.2336938360916773,12.136000633239746,0.76171875,1793,1795,9.244219232350588,0.9477076023869473,10.251894492835037,0.24658854218651768,0.02527999717638181,0.330078125,,
4.427344999997876,1294,,,,0.0234375,-0.099609375,-0.91796875,0.0049081305630388926,0.2398176437526139,12.136499404907227,0.77392578125,1793,1794,9.392749783582985,0.9221228797877707,9.817390019262444,0.2600712432249904,0.02553220827534196,0.330078125,,
4.4518499999986965,1294,,,,-0.01171875,-0.03125,-1.0234375,0.005160364088151544,0.22423583188213636,12.135334014892578,0.8219401240348816,1794,1794,9.974517945405523,0.9694021273273862,9.718786738700626,0.23131353394111906,0.022480869061489252,0.33203125,,
4.477834999999032,1294,,,,0,0.033203125,-0.8046875,0.005307292969198837,0.22306886309012486,12.134501457214355,0.732421875,1797,1795,8.88757430948317,0.9974712423367376,11.223211279059814,0.2236343802429331,0.02509895898728038,0.33203125,,
4.502959999999032,1294,,,,0.14453125,-0.0546875,-1.01171875,0.005611580475448257,0.2206571275866344,12.134500503540039,0.7672119140625,1798,1796,9.309733357513323,1.0554040834417462,11.336566181994819,0.20907359659539704,0.02370176664711405,0.330078125,,
4.527729999999516,1294,,,,-0.048828125,0.015625,-0.9765625,0.005081533873770423,0.22809610212992515,12.13466739654541,0.8078342080116272,1797,1798,9.802799425772776,0.9567022436209854,9.759479941063535,0.2384191148821947,0.023268465692589016,0.33203125,,
4.550994999999181,1294,,,,0.0625,0.04296875,-1.005859375,0.0051169210737055295,0.23647233321551425,12.13371467590332,0.8768135905265808,1798,1798,10.639005931403858,0.9634947719752387,9.056248094864083,0.2454318799579241,0.022226919952878607,0.33203125,,
4.577874999999069,1294,,,,0.111328125,-0.029296875,-0.94921875,0.005097221656885318,0.23028184162360554,12.136571884155273,0.7952008843421936,1797,1798,9.651012695162876,0.9596797132008613,9.943823964524016,0.23995697570342142,0.023860899254543898,0.333984375,,
4.600044999998994,1294,,,,0.173828125,-0.126953125,-1,0.005034367787201398,0.23181557203596354,12.135112762451172,0.8100043535232544,1797,1797,9.829494168081055,0.9474179639291532,9.638522061548882,0.24468141924876824,0.02358367257480344,0.3359375,,
4.625609999998472,1294,,,,-0.015625,0.033203125,-0.966796875,0.004977358409068559,0.22472484737593165,12.134858131408691,0.7993861436843872,1793,1795,9.700437445823923,0.9357481269749746,9.646452875976411,0.24015527351618374,0.023166465288910924,0.3359375,,
4.65067999999877,1294,,,,0.048828125,0.037109375,-1.0625,0.005085351255412202,0.22472484737593165,12.137001037597656,0.8465576171875,1794,1794,10.274670678190887,0.9554419236165657,9.299002893052286,0.23520513578187655,0.02187173238096426,0.3359375,,
4.677864999999292,1294,,,,0.048828125,-0.14453125,-1.09375,0.005449100460200322,0.22311331904410625,12.134500503540039,0.7763671875,1796,1794,9.420828027650714,1.0238621423485899,10.868069551248478,0.21791343757697393,0.023682983957381967,0.333984375,,
4.7002949999980626,1294,,,,-0.14453125,0.07421875,-0.91015625,0.0052010937888133406,0.22800719022196236,12.13022232055664,0.7503255009651184,1797,1796,9.101615139489923,0.9781187136328422,10.746649892819555,0.23310789073354726,0.025051288889670682,0.3359375,,
4.7256749999988825,1294,,,,0.078125,0.021484375,-1.056640625,0.005099025482813705,0.23370495008017264,12.135334014892578,0.7845051884651184,1797,1797,9.520232498440464,0.9597448749795475,10.081107526909307,0.24350736969046377,0.024548239774444213,0.333984375,,
4.750469999998808,1294,,,,-0.009765625,0.107421875,-0.96875,0.005118431469195794,0.23370495008017264,12.132500648498535,0.7830810546875,1798,1797,9.50073140382301,0.9633297279671547,10.13953228463568,0.24260120215883232,0.024598627215809073,0.333984375,,
4.780634999998846,1294,,,,0,0.033203125,-1.0625,0.0051564780862096106,0.22679204923606636,12.134500503540039,0.8038330078125,1797,1797,9.754112038062885,0.9703367944040043,9.947976716050803,0.23372508446963045,0.023250916982608907,0.333984375,,
4.804164999999106,1294,,,,0,0,-0.90234375,0.005090404635620669,0.22899261895814518,12.134000778198242,0.84521484375,1797,1797,10.255837571807206,0.9578355991918807,9.339418574889716,0.23907298825742612,0.022328027072857966,0.333984375,,
4.845179999997839,1294,,,,0.140625,-0.10546875,-0.99609375,0.0051303857001392915,0.22921489872805215,12.132500648498535,0.8392333984375,1796,1797,10.181999750784598,0.9653137969394473,9.480591441431363,0.23745117852327813,0.02251177610865581,0.330078125,,
4.869354999998585,1294,,,,0.193359375,-0.06640625,-1.08203125,0.005182741646403585,0.21870106561145317,12.133231163024902,0.8432241678237915,1796,1796,10.231033750455367,0.9749800121332795,9.529633426239892,0.22431338375125254,0.021376243197489122,0.33203125,,
4.891259999997914,1294,,,,0,0.12890625,-1.046875,0.00528697201564228,0.22170184250519706,12.133501052856445,0.819091796875,1796,1796,9.93845117976889,0.9945827699874773,10.007422202889016,0.22290939396425344,0.02230748418390405,0.33203125,,
4.912244999999181,1294,,,,0,-0.037109375,-0.939453125,0.005173683391247672,0.23123764463420543,12.132000923156738,0.8170573115348816,1796,1796,9.912540057813146,0.9733109596764471,9.818986395008567,0.23757838369669093,0.023327789172659333,0.330078125,,
4.933939999998547,1294,,,,-0.015625,-0.10546875,-0.96875,0.0050779719040079,0.2251249509617642,12.132000923156738,0.7747395634651184,1796,1797,9.399141099164865,0.9553188317338592,10.163894994817573,0.23565425854023295,0.023951651388845203,0.330078125,,
4.957069999998436,1294,,,,-0.1875,0.080078125,-0.908203125,0.004962975031726197,0.22386907026178987,12.133001327514648,0.845947265625,1794,1795,10.263879296835512,0.9330864771234539,9.090972819712881,0.23992317512942632,0.02181135063920828,0.330078125,,
4.980664999999106,1294,,,,-0.0859375,0.09375,-0.90234375,0.005088441612080588,0.23745036420310484,12.134857177734375,0.8461216688156128,1792,1794,10.267565606063727,0.9558392518323675,9.309307468830552,0.24842081317324707,0.023126257314866682,0.328125,,
5.006914999999106,1294,,,,0.111328125,0.185546875,-1.1875,0.004882650630996315,0.23359381019521916,12.132000923156738,0.780029296875,1793,1793,9.463316149776801,0.9169008737332806,9.689001817348206,0.25476451913947007,0.02468413888938167,0.330078125,,
5.032744999998249,1294,,,,-0.07421875,-0.078125,-0.958984375,0.004935110259872652,0.22691430310951516,12.134500503540039,0.843505859375,1792,1793,10.23552227532491,0.9266382496739667,9.053160403039149,0.24487905953521116,0.022169294053176403,0.330078125,,
5.056734999997541,1294,,,,-0.0859375,0.03125,-0.9609375,0.005003522338935869,0.232949198862489,12.133001327514648,0.8258056640625,1792,1793,10.019501218339428,0.9393703143476715,9.37541993236423,0.24798441605455276,0.02324958037193558,0.330078125,,
5.078854999999516,1294,,,,-0.048828125,-0.0390625,-0.92578125,0.005291450489653033,0.23528313644651203,12.136500358581543,0.814208984375,1793,1792,9.881647630827501,0.9931613302478083,10.050564109870407,0.23690323946443367,0.023810111960732717,0.333984375,,
5.10046499999892,1294,,,,0.2109375,-0.033203125,-1.064453125,0.005075556182987687,0.22414691997417358,12.132000923156738,0.830078125,1792,1792,10.070508578792214,0.9525415970059845,9.458723852457366,0.23531457385032742,0.022257755725089323,0.3359375,,
5.127989999998361,1294,,,,0.171875,-0.080078125,-1.04296875,0.0054673051426525785,0.22312443303260157,12.13257122039795,0.8098493218421936,1792,1793,9.825554575041394,1.0263036580648361,10.445249173739512,0.21740586353683816,0.022708584164742838,0.3359375,,
5.15076999999769,1294,,,,0.08203125,0.029296875,-0.9765625,0.005269751339866583,0.22571770859192072,12.133333206176758,0.7883029580116272,1796,1794,9.564742456969839,0.9897392559264137,10.347787829929384,0.22805775080694857,0.0235989321832121,0.33203125,,
5.175064999999479,1294,,,,0.125,0.025390625,-1.169921875,0.005209086811241001,0.2260807539723641,12.133713722229004,0.8182198405265808,1796,1794,9.9280453067974,0.9788131457333743,9.859072108214631,0.23097437438171453,0.02277193012179086,0.33203125,,
5.197124999998137,1294,,,,-0.01171875,-0.0859375,-0.978515625,0.005339661087711306,0.22504715304229672,12.133713722229004,0.7938057780265808,1795,1795,9.631812061625794,1.0037991228312733,10.421705868104716,0.22419540715231773,0.023364985903214362,0.330078125,,
5.218294999998063,1294,,,,-0.109375,0.033203125,-1,0.0052418463246272345,0.23133767053066356,12.13257122039795,0.7700892686843872,1797,1796,9.3431628983775,0.9857282384220435,10.550262787275406,0.2346870684165339,0.02476010244569714,0.326171875,,
5.240169999998995,1294,,,,-0.1484375,0.130859375,-0.87890625,0.004786346671687727,0.22488044321486653,12.135428428649902,0.8740234375,1793,1796,10.606648870743811,0.8999525527453945,8.48479631703207,0.24988033261180986,0.02120183725843433,0.328125,,
5.3817599999979135,1294,,,,0.09375,-0.05078125,-1.046875,0.0048803620678965305,0.22488044321486653,12.130858421325684,0.8063616156578064,1793,1795,9.781858595936285,0.9174195387309588,9.378785531740215,0.2451227968459637,0.022989541405586202,0.330078125,,
5.4044849999984725,1294,,,,-0.03125,0.033203125,-0.958984375,0.005054031004187807,0.22690874611526748,12.133415222167969,0.82183837890625,1794,1795,9.97170629678294,0.9497957065658988,9.524906553578706,0.23890268670057846,0.022755257662219,0.328125,,
5.431294999998062,1294,,,,0.048828125,0.04296875,-0.931640625,0.005402187851068285,0.2310598208182799,12.134857177734375,0.8719307780265808,1794,1793,10.580755460223372,1.0141199257226505,9.584570114440972,0.22784269883429148,0.021837743220407244,0.326171875,,
5.45493499999959,1294,,,,0.166015625,-0.15234375,-1.009765625,0.005294224768062065,0.226780935247571,12.133500099182129,0.855712890625,1794,1793,10.382792443269864,0.9943202190991071,9.576616546386097,0.22807635899533793,0.021841998333942486,0.326171875,,
5.478484999999404,1294,,,,0.046875,-0.005859375,-1.001953125,0.005386404339261407,0.22779230820064764,12.132501602172852,0.8184814453125,1795,1794,9.930227446602657,1.0121417129437136,10.192533034980872,0.2250596979529046,0.02293928406227797,0.32421875,,
5.503634999998845,1294,,,,-0.048828125,0.06640625,-1.033203125,0.005353606818233025,0.2317377741164961,12.13257122039795,0.8147321343421936,1794,1795,9.884795645453494,1.0063225798022852,10.180509702951145,0.2302817990648945,0.02344386089793204,0.32421875,,
5.5287099999981,1294,,,,-0.111328125,-0.068359375,-1.03515625,0.005046113395315002,0.21909005520879032,12.132500648498535,0.8203125,1798,1796,9.952441938221455,0.9488605414406723,9.53394701853682,0.2308980568168025,0.02201369840374499,0.326171875,,
5.5536499999994415,1294,,,,-0.0625,0.02734375,-1.029296875,0.0050213746122943605,0.21825650607163924,12.130999565124512,0.7720947265625,1798,1796,9.366280792164616,0.9444064922124404,10.08304697636746,0.23110441094102868,0.02330236631964122,0.326171875,,
5.579714999999851,1294,,,,0.048828125,0.029296875,-0.9453125,0.005433615979107422,0.22899261895814518,12.135499954223633,0.82275390625,1798,1797,9.98452999163419,1.0223300314707917,10.239140273276547,0.22399089521873994,0.02293474196081467,0.326171875,,
5.604999999999069,1294,,,,-0.224609375,0.142578125,-0.84375,0.00537079689226743,0.2276922823041895,12.131001472473145,0.8087158203125,1799,1798,9.810532807023264,1.0112254918087837,10.30754915864363,0.22516469783303747,0.023208961917051726,0.328125,,
5.6308949999976905,1294,,,,-0.134765625,0.080078125,-0.998046875,0.004970345999091787,0.22639194565023382,12.133001327514648,0.7568359375,1799,1799,9.182691434398293,0.936411106480445,10.197566946142347,0.24176554942960998,0.02465420375579335,0.328125,,
5.656014999997802,1294,,,,0.0859375,-0.11328125,-0.9609375,0.005098848998798866,0.22698098704048725,12.132499694824219,0.82275390625,1797,1799,9.982061516493559,0.9603900666549625,9.621159567771556,0.23634249761772502,0.022738888822258014,0.328125,,
5.678019999998622,1294,,,,-0.1875,0.056640625,-1.048828125,0.0050693342481272574,0.22688096114402914,12.135001182556152,0.7940673828125,1798,1798,9.636008629458956,0.9545558258828415,9.906132949742261,0.23768223396907498,0.023545118094894034,0.328125,,
5.700949999998324,1294,,,,-0.125,0.00390625,-1.01171875,0.005135202190644022,0.22494712714583862,12.133142471313477,0.7958984375,1796,1798,9.656749134883285,0.9667180131732998,10.010801768487527,0.23269156473813757,0.023294291277926774,0.33203125,,
5.864144999999553,1294,,,,-0.13671875,0.205078125,-0.955078125,0.005517923636628269,0.22763671236171276,12.13371467590332,0.7958984375,1799,1798,9.657204551622272,1.0388608123385399,10.757365724059621,0.21912147388569644,0.023571698325834164,0.333984375,,
5.887974999999628,1294,,,,-0.005859375,0.021484375,-0.990234375,0.005106827017290586,0.232419131073689,12.133090019226074,0.7749467492103577,1799,1799,9.402498668275882,0.9620336686177896,10.231680987775091,0.24159147299659406,0.024718868810678304,0.3359375,,
5.913824999999255,1294,,,,0.037109375,-0.048828125,-1.01171875,0.0047415156796333235,0.23344932834477966,12.13657283782959,0.8503069281578064,1794,1795,10.31981196809835,0.8914339056280448,8.638082829258282,0.26188069229911876,0.022621471114632894,0.341796875,,
5.936394999998622,1294,,,,-0.048828125,0.009765625,-0.91796875,0.005185449551172833,0.23123764463420543,12.1324462890625,0.7562934160232544,1796,1794,9.175689248673734,0.9743151636841074,10.61844115770307,0.23733351717512358,0.025201119868747606,0.341796875,,
5.957764999998734,1294,,,,0.099609375,0.083984375,-0.982421875,0.005203386643056271,0.23825057137476988,12.131335258483887,0.78125,1793,1794,9.477605670690536,0.9775423152857526,10.314232826849917,0.24372404922964905,0.025138265892572318,0.341796875,,
5.981029999998398,1294,,,,0.15625,-0.072265625,-1.072265625,0.005030655184210057,0.2339050018730889,12.136000633239746,0.7114955186843872,1796,1794,8.634710065300965,0.945280723376007,10.947451810509158,0.24744501404589403,0.027088923670181866,0.34375,,
6.00401999999769,1294,,,,-0.224609375,0.03125,-0.84375,0.004959181254210069,0.2325824372421425,12.13700008392334,0.7275390625,1795,1795,8.830141662620008,0.9319881056075437,10.554622351675972,0.24955515616857238,0.02633960429272802,0.34375,,
6.038104999999516,1294,,,,-0.078125,0.19140625,-1.05078125,0.004927668447379965,0.2345496132058191,12.136000633239746,0.6912667155265808,1793,1794,8.389213297368144,0.9257838138685951,11.035406790277118,0.25335246705783393,0.027958475353034806,0.345703125,,
6.06252499999851,1294,,,,-0.087890625,-0.033203125,-0.97265625,0.004961465775941193,0.22858140138381733,12.134909629821777,0.7919034361839294,1792,1793,9.60967663363732,0.9315367181815274,9.693736362790963,0.24538098920033546,0.023786586177489084,0.349609375,,
6.085739999998361,1294,,,,0.0625,-0.09375,-0.875,0.005325057070416898,0.22832577964842435,12.135001182556152,0.78857421875,1793,1793,9.569349077064544,0.9997760648744719,10.447691445081647,0.22837692126295506,0.02386011606533061,0.349609375,,
6.108534999999217,1294,,,,0,0.203125,-0.9921875,0.005149517098336923,0.23196005388640306,12.133143424987793,0.7791573405265808,1795,1794,9.453627763241059,0.9672034120521019,10.231029148544646,0.23982551239584304,0.024536618078865254,0.3515625,,
6.131579999999143,1294,,,,0.13671875,-0.216796875,-1.01171875,0.0053789373746525905,0.22921489872805215,12.136000633239746,0.80078125,1798,1795,9.718281757086515,1.0112566575341289,10.405714536900788,0.22666342616420937,0.023585949086206513,0.349609375,,
6.154179999998771,1294,,,,-0.03125,0.005859375,-1.05859375,0.00529768835418701,0.22564730842104552,12.136001586914062,0.7142857313156128,1799,1797,8.668572768756349,0.9971803181712048,11.503396750215744,0.22628536114197992,0.02603050287982048,0.349609375,,
6.176614999998361,1294,,,,-0.048828125,-0.04296875,-0.8515625,0.00513014731397198,0.22883702311921034,12.135428428649902,0.7833426594734192,1799,1798,9.506198779147951,0.9658058208882978,10.15974779537341,0.23693895622697528,0.02407240038165089,0.34765625,,
6.202364999998361,1294,,,,0.015625,0.10546875,-1.142578125,0.005051692973076291,0.22899261895814518,12.131999015808105,0.7247489094734192,1796,1798,8.79265305643952,0.9510098898248428,10.815960594832601,0.24078889337346546,0.026043631824007513,0.34375,,
6.227534999999218,1294,,,,0,0.03125,-1.02734375,0.005141406658757139,0.22734774866083374,12.135555267333984,0.7899305820465088,1797,1797,9.58624623578271,0.9675113617668617,10.092703003553352,0.23498199364362302,0.023716034730279487,0.337890625,,
6.25058999999892,1294,,,,-0.1875,-0.05078125,-1.056640625,0.004945389510532651,0.22664756738562683,12.131999969482422,0.7952880859375,1796,1796,9.648435034323484,0.9303295930950394,9.642284886465745,0.24362072223416123,0.023490604080283223,0.33984375,,
6.275324999998324,1294,,,,-0.224609375,0.23828125,-0.927734375,0.005508567468630207,0.21941236087515542,12.132573127746582,0.8816964030265808,1798,1796,10.697246086191115,1.0361370741618359,9.686016997396806,0.21175997495567372,0.020511107167889776,0.34375,,
6.300174999997951,1294,,,,-0.111328125,-0.015625,-0.935546875,0.006188462703752695,0.2206682415751297,12.136500358581543,0.791015625,1802,1797,9.600161416456103,1.1644907748946363,12.12990828360996,0.18949762963566275,0.022985888674420783,0.345703125,,
6.326424999998882,1294,,,,-0.13671875,0.009765625,-1.0703125,0.005999490663255945,0.2387395868685652,12.134000778198242,0.780029296875,1807,1802,9.464876095298678,1.1324042107616257,11.964279292827774,0.2108254142820567,0.02522374138496648,0.349609375,,
6.353334999999031,1294,,,,-0.09375,-0.0078125,-0.90625,0.00464564098310667,0.2375281621225723,12.129000663757324,0.80322265625,1805,1806,9.742288130801171,0.87837540267002,9.016109879700156,0.27041759297966667,0.024381147317087085,0.353515625,,
6.377004999998025,1294,,,,0.01171875,-0.017578125,-0.966796875,0.004672831119312042,0.22889259306168708,12.134000778198242,0.7763671875,1801,1805,9.42044005729258,0.8833558492262035,9.377012579602132,0.25911708544432116,0.0242974416980124,0.3515625,,
6.40077999999933,1294,,,,-0.099609375,0.126953125,-0.986328125,0.0049295390661500725,0.22959277433689398,12.132500648498535,0.84228515625,1800,1803,10.219025204423815,0.9305212378128486,9.1057729988769,0.24673566277384731,0.022467189359460946,0.349609375,,
6.437894999998622,1294,,,,-0.078125,-0.03515625,-0.98828125,0.005058873622763172,0.23223790359878674,12.132499694824219,0.7952880859375,1798,1800,9.648832459934056,0.9536022535336137,9.883084378274416,0.24353749452480772,0.024069016076622183,0.34765625,,
6.4600499999988825,1294,,,,0.046875,-0.05859375,-0.947265625,0.0047062796906397015,0.23077085711740083,12.133000373840332,0.8036295771598816,1796,1798,9.750437960109991,0.8859410421624744,9.086166650020717,0.2604810547597131,0.023667742727199258,0.34765625,,
6.482994999998249,1294,,,,0.015625,-0.00390625,-0.978515625,0.005307570760348084,0.22436919974408054,12.134857177734375,0.732421875,1795,1796,8.88783484697342,0.9981503092379211,11.230522691112132,0.2247849824495716,0.025244528460211562,0.345703125,,
6.508319999998435,1294,,,,0.037109375,-0.09765625,-0.912109375,0.005007550729801889,0.2253361167431758,12.137333869934082,0.8610026240348816,1795,1795,10.450276310800689,0.9414341748882007,9.008701271517566,0.23935408630129176,0.021562694616053726,0.34375,,
6.531299999997951,1294,,,,0.01171875,-0.13671875,-0.927734375,0.005001037729064255,0.22630303374227104,12.132889747619629,0.78125,1796,1796,9.478820115327835,0.940318743941626,9.920208765446164,0.24066630086905905,0.02387459947428743,0.341796875,,
6.553934999999591,1294,,,,-0.0234375,0.0859375,-1.001953125,0.005043079910375862,0.23242684140320766,12.128572463989258,0.8977399468421936,1797,1796,10.88830399909341,0.9482836647301967,8.709195342168563,0.2451026523475306,0.021346468781782743,0.341796875,,
6.577734999998473,1294,,,,0,0.08203125,-1.080078125,0.005773355532774686,0.23339375840230292,12.13371467590332,0.7638114094734192,1803,1798,9.267869708750027,1.087101705184835,11.729790548937856,0.2146935813725175,0.025183107417009763,0.34375,,
6.600459999999031,1294,,,,-0.037109375,-0.056640625,-0.8203125,0.006203360302135918,0.23339375840230292,12.135000228881836,0.7952880859375,1809,1802,9.65082110487856,1.1704645232703295,12.12813407844283,0.19940267625556943,0.024183823932278747,0.34765625,,
6.62586999999918,1294,,,,0.09375,-0.126953125,-0.91796875,0.004345985797978324,0.236783524893384,12.137715339660645,0.6975446343421936,1805,1807,8.466598208353219,0.8223510363841013,9.712886051126917,0.28793485314316286,0.02796678418727504,0.345703125,,
6.650294999998994,1294,,,,-0.05078125,-0.080078125,-0.927734375,0.00454736090587421,0.22436919974408054,12.132500648498535,0.7415771484375,1804,1805,8.997185234329663,0.859717731293204,9.5554077069889,0.26098007703828563,0.024937710395021916,0.345703125,,
6.678444999999367,1294,,,,0.0625,-0.125,-1.07421875,0.00499020303583974,0.21940124688666007,12.135000228881836,0.73974609375,1801,1804,8.976819016970694,0.9426237348229441,10.500643190432069,0.23275591180384492,0.024440867803158513,0.345703125,,
6.70371499999892,1294,,,,0.072265625,-0.01953125,-0.974609375,0.005129148635227679,0.23419396557396796,12.135555267333984,0.8213975429534912,1802,1802,9.968115278964433,0.9680750141760109,9.711715676271576,0.24191716772414074,0.023494307501457576,0.345703125,,
6.728564999999478,1294,,,,0.125,-0.01953125,-1.033203125,0.00482096338938213,0.23959536398270695,12.13650131225586,0.7159423828125,1801,1802,8.689035668503493,0.9095953940275932,10.468312350526375,0.2634087260730332,0.02757444820386752,0.341796875,,
6.87393499999959,1294,,,,0.048828125,-0.017578125,-1.013671875,0.00526407939794551,0.2376726439730118,12.135499000549316,0.74462890625,1801,1802,9.036443347577006,0.9931604323138641,10.990612059557325,0.2393094169280207,0.026301569636547367,0.33984375,,
6.904619999999181,1294,,,,0.005859375,0.04296875,-1.033203125,0.004868394985793699,0.22945013324079902,12.135252952575684,0.738525390625,1797,1798,8.962192427134141,0.9168669918534511,10.230387255215849,0.2502545464931227,0.025602009230030642,0.337890625,,
6.934614999998361,1294,,,,-0.166015625,0.08203125,-0.91796875,0.005294350936927928,0.2310487068297845,12.13800048828125,0.767578125,1794,1793,9.316863656044006,0.9943125068245222,10.672180505501922,0.2323703113899988,0.024798979072737565,0.333984375,,
6.9561849999986585,1294,,,,0.166015625,0.001953125,-1.03125,0.0052039180513764865,0.23460146690839268,12.133777618408203,0.7703993320465088,1793,1794,9.347854172422558,0.9774756057073138,10.456684364963671,0.24000749025202736,0.025096825707925454,0.33984375,,
6.9804949999991805,1294,,,,0.03125,-0.048828125,-0.83203125,0.0051467847401214396,0.2258362462254664,12.13657283782959,0.7407923936843872,1795,1794,8.990680843660698,0.9671562429032207,10.757319270043487,0.23350544225155245,0.02511892593592652,0.33984375,,
7.004844999998808,1294,,,,0.099609375,-0.07421875,-0.958984375,0.0052055226166515395,0.2258362462254664,12.138001441955566,0.7672119140625,1796,1795,9.312419319176115,0.9784940298426686,10.507409474439749,0.23079982027256565,0.024251082182309473,0.3359375,,
7.046844999998808,1294,,,,0.01171875,0.107421875,-1.060546875,0.005149441083052623,0.2292704686705289,12.136000633239746,0.745849609375,1795,1796,9.051631331676617,0.9682492004114723,10.696957983949677,0.23678869920377615,0.025329187664568917,0.333984375,,
7.069239999998361,1294,,,,0.0390625,-0.03515625,-1.080078125,0.004858581802535565,0.22284102632597022,12.13657283782959,0.7700892686843872,1793,1795,9.346244501018987,0.9130345308659027,9.768998989555195,0.24406637294936973,0.023842841507267936,0.330078125,,
7.091189999998547,1294,,,,0.03125,-0.08203125,-0.927734375,0.005026883205194575,0.22837023560240574,12.131430625915527,0.8740234375,1794,1793,10.603154697455466,0.9436643635651347,8.89984528653151,0.24200366615480748,0.021537951875512086,0.328125,,
7.113249999998137,1294,,,,-0.01171875,0.021484375,-0.9296875,0.0057072051878873835,0.23358269620672384,12.141715049743652,0.791015625,1804,1796,9.604286318644881,1.0732649232736584,11.174853473392607,0.2176375013675589,0.024320671880977536,0.328125,,
7.135059999998659,1294,,,,-0.125,-0.005859375,-1.080078125,0.0076589107473112,0.23879515681104194,12.130858421325684,0.8168247938156128,1809,1799,9.908785928805742,1.4428373935949272,14.56119250089426,0.1655038591812953,0.024099335531797363,0.330078125,,
7.157094999997876,1294,,,,0.037109375,-0.08203125,-0.9609375,0.004539516380055502,0.23222678961029142,12.131999969482422,0.830078125,1808,1806,10.070507787168026,0.8585947169328475,8.525833404616202,0.2704731173281309,0.02306008738766856,0.33203125,,
7.181624999999069,1294,,,,0.15625,0.03125,-1,0.004169431916150392,0.23263800718461924,12.137144088745117,0.7847377061843872,1803,1806,9.524474611831238,0.7886624790350939,8.280377775960709,0.29497790673298574,0.024425285033112264,0.330078125,,
7.3308349999981,1294,,,,0.01171875,-0.1484375,-0.875,0.004536436922637437,0.23263800718461924,12.135499954223633,0.802001953125,1801,1806,9.732694665435702,0.8578433357059475,8.81403727533401,0.27118938563901507,0.023902733536972087,0.330078125,,
7.353714999998919,1294,,,,0.0078125,0.01171875,-0.990234375,0.004937840702422624,0.2267309222993419,12.134077072143555,0.8335937261581421,1796,1798,10.114890520058225,0.9296890458127701,9.191291235126672,0.24387823360995392,0.02241555871017344,0.328125,,
7.380964999997988,1294,,,,-0.125,0.140625,-1.048828125,0.0052270454221571274,0.22998176393423114,12.129714965820312,0.830078125,1793,1794,10.068611055612564,0.9819724459510376,9.752809404666147,0.2342038871686409,0.0228414587338769,0.333984375,,
7.404689999998547,1294,,,,0.07421875,-0.072265625,-0.880859375,0.005296692749590236,0.2309486809333264,12.132444381713867,0.8181423544883728,1794,1793,9.926066612154614,0.9945506760517563,10.019584946507557,0.23221409073911067,0.023266888079365333,0.333984375,,
7.428684999998659,1294,,,,0.0234375,-0.07421875,-0.9375,0.00516685934267391,0.2277811942121523,12.134285926818848,0.8607701063156128,1795,1794,10.444830587291904,0.9707595244439869,9.294162469471722,0.23464224504273234,0.0218080314762875,0.333984375,,
7.452814999998547,1294,,,,0.037109375,0.037109375,-1.1171875,0.005240352847865084,0.22121282701140177,12.134500503540039,0.811767578125,1795,1795,9.85039408551529,0.9847746326782011,9.997312027609969,0.22463294612879045,0.022457256541308188,0.3359375,,
7.4913849999988456,1294,,,,0,-0.025390625,-1.01953125,0.00480595037073267,0.21891223139286475,12.135429382324219,0.8768135905265808,1793,1794,10.640509409297465,0.9031133744698929,8.487501300273937,0.24239728652159678,0.020573472845349265,0.333984375,,
7.513829999999143,1294,,,,-0.046875,0.095703125,-1.076171875,0.004975729968059937,0.22408023604320151,12.136307716369629,0.823317289352417,1794,1794,9.992031971788265,0.9347516515863397,9.35497058281578,0.2397216797241508,0.022425892618826167,0.333984375,,
7.5350299999983985,1294,,,,0,-0.09375,-1.001953125,0.004834779446771805,0.23730588235266534,12.131429672241211,0.9005301594734192,1793,1794,10.924718297383947,0.9080492092542496,8.311877565499264,0.261335927540267,0.02172192233180887,0.337890625,,
7.557664999998175,1294,,,,-0.046875,-0.03515625,-0.91015625,0.005288111406502927,0.22639194565023382,12.132667541503906,0.8089192509651184,1794,1794,9.814348339882145,0.993190491526129,10.119780316846343,0.2279441331565324,0.023067445520580786,0.33984375,,
7.581889999998733,1294,,,,-0.01171875,-0.05859375,-1.060546875,0.005267445589487445,0.22379127234232243,12.131429672241211,0.8510044813156128,1794,1794,10.323901015842466,0.9895609132581782,9.585145302532974,0.2261520936649353,0.021677006782504518,0.33984375,,
7.606039999998175,1294,,,,0.2109375,0.05859375,-1.04296875,0.005253497343754113,0.22872588323425683,12.134000778198242,0.8062744140625,1795,1794,9.783334367675707,0.9872211452439233,10.09084539219796,0.23168657229049025,0.023379133804316332,0.33984375,,
7.631254999998026,1294,,,,-0.03125,0.00390625,-0.97265625,0.005250766243144436,0.22618077986882223,12.131502151489258,0.838623046875,1796,1795,10.17375729745254,0.9870986636835932,9.702400350465979,0.22913695275888116,0.02223178450752475,0.33984375,,
7.655674999999814,1294,,,,-0.173828125,0.009765625,-0.94140625,0.005237943834075835,0.22012365613885768,12.136000633239746,0.8872767686843872,1797,1796,10.767991426612639,0.9850102411920565,9.147576387901323,0.2234734695473467,0.020442406333536937,0.33984375,,
7.68111999999918,1294,,,,0.107421875,0.08984375,-0.98828125,0.005038006728552639,0.22865919930328477,12.133333206176758,0.8680555820465088,1796,1796,10.532407618451998,0.9475825912089904,8.996827938456311,0.24130793603072193,0.021710059806524275,0.337890625,,
7.705124999998137,1294,,,,-0.07421875,0.00390625,-1,0.004761028691326224,0.22755891444224532,12.134500503540039,0.838623046875,1795,1796,10.17627178458497,0.895570413454775,8.800574831456313,0.2540938278257857,0.022361717459920036,0.337890625,,
7.74167999999877,1294,,,,-0.0234375,-0.123046875,-0.916015625,0.0050432083259021,0.22562508044405483,12.131429672241211,0.8677455186843872,1796,1796,10.526993733322115,0.9486206624887816,9.01131592285479,0.23784542058372365,0.021433002256842037,0.337890625,,
7.765209999999032,1294,,,,0.0234375,-0.013671875,-0.986328125,0.005284924743429886,0.21911599942568416,12.131999969482422,0.816650390625,1796,1796,9.907602514140308,0.9941201037962022,10.033911860890424,0.22041199910247833,0.022115945720769265,0.341796875,,
7.786249999999069,1294,,,,-0.078125,-0.03125,-0.888671875,0.005186682284331112,0.22490267119185722,12.132501602172852,0.8197021484375,1797,1796,9.945037629222497,0.9756949574938715,9.810872455895888,0.23050510763070114,0.02261456211397363,0.345703125,,
7.810744999998249,1294,,,,0.01171875,-0.064453125,-0.91015625,0.00525058766311992,0.2281590698209941,12.131333351135254,0.8292643427848816,1798,1796,10.060082178533492,0.9877415590135753,9.81842435761855,0.23099065513538683,0.022679642747635488,0.345703125,,
7.83355499999877,1294,,,,0.099609375,0.1640625,-1.109375,0.005260973391071532,0.21762300872740445,12.133500099182129,0.8087158203125,1797,1796,9.812553485971875,0.9897405960550126,10.086473388093689,0.2198788345095914,0.02217802012886049,0.345703125,,
7.856239999998361,1294,,,,0.046875,0.0859375,-0.984375,0.005179001526735198,0.21541132501683022,12.132573127746582,0.8196149468421936,1796,1797,9.944038279157041,0.974368366932192,9.798517861445616,0.2210779129612498,0.021662358789219252,0.34375,,
7.880874999998137,1294,,,,0.048828125,0.091796875,-0.99609375,0.005120053350567464,0.22035704989726002,12.132000923156738,0.8258928656578064,1797,1797,10.019733008589071,0.963269248701273,9.61372172168204,0.22875956041818654,0.021992307550347548,0.33984375,,
7.906224999998696,1294,,,,0.1484375,-0.15625,-0.966796875,0.005120740143071765,0.22047930377070882,12.134500503540039,0.826416015625,1796,1797,10.028145557735115,0.9633730723783326,9.606692152919976,0.2288618086723135,0.021986049414753874,0.33984375,,
7.9283649999992925,1294,,,,-0.07421875,0.1015625,-0.953125,0.005167505891792404,0.2302929556121009,12.134500503540039,0.831298828125,1798,1796,10.087396048475057,0.9721187899925875,9.636964637068509,0.23689795731019342,0.022829772371920996,0.337890625,,
7.954279999999329,1294,,,,0.28125,-0.05078125,-1.1796875,0.005216105369512829,0.23917303241988375,12.130857467651367,0.8244977593421936,1795,1796,10.001864800978069,0.9812868813751037,9.811039250192072,0.2437340567365215,0.02391284397250554,0.33984375,,
7.982,1294,,,,0.05078125,-0.109375,-0.892578125,0.005218181956167235,0.22153513267776687,12.134500503540039,0.8331298828125,1796,1797,10.109614982502535,0.9816958052979283,9.710516246138182,0.22566576273648703,0.021913310552498216,0.341796875,,
8.00492999999877,1294,,,,-0.1484375,-0.025390625,-0.96875,0.005036669194910488,0.22263541753880625,12.132000923156738,0.745849609375,1798,1797,9.048648149473593,0.947550867196351,10.471739552073036,0.23495880300078062,0.024604273904910108,0.33984375,,
8.028779999998399,1294,,,,-0.037109375,0.1171875,-1.00390625,0.005013002311238877,0.23489414684917487,12.132499694824219,0.809326171875,1796,1797,9.81914953328669,0.9431924352940866,9.605642852231611,0.24904159327352438,0.02392204600336201,0.33984375,,
8.050859999999403,1294,,,,0,-0.00390625,-1.0546875,0.005117985986355637,0.22828132369444296,12.135000228881836,0.7757568359375,1795,1797,9.413809381658211,0.9629318974569349,10.228929208329877,0.2370690225314219,0.02424962248961875,0.3359375,,
8.07771499999892,1294,,,,-0.1484375,-0.025390625,-1.03125,0.005050064513290916,0.22651419952368265,12.130858421325684,0.7624163031578064,1799,1797,9.248764231717871,0.9501248468520075,10.272992402526956,0.23840466889607065,0.024491293522962882,0.337890625,,
8.101754999998956,1294,,,,-0.111328125,0.125,-1.033203125,0.005134070205684238,0.22296883719366672,12.130666732788086,0.7709418535232544,1795,1797,9.352038695448528,0.9658849201505278,10.328068045961006,0.2308441021720458,0.023841735952416634,0.33984375,,
8.128229999997654,1294,,,,-0.13671875,0.0703125,-1,0.005308467852490019,0.22635860368474775,12.13371467590332,0.7882254719734192,1796,1797,9.564102977204698,0.9987716459159441,10.442920243502599,0.22663699416212496,0.023667520542622347,0.33984375,,
8.163444999997504,1294,,,,-0.009765625,-0.044921875,-1.029296875,0.005331905153234963,0.2300373338767079,12.13550090789795,0.7965087890625,1797,1797,9.666033132816665,1.0031813078334024,10.378417847829963,0.22930783506475583,0.023798525280833115,0.33984375,,
8.186429999999701,1294,,,,-0.03515625,0,-0.982421875,0.0052942948957425155,0.2248508174892836,12.133002281188965,0.7328287959098816,1798,1797,8.891413452495556,0.9960609269683608,11.202503767146224,0.22574002392970668,0.02528853468468218,0.337890625,,
8.340354999997652,1294,,,,0.015625,0.052734375,-0.8125,0.005086918511714997,0.22420248991665032,12.137715339660645,0.7889229655265808,1798,1797,9.575722380482546,0.9570384990528422,9.9944261229158,0.23426694969798817,0.023413637217973748,0.3359375,,
8.371254999999888,1294,,,,-0.048828125,0,-0.921875,0.005131487951018458,0.2219222815207595,12.134193420410156,0.7627719044685364,1796,1796,9.255621824475838,0.96506872349841,10.42683832377803,0.22995489970525929,0.023977025609873307,0.33203125,,
8.397159999998287,1294,,,,0.041015625,-0.02734375,-0.986328125,0.005174669045038504,0.23134878451915894,12.132801055908203,0.732421875,1800,1798,8.886328898370266,0.9741450222870619,10.962288628161378,0.23748905884260102,0.026034236090629933,0.33203125,,
8.418729999998584,1294,,,,-0.111328125,-0.017578125,-1.001953125,0.004799083284093531,0.23184891400144955,12.136000633239746,0.7745361328125,1798,1798,9.399770998279564,0.9037597219505177,9.614699359334738,0.25653822401054477,0.02466537898039056,0.330078125,,
8.44074499999918,1294,,,,-0.13671875,-0.005859375,-0.97265625,0.004989619506745547,0.21972355255302517,12.137144088745117,0.7442801594734192,1796,1798,9.033435537923083,0.9396539976029339,10.401956084794001,0.23383453176758892,0.02432336530554828,0.330078125,,
8.463424999999814,1294,,,,-0.046875,0.099609375,-1.029296875,0.0051344878705459574,0.2222464279414691,12.130857467651367,0.7380022406578064,1798,1798,8.952599992227192,0.9666510401581226,10.797433605850662,0.22991381450860957,0.024824791472245766,0.33203125,,
8.485574999998324,1294,,,,0.048828125,0.05859375,-1.083984375,0.005254854859355188,0.22230199788394583,12.134285926818848,0.7233538031578064,1798,1798,8.777381873768661,0.9891775446170366,11.269619561309149,0.22473417344912616,0.025326686371969158,0.33203125,,
8.509979999998585,1294,,,,-0.15625,-0.095703125,-0.841796875,0.0051059096169982195,0.2121882683531794,12.132573127746582,0.7861328125,1797,1797,9.537813835777342,0.9610797950784893,10.076520800535842,0.22078111457524754,0.022247054933829686,0.33203125,,
8.53164499999862,1294,,,,-0.048828125,0.0625,-1.02734375,0.005005927020971782,0.22378387459373025,12.132500648498535,0.8148193359375,1796,1797,9.885796121670865,0.9421328677885619,9.530166879764922,0.23752899643445294,0.022636909748034235,0.330078125,,
8.55546499999892,1294,,,,-0.162109375,0,-0.896484375,0.005047660390190916,0.22659199744315006,12.131999969482422,0.7283528447151184,1798,1797,8.836376689856252,0.9501335632096503,10.752524440253428,0.238484362848628,0.02564308940148139,0.330078125,,
8.587339999999852,1294,,,,0.0234375,0.140625,-1.146484375,0.0053188199045528135,0.21871217959994851,12.135001182556152,0.79833984375,1801,1798,9.687854947987944,1.0014874330075485,10.337556026430246,0.21838734305745405,0.02257591394319674,0.33203125,,
8.610509999997914,1294,,,,0.041015625,-0.103515625,-1.0546875,0.005012873715368475,0.222850299560121,12.138545989990234,0.7444069385528564,1800,1799,9.036017858891682,0.9442806512147712,10.45018575616884,0.23600006976044136,0.02466244567465417,0.330078125,,
8.635314999999478,1294,,,,-0.0859375,-0.041015625,-0.97265625,0.005241933099427878,0.22276878540075043,12.126667022705078,0.9171549677848816,1798,1799,11.122032902547062,0.9874620447137321,8.878431248729655,0.22559731444192543,0.020029502461706802,0.33203125,,
8.661769999998622,1294,,,,0.09375,-0.083984375,-0.955078125,0.005949047675157244,0.22276878540075043,12.135000228881836,0.8465576171875,1805,1801,10.272976878331974,1.1218924403566497,10.92081150034489,0.19856518984113328,0.021684930087852147,0.33203125,,
8.802569999999367,1294,,,,-0.01953125,0.064453125,-0.921875,0.007607446164095724,0.230392981508559,12.13599967956543,0.7763671875,1812,1805,9.421991938725114,1.4379955130855213,15.262117845540166,0.16021815048240481,0.024452682936569506,0.333984375,,
8.839809999998659,1294,,,,-0.046875,0.03125,-0.962890625,0.004505058551248033,0.23491133880012857,12.13318920135498,0.7822889089584351,1805,1806,9.491659342514254,0.8520486910025102,8.976814909339238,0.2757017777044346,0.02474923828628501,0.333984375,,
8.867579999998211,1294,,,,0.0859375,-0.056640625,-1.0625,0.005020783019239602,0.22975576792442107,12.133002281188965,0.8349609375,1798,1799,10.130582959391177,0.9457250261946644,9.33534654407983,0.24294140639261141,0.022679422185811586,0.333984375,,
8.890939999998547,1294,,,,0.0234375,-0.005859375,-1.0625,0.004962655460117378,0.22835912161391037,12.135555267333984,0.7470703125,1796,1797,9.06611306592822,0.9339705175788533,10.301774429538622,0.24450356549357613,0.025188205789327442,0.328125,,
8.914869999998249,1294,,,,-0.099609375,0.041015625,-0.896484375,0.005251182231198415,0.22763671236171276,12.132000923156738,0.7652064561843872,1802,1798,9.283485432834482,0.9889275061026124,10.652545461049622,0.23018543923288642,0.02452060855899997,0.326171875,,
8.938109999998472,1294,,,,-0.0625,0.0625,-0.8984375,0.006556325257665761,0.22924824069353822,12.137001037597656,0.7476806640625,1805,1800,9.074600995518267,1.236114918349583,13.621699939865909,0.18545867968297186,0.025262624858851487,0.328125,,
8.960194999999366,1294,,,,0.03125,0.009765625,-0.970703125,0.004701391207442577,0.2274588885457872,12.134286880493164,0.7938057780265808,1804,1803,9.632267037967608,0.8877927614381012,9.216862011182613,0.2562071898145862,0.02361426314793912,0.326171875,,
8.982109999998473,1294,,,,0.13671875,-0.125,-0.93359375,0.004776191365066652,0.2269921010289826,12.133334159851074,0.7779948115348816,1800,1803,9.439671022983077,0.9016320991322303,9.551520354226296,0.2517568986812355,0.024046611420707086,0.33203125,,
9.007304999998771,1294,,,,0.03125,-0.087890625,-1.083984375,0.004988141819922967,0.22714769686791744,12.136001586914062,0.7233538031578064,1800,1802,8.77862290302346,0.9413100853353761,10.722753394626142,0.241310170162458,0.025875094462673085,0.33203125,,
9.030674999999814,1294,,,,-0.099609375,0.103515625,-1.01953125,0.004805027288070736,0.22991508000325905,12.13550090789795,0.7470703125,1799,1800,9.066072455607355,0.9056627934422034,9.989582565955029,0.2538638902558953,0.02535994292225812,0.33203125,,
9.05437499999907,1294,,,,-0.3125,0.099609375,-0.87890625,0.004891958031835884,0.23268246313860064,12.133999824523926,0.7659912109375,1798,1799,9.294537219102494,0.9214113221693706,9.913471757105349,0.2525283307684706,0.025034324749421907,0.3359375,,
9.081194999998436,1294,,,,-0.125,-0.095703125,-0.87109375,0.004927646788613298,0.22973725618733348,12.135429382324219,0.7491629719734192,1796,1798,9.091414342235566,0.9277551778472396,10.204739800904354,0.24762702669082928,0.025269693750515104,0.33984375,,
9.103139999998733,1294,,,,0.0859375,0.056640625,-1.017578125,0.0052375917044500285,0.22456925153699678,12.136000633239746,0.7666015625,1798,1797,9.303477047942579,0.9857278555462977,10.595262937358317,0.22782074207747616,0.024138206648949518,0.337890625,,
9.128979999999515,1294,,,,0.109375,0.06640625,-1.056640625,0.005133719333664237,0.22049041775920414,12.134857177734375,0.7017298936843872,1796,1797,8.515392037206766,0.9660168352283494,11.344361257913663,0.22824697222495516,0.025893161089448773,0.337890625,,
9.150944999999366,1294,,,,-0.17578125,0.0546875,-0.890625,0.005240529052411965,0.22110168712644832,12.133000373840332,0.7568359375,1798,1797,9.182690712623298,0.9860599766568052,10.738246637244183,0.2242274226321245,0.024078093670573415,0.33984375,,
9.177989999998362,1294,,,,0.171875,-0.20703125,-0.955078125,0.0052319973148870205,0.22867031329178011,12.138287544250488,0.7463727593421936,1795,1797,9.059687168091216,0.9844230989634241,10.86597230896254,0.2322886506143191,0.025240420452614657,0.337890625,,
9.200509999997914,1294,,,,0.0625,0.158203125,-0.986328125,0.0050595633496810215,0.2324824113456844,12.13466739654541,0.751953125,1798,1796,9.124701069667935,0.9518320719768597,10.431378131837238,0.2442472975961419,0.025478359189047367,0.33984375,,
9.228419999998994,1294,,,,0.125,-0.021484375,-1.06640625,0.005037703505819304,0.23111539076075663,12.136000633239746,0.7666015625,1795,1797,9.303477047942579,0.9478951805266806,10.188612017227507,0.2438195651889923,0.024841829519197528,0.3359375,,
9.253899999999442,1294,,,,0.05078125,-0.0546875,-0.962890625,0.004874504000316101,0.23111539076075663,12.13700008392334,0.750732421875,1797,1797,9.111639467300847,0.9173005362667069,10.06734890640312,0.25195165774280043,0.02536485246043435,0.333984375,,
9.27867999999877,1294,,,,-0.162109375,0.080078125,-0.943359375,0.004870575100042769,0.22923712670504284,12.134500503540039,0.794677734375,1796,1797,9.643017367925495,0.9164392788371551,9.503656831371122,0.2501389148181379,0.02377234406603155,0.33203125,,
9.304139999997803,1294,,,,-0.1484375,-0.02734375,-0.984375,0.004816122305697185,0.22859251537231265,12.138001441955566,0.755615234375,1794,1796,9.171658804407343,0.9056336960248085,9.874262827893421,0.2524116719328106,0.024923791894925804,0.333984375,,
9.330904999998397,1294,,,,0.01171875,-0.044921875,-0.984375,0.005035757710168768,0.23038186752006368,12.133501052856445,0.7843017578125,1794,1794,9.51632620417513,0.9460367476508765,9.941197131681118,0.24352316978397476,0.024209118369543432,0.333984375,,
9.355804999998771,1294,,,,0.0859375,0.181640625,-1.05078125,0.005276244079177336,0.22863697132629404,12.132889747619629,0.7986111044883728,1793,1794,9.689460481982167,0.9909930021823585,10.227535413608827,0.23071502101709213,0.02359646047903814,0.337890625,,
9.378799999997952,1294,,,,-0.13671875,0.00390625,-0.9375,0.00515903451934617,0.2212461689768878,12.133142471313477,0.7003348469734192,1794,1794,8.497262475954017,0.9689887750352958,11.403540584716422,0.22832686474497998,0.026037346687004363,0.337890625,,
9.402234999999404,1294,,,,0.01171875,0.10546875,-0.9375,0.005092809137312416,0.22643640160421522,12.13599967956543,0.79833984375,1795,1794,9.688652087934315,0.9568002718267687,9.8754735245196,0.23666005149840938,0.02337130072883987,0.337890625,,
9.428419999998063,1294,,,,0.037109375,-0.01171875,-0.9921875,0.005228882504772397,0.22011254215036233,12.135429382324219,0.7414899468421936,1796,1795,8.99829888760678,0.9830055752117487,10.924349007406581,0.2239178980271277,0.024461572670532204,0.333984375,,
9.454454999999143,1294,,,,0.224609375,-0.07421875,-0.95703125,0.005289826501354969,0.22599184206440132,12.13466739654541,0.7980685830116272,1795,1796,9.684296814478387,0.9948577823227277,10.272896436170544,0.22715994796439207,0.023335906198840895,0.3359375,,
9.483299999999813,1294,,,,0.125,-0.015625,-1.064453125,0.005188199236401649,0.22706989894845003,12.13550090789795,0.7989501953125,1796,1796,9.695660820580088,0.9759804699814306,10.066157305232942,0.23265824054119688,0.023419744476464114,0.3359375,,
9.507759999997914,1294,,,,-0.009765625,-0.08203125,-0.958984375,0.005246916991238846,0.22057932966716692,12.133777618408203,0.7449001669883728,1796,1796,9.038452974152051,0.9869940897021092,10.919944956561604,0.22348596812139102,0.024404544704494713,0.333984375,,
9.531439999998547,1294,,,,-0.125,-0.033203125,-0.923828125,0.005207272644998206,0.22174629845917845,12.133000373840332,0.75439453125,1798,1796,9.153069129679352,0.9795310580318726,10.701667868493278,0.226380058744358,0.024226442007321165,0.337890625,,
9.55630499999784,1294,,,,-0.2109375,0.09765625,-0.921875,0.00519435521682423,0.23132655654216822,12.133713722229004,0.8224051594734192,1795,1796,9.978828768734559,0.9771002255196403,9.791732558645245,0.23674803310903383,0.023181734239889493,0.33984375,,
9.581349999997764,1294,,,,-0.0234375,0.197265625,-1.04296875,0.005179209439978481,0.2307152871749241,12.133499145507812,0.806884765625,1797,1796,9.790335614234209,0.9742872692325557,9.951520638537001,0.2368041690174789,0.023565615752690457,0.33984375,,
9.60506499999948,1294,,,,-0.078125,-0.095703125,-0.919921875,0.00497075961166813,0.23010401780767997,12.131500244140625,0.743408203125,1796,1796,9.01865679770708,0.9351385732558555,10.368934024561248,0.24606408546118558,0.02551422267961034,0.33984375,,
9.634724999999628,1294,,,,0.07421875,0.013671875,-0.953125,0.005197791974025303,0.2325824372421425,12.133501052856445,0.7879638671875,1797,1797,9.560760412132367,0.9780546906366174,10.229883905421271,0.23780105496018245,0.024326771848293696,0.337890625,,
9.659479999997654,1294,,,,-0.009765625,-0.03515625,-0.88671875,0.005705574062239698,0.2299706499457358,12.137778282165527,0.7964409589767456,1799,1798,9.667023774895029,1.0742747112643316,11.112776137513915,0.2140706167001544,0.02378918841008364,0.337890625,,
9.682734999998473,1294,,,,0.01171875,0.185546875,-1.08203125,0.0051961109742640135,0.23482746291820275,12.133000373840332,0.819091796875,1800,1799,9.938041077693924,0.9788497871091247,9.849524463187892,0.23990142921901003,0.02362914995846378,0.33984375,,
9.704564999999478,1294,,,,0.07421875,-0.02734375,-1.1875,0.0051139411068801535,0.238350597271228,12.134857177734375,0.7254464030265808,1799,1799,8.803188490828688,0.9635982149784538,10.9460136629171,0.2473547517691879,0.02707548492452998,0.33984375,,
9.730974999997764,1294,,,,-0.125,-0.001953125,-1.017578125,0.00501696935888834,0.2298039401183056,12.13657283782959,0.7603236436843872,1798,1798,9.227723281899557,0.9448029463220323,10.238743809919942,0.24322949141182912,0.024903644495828412,0.33984375,,
9.754094999997877,1294,,,,-0.07421875,0.046875,-1.021484375,0.004969427277876655,0.23168220417401936,12.13599967956543,0.8013916015625,1796,1798,9.725688219768927,0.9354997577119535,9.618854075646896,0.24765608143038756,0.02382167708225423,0.341796875,,
9.778599999999628,1294,,,,0.109375,0.224609375,-1.171875,0.004681542973935268,0.23013735977316602,12.133501052856445,0.8233642578125,1796,1797,9.990291089052334,0.8810005708236724,8.818567576965798,0.2612227135766826,0.02303610152314356,0.33984375,,
9.803414999998175,1294,,,,0.037109375,0.017578125,-0.931640625,0.004855348847342126,0.22859251537231265,12.134285926818848,0.7693917155265808,1795,1796,9.3360190659252,0.9130361058785124,9.7797155236211,0.25036525269979737,0.024485009484035276,0.337890625,,
9.827489999999292,1294,,,,0.048828125,0,-1.03515625,0.005407580883968284,0.22840357756789176,12.135000228881836,0.821533203125,1794,1795,9.969305607955903,1.016398003212097,10.19527380523846,0.22471864057787763,0.022910680698324328,0.337890625,,
9.850744999999181,1294,,,,-0.224609375,0.0625,-0.87109375,0.00521062109032487,0.22452479558301539,12.13550090789795,0.7208251953125,1796,1795,8.74757481215056,0.9793940965618065,11.196178570561157,0.2292486715727782,0.02566709063992752,0.341796875,,
9.878159999998287,1294,,,,0.01171875,-0.05078125,-0.98046875,0.005146450915646816,0.22495824113433394,12.133143424987793,0.8154296875,1795,1795,9.893725351430476,0.9675266344957123,9.779194389662567,0.2325085771427731,0.02273746573143033,0.33984375,,
9.900884999998846,1294,,,,0.07421875,0.033203125,-1.130859375,0.004923999312572654,0.22539168668565254,12.13466739654541,0.8317057490348816,1794,1795,10.092472636332957,0.9254638768673004,9.169842814689686,0.24354455351472437,0.02233265274103803,0.3359375,,
9.928379999998956,1294,,,,0.037109375,-0.04296875,-1.056640625,0.005418267179707638,0.22384684228479917,12.129143714904785,0.7889229655265808,1795,1794,9.568960028860772,1.0180994126681344,10.639603568177343,0.21986737198694917,0.023393016755181194,0.333984375,,
9.95499499999918,1294,,,,0.1484375,-0.12109375,-1.02734375,0.0052991336227265805,0.21838987393358342,12.132888793945312,0.7628037929534912,1796,1795,9.255013591504394,0.9958806339467597,10.76044485619043,0.21929322299208268,0.023596926333425767,0.33203125,,
9.97899499999918,1294,,,,0.072265625,-0.0546875,-0.85546875,0.005177083148637917,0.22511383697326884,12.133501052856445,0.8111572265625,1796,1795,9.842177062528208,0.9732060121947628,9.888117293683099,0.23131159708476806,0.02287236203363352,0.330078125,,
10.136359999998472,1294,,,,-0.046875,-0.044921875,-0.787109375,0.005225753162324011,0.22630303374227104,12.134500503540039,0.877685546875,1797,1795,10.650275710504502,0.9825437530605744,9.225524106305333,0.2303236197241583,0.021248561060167245,0.330078125,,
10.17124499999918,1294,,,,0.03515625,0.001953125,-1.01953125,0.005222742305556012,0.22429695881886078,12.131924629211426,0.76171875,1796,1796,9.24111446365714,0.9823584472141521,10.630302774384065,0.2283249657545465,0.024271635169217026,0.33203125,,
10.20277999999933,1294,,,,0.09765625,-0.029296875,-0.9609375,0.005118485814796712,0.2285110012129421,12.137333869934082,0.7535807490348816,1794,1794,9.146461148991364,0.9616904992889823,10.514345205468171,0.23761386993205172,0.02498354254072805,0.328125,,
10.22474999999907,1294,,,,-0.025390625,-0.04296875,-1.0078125,0.00515103684508703,0.23651678916949564,12.135555267333984,0.7421875,1792,1793,9.006857424974442,0.9672517127121528,10.739058775707194,0.24452454936089768,0.026259635076899955,0.326171875,,
10.250289999999106,1294,,,,-0.203125,0.177734375,-0.943359375,0.004949676828460821,0.2257362203290083,12.133143424987793,0.80078125,1793,1793,9.715993758291006,0.9291217411445464,9.562807101967243,0.2429565581480563,0.0232334669972775,0.326171875,,
10.276099999998696,1294,,,,-0.125,-0.0390625,-0.88671875,0.004880568315248789,0.22568065038653157,12.136001586914062,0.77880859375,1791,1792,9.45162232965231,0.9160174148990843,9.691642164174171,0.24637157188915926,0.02387745114174844,0.330078125,,
10.302859999999404,1294,,,,-0.037109375,0.015625,-0.970703125,0.004903273130478462,0.23207119377135652,12.131501197814941,0.765380859375,1792,1792,9.285218812292442,0.9201649232021114,9.909997188046132,0.2522060860174549,0.02499361603241099,0.330078125,,
10.329284999999217,1294,,,,0.072265625,0.076171875,-1.0625,0.005498587108950208,0.2246211052395704,12.13377857208252,0.7845051884651184,1796,1793,9.519012245485612,1.032691785841751,10.848728410151008,0.2175103049323481,0.02359710224620174,0.330078125,,
10.354429999998771,1294,,,,0.2734375,-0.09765625,-0.994140625,0.005124109658535714,0.2262919197537757,12.132499694824219,0.780029296875,1797,1795,9.463705206289887,0.9630752567971782,10.176513699487247,0.23496805483959424,0.023911556290170013,0.330078125,,
10.381489999999292,1294,,,,-0.13671875,0.19921875,-0.984375,0.004836716998117612,0.2240135521122294,12.133001327514648,0.7794189453125,1794,1796,9.45669109816663,0.9094676831997122,9.617187172118067,0.24631282259980836,0.023688365178350695,0.33203125,,
10.405514999997802,1294,,,,0.048828125,-0.16015625,-0.978515625,0.005159152454824019,0.23321593458637735,12.13466739654541,0.7611762285232544,1794,1795,9.236620363286534,0.9698356503851112,10.499897281044348,0.24046954192060258,0.025249054893861145,0.3359375,,
10.431674999999814,1294,,,,0.0234375,-0.00390625,-0.98828125,0.005291904066147226,0.23000399191122184,12.134502410888672,0.780029296875,1796,1795,9.465267383493483,0.9948432010518157,10.510460621394877,0.2311962243578144,0.024299788119279832,0.3359375,,
10.456139999997802,1294,,,,-0.01953125,0.033203125,-1.08203125,0.005189892661570308,0.2279923599935639,12.134000778198242,0.73486328125,1795,1795,8.916831626556814,0.9756210982848406,10.941342610744927,0.23368945218013282,0.025568763608201258,0.33203125,,
10.47890499999933,1294,,,,0.1875,-0.04296875,-1.154296875,0.004922136938107277,0.22546948460511995,12.138500213623047,0.7476806640625,1794,1795,9.075721900444478,0.9252061491683786,10.19429814308289,0.24369648300304006,0.024843146041537225,0.33203125,,
10.501499999998137,1294,,,,0,-0.06640625,-0.875,0.005128704700378002,0.222946609216676,12.132667541503906,0.7430012822151184,1795,1795,9.01458754002715,0.9638158117118584,10.69173500653537,0.2313166130992339,0.024731759298662767,0.33203125,,
10.5367099999981,1294,,,,0,-0.025390625,-0.919921875,0.005273049480960992,0.2309264529563357,12.132500648498535,0.753173828125,1795,1795,9.137881958158687,0.9910691550378754,10.845720699565472,0.23300740597411737,0.025271332461255406,0.330078125,,
10.561174999998883,1294,,,,-0.09375,-0.01953125,-0.90625,0.0052104687396781245,0.2229317789882775,12.134909629821777,0.7182173132896423,1796,1795,8.715502191343205,0.9796333411971407,11.24012500587947,0.22756654925183367,0.025578764607472375,0.328125,,
10.583074999998324,1294,,,,0.0859375,0.125,-1.103515625,0.005105542535836714,0.23042632347404507,12.135001182556152,0.777587890625,1796,1796,9.436029972275719,0.9602131666907313,10.176029214743512,0.23997413435621173,0.024419838019915954,0.328125,,
10.607329999998212,1294,,,,-0.140625,-0.099609375,-0.919921875,0.005139637766323377,0.2295038624289312,12.137144088745117,0.7289341688156128,1796,1796,8.84717903812475,0.9667752731130627,10.927497555401349,0.23739111747233435,0.025940908558529284,0.330078125,,
10.631884999998846,1294,,,,-0.099609375,0.08984375,-0.955078125,0.0050617230780526335,0.22735886264932909,12.132570266723633,0.7477678656578064,1797,1796,9.072346173291294,0.9521867937902692,10.49548568366447,0.23877548410885402,0.02506064675074531,0.330078125,,
10.654174999998883,1294,,,,-0.048828125,-0.0390625,-0.953125,0.005066326613974138,0.22521386286972697,12.13700008392334,0.7684326171875,1797,1796,9.32646673929412,0.9530702962335136,10.218985633841948,0.23630351691765125,0.024147822446078056,0.330078125,,
10.678474999998697,1294,,,,0.078125,-0.1484375,-1.05859375,0.005117376606475423,0.21514458929294186,12.13371467590332,0.7400948405265808,1793,1796,8.980099628057701,0.962676857188867,10.720113329044253,0.22348578101398442,0.023957928998998793,0.330078125,,
10.700504999998026,1294,,,,-0.099609375,0.02734375,-0.87890625,0.004825325155827369,0.22272432944676904,12.134857177734375,0.7945033311843872,1793,1795,9.641184451156732,0.9069758957153713,9.407307787857476,0.24556808014296422,0.02310134512778116,0.33203125,,
10.736989999999292,1294,,,,0.109375,0.0546875,-1.0234375,0.004949443193248779,0.22897039098115451,12.135499954223633,0.7171630859375,1792,1794,8.70313259656541,0.9297697932338069,10.683162446596869,0.24626568065281929,0.026308962714358165,0.33203125,,
10.761894999999553,1294,,,,0.0625,-0.16015625,-0.990234375,0.0053001100837683,0.22761448438472207,12.134546279907227,0.7217684388160706,1794,1793,8.758332524189996,0.9953554361722248,11.364668256464482,0.22867658739077634,0.025988335537165817,0.330078125,,
10.784484999997542,1294,,,,-0.111328125,0.12890625,-0.94140625,0.005120804280967895,0.22535834472016647,12.134500503540039,0.723876953125,1796,1794,8.783885252196342,0.9620625685823662,10.952585797290668,0.23424499827723277,0.025655884412175964,0.328125,,
10.807514999997801,1294,,,,-0.125,-0.166015625,-0.919921875,0.005152190069611547,0.23117096070323337,12.134001731872559,0.7421875,1795,1795,9.005704410374165,0.96838367818639,10.753003141773739,0.23871835710425784,0.0256693924394115,0.330078125,,
10.831974999998696,1294,,,,0.0234375,-0.04296875,-0.935546875,0.004922940408483622,0.23102647885279384,12.13942813873291,0.7184709906578064,1793,1794,8.721826960854685,0.925090230501916,10.606610686658966,0.2497339948422635,0.026488312585159875,0.330078125,,
10.855384999998845,1294,,,,0,0.140625,-1.09375,0.004696657579187094,0.21718956317608587,12.132000923156738,0.711669921875,1790,1793,8.633980149170384,0.8819899204125818,10.215334123710372,0.24624948443230257,0.025155207612673865,0.330078125,,
10.881284999999218,1294,,,,0.01171875,0.21875,-1.111328125,0.00467363794330387,0.21615596224601852,12.13933277130127,0.8577473759651184,1790,1792,10.412480830551033,0.8769071221501776,8.421692547824565,0.24649812595432433,0.02075931430402254,0.33203125,,
10.903875,1294,,,,-0.0234375,-0.01171875,-0.970703125,0.0049227753826550195,0.2171006512681231,12.1355562210083,0.712890625,1790,1790,8.651324259117246,0.9227738531912066,10.666272879770244,0.23526961727115386,0.02509449938133233,0.333984375,,
10.930459999999032,1294,,,,0.03125,0.0390625,-1.1015625,0.005332878819597113,0.219078941220295,12.132573127746582,0.7805524468421936,1793,1790,9.47010964135444,0.9999051733830964,10.558538509593086,0.21909971770528952,0.02313372806832274,0.3359375,,
10.953779999999329,1294,,,,-0.103515625,-0.001953125,-0.923828125,0.005485245029215587,0.21541132501683022,12.137001037597656,0.75927734375,1793,1792,9.215349908918142,1.0291178142241293,11.167430693306631,0.20931648645032225,0.023375273554004306,0.333984375,,
10.977989999999291,1294,,,,0.15625,0.037109375,-0.978515625,0.0052285771860293845,0.2270587849599547,12.133500099182129,0.721435546875,1794,1793,8.753538279561326,0.9818776590496264,11.216923119445502,0.2312495684846605,0.02593908631097384,0.333984375,,
11.001199999998324,1294,,,,-0.048828125,-0.06640625,-0.9140625,0.004952595452069638,0.22187966632112263,12.132000923156738,0.8551897406578064,1795,1794,10.375162723134679,0.9306136405301397,8.96962934812622,0.23842296809095248,0.021385656518559688,0.33203125,,
11.028584999999962,1294,,,,0.048828125,-0.109375,-0.9609375,0.0046884254313120394,0.22790344808560112,12.135499954223633,0.7879638671875,1793,1794,9.562335474183783,0.880942695312999,9.212631136936702,0.25870405566462756,0.023833450384677535,0.33203125,,
11.054449999999255,1294,,,,0,0.068359375,-1.091796875,0.005065151032013064,0.227036556982964,12.137001037597656,0.770263671875,1795,1794,9.348690984770656,0.9516370248281425,10.17936122156987,0.23857474127172054,0.02428538469747417,0.330078125,,
11.081174999998883,1294,,,,0.19921875,-0.201171875,-0.935546875,0.005018536335723178,0.22012365613885768,12.132500648498535,0.771484375,1794,1794,9.360034679993987,0.9428946588889773,10.073623561505682,0.23345519466430292,0.023517397495262174,0.328125,,
11.108189999998547,1294,,,,-0.1875,-0.076171875,-0.94140625,0.005297426783095986,0.23216382191922244,12.135111808776855,0.7400173544883728,1796,1795,8.980193337151661,0.9959296719723598,11.090292097076931,0.23311266694107063,0.025852875679050827,0.33203125,,
11.134254999998957,1294,,,,0,0.01953125,-0.92578125,0.005445857234559463,0.2248026452953991,12.13377857208252,0.751953125,1801,1797,9.124032715335488,1.0249831016524282,11.23388235916403,0.21932326975243116,0.0246385181102601,0.337890625,,
11.158174999997952,1294,,,,0.0625,0.080078125,-1.0859375,0.004742477468607302,0.2235912205494062,12.133501052856445,0.74462890625,1797,1798,9.034955617971718,0.8930501244048851,9.884388614244994,0.25036805263131673,0.024747351287996787,0.337890625,,
11.18131499999948,1294,,,,-0.1875,0.083984375,-0.98046875,0.004636293758083231,0.22604741200687806,12.13750171661377,0.782470703125,1796,1798,9.49723950237967,0.8728413051126005,9.190473767602654,0.2589788208725032,0.02380138059593407,0.3359375,,
11.204454999999143,1294,,,,0.1875,-0.01171875,-1.10546875,0.005107708831705317,0.22714769686791744,12.134857177734375,0.7373046875,1794,1796,8.947087079286575,0.9607000914042495,10.737573948825968,0.23643975773531678,0.025387893831254605,0.3359375,,
11.227389999999664,1294,,,,0.0625,-0.03125,-0.794921875,0.005308260766733891,0.22043484781672743,12.132000923156738,0.7903180718421936,1798,1796,9.588139577176946,0.998226214875025,10.411052184212515,0.2208265466603932,0.022990367009407937,0.337890625,,
11.256639999998733,1294,,,,-0.0625,0.044921875,-1.005859375,0.005332013447068297,0.22291326725118996,12.13371467590332,0.7917131781578064,1798,1796,9.606421808919436,1.002774980691493,10.438589941578764,0.22229639903607643,0.023204609550271666,0.337890625,,
11.27858999999985,1294,,,,0.111328125,-0.091796875,-1.099609375,0.005053687664702586,0.22527314905210685,12.135601043701172,0.75341796875,1795,1796,9.143179887905717,0.9506298156633226,10.397146587051,0.23697252636129199,0.024638380936821597,0.3359375,,
11.301599999998697,1294,,,,-0.03125,0.0390625,-0.966796875,0.004904867914375021,0.22116837105742038,12.133143424987793,0.8719307780265808,1795,1796,10.5792611864577,0.9225066102228441,8.719953066323065,0.23974719379408474,0.02090584277667079,0.3359375,,
11.32827999999933,1294,,,,-0.111328125,0.033203125,-0.91796875,0.004700117252760642,0.22709212692544073,12.134858131408691,0.8705357313156128,1796,1798,10.563827597837076,0.8850291589712427,8.377921267405489,0.2565928191444138,0.021497144365735143,0.333984375,,
11.35317999999784,1294,,,,0,0.08203125,-0.900390625,0.008975252224242553,0.23597220373322358,12.13599967956543,0.77392578125,1826,1806,9.392363033257425,1.6972756688048607,18.070805640656946,0.13902998085124485,0.02512383762187103,0.333984375,,
11.378374999998137,1294,,,,-0.048828125,0.013671875,-0.966796875,0.005052551219172205,0.23491637482616554,12.135499954223633,0.7708740234375,1828,1819,9.354941676137969,0.9622358064643041,10.285855751711614,0.24413597295797598,0.02511147401649508,0.337890625,,
11.53055499999877,1294,,,,-0.125,0.037109375,-0.935546875,0.0029128982885159417,0.23698357668630024,12.133501052856445,0.789794921875,1827,1819,9.582977516110986,0.5548417367020764,5.789867875295247,0.42711923240473376,0.024729639226209323,0.33984375,,
11.553724999999627,1294,,,,-0.052734375,0.025390625,-0.958984375,0.0045800039326492825,0.22609926570945166,12.131921768188477,0.775026798248291,1802,1804,9.40256448459786,0.8652276781716488,9.202039290333609,0.26131765246718885,0.024046553052608152,0.341796875,,
11.581580000000075,1294,,,,-0.111328125,-0.017578125,-0.9921875,0.005252085751103361,0.2251323487103564,12.130999565124512,0.926513671875,1795,1794,11.23953695059754,0.9865892912006758,8.777846414288666,0.22819257285508449,0.02003039357403309,0.333984375,,
11.607704999998212,1294,,,,0.08203125,-0.232421875,-0.916015625,0.007539074328418314,0.2295705463599033,12.135499954223633,0.72509765625,1812,1797,8.799422574229538,1.4190883546593331,16.127062232644125,0.16177325788499905,0.02608927397488966,0.3359375,,
11.631139999998734,1294,,,,0.0859375,-0.140625,-0.955078125,0.006683222015290046,0.23456072719431442,12.135111808776855,0.7611762285232544,1818,1809,9.236958639312775,1.2659186569874024,13.70492936494935,0.18528894088070041,0.02539371846876275,0.333984375,,
11.654444999997503,1294,,,,-0.0625,0.03125,-0.990234375,0.004357510777056602,0.22821463976347084,12.134857177734375,0.8189173936843872,1816,1814,9.937445612722513,0.8276891158193527,8.328992661451103,0.27572507044212463,0.022965120882905442,0.33203125,,
11.680104999998584,1294,,,,-0.1484375,-0.025390625,-0.94140625,0.004936001203719532,0.22821463976347084,12.135429382324219,0.8028739094734192,1810,1816,9.743219631325246,0.9386259166021705,9.633631921674143,0.24313694702742572,0.023422918542218032,0.333984375,,
11.702054999999701,1294,,,,-0.0234375,0.11328125,-0.984375,0.005274522277094325,0.23516088257306322,12.130000114440918,0.689697265625,1812,1812,8.366027910960838,1.001037052174103,11.96549979067825,0.23491726111668784,0.028109024387184357,0.33203125,,
11.729804999998771,1294,,,,-0.0859375,0.111328125,-1.056640625,0.005674766224247819,0.2349719447686423,12.140000343322754,0.7756696343421936,1810,1811,9.416629627219265,1.075951014947048,11.42607342054693,0.21838535537810358,0.024952871045224447,0.33203125,,
11.75240499999933,1294,,,,-0.07421875,0.0390625,-1.0078125,0.004072018718827042,0.23084865503686827,12.130667686462402,0.8083767294883728,1803,1808,9.806149470892763,0.7710373362013302,7.862794040514805,0.29940009931839406,0.023541213166502095,0.3359375,,
11.788919999998994,1294,,,,-0.111328125,0.083984375,-0.98046875,0.004496873342636368,0.2315266083350845,12.134858131408691,0.7979910969734192,1798,1805,9.683508751899637,0.8500652479560843,8.778483809283747,0.27236333786350186,0.0239093715167723,0.337890625,,
11.814419999998062,1294,,,,-0.109375,0.033203125,-0.974609375,0.004978040515026222,0.22708101293694538,12.133999824523926,0.7881672978401184,1798,1800,9.563621853687494,0.9382112332705842,9.810208387827812,0.24203612671034203,0.023744248404111528,0.337890625,,
11.837754999998026,1294,,,,-0.21875,0.12890625,-1.05859375,0.005059538197564893,0.22655865547766404,12.133000373840332,0.7855224609375,1797,1797,9.530744312214665,0.952345802818018,9.99235496851474,0.23789536826567684,0.023771349650761796,0.33984375,,
11.860509999997914,1294,,,,-0.01171875,0.0390625,-1.029296875,0.004524495007060802,0.22254650563084352,12.137144088745117,0.8454241156578064,1792,1795,10.261034307838713,0.8505914182410569,8.289529035014183,0.2616373747233998,0.02168850614414509,0.34375,,
11.883139999999665,1294,,,,-0.01171875,-0.00390625,-0.951171875,0.004769995420726222,0.22435808575558516,12.13028621673584,0.8586774468421936,1791,1794,10.416003198051783,0.8960687707797584,8.60280813803283,0.2503804318058634,0.021539748163436553,0.34375,,
11.906594999997877,1294,,,,0,-0.181640625,-0.912109375,0.004938921643870071,0.2254583706166246,12.131500244140625,0.810546875,1794,1793,9.83314961194992,0.9271821858960037,9.429147551759286,0.24316512336650187,0.02292839827664496,0.341796875,,
11.931769999998622,1294,,,,0.0859375,-0.052734375,-0.943359375,0.005077711439871987,0.21973466654152052,12.128000259399414,0.8119419813156128,1792,1792,9.847232560013026,0.9530459075083861,9.67831217248235,0.23056042191712262,0.022314357379331542,0.341796875,,
11.955449999999255,1294,,,,0.0859375,0,-1.056640625,0.0047879654898285865,0.22719215282189884,12.133999824523926,0.823974609375,1792,1792,9.99810776556842,0.8985749277211418,8.987449913429247,0.2528360694395028,0.022723515103958508,0.33984375,,
11.978794999998994,1294,,,,0.111328125,0.060546875,-1.03125,0.005011394671816298,0.22719215282189884,12.130857467651367,0.7540457844734192,1792,1792,9.14722193553041,0.9403978352891015,10.280693328717968,0.24159153104819128,0.024837284415219,0.33984375,,
12.006574999999255,1294,,,,0.0625,-0.1875,-0.912109375,0.004909834898374591,0.2287814531767336,12.134001731872559,0.7763671875,1790,1791,9.420440797694027,0.9210025727951721,9.776639889511527,0.24840479270584387,0.024285642051137948,0.33984375,,
12.030604999999516,1294,,,,-0.041015625,0.052734375,-1.01171875,0.005006110910887481,0.2259251581334292,12.135000228881836,0.7989501953125,1788,1790,9.695260802982375,0.9384623552458898,9.679598871205279,0.2407397130748348,0.023302638549334537,0.33984375,,
12.054714999997989,1294,,,,0.099609375,-0.158203125,-1.09765625,0.005137756248302947,0.22804792993604064,12.132000923156738,0.7598876953125,1789,1789,9.218958221026696,0.9627745200600651,10.443419928557208,0.23686535651339558,0.024736843845968033,0.33984375,,
12.081304999999702,1294,,,,-0.037109375,-0.041015625,-0.861328125,0.0051851653322605735,0.2288147951422196,12.13028621673584,0.7854352593421936,1790,1789,9.52755450053695,0.9714579131985978,10.196298673955091,0.23553752770290357,0.024016109813837765,0.33984375,,
12.106489999998361,1294,,,,-0.2109375,0.119140625,-1.11328125,0.0051129615716909065,0.2233170870769256,12.135555267333984,0.7736545205116272,1791,1790,9.388727191491625,0.9582275198883099,10.206149357036248,0.23305225788438558,0.02378566151962568,0.33984375,,
12.128319999999366,1294,,,,-0.224609375,0.09765625,-0.96875,0.0050246510946221025,0.2331603646439006,12.133501052856445,0.772705078125,1791,1790,9.37561787897721,0.9420046923980072,10.047387858140514,0.24751507771193548,0.024868799865096058,0.34375,,
12.152344999997876,1294,,,,0.03125,-0.171875,-0.8515625,0.005189010951082723,0.229881738037773,12.137333869934082,0.7779948115348816,1792,1791,9.442782776675301,0.9731532767432893,10.305789085258677,0.2362235667613275,0.02434470256009763,0.349609375,,
12.181364999998362,1294,,,,0.037109375,0.03125,-0.96484375,0.005367037908511947,0.2252916607891944,12.129000663757324,0.9039306640625,1795,1792,10.963775624404661,1.00706167159577,9.185354626868826,0.22371188095382646,0.02054872960804758,0.34765625,,
12.206289999998175,1294,,,,0.072265625,-0.033203125,-0.96875,0.006498445656925046,0.2243914277210712,12.136801719665527,0.75244140625,1808,1798,9.132232153322548,1.2235157115911819,13.397772757518375,0.18339889352891942,0.024571366994807692,0.34765625,,
12.22779999999795,1294,,,,0.125,-0.1015625,-0.982421875,0.006004449682418741,0.22445811165204332,12.135428428649902,0.7491629719734192,1812,1806,9.091413627778081,1.135591738037565,12.49081588992779,0.197657401100798,0.024689022064316783,0.349609375,,
12.251124999998137,1294,,,,0.015625,-0.140625,-0.8203125,0.004379267217774234,0.2317822300704775,12.136000633239746,0.7931082844734192,1807,1808,9.625162642597104,0.8292814017008157,8.615765078407604,0.27949768268660485,0.024080863739870992,0.353515625,,
12.28039999999944,1294,,,,0.0234375,-0.125,-0.966796875,0.004796379990545574,0.23648344720400957,12.130857467651367,0.9137834906578064,1803,1808,11.084977281462784,0.9083629876517663,8.19454081489915,0.2603402498987209,0.021333688035561134,0.3515625,,
12.304079999999143,1294,,,,0.05078125,-0.046875,-0.966796875,0.006193301272226026,0.22355787858392012,12.135601997375488,0.74072265625,1811,1807,8.989115346688777,1.1720644165869225,13.038707051619525,0.19073855960487704,0.024869842021358612,0.34765625,,
12.327319999998435,1294,,,,0.048828125,0.001953125,-1.01953125,0.006273380998759563,0.22985951006078234,12.136000633239746,0.7686942219734192,1813,1810,9.32887356463715,1.1892051474398826,12.747574926385417,0.19328835782087156,0.024639578237195547,0.34765625,,
12.354334999999963,1294,,,,-0.203125,-0.033203125,-0.783203125,0.003985981743281816,0.23095979492182173,12.133713722229004,0.7470703125,1811,1811,9.06473730225116,0.7558798916002074,8.3386850208278,0.3055509181926733,0.02547892864633425,0.34765625,,
12.377794999998063,1294,,,,-0.15625,0.01953125,-0.99609375,0.003907143413413224,0.23652790315799097,12.132444381713867,0.7698567509651184,1802,1809,9.340244212971243,0.7401260315004432,7.924054388991188,0.3195778733501408,0.025323524499446536,0.349609375,,
12.400724999998696,1294,,,,-0.037109375,0.083984375,-0.95703125,0.0043928692027088555,0.23114873272624264,12.134858131408691,0.8042689561843872,1797,1802,9.759689682793692,0.8288987087899025,8.493084675133153,0.27886245964080875,0.0236840248244529,0.3515625,,
12.42599999999907,1294,,,,-0.046875,0.005859375,-1.015625,0.005349669254453024,0.2307597431289055,12.135429382324219,0.7589285969734192,1796,1798,9.209924394797326,1.0075020961323853,10.9393090859847,0.22904145213667504,0.02505555238425859,0.349609375,,
12.451169999998063,1294,,,,-0.32421875,0.27734375,-0.935546875,0.005067565495427472,0.22912598682008936,12.1355562210083,0.7736545205116272,1797,1797,9.388727929306071,0.9535727740874343,10.156570530827105,0.2402815946998509,0.024404369638286478,0.35546875,,
12.599804999999701,1294,,,,-0.01171875,-0.0625,-0.939453125,0.00502703970725049,0.22506938101928745,12.132501602172852,0.714111328125,1797,1797,8.663956832606345,0.9458747702839724,10.917353220461838,0.23794839241955537,0.025977666482853504,0.357421875,,
12.638044999998995,1294,,,,0.009765625,-0.009765625,-0.9921875,0.005097861877364594,0.22933531184715644,12.133875846862793,0.7777622938156128,1795,1795,9.437271111529867,0.9583972740921687,10.155449205239627,0.23929044671416852,0.024301019769048374,0.3515625,,
12.663294999998064,1294,,,,0.0625,0.05078125,-1.001953125,0.0054729614234513444,0.23433473118450435,12.136000633239746,0.8052884340286255,1797,1797,9.772980945312042,1.029738734396785,10.536587967980596,0.22756717151343858,0.023977815212758734,0.345703125,,
12.684339999999851,1294,,,,-0.173828125,0.103515625,-0.93359375,0.005009762998149415,0.23606111564118637,12.134285926818848,0.6884765625,1797,1798,8.354171463288367,0.9430405989603335,11.288260039962529,0.2503191441613805,0.028256675922745313,0.34765625,,
12.707859999998472,1294,,,,0.09375,0.0546875,-1.103515625,0.005004144853810061,0.23701691865178628,12.138285636901855,0.7470703125,1795,1797,9.06815284397453,0.9419477003572091,10.387426376288973,0.25162428716785845,0.02613728757442324,0.345703125,,
12.731799999998882,1294,,,,0.037109375,-0.064453125,-0.96875,0.005022351073336081,0.218312076014116,12.132999420166016,0.82763671875,1794,1795,10.041715828701854,0.9439642891616427,9.400428226255372,0.2312715412232429,0.021740515240445554,0.341796875,,
12.756079999999143,1294,,,,0.111328125,-0.119140625,-0.96875,0.004991008462491785,0.21687837149821615,12.132573127746582,0.7945033311843872,1792,1794,9.63936976583284,0.9374398112935556,9.725115169005669,0.2313517826802659,0.022499227311203567,0.341796875,,
12.778824999999255,1294,,,,-0.109375,0.162109375,-1.0078125,0.005215242372461645,0.21725624710705796,12.135501861572266,0.81787109375,1792,1793,9.92527618072927,0.9790284689363435,9.863992206455745,0.22191004041291465,0.021889189091672697,0.341796875,,
12.800634999998845,1294,,,,0.0859375,-0.13671875,-1.001953125,0.004999288678855439,0.22860362936080802,12.136001586914062,0.7979910969734192,1793,1793,9.684421219212709,0.9384484281509676,9.690289248150426,0.2435974343430119,0.023605295988911177,0.341796875,,
12.822879999998957,1294,,,,0,0.2734375,-1.060546875,0.004759578671831386,0.22808127190152666,12.130287170410156,0.7393973469734192,1793,1793,8.969102151826974,0.8934441689949594,9.961355706189254,0.25528318368018077,0.025429665984467276,0.34375,,
12.844334999999031,1294,,,,0.048828125,-0.169921875,-1.037109375,0.00483003212458643,0.22544725662812926,12.13371467590332,0.7345145344734192,1791,1793,8.912389786604422,0.9066681320461977,10.173120271388331,0.248654660575014,0.025295937680708598,0.341796875,,
12.866234999999405,1294,,,,0,0.03125,-0.9375,0.004786790327069447,0.22432474379009915,12.136000633239746,0.7289341688156128,1789,1791,8.846345534336365,0.897976165551065,10.150814955911953,0.24981146760441778,0.02535789981517238,0.341796875,,
12.887399999999442,1294,,,,-0.0859375,0.033203125,-1.009765625,0.005067879617411128,0.22432474379009915,12.133334159851074,0.7747395634651184,1792,1791,9.40017401037943,0.9504936644805468,10.11144754800322,0.23600866809848184,0.023863892683519,0.33984375,,
12.911389999998734,1294,,,,0.03125,-0.013671875,-0.810546875,0.0051684815144302535,0.22249093568836675,12.13657283782959,0.8377510905265808,1791,1791,10.167427130147018,0.9692409904064256,9.532804887605923,0.2295517192221421,0.02188271750959179,0.337890625,,
12.934874999998137,1294,,,,-0.125,-0.00390625,-0.916015625,0.005132565300429321,0.22136842285033662,12.130285263061523,0.8168247938156128,1791,1791,9.908317758924795,0.9624370358579294,9.71342521782798,0.23000821311183836,0.02234167577548083,0.3359375,,
13.084694999999368,1294,,,,-0.0625,-0.08984375,-0.94140625,0.0058977279960774655,0.22307997707862018,12.13650131225586,0.7177734375,1793,1791,8.711258266121149,1.1062784644117731,12.699410700681296,0.20164902802951656,0.025608238243400253,0.333984375,,
13.109914999999106,1294,,,,0.076171875,0.009765625,-1.013671875,0.005135336166272598,0.22736070340367362,12.133279800415039,0.7989257574081421,1797,1797,9.693589754391496,0.9662583273545504,9.968013417493818,0.23530012313182153,0.023454747845159444,0.3359375,,
13.131919999998994,1294,,,,-0.0234375,0.001953125,-1.09765625,0.004899481448972012,0.2265808834546547,12.13650131225586,0.84228515625,1798,1797,10.222394904121757,0.9219485069616745,9.018909126568149,0.24576305698608145,0.02216514677625058,0.333984375,,
13.154559999998659,1294,,,,-0.15625,-0.05078125,-0.90625,0.005131069977431979,0.21999028827691353,12.132573127746582,0.8482142686843872,1796,1797,10.291021642811415,0.9655636961718997,9.382583476018386,0.22783612220415186,0.021376914354327814,0.333984375,,
13.18286999999825,1294,,,,0,0.08984375,-1.0234375,0.005396461273161619,0.22283546933172255,12.128571510314941,0.791015625,1796,1797,9.593889573588967,1.0155366580639877,10.585244392010306,0.219426317663938,0.023226811985116717,0.333984375,,
13.205689999998548,1294,,,,-0.173828125,0.078125,-0.849609375,0.005153292710435847,0.22516200916715334,12.13155746459961,0.76171875,1797,1798,9.240834787487984,0.9701652624011072,10.498675549472038,0.23208624127593416,0.024365981466525178,0.33203125,,
13.230599999998697,1294,,,,-0.224609375,0.119140625,-0.84765625,0.004543204239215932,0.22121282701140177,12.13371467590332,0.8586774468421936,1794,1796,10.418947138616318,0.8546057248607746,8.20241924151148,0.25884781786061634,0.021231783218431784,0.337890625,,
13.257079999999144,1294,,,,0.01171875,0.044921875,-0.9765625,0.00484886099872062,0.2325490952766565,12.135499954223633,0.819091796875,1793,1795,9.940088463481516,0.9113293975054328,9.16822220298671,0.2551756762299223,0.023395073004733216,0.337890625,,
13.279854999998584,1294,,,,0.1875,-0.087890625,-0.96484375,0.005216478878437344,0.2247137333874363,12.133334159851074,0.7503255009651184,1792,1793,9.103950031867441,0.979369334088635,10.757630815859635,0.22944738574701914,0.02468310267530566,0.337890625,,
13.301659999999218,1294,,,,-0.162109375,0.0390625,-0.888671875,0.0050881587905081144,0.2262474637997943,12.133142471313477,0.8426339030265808,1794,1792,10.223797196580449,0.9550554418647351,9.34149439294602,0.23689458630595167,0.022129494496963147,0.337890625,,
13.327019999998623,1294,,,,-0.015625,-0.0625,-0.97265625,0.004775042612029447,0.2279923599935639,12.129142761230469,0.8070591688156128,1791,1792,9.788935875324569,0.8959209240038863,9.152383215240754,0.2544782177590652,0.0232908216886245,0.341796875,,
13.350729999997654,1294,,,,0.0234375,0.044921875,-1.037109375,0.004946065962722543,0.22097943325299946,12.131999969482422,0.80322265625,1791,1791,9.74469724111259,0.9276648077454727,9.519688347337075,0.23821043054338925,0.022676890598580503,0.33984375,,
13.37655499999877,1294,,,,0.19921875,0.021484375,-1.099609375,0.00517418294022079,0.22630303374227104,12.133143424987793,0.830078125,1788,1790,10.071456944569945,0.9699771737456996,9.630951897864842,0.2333075868871954,0.02246974146717501,0.341796875,,
13.401349999997764,1294,,,,0.07421875,-0.078125,-1.0625,0.005065543824226612,0.23037075353156833,12.13155746459961,0.771484375,1791,1790,9.359307028353214,0.9497782063366839,10.147954367341647,0.24255215796129243,0.02461408230691439,0.33984375,,
13.429624999998138,1294,,,,0.037109375,-0.025390625,-1.09765625,0.005016386248996083,0.23151549434658913,12.134286880493164,0.7749720811843872,1789,1791,9.403733557464193,0.9406476130117221,10.002916472097246,0.24612351229525103,0.024619529353085957,0.337890625,,
13.4543349999981,1294,,,,-0.05078125,-0.1484375,-0.908203125,0.004841813375781267,0.22940383653247307,12.133999824523926,0.79296875,1790,1790,9.621882673352957,0.9078199426615003,9.43495128220214,0.25269750723906614,0.023841886699345113,0.3359375,,
13.478654999998398,1294,,,,-0.162109375,0.0859375,-0.9453125,0.004977790326796086,0.22076826747158784,12.130857467651367,0.8251953125,1790,1790,10.010326718911529,0.932832453042043,9.318701369454146,0.23666443716837302,0.022054052147420126,0.337890625,,
13.500584999999031,1294,,,,-0.13671875,0.060546875,-1.0703125,0.005565538548736221,0.22190189429811333,12.136499404907227,0.7586669921875,1792,1790,9.20756149920635,1.0432424931461513,11.330279936072913,0.2127040412521103,0.024099963309204102,0.33984375,,
13.528069999998435,1294,,,,-0.0625,0.0703125,-0.947265625,0.00552534476849214,0.22225754192996444,12.134285926818848,0.8182198405265808,1793,1791,9.928513495945651,1.0362805566438635,10.437419026191916,0.21447622509658573,0.02238578232488924,0.341796875,,
13.550854999999515,1294,,,,0.009765625,-0.087890625,-0.986328125,0.004803338871491866,0.21993471833443676,12.133333206176758,0.7828776240348816,1791,1792,9.498915072075192,0.9015249412668133,9.490820103414826,0.24395855096963465,0.02315366719942559,0.33984375,,
13.577754999998026,1294,,,,0,0.095703125,-0.970703125,0.004755635658426224,0.22026813798929723,12.127429008483887,0.9123883843421936,1791,1792,11.064925359275264,0.8923712558427565,8.064864668018016,0.24683464034403005,0.019906879697535025,0.337890625,,
13.604414999999106,1294,,,,-0.072265625,0.1015625,-1.0625,0.005845831623951723,0.2348163489297074,12.137500762939453,0.806884765625,1798,1793,9.79356445837766,1.0977012463817364,11.208393542993791,0.2139164455754364,0.02397659707327904,0.3359375,,
13.627704999998212,1294,,,,-0.099609375,0.015625,-0.861328125,0.005935413132205631,0.23587217783676545,12.13466739654541,0.7893880009651184,1801,1796,9.57896083853558,1.116426451786626,11.654985030268733,0.21127426482890777,0.02462398393861952,0.337890625,,
13.651144999999554,1294,,,,0.0859375,-0.099609375,-0.94921875,0.0048799360189961,0.23353824025274245,12.131430625915527,0.7449776530265808,1798,1799,9.037644715549334,0.9191094023031944,10.16978904605378,0.25409188467392396,0.02584060865448032,0.337890625,,
13.678729999999515,1294,,,,-0.01171875,0.130859375,-1.109375,0.004843192829616965,0.2399510116145581,12.137144088745117,0.7903180718421936,1796,1799,9.592204313887919,0.9122354359364772,9.510175201498907,0.263036275682747,0.025015210660926903,0.337890625,,
13.702009999998845,1294,,,,0.099609375,-0.09765625,-0.98046875,0.004765844354343801,0.23236015747223554,12.135111808776855,0.8349609375,1793,1796,10.132344332523644,0.8965686839972458,8.84858088684733,0.25916604228945983,0.02293251688322381,0.337890625,,
13.728539999998175,1294,,,,0.07421875,-0.0703125,-1.03515625,0.004755988486721923,0.22399132413523873,12.13371467590332,0.7826451063156128,1792,1794,9.496392412525665,0.893603520034575,9.409926224783204,0.25066074507693537,0.023586991186231514,0.3359375,,
13.751084999999032,1294,,,,-0.0234375,-0.078125,-0.908203125,0.005242037749261055,0.22404689407771544,12.131111145019531,0.8268229365348816,1793,1793,10.030280940356079,0.9842056169521007,9.812343470781796,0.2276423647850603,0.022337050717720144,0.333984375,,
13.78051999999769,1294,,,,-0.171875,-0.041015625,-0.935546875,0.005410383248906996,0.23068194520943805,12.134858131408691,0.8063616156578064,1794,1793,9.785083808620982,1.0156439238162025,10.379511751564015,0.2271287601885794,0.023574856354955247,0.3359375,,
13.805569999998436,1294,,,,-0.134765625,-0.03125,-0.919921875,0.005400678713183827,0.2312043026687194,12.136799812316895,0.77197265625,1795,1794,9.369277589488775,1.01447464092061,10.827671944085967,0.22790545307165821,0.024676854801281945,0.337890625,,
13.82921499999892,1294,,,,-0.125,-0.0390625,-0.998046875,0.0049297493657877054,0.23172666012800075,12.134001731872559,0.855712890625,1794,1794,10.383221696829423,0.9261873260461608,8.920038048778034,0.2501941600920283,0.02231741427602955,0.33984375,,
13.850974999998696,1294,,,,0.0859375,0.009765625,-0.91015625,0.005100658414086391,0.23347155632177033,12.131430625915527,0.8231026530265808,1794,1794,9.985412733198984,0.9582394437619978,9.596392952051874,0.243646364008116,0.0233812625036055,0.33984375,,
13.87805499999877,1294,,,,-0.111328125,0.01171875,-0.8984375,0.005130540944589398,0.2368835507898421,12.131429672241211,0.869140625,1794,1794,10.543918367475271,0.9637359517799027,9.140206877480484,0.24579715050823528,0.02246636805540478,0.3359375,,
13.901174999998883,1294,,,,0.07421875,0.056640625,-1.060546875,0.005444754314267204,0.22632526171926173,12.135001182556152,0.8331298828125,1797,1795,10.110032113152556,1.0234060877266742,10.122678902229037,0.2211490281653547,0.022386206016578907,0.337890625,,
13.928034999998287,1294,,,,0.162109375,-0.07421875,-0.9765625,0.005609030050872773,0.23147103839260774,12.134285926818848,0.8154296875,1797,1796,9.89465698134154,1.0551787077185255,10.664126201729752,0.2193666690764517,0.023393538434843684,0.3359375,,
13.953184999997728,1294,,,,0.037109375,0.03125,-0.9921875,0.0050175667325631215,0.22106834516096224,12.133333206176758,0.7709418535232544,1799,1798,9.35409439138516,0.9448066261976709,10.10046068241314,0.23398263626774216,0.023633324179897042,0.3359375,,
13.978879999998025,1294,,,,0.048828125,-0.068359375,-0.9296875,0.0050745041258636004,0.225502826570606,12.133500099182129,0.8087158203125,1798,1799,9.812553485971875,0.9559053526639585,9.741657500573426,0.2359049731672335,0.022981054512771534,0.33203125,,
14.001224999999627,1294,,,,-0.048828125,-0.0703125,-0.892578125,0.005145771948245311,0.22402466610072475,12.13650131225586,0.8258056640625,1797,1798,10.022391525562853,0.9689365319559707,9.66771782447958,0.23120674957779855,0.022352416140332697,0.328125,,
14.028124999998138,1294,,,,-0.037109375,-0.001953125,-0.982421875,0.004926248889892438,0.22330225684852714,12.134285926818848,0.7791573405265808,1797,1798,9.45451795192929,0.9272879673111202,9.807882030853806,0.2408122015171212,0.023618576640701185,0.328125,,
14.050749999998137,1294,,,,0.13671875,0.1796875,-1.146484375,0.005086973287434567,0.2236467904918829,12.129334449768066,0.8094618320465088,1796,1797,9.818233285214092,0.9572647671205786,9.74986781544685,0.2336310686171029,0.02277872036598346,0.326171875,,
14.072069999997504,1294,,,,-0.048828125,-0.0234375,-0.8671875,0.004944229718511145,0.2235689925724155,12.13666820526123,0.7470703125,1795,1796,9.066944508813322,0.9301126695337898,10.258281261451357,0.24036764565789365,0.024657589153115504,0.32421875,,
14.09492999999877,1294,,,,-0.078125,-0.03515625,-1.05859375,0.004599593746503452,0.2235689925724155,12.130857467651367,0.87890625,1794,1795,10.66188644617796,0.8646810385769087,8.110019206656219,0.2585566036470109,0.020968990215850577,0.32421875,,
14.119074999998324,1294,,,,-0.21875,0.15625,-0.802734375,0.004820204074942991,0.23350489828725637,12.134500503540039,0.8392333984375,1797,1795,10.183678095927462,0.9060835697079606,8.897409768581657,0.2577079047603934,0.02292932829255836,0.326171875,,
14.141634999999777,1294,,,,-0.1875,0.009765625,-0.859375,0.006174883076254632,0.2288036811537243,12.13371467590332,0.8426339030265808,1800,1797,10.224279355567319,1.161751324527629,11.362671970568105,0.1969472092031024,0.022378465336937048,0.328125,,
14.163894999999552,1294,,,,0.1484375,-0.046875,-1.095703125,0.004771339102663427,0.23061526127846596,12.134500503540039,0.8331298828125,1799,1799,10.109614982502535,0.8987730255474712,8.890279472591633,0.25658898823536774,0.022811478150019462,0.330078125,,
14.186064999999479,1294,,,,-0.048828125,-0.11328125,-0.94140625,0.00498353199597243,0.22844803352187315,12.133334159851074,0.74951171875,1798,1799,9.094076140318066,0.9388563104230685,10.323822848378219,0.24332587530772373,0.02512053231103508,0.330078125,,
14.332609999999404,1294,,,,-0.125,0.111328125,-1.125,0.0051320623681472485,0.22016811209283907,12.134857177734375,0.8098493218421936,1796,1798,9.827405856040059,0.9664644320763934,9.834379959818094,0.2278077752119863,0.022403482192355037,0.33203125,,
14.356419999998064,1294,,,,-0.05078125,0.060546875,-0.97265625,0.00513767789771453,0.22175185545342613,12.133387565612793,0.8299784660339355,1795,1795,10.070450399502533,0.9658041273481879,9.590475987011438,0.22960334210031907,0.022020053389506827,0.33203125,,
14.397479999999515,1294,,,,0.072265625,-0.107421875,-0.921875,0.005214494376474764,0.22665868137412218,12.131000518798828,0.7855224609375,1796,1795,9.529173381160945,0.9802434162874628,10.286762314823568,0.23122693568558794,0.02378576528182639,0.33203125,,
14.546314999999478,1294,,,,-0.052734375,-0.10546875,-0.9375,0.005474222514747222,0.23735033830664673,12.13292407989502,0.8522385954856873,1799,1796,10.340146176984206,1.0294698478275,9.956047334407742,0.23055589127503773,0.022954253667608403,0.333984375,,
14.571529999998399,1294,,,,-0.01953125,0.013671875,-1.01953125,0.004992133629743424,0.23007067584219393,12.135759353637695,0.7715820074081421,1804,1805,9.36373356350191,0.9435904699136416,10.077075170011048,0.24382471334545192,0.024570399646885146,0.3359375,,
14.604194999999367,1294,,,,0.14453125,0.068359375,-1.03515625,0.0050931421233831676,0.22196857822908542,12.135499954223633,0.7440185546875,1796,1798,9.02903713635169,0.9588210699660314,10.619305862700845,0.23150156497598573,0.02458385926173906,0.345703125,,
14.626029999999329,1294,,,,0.103515625,0.01171875,-1.04296875,0.0051561959930005,0.2299113637633559,12.136364936828613,0.7182173132896423,1794,1795,8.716547418031666,0.9692360504850854,11.119494955996629,0.2372088446857598,0.02637642552001094,0.345703125,,
14.650419999999926,1294,,,,-0.21875,0.07421875,-0.830078125,0.005108279086071552,0.23581660789428874,12.133999824523926,0.7845051884651184,1793,1794,9.519185819173856,0.9597446509361389,10.082213638512968,0.24570765532714586,0.024772770736263935,0.34375,,
14.678644999999554,1294,,,,-0.099609375,0.0625,-0.8984375,0.0052929186745650746,0.2271773225935004,12.135002136230469,0.8392333984375,1795,1795,10.184099082835019,0.9947410588255878,9.767590149453602,0.22837835090642655,0.0223070613066207,0.34375,,
14.70242999999877,1294,,,,0.09375,-0.14453125,-0.994140625,0.005100614397883166,0.22867031329178011,12.137333869934082,0.7823350429534912,1794,1795,9.495461614475744,0.9586518623080722,10.09589529430161,0.2385332176179455,0.024082063892836375,0.33984375,,
14.729534999998286,1294,,,,0.13671875,-0.0703125,-1.025390625,0.005060340550069409,0.23052634937050318,12.135428428649902,0.771484375,1795,1795,9.362293416634202,0.9509713772930712,10.157461798873538,0.2424114488352885,0.024622850311540302,0.3359375,,
14.75455499999877,1294,,,,0.099609375,-0.111328125,-0.908203125,0.005210287265850248,0.2243358577785945,12.13466739654541,0.7964409589767456,1796,1794,9.664546138168475,0.9790388825491763,10.13021065399677,0.22913886442842712,0.023212249656775742,0.333984375,,
14.778719999997877,1294,,,,0.1875,-0.09375,-1.06640625,0.005284062055540131,0.23123764463420543,12.13550090789795,0.78125,1796,1795,9.480860084295273,0.9931499693556154,10.475315114086907,0.2328325547693861,0.02438994380027218,0.3359375,,
14.800964999997989,1294,,,,-0.0625,0.021484375,-1.0078125,0.005317881451153245,0.2276478263502081,12.132000923156738,0.7293701171875,1795,1795,8.848718935041688,0.9998876732949122,11.299801481266075,0.22767340015308343,0.025726642242946955,0.33203125,,
14.828364999999293,1294,,,,-0.048828125,-0.107421875,-0.91796875,0.005274328605800132,0.22127951094237383,12.137333869934082,0.8203125,1796,1796,9.956406690180302,0.9918839767894838,9.962268594027487,0.22309011549779065,0.022224836512616045,0.33203125,,
14.852894999999553,1294,,,,0.0625,0.13671875,-1.0390625,0.005207906886609876,0.22850360346434992,12.133777618408203,0.7600911259651184,1797,1796,9.222776692186244,0.9795076047523863,10.620528257853715,0.23328415456469503,0.02477600955663858,0.333984375,,
14.87943499999866,1294,,,,-0.162109375,-0.0390625,-0.8828125,0.004998907764030063,0.23459406915980044,12.131500244140625,0.8074951171875,1797,1796,9.796127211302519,0.9402180219665435,9.597854352909426,0.249510287698089,0.023947634008787865,0.33203125,,
14.903959999999032,1294,,,,0,-0.048828125,-0.927734375,0.005808813728487587,0.22081272342556924,12.135111808776855,0.8045790195465088,1802,1799,9.763656361192943,1.0940733816038344,11.20557034301603,0.2018262459706984,0.022615781962915162,0.333984375,,
14.92839999999851,1294,,,,-0.0234375,0.181640625,-1.0390625,0.006147384547158722,0.22651419952368265,12.133715629577637,0.8621651530265808,1806,1802,10.461266792555818,1.1600516590820333,11.08901705773836,0.19526216591330667,0.021652654885435954,0.3359375,,
14.950629999998958,1294,,,,0.01171875,-0.013671875,-0.892578125,0.00445252932349702,0.2289037070501824,12.135001182556152,0.81298828125,1804,1805,9.865613754373044,0.8415158034373428,8.529786634555112,0.2720135571015762,0.023202176037828186,0.33203125,,
