Time (s),ESC signal (µs),Servo 1 (µs),Servo 2 (µs),Servo 3 (µs),AccX (g),AccY (g),AccZ (g),Torque (N·m),Thrust (N),Voltage (V),Current (A),Motor Electrical Speed (RPM),Motor Optical Speed (RPM),Electrical Power (W),Mechanical Power (W),Motor Efficiency (%),Propeller Mech. Efficiency (N/W),Overall Efficiency (N/W),Vibration (g),App message,
0,1354,,,,0.037109375,0.029296875,-1.236328125,0.01150559015035798,0.4915050272182593,12.12600040435791,1.3810220956802368,2510,2505,16.74627449064576,3.018612961526476,18.025579141274868,0.1628247918771644,0.02935011172143436,0.626953125,,
0,1354,,,,0.515625,-0.001953125,-1.15625,0.01238532928844001,0.4915050272182593,12.125715255737305,1.3232421875,2512,2510,16.045257980003953,3.255005276337458,20.286400383178233,0.15099976359218142,0.030632416619962514,0.630859375,,
0.023605000000447036,1354,,,,0,0.154296875,-0.8125,0.011531709365352171,0.49588393868542624,12.128571510314941,1.3539341688156128,2511,2512,16.42128738673898,3.033771663686146,18.474627428639177,0.16345460161721886,0.030197628663747613,0.634765625,,
0.047229999999515715,1354,,,,-0.125,0.265625,-1.15234375,0.011021740429457617,0.4945391460774892,12.129000663757324,1.3214111328125,2506,2509,16.02739650697913,2.896158729970483,18.070051044842813,0.1707569205236653,0.030855862701227997,0.63671875,,
0.07440499999932945,1354,,,,-0.421875,0.298828125,-0.947265625,0.011238558657188771,0.48944893934661987,12.132000923156738,1.396484375,2506,2507,16.94214972667396,2.950019881826674,17.412311480060414,0.165913776500906,0.02888942355266903,0.642578125,,
0.09892999999970198,1354,,,,0.072265625,0.169921875,-1.1796875,0.011230058639276945,0.488815442002385,12.126501083374023,1.3623046875,2503,2505,16.51998926885426,2.9454257927032073,17.829465532742965,0.1659574799722819,0.029589331690666815,0.646484375,,
0.12284999999962747,1354,,,,0.3125,0.044921875,-1.162109375,0.01133794444939306,0.4866371002572969,12.124001502990723,1.4725167751312256,2502,2503,17.85279559487003,2.9719992329980274,16.64724842226965,0.1637406547263466,0.027258313560545734,0.642578125,,
0.26650499999895694,1354,,,,0.224609375,-0.111328125,-0.947265625,0.01139379053123821,0.49257197011381265,12.128500938415527,1.339111328125,2503,2503,16.241412999806926,2.9859691041187815,18.38490963904605,0.16496217909099242,0.03032814756448027,0.64453125,,
0.28974000000022354,1354,,,,0.009765625,-0.005859375,-1.005859375,0.011460969834349615,0.49130296101492826,12.127830505371094,1.34033203125,2502,2502,16.255319695919752,3.0031803584469565,18.475061792852866,0.16359422424732334,0.03022413401923127,0.642578125,,
0.31187999999895694,1354,,,,0,0.107421875,-0.998046875,0.011214082574047698,0.49214963855098937,12.125716209411621,1.3950892686843872,2504,2503,16.91645655886248,2.9397960685804363,17.378320680522698,0.1674094485025411,0.029092950810266097,0.634765625,,
0.35258999999985097,1354,,,,-0.453125,0.12109375,-0.8359375,0.011241214021982105,0.4896712191165269,12.133000373840332,1.3104248046875,2503,2503,15.899384645163082,2.946403489358687,18.53155675590906,0.16619285881415669,0.030798123955413263,0.63671875,,
0.5031699999999255,1354,,,,0.013671875,0.02734375,-1.078125,0.011259026728791248,0.4878151830378038,12.12633228302002,1.3456217050552368,2502,2503,16.31745592274376,2.9509030684057747,18.084333013535016,0.165310473346502,0.029895296506232464,0.638671875,,
0.5301899999994785,1354,,,,0.10546875,-0.00390625,-0.99609375,0.012023328854392749,0.4940167886182078,12.127605438232422,1.4090265035629272,2508,2506,17.08811748722337,3.155038460764402,18.46334719505174,0.15658027461843288,0.028909959741766734,0.634765625,,
0.5555,1354,,,,-0.34375,0.154296875,-0.990234375,0.01003370706067377,0.5042416580339277,12.124000549316406,1.3145616054534912,2516,2521,15.937745626628384,2.649006152434123,16.620958914090274,0.19035125968680344,0.03163820466499688,0.625,,
0.578269999999553,1354,,,,0.173828125,-0.048828125,-0.88671875,0.010544381491592309,0.49556163301906114,12.129000663757324,1.370849609375,2511,2516,16.627035822020844,2.7784301128003905,16.71031531140769,0.1783603016451555,0.029804568795283367,0.630859375,,
0.6003199999993667,1354,,,,-0.109375,0.212890625,-1.095703125,0.01104897709707783,0.49381673682529154,12.123429298400879,1.328125,2509,2512,16.101429536938667,2.9060655254762575,18.04849388564776,0.1699262224117823,0.03066912386210274,0.638671875,,
0.6229449999993667,1354,,,,0.109375,0.20703125,-1.26171875,0.011239801730661457,0.49381673682529154,12.12743091583252,1.3902064561843872,2507,2508,16.859632756120504,2.9525592581562603,17.512595326754084,0.16725040673143265,0.02928988691322607,0.638671875,,
0.6475400000000373,1354,,,,-0.07421875,0.16015625,-0.89453125,0.0112279426476406,0.49046031229969644,12.126856803894043,1.3671875,2506,2507,16.579687036573887,2.948099599621816,17.781394745983253,0.16636490584056693,0.029582000626294555,0.640625,,
0.6835100000007078,1354,,,,0.349609375,-0.12109375,-1.24609375,0.011276559592108335,0.4973843271322981,12.127500534057617,1.341552734375,2506,2506,16.26968150259927,2.9594513909615805,18.18997741589947,0.16806639522830233,0.03057123933574454,0.638671875,,
0.7067499999990686,1354,,,,-0.0625,0.162109375,-0.8125,0.011357959952332661,0.493224013926349,12.128334999084473,1.33056640625,2503,2504,16.137555113527924,2.978534725232233,18.457162217437524,0.1655928365541862,0.030563738463262324,0.640625,,
0.7290099999988452,1354,,,,0.13671875,0.060546875,-1.041015625,0.011379113153605099,0.48791520893426193,12.127429008483887,1.3434709310531616,2504,2503,16.292848341308968,2.9828572199237473,18.307770117524488,0.16357310221732127,0.02994658752805053,0.630859375,,
0.7517099999999628,1354,,,,-0.4609375,0.072265625,-0.69140625,0.011389489798848103,0.4859258049935946,12.128666877746582,1.3362630605697632,2502,2503,16.20708952268876,2.9849785571377443,18.417733504581367,0.16279038381419475,0.02998229906198355,0.6328125,,
0.7740649999994784,1354,,,,-0.34375,0.095703125,-1.185546875,0.011190839922734801,0.4917939909191382,12.124571800231934,1.3797433376312256,2502,2502,16.728797163001445,2.932496743885432,17.529632975472634,0.16770487194728556,0.029398048534345526,0.63671875,,
0.7973199999993666,1354,,,,0.0234375,-0.15234375,-0.765625,0.011281792769336937,0.49203849866603583,12.12457275390625,1.3218470811843872,2502,2502,16.026831105358724,2.955994813091468,18.44403796146016,0.16645445265563483,0.030700922436346013,0.634765625,,
0.8194500000001863,1354,,,,0.203125,-0.12890625,-1.220703125,0.011378503214788966,0.4914272292987917,12.128500938415527,1.336669921875,2502,2502,16.211802401812747,2.981099652952515,18.388452925007147,0.16484763560724197,0.030312929871625007,0.630859375,,
0.8461399999996647,1354,,,,0.2734375,0.056640625,-0.95703125,0.011342268237889617,0.4889043539103478,12.125715255737305,1.3455636501312256,2500,2502,16.315921679961775,2.971360054954777,18.211414060684177,0.1645389131132372,0.029964862758001008,0.6328125,,
0.8693550000004471,1354,,,,-0.162109375,0.166015625,-1.109375,0.011374147846413267,0.49083818790853834,12.125499725341797,1.3671875,2502,2502,16.577831655740738,2.979590657498429,17.973343675900015,0.16473342963178397,0.029608105456817448,0.634765625,,
0.8934850000003353,1354,,,,0.125,0.05078125,-0.986328125,0.011505528387939485,0.487503991359934,12.13028621673584,1.2960379123687744,2502,2502,15.721310824774037,3.0141251700916487,19.1722255458617,0.16173979640835912,0.031009118564828127,0.63671875,,
0.9298450000006706,1354,,,,-0.298828125,0.07421875,-0.974609375,0.011429203732610036,0.49111603762092204,12.128501892089844,1.3812255859375,2501,2502,16.752197132445872,2.994219751876567,17.873594300519084,0.16402137395330618,0.029316514946551228,0.63671875,,
0.9532999999988824,1354,,,,-0.212890625,0.09765625,-0.953125,0.011308537293884889,0.4931721254925614,12.130667686462402,1.3655599355697632,2502,2502,16.565153784343806,2.962758711749337,17.88548872120658,0.16645706703580052,0.029771659950339386,0.642578125,,
0.9745149999996647,1354,,,,0.421875,-0.041015625,-1.02734375,0.011412275799519285,0.48903772177229204,12.125144004821777,1.4250837564468384,2502,2502,17.27934576585028,2.9897841064689876,17.30264644844247,0.1635695770521231,0.028301865614541545,0.638671875,,
0.9996200000001118,1354,,,,0.375,-0.259765625,-0.921875,0.011509467628527227,0.49915145130305844,12.129143714904785,1.3225446939468384,2501,2502,16.041334662265967,3.015549201790867,18.79861785368984,0.1655258853036202,0.031116578627164514,0.642578125,,
1.0231749999998137,1354,,,,-0.07421875,0.01953125,-1.00390625,0.011553665206457113,0.49817342031546796,12.124001502990723,1.3995361328125,2503,2502,16.967978177708574,3.027062366840154,17.839853016883957,0.16457322642991792,0.029359621700240975,0.63671875,,
1.0470800000000744,1354,,,,-0.3125,0.189453125,-0.958984375,0.01185658569519492,0.49866243580926317,12.13028621673584,1.2318638563156128,2507,2504,14.942861157160337,3.1086393332036204,20.803508113397807,0.160411801550283,0.03337128215036071,0.638671875,,
1.0817050000000745,1354,,,,0.15625,0.05859375,-1.05859375,0.011794159260834502,0.4959950785703798,12.12550163269043,1.29638671875,2506,2506,15.719339274801314,3.095230607708161,19.69058974806868,0.16024495148606563,0.03155317598911287,0.638671875,,
1.103820000000298,1354,,,,0.359375,-0.12109375,-0.951171875,0.01133766828352465,0.49960344332267875,12.130547523498535,1.3654118776321411,2505,2505,16.563193670766054,2.974628565358603,17.959269356421316,0.16795490003050167,0.03016347289378594,0.64453125,,
1.124809999998659,1354,,,,-0.103515625,-0.171875,-0.96875,0.011398718110255847,0.49686196967301693,12.128571510314941,1.2737165689468384,2503,2504,15.44836249034472,2.989017153697056,19.348440040588134,0.16622921319085043,0.03216275964417312,0.650390625,,
1.1521200000001117,1354,,,,-0.298828125,0.064453125,-1.177734375,0.011248365746735435,0.4964285241216983,12.124571800231934,1.3985769748687744,2504,2503,16.957146949947628,2.948891630759515,17.390258157600165,0.16834410561022833,0.02927547455872177,0.650390625,,
1.174160000000149,1354,,,,-0.2734375,0.2421875,-0.884765625,0.011261487465985973,0.4909159858280058,12.124001502990723,1.37939453125,2502,2503,16.723781370092183,2.951599554932631,17.649115888414425,0.16632201512823808,0.02935436519792891,0.65234375,,
1.1966599999992178,1354,,,,0.0625,0.02734375,-1.083984375,0.011534414754909805,0.49396121867573106,12.131428718566895,1.3706752061843872,2503,2502,16.628248560132874,3.0225884815976065,18.177431439438703,0.16342324523603194,0.029706148358885482,0.654296875,,
1.2189899999992921,1354,,,,-0.236328125,0.232421875,-0.736328125,0.011722121643965262,0.49792891256857014,12.129714965820312,1.2806919813156128,2505,2504,15.534428692370057,3.07337285619346,19.784267043582933,0.1620138316654759,0.03205324910423868,0.658203125,,
1.244259999998845,1354,,,,-0.171875,0.123046875,-1.064453125,0.011672273223945056,0.5034081088967767,12.129143714904785,1.3881138563156128,2508,2506,16.83663245590276,3.0631242672155246,18.19321218324525,0.16434465760489383,0.02989957226988623,0.654296875,,
1.2689750000005589,1354,,,,-0.2734375,0.14453125,-0.71484375,0.011777299517925256,0.5019077204499048,12.128500938415527,1.3104248046875,2507,2508,15.893488473375328,3.092672941409342,19.458742154626204,0.16228929794987754,0.03157945603261974,0.65625,,
1.2939150000000372,1354,,,,0.375,0.04296875,-1.2109375,0.010988443359456116,0.4973065292128308,12.125000953674316,1.4141845703125,2504,2507,17.146989263710566,2.8850415533476994,16.825353471548063,0.17237413049935937,0.02900255675002475,0.65234375,,
1.3230099999997764,1354,,,,0.2734375,0.14453125,-0.98828125,0.011296519892266398,0.4923941462978871,12.128500938415527,1.33056640625,2506,2506,16.1377759068273,2.9640000336338197,18.366843428404902,0.16612487878221083,0.030511896381556092,0.658203125,,
1.3472949999989943,1354,,,,-0.25,0.248046875,-1.052734375,0.011615676071965493,0.49788445661458886,12.124889373779297,1.3872612714767456,2506,2505,16.82038944918395,3.047544621272488,18.118157314248997,0.16337232706594448,0.029600055225757215,0.66015625,,
1.3722149999989197,1354,,,,-0.1875,0.22265625,-1.1484375,0.011338661564170691,0.4890266077837967,12.128500938415527,1.3629150390625,2504,2505,16.530116330250166,2.9746888368464184,17.99557109832753,0.16439588629452503,0.029583978600856934,0.666015625,,
1.3976550000002608,1354,,,,0.0625,0.08984375,-0.96875,0.011682238212887419,0.49007132270235937,12.12450122833252,1.3385009765625,2508,2506,16.228656734456308,3.065271977266698,18.888020292884644,0.15987857728023072,0.030197898120665236,0.66015625,,
1.4300849999999627,1354,,,,0.32421875,0.103515625,-1.19921875,0.012022627948756618,0.49571722885799613,12.130000114440918,1.3543701171875,2507,2507,16.428509676479734,3.1560877238876426,19.2110409650008,0.1570669994709069,0.03017420561085352,0.654296875,,
1.4526650000000372,1354,,,,-0.150390625,0.0859375,-0.865234375,0.011260121596039658,0.4964952080526704,12.125600814819336,1.33154296875,2504,2506,16.145758506841958,2.9553185508482858,18.303993272263636,0.1680005723613645,0.030750813462388563,0.650390625,,
1.477589999999851,1354,,,,-0.28125,0.375,-1.095703125,0.011183313571185122,0.48667044222278294,12.129714965820312,1.3588169813156128,2505,2505,16.48206267407477,2.9331081576754094,17.795759036209716,0.16592311502364995,0.029527277734981823,0.65625,,
1.5012800000002609,1354,,,,0.162109375,0.08203125,-1.115234375,0.011262427456459305,0.4863147945909318,12.12600040435791,1.3818359375,2504,2504,16.756143136881292,2.952707680394586,17.62164273886809,0.16470130037591224,0.02902307473851326,0.65625,,
1.5251349999997765,1354,,,,0.2734375,0.078125,-1.08203125,0.011521607017908948,0.49013800663333146,12.126858711242676,1.4006696939468384,2505,2504,16.98572347961283,3.0208422440803027,17.78459567946033,0.16225210290071085,0.028855880482313353,0.65234375,,
1.5513649999992922,1354,,,,-0.25,0.05078125,-0.87890625,0.011626693257765922,0.49013800663333146,12.126501083374023,1.2786865234375,2505,2504,15.505993511760607,3.049111710739472,19.664084783905373,0.16074780235403804,0.03160958414316268,0.654296875,,
1.5758849999997764,1354,,,,-0.423828125,0.080078125,-0.921875,0.011144951703399105,0.48727059760153174,12.1274995803833,1.4190673828125,2503,2504,17.209739089594223,2.922160311518579,16.979689792539897,0.16675012513201526,0.0283136539760883,0.658203125,,
1.5998899999996647,1354,,,,-0.287109375,-0.138671875,-0.6953125,0.011241072331727909,0.48550347343077144,12.128000259399414,1.2994384765625,2501,2504,15.75959018082358,2.947664223245842,18.70393956584346,0.16470786244986743,0.03080685905281577,0.6640625,,
1.6226599999992177,1354,,,,0.3125,-0.251953125,-1.04296875,0.011213082218495655,0.49367225497485206,12.123000144958496,1.402587890625,2503,2504,17.003573201363906,2.9397423994487744,17.288968410551313,0.1679304469219547,0.029033441920034386,0.66015625,,
1.6501200000001117,1354,,,,0.21875,-0.298828125,-0.92578125,0.011550241304782062,0.49367225497485206,12.126858711242676,1.4662388563156128,2506,2503,17.780871447473487,3.0277172827935868,17.02794653084228,0.16305097499702978,0.02776423284051124,0.66015625,,
1.7998700000001118,1354,,,,-0.2734375,0.142578125,-0.783203125,0.01369953137877367,0.5044972797693207,12.12800121307373,1.3861762285232544,2507,2504,16.811546981063998,3.591883750363941,21.365575425091617,0.1404547905310698,0.03000897420907015,0.666015625,,
1.8210449999999254,1354,,,,0.064453125,-0.044921875,-1.001953125,0.010886132843381515,0.5011871866832657,12.128239631652832,1.3527343273162842,2509,2511,16.406286079654592,2.862820579799835,17.449534683843005,0.17506762045084506,0.03054848515074884,0.669921875,,
1.8622099999990314,1354,,,,-0.625,0.025390625,-0.88671875,0.01135760096788187,0.5002295081871072,12.126286506652832,1.2737165689468384,2505,2506,15.445452043320188,2.9807842221103473,19.29878266916422,0.16781808776247237,0.032386848036826815,0.673828125,,
2.0156399999996646,1354,,,,-0.2109375,0.154296875,-0.921875,0.011296049547694784,0.49694344910117333,12.124922752380371,1.3987380266189575,2505,2506,16.95959052357182,2.963975813140181,17.476694434459404,0.16766110131468556,0.029301618362216994,0.673828125,,
2.0464649999989195,1354,,,,0.072265625,-0.087890625,-1.033203125,0.011464855433683026,0.49670269232539294,12.127614974975586,1.36474609375,2503,2503,16.551115163601935,3.005090132300888,18.156420897302883,0.16528711967287507,0.03001022513683592,0.658203125,,
2.0797099999999626,1354,,,,0.26953125,-0.1640625,-0.86328125,0.011330807536441447,0.49229780191011796,12.128000259399414,1.4169921875,2503,2503,17.185281617566943,2.9702356685035705,17.283601948468334,0.16574368395425731,0.02864647858938121,0.65234375,,
2.100324999999255,1354,,,,-0.205078125,0.142578125,-0.962890625,0.0114587100774095,0.4933054933545056,12.12800121307373,1.30029296875,2504,2503,15.769954702351242,3.0034552850728318,19.045427471171035,0.16424599220978356,0.03128135132061956,0.658203125,,
2.1233150000004097,1354,,,,-0.28125,0.08984375,-0.830078125,0.011521779589372387,0.49057145218465,12.129715919494629,1.4041574001312256,2501,2502,17.032030369847917,3.019305083860516,17.727217591190076,0.16247826521637887,0.028802875613298386,0.662109375,,
2.1468650000002234,1354,,,,-0.111328125,0.13671875,-0.923828125,0.011548253868405932,0.4910604676784452,12.128572463989258,1.3581193685531616,2502,2502,16.472049176244354,3.025975269748313,18.37036325821751,0.16228171875287314,0.029811741236581684,0.666015625,,
2.1722750000003725,1354,,,,0.048828125,-0.2109375,-1.05859375,0.011630260247034955,0.49480588180137747,12.126287460327148,1.4334542751312256,2502,2502,17.382478601476123,3.047198697326701,17.530288787859817,0.1623805767032748,0.028465784031476298,0.66796875,,
2.197070000000298,1354,,,,-0.0859375,0.015625,-1.14453125,0.01156059014296335,0.4950948455022566,12.130500793457031,1.456298828125,2505,2503,17.665634090080857,3.030574077765536,17.155195575273375,0.16336668657421288,0.02802587458665009,0.666015625,,
2.2206899999994785,1354,,,,-0.4375,0.09375,-0.896484375,0.012415302226827102,0.499262591188012,12.126501083374023,1.4178466796875,2510,2507,17.19351929728873,3.2594964829144994,18.957703926435197,0.15317169194844266,0.02903783585869714,0.66796875,,
2.24444000000041,1354,,,,-0.0625,0.244140625,-1.095703125,0.011513917457072387,0.4969731095579703,12.123000144958496,1.3861083984375,2507,2508,16.803792315186,3.0243269068906886,17.997883157348536,0.16432519527755302,0.029575056644138804,0.671875,,
2.2690949999997394,1354,,,,0.3984375,0.06640625,-1.16796875,0.011118241832877821,0.49233857635541023,12.128000259399414,1.3023158311843872,2503,2507,15.794486738424212,2.918700685349256,18.479237304044545,0.16868416101272687,0.0311715464078784,0.671875,,
2.2932599999997767,1354,,,,0.1875,-0.015625,-1.068359375,0.01127626866596511,0.48739285147498057,12.126001358032227,1.4483642578125,2507,2505,17.562866957159713,2.9581718244570863,16.843331055646082,0.16476150825499525,0.0277513262876645,0.669921875,,
2.3202050000000747,1354,,,,-0.32421875,0.056640625,-0.83203125,0.011746387287734722,0.4922274364704568,12.125715255737305,1.3678849935531616,2506,2505,16.586583934421697,3.081596964308912,18.578852502074014,0.15973128289372038,0.029676239448494898,0.662109375,,
2.3456349999997763,1354,,,,-0.041015625,-0.048828125,-1.1328125,0.011272016700733498,0.4921940945049708,12.12844467163086,1.3633897304534912,2504,2505,16.53579691167488,2.95700568932695,17.882450450508347,0.166450168250099,0.029765368862111733,0.66015625,,
2.3705800000000745,1354,,,,0.1875,-0.2265625,-0.919921875,0.011160443590392867,0.4959135991422232,12.12450122833252,1.287841796875,2503,2503,15.614439448108897,2.9258501443405103,18.738105546881272,0.16949384783136343,0.03175993610211121,0.662109375,,
2.393319999999367,1354,,,,0.2109375,-0.16015625,-0.9296875,0.01133721168440983,0.49728430123583994,12.129500389099121,1.407470703125,2503,2503,17.0719164412003,2.971399009272658,17.405187165171853,0.16735695868646255,0.02912879189331814,0.66015625,,
2.4145549999987708,1354,,,,0.390625,-0.04296875,-1.037109375,0.01131980390483693,0.49655077799514713,12.125715255737305,1.3490513563156128,2500,2502,16.35821261204933,2.966343945142342,18.133667873697622,0.1673948763791516,0.030354830920182065,0.65625,,
2.436274999999441,1354,,,,0.21875,-0.056640625,-1.013671875,0.010921774601508599,0.4932499234120288,12.126287460327148,1.4453125,2501,2501,17.52627484500408,2.8601881305515606,16.319429860857547,0.17245366419897357,0.02814345477143029,0.65234375,,
2.458450000000186,1354,,,,0.099609375,0.166015625,-1.0390625,0.011177132019444477,0.4879485508997479,12.12600040435791,1.3541666269302368,2501,2500,16.42062506572404,2.9262086813080366,17.820324558875193,0.1667511117770423,0.02971558932420169,0.6484375,,
2.481700000000186,1354,,,,-0.5,0.369140625,-1.138671875,0.011476264739227233,0.49362779902087073,12.127429008483887,1.3853236436843872,2501,2500,16.800414142556633,3.004989874464945,17.886403566999544,0.16426937182567505,0.029381882781715288,0.65234375,,
2.506144999999553,1354,,,,-0.3125,0.099609375,-0.955078125,0.0112950436027836,0.4915494831722406,12.128500938415527,1.2744140625,2499,2501,15.456732152961195,2.9578789612994076,19.13650914066424,0.16618309592908462,0.0318016433427081,0.65625,,
2.5283199999993666,1354,,,,-0.0625,-0.01171875,-1,0.01128833190032855,0.490538110219164,12.126858711242676,1.4341517686843872,2501,2501,17.391755869314352,2.9563668380959305,16.998667991379076,0.16592599534606423,0.028205209060268556,0.650390625,,
2.5514550000000744,1354,,,,-0.015625,-0.134765625,-0.87890625,0.011441997635947021,0.4985068399703283,12.129142761230469,1.3344029188156128,2504,2502,16.1851635033172,2.997616980038712,18.52077045390577,0.16630104622769065,0.030800235034274308,0.650390625,,
2.574375,1354,,,,0.3125,-0.158203125,-1.025390625,0.011820166828379873,0.4979955964995422,12.12550163269043,1.3824462890625,2502,2503,16.76285473513417,3.09821381403311,18.482614465061236,0.16073635532961322,0.029708280860763322,0.646484375,,
2.5980699999993666,1354,,,,-0.125,-0.091796875,-0.859375,0.011444110832903795,0.4937611668828148,12.128571510314941,1.4285714626312256,2504,2504,17.32653114211803,3.000610961161314,17.318013262720015,0.16455354368622196,0.028497404519855697,0.6484375,,
2.6227999999988825,1354,,,,-0.109375,0.056640625,-1.03125,0.011349571853477574,0.4954060371801262,12.126001358032227,1.41845703125,2504,2504,17.20021188724786,2.9757533630972057,17.300678518404837,0.16648087953919027,0.028802321763688122,0.646484375,,
2.647230000000447,1354,,,,-0.07421875,-0.177734375,-0.759765625,0.011516905947670452,0.49880691765970264,12.125715255737305,1.3783482313156128,2505,2504,16.713458176182257,3.02008834887161,18.069799302070404,0.16516302175268183,0.029844626551944486,0.640625,,
2.672474999998696,1354,,,,-0.01171875,-0.056640625,-1.0703125,0.011452210512967234,0.4986402078322726,12.125499725341797,1.2799072265625,2504,2505,15.519514724146575,3.003707358511526,19.35438969517587,0.16600825190885823,0.03212988400058965,0.630859375,,
2.697454999999143,1354,,,,0.38671875,0.04296875,-1.16796875,0.011241187053324254,0.49543937914561237,12.129000663757324,1.326904296875,2502,2504,16.09402309753932,2.9477863535965616,18.316031583471883,0.16807167132079712,0.030784060401986255,0.626953125,,
2.719320000000298,1354,,,,0.25,0.1015625,-1.07421875,0.011214436240747269,0.4941723844571427,12.125000953674316,1.458740234375,2505,2503,17.68722673295997,2.939963055576633,16.62195605882092,0.16808795726863907,0.027939506397362868,0.625,,
2.744039999999106,1354,,,,-0.03125,0.046875,-0.91796875,0.011563144060888295,0.4961062184553332,12.125715255737305,1.3804408311843872,2509,2506,16.73883244633521,3.034194953748003,18.126682153463506,0.16350505686607772,0.02963804196295366,0.623046875,,
2.771070000000298,1354,,,,0.32421875,-0.28515625,-1.232421875,0.012420935462436132,0.49264976803328003,12.123429298400879,1.4271763563156128,2512,2510,17.302271652141712,3.264339234715462,18.86653556448696,0.150918679895174,0.028473126415877233,0.625,,
2.794169999998994,1354,,,,0.0625,0.03125,-0.986328125,0.01087111768068882,0.49272013347294125,12.125779151916504,1.4029947519302368,2509,2510,17.012404513203933,2.857602653189263,16.797170858307396,0.17242429871173123,0.028962404055847813,0.625,,
2.8220949999997393,1354,,,,-0.298828125,-0.16015625,-0.91015625,0.010956989660098915,0.49061590813863143,12.126286506652832,1.3246372938156128,2505,2507,16.06293134220539,2.876985111086791,17.910710379042126,0.17053126422100237,0.03054336084034282,0.630859375,,
2.843730000000447,1354,,,,0.01171875,-0.03515625,-1.078125,0.011209658875756517,0.4882708565661131,12.12844467163086,1.3438584804534912,2505,2505,16.29891322668209,2.940790188297434,18.04286057234308,0.16603389745692695,0.029957264620980414,0.62890625,,
2.871160000000149,1354,,,,0.203125,-0.255859375,-1.080078125,0.01135563714654811,0.48903772177229204,12.127429008483887,1.3734654188156128,2502,2503,16.656604362293933,2.9770496530021884,17.87308858545879,0.16426925270766807,0.02935998905511268,0.623046875,,
2.8936599999992176,1354,,,,0,0.08203125,-0.982421875,0.011248004703828475,0.48742251193177755,12.129334449768066,1.3905165195465088,2503,2503,16.86603992350706,2.947848942147072,17.478014729696593,0.16534853769568067,0.02889964177378899,0.623046875,,
2.9222249999996275,1354,,,,-0.234375,0.08203125,-1.01953125,0.011438971696642722,0.49406124457218914,12.129714965820312,1.3525390625,2499,2502,16.405913308262825,2.997363667309005,18.270020150596462,0.1648319321277925,0.03011482721436518,0.6171875,,
2.943649999999441,1354,,,,-0.17578125,0.060546875,-0.890625,0.011791988523172058,0.49492813567482635,12.127556800842285,1.4436849355697632,2505,2503,17.508371058642638,3.0906802334313017,17.652585857812582,0.16013566538565932,0.028268085821182978,0.6171875,,
2.9738149999994783,1354,,,,0.203125,-0.052734375,-1.02734375,0.011683016251679678,0.4991292233260678,12.128571510314941,1.2346540689468384,2504,2504,14.974590165723043,3.063435690317374,20.457559481858826,0.16293119026577563,0.03333174516312163,0.61328125,,
2.997859999999404,1354,,,,0.1328125,0.05078125,-0.791015625,0.01134053598545169,0.48828940303441465,12.126667022705078,1.4002821445465088,2503,2504,16.980755304754894,2.973321712212026,17.50994969805287,0.16422353525651548,0.02875545841577998,0.6171875,,
3.0195,1354,,,,-0.265625,0.03125,-0.990234375,0.011402786744507674,0.48639259251039924,12.12700080871582,1.361083984375,2503,2503,16.505866579245776,2.98900802681005,18.10876158764292,0.16272709479120756,0.02946786163423748,0.625,,
3.044664999999106,1354,,,,-0.349609375,0.009765625,-0.900390625,0.011382968833273697,0.4885931622324781,12.127334594726562,1.35986328125,2502,2503,16.491517014801502,2.9831703742822184,18.089120434492212,0.16378319067681096,0.029626938612982354,0.623046875,,
3.0701850000005217,1354,,,,-0.0859375,0.015625,-1.01171875,0.011434741669645733,0.49516152943322866,12.128500938415527,1.383056640625,2502,2502,16.77440376370214,2.996187904975677,17.86166558992147,0.16526384363641852,0.02951887509138779,0.62890625,,
3.0935649999985473,1354,,,,-0.125,-0.13671875,-1.037109375,0.011534057594860774,0.49516152943322866,12.128999710083008,1.3983154296875,2502,2502,16.960167441284284,3.0218815022602836,17.817521629559195,0.16385868508174845,0.02919555665635181,0.626953125,,
3.114960000000894,1354,,,,0.2734375,-0.19921875,-1.05078125,0.011412969718456489,0.5004629019455096,12.12600040435791,1.3671875,2501,2502,16.57851617783308,2.9897427039864475,18.033837720555436,0.1673933015299962,0.030187436352999558,0.625,,
3.1392649999996647,1354,,,,0.609375,-0.34375,-1.0546875,0.011430381131112832,0.5019744043808768,12.125144004821777,1.3957868814468384,2502,2501,16.924116937584017,2.994229141187901,17.69208492372506,0.167647291075969,0.02966030110948498,0.62890625,,
3.291030000000261,1354,,,,-0.125,0.240234375,-0.916015625,0.011518108917491313,0.49817342031546796,12.128000259399414,1.4376394748687744,2501,2502,17.435691924131334,3.0172649647790193,17.305105974045496,0.16510761438942884,0.028572047641309054,0.630859375,,
3.3138849999997766,1354,,,,-0.048828125,-0.03125,-0.9453125,0.011437511336833473,0.495176324930413,12.126428604125977,1.3665173053741455,2502,2502,16.57097453992219,2.9966378707611248,18.083655029109686,0.1652439654994555,0.029882148677342558,0.625,,
3.3358300000000747,1354,,,,-0.265625,0.02734375,-1.01171875,0.011245527609898233,0.49467251393943334,12.124571800231934,1.3678849935531616,2502,2503,16.585019818795104,2.947883715732026,17.77437559882391,0.16780597935376665,0.029826465047623384,0.625,,
3.3661599999992178,1354,,,,-0.57421875,0.05078125,-0.755859375,0.011516068102735403,0.498973627487133,12.126856803894043,1.3971818685531616,2502,2503,16.9434244489413,3.0184332443637945,17.81477677939184,0.16530881655867244,0.029449396666581827,0.6328125,,
3.5256599999992178,1354,,,,-0.009765625,0.060546875,-0.994140625,0.011599465554953767,0.4974769205489501,12.128000259399414,1.30712890625,2502,2503,15.852859714068472,3.0400741195476604,19.17681840614394,0.16363973409403942,0.03138089464751075,0.6328125,,
3.546969999998808,1354,,,,0.0234375,-0.029296875,-1.009765625,0.011567509864772176,0.4948289433275053,12.125432014465332,1.343878984451294,2503,2503,16.295113261632878,3.031719310821069,18.605082776314934,0.16321726802389652,0.030366707821085758,0.62890625,,
3.5719950000001117,1354,,,,0.59375,-0.26171875,-1.099609375,0.011411034123386381,0.5015076168640723,12.126856803894043,1.4181082248687744,2501,2502,17.197195375408,2.99000367723839,17.38657735734105,0.16772809367487865,0.02916217475677624,0.630859375,,
3.5951749999998137,1354,,,,-0.0859375,-0.05859375,-0.96875,0.011252616454361241,0.49828456020042133,12.128499984741211,1.353759765625,2500,2502,16.419075296726078,2.9482007417173297,17.9559487269371,0.16901310455209034,0.030347906395177933,0.630859375,,
3.618084999999963,1354,,,,-0.3359375,0.095703125,-0.91796875,0.011315611606014136,0.48917108963423617,12.126286506652832,1.4627511501312256,2503,2502,17.73773953442719,2.9642460258187024,16.711520766585817,0.1650237818904154,0.02757798358042205,0.62890625,,
3.6432249999996276,1354,,,,-0.453125,0.27734375,-0.7421875,0.011436503435646592,0.4991847932685446,12.12900161743164,1.3238525390625,2501,2501,16.057009587530047,2.995833733641627,18.657482374353233,0.16662633431988016,0.031088278956762534,0.634765625,,
3.668105000000447,1354,,,,-0.0859375,0.080078125,-1.12890625,0.011471602375300781,0.5014631609100909,12.124001502990723,1.4704240560531616,2502,2502,17.827423465622246,3.005169841763695,16.8570059916889,0.16686682860353363,0.028128751295838916,0.638671875,,
3.695714999999851,1354,,,,0.0625,-0.12890625,-0.943359375,0.011462720743893687,0.4904825402766872,12.12700080871582,1.3763427734375,2501,2501,16.690909926546738,3.002530647867838,17.989017142153173,0.16335638093319363,0.02938620736887324,0.63671875,,
3.7185849999999627,1354,,,,0.20703125,-0.375,-1.005859375,0.011571728897325068,0.49112715160941733,12.125334739685059,1.3270399570465088,2500,2501,16.0908036921262,3.0311429913536334,18.837735201734386,0.16202704821592467,0.030522226298102386,0.634765625,,
3.7433199999993665,1354,,,,0.25,-0.095703125,-0.9921875,0.011540035554194748,0.49492813567482635,12.129714965820312,1.3351004123687744,2502,2501,16.194387452782394,3.022712337165468,18.665184749832132,0.16373643286841597,0.030561707697674707,0.63671875,,
3.7705549999987706,1354,,,,-0.099609375,-0.12890625,-1.08984375,0.011452232171733901,0.5071979789736902,12.126999855041504,1.2921142578125,2502,2501,15.669469417189248,2.999846792238453,19.144533311049138,0.16907462750630164,0.032368548383476164,0.634765625,,
3.793480000000447,1354,,,,-0.298828125,0.08203125,-0.828125,0.01150238884491067,0.4929498457226544,12.128000259399414,1.4225260019302368,2502,2502,17.252395720412323,3.0131898858784094,17.465341826777873,0.16359733849927913,0.02857283438840998,0.634765625,,
3.820449999999255,1354,,,,-0.236328125,0.01953125,-0.89453125,0.011297101465084893,0.49042697033421045,12.128000259399414,1.3434709310531616,2501,2501,16.293615800308316,2.9592433749449483,18.16198081023214,0.1657271498811192,0.030099333158753523,0.63671875,,
3.8430849999999626,1354,,,,-0.037109375,0.0390625,-0.9375,0.011310384746508039,0.49362779902087073,12.126001358032227,1.4239501953125,2502,2501,17.26682200212963,2.9625661909935985,17.15756489890384,0.16662169457058296,0.028588225381601107,0.63671875,,
3.870445000000298,1354,,,,0.015625,-0.2890625,-0.703125,0.011320789728055213,0.4989069435561608,12.128500938415527,1.4141845703125,2501,2501,17.151938888127916,2.9652642006797003,17.288215752285428,0.16825041877948038,0.029087495402720327,0.640625,,
3.893234999999404,1354,,,,0.447265625,-0.091796875,-1.169921875,0.011398490483604879,0.49229412040142895,12.127500534057617,1.3604736328125,2502,2501,16.4991447085049,2.9856116901780867,18.095554302515314,0.16488886415502493,0.029837553951973253,0.640625,,
3.918410000000149,1354,,,,-0.078125,0.046875,-0.78125,0.011437282871778635,0.4890710637377781,12.126501083374023,1.3543701171875,2501,2501,16.423770693363622,2.9958896448992025,18.241180425818758,0.16324735611355704,0.02977824476905281,0.642578125,,
3.9431650000000373,1354,,,,-0.173828125,-0.01171875,-1.1484375,0.011429364426685304,0.49600619255887507,12.125001907348633,1.5106201171875,2503,2502,18.316271802177653,2.9947003952403497,16.349945161243483,0.16562798513908314,0.0270800847419126,0.642578125,,
3.968264999999665,1354,,,,-0.423828125,-0.005859375,-0.80078125,0.01228242848800669,0.49841792806236557,12.129714965820312,1.3099888563156128,2514,2507,15.889791435509323,3.2248826960977137,20.29531167344957,0.1545538163808187,0.03136717873769811,0.646484375,,
3.993425000000745,1354,,,,-0.072265625,0.166015625,-1.1328125,0.012890561242463596,0.5043750258958719,12.125499725341797,1.3909912109375,2515,2514,16.86646354617551,3.394100492083056,20.123367787153416,0.14860344502832404,0.02990401778742999,0.646484375,,
4.018504999999888,1354,,,,0.13671875,0.080078125,-0.94140625,0.011030201741057401,0.4954838350995937,12.126500129699707,1.3946533203125,2516,2515,16.91226366965566,2.9055885684777447,17.180364646815512,0.17052787186562365,0.029297310210968465,0.64453125,,
4.046334999999031,1354,,,,0.07421875,0.048828125,-1.1640625,0.011208941481510927,0.5004962439109957,12.126501083374023,1.422119140625,2517,2515,17.245329299475998,2.95262019162199,17.12127463818105,0.16950918554683916,0.02902213319441823,0.640625,,
4.069254999999888,1354,,,,-0.09375,0.13671875,-0.943359375,0.011905337034056501,0.5049418393091347,12.128000259399414,1.3237847089767456,2515,2517,16.05486129385895,3.138072316693261,19.545932283411176,0.1609082864735305,0.03145102471251353,0.640625,,
4.093285000000149,1354,,,,-0.203125,0.03125,-1.025390625,0.010516290630161558,0.5033858809197861,12.128000259399414,1.3357980251312256,2511,2515,16.20055879529673,2.76918758396732,17.093160914741148,0.18178106959392126,0.031072130738226556,0.638671875,,
4.114205000000075,1354,,,,-0.28125,-0.046875,-0.80859375,0.010869778609972907,0.5002961921180794,12.129500389099121,1.3946533203125,2508,2510,16.91644799138885,2.8572783800549963,16.89053388459247,0.17509536193965453,0.02957454143876718,0.63671875,,
4.136904999999329,1354,,,,-0.037109375,0.103515625,-0.984375,0.011131590200641474,0.49074927600057555,12.12457275390625,1.4543806314468384,2506,2508,17.633743777849304,2.923087373295803,16.576669198106703,0.16788731000101856,0.02783012400446876,0.626953125,,
4.160819999998435,1354,,,,0.26171875,-0.09765625,-1.001953125,0.011296478251540804,0.4866815562112783,12.126667022705078,1.29150390625,2506,2506,15.661637829616666,2.96497845205792,18.931471180179184,0.1641433703754185,0.031074754856797136,0.625,,
4.186354999999516,1354,,,,-0.0859375,0.083984375,-0.830078125,0.011698241386508492,0.4901120971476517,12.125500679016113,1.3470458984375,2506,2506,16.333605956169777,3.0700836549311377,18.79611681076131,0.159641284158638,0.03000636224865699,0.62890625,,
4.210094999999739,1354,,,,0.046875,-0.083984375,-0.94140625,0.01172840212736268,0.4945724880429752,12.128500938415527,1.3189697265625,2510,2507,15.997125566354953,3.0792376042499736,19.248693094753257,0.16061524039598785,0.030916334687223858,0.630859375,,
4.232234999999404,1354,,,,-0.0859375,-0.2265625,-0.853515625,0.012344057460551845,0.4990180834411143,12.129714965820312,1.3623046875,2513,2511,16.524367555975914,3.2457338638326316,19.642106439703568,0.1537458412723535,0.03019892178933336,0.62890625,,
4.253959999999963,1354,,,,-0.32421875,0.3125,-1.044921875,0.011724032366387199,0.49828456020042133,12.126286506652832,1.3218470811843872,2511,2513,16.029096424424665,3.0854676000598427,19.249167378881683,0.16149401801877844,0.031086253835316005,0.630859375,,
4.276299999998883,1354,,,,-0.21875,0.126953125,-0.8828125,0.011433005055761003,0.5045528497117974,12.125715255737305,1.4578683376312256,2511,2512,17.677696342471336,3.007631497289756,17.013707210615486,0.1677575361763771,0.028541776028791155,0.6328125,,
4.3004749999996275,1354,,,,-0.0625,0.255859375,-0.9375,0.011262801244851777,0.5017632385994653,12.12800121307373,1.3929966688156128,2506,2510,16.894265289203418,2.9599742362471058,17.520585746565317,0.1695160830979533,0.029700210693395825,0.634765625,,
4.322584999999963,1354,,,,-0.234375,0.1484375,-1.03125,0.011016937191847409,0.5068645593188298,12.125500679016113,1.4013671875,2506,2507,16.99227878358215,2.892766665716762,17.024006624183556,0.17521792038254155,0.02982911037268054,0.63671875,,
4.346954999999143,1354,,,,-0.1484375,-0.08984375,-0.76171875,0.01103895789135181,0.5068645593188298,12.127334594726562,1.3720703125,2504,2505,16.639555767178535,2.895916125722313,17.403806725624836,0.17502736174460345,0.030461423754991005,0.640625,,
4.371665000000037,1354,,,,0.13671875,0.05859375,-1.17578125,0.01124576068617436,0.4984290420508609,12.129000663757324,1.378173828125,2503,2504,16.715871276101097,2.948331374787381,17.63791624192901,0.1690546206281867,0.02981771238951041,0.63671875,,
4.397360000000336,1354,,,,-0.0859375,-0.11328125,-0.8828125,0.011362699721023162,0.4976177208907005,12.126501083374023,1.396484375,2503,2503,16.934469286352396,2.9782549949727426,17.586940249570965,0.16708365191384653,0.02938490202888933,0.6328125,,
4.420270000000484,1354,,,,0.111328125,-0.013671875,-1.0546875,0.011416118344193907,0.505686476538323,12.12700080871582,1.35009765625,2501,2503,16.372635369189084,2.992100303285604,18.2750072655762,0.16900719403792458,0.03088607698977718,0.630859375,,
4.443540000000037,1354,,,,0.1875,-0.220703125,-0.849609375,0.011236236418200169,0.48920443159972227,12.124000549316406,1.435546875,2502,2503,17.40457110106945,2.944597533616516,16.918529715653726,0.16613626345019986,0.02810781310029883,0.630859375,,
4.4693700000001115,1354,,,,-0.07421875,-0.189453125,-1.08203125,0.011368183720743162,0.48798189286523397,12.12171459197998,1.3818359375,2505,2503,16.750220847316086,2.9794296009476335,17.787404883231925,0.16378366272189385,0.02913286322093025,0.626953125,,
4.493875,1354,,,,-0.0859375,-0.015625,-0.84765625,0.012038555666029302,0.4966285759146145,12.126222610473633,1.3020833730697632,2509,2505,15.789352839240337,3.1582745410466493,20.002558516505996,0.1572468034238823,0.03145338387019721,0.626953125,,
4.522839999999851,1354,,,,0.111328125,-0.244140625,-1.0546875,0.011424463536857563,0.5049640672861253,12.126858711242676,1.2681361436843872,2508,2508,15.378507841080705,3.000481363734047,19.510874492769982,0.16829435216278305,0.03283569982890093,0.623046875,,
4.545534999999218,1354,,,,-0.15625,-0.017578125,-0.939453125,0.011032756776854176,0.4989847414756284,12.12800121307373,1.4073350429534912,2506,2507,17.068161108141112,2.896529897091746,16.970368856608513,0.1722698398440951,0.02923482725023168,0.626953125,,
4.570739999999292,1354,,,,-0.13671875,-0.064453125,-0.8515625,0.011242824316350276,0.496417410133203,12.127429008483887,1.3190568685531616,2505,2505,15.99676853153153,2.9493286168598662,18.437027522442357,0.16831539466149278,0.0310323556382469,0.62890625,,
4.59375,1354,,,,0.162109375,-0.236328125,-0.939453125,0.01145375289662186,0.4915161412067546,12.1274995803833,1.4007568359375,2504,2504,16.98767794005107,3.00344021247068,17.680110389835015,0.16365104894244764,0.028933686107147666,0.630859375,,
4.618764999998733,1354,,,,-0.140625,-0.009765625,-0.837890625,0.01185765605747019,0.49381673682529154,12.130000114440918,1.3134765625,2505,2504,15.932470853440464,3.1096978238037196,19.517988467759917,0.15879894600860764,0.030994359968884333,0.623046875,,
4.644345000000671,1354,,,,-0.19921875,-0.201171875,-1.046875,0.011445262380620571,0.4956172029615379,12.123499870300293,1.4202880859375,2504,2505,17.218862425652333,3.001966798256772,17.4341761032047,0.16509749649774288,0.028783388281398706,0.619140625,,
4.673409999999218,1354,,,,-0.07421875,0.0859375,-0.931640625,0.011442142959284656,0.49585059671994025,12.129000663757324,1.3623046875,2503,2504,16.523394458927214,3.0003659281245953,18.158290268883377,0.16526337406780112,0.030009003171381863,0.62109375,,
4.699129999998957,1354,,,,-0.166015625,0.140625,-0.982421875,0.011323743983828545,0.4972620732588494,12.127555847167969,1.4024522304534912,2502,2503,17.008317747809997,2.9681521269012294,17.451179892752243,0.16753254280736424,0.02923640542421529,0.625,,
4.7218250000001865,1354,,,,0.048828125,0.044921875,-1.134765625,0.011414294396572619,0.49766217684468195,12.128000259399414,1.34765625,2502,2502,16.34437534958124,2.9910605239614756,18.300243722915415,0.16638318511373987,0.030448528389763915,0.626953125,,
4.875034999999218,1354,,,,0.224609375,0.1171875,-1.00390625,0.011428523228134764,0.4903380584262477,12.126856803894043,1.3190568685531616,2502,2502,15.996013761137078,2.9947103235117707,18.721603820994034,0.16373472070956396,0.03065376572865564,0.62890625,,
4.898204999999143,1354,,,,-0.00390625,-0.0546875,-0.953125,0.011472269098512422,0.49102156871871155,12.126076698303223,1.3717886209487915,2501,2502,16.634414031484653,3.0053315751580203,18.066951859378413,0.16338349244971204,0.029518416927060635,0.62890625,,
4.921669999999925,1354,,,,0.2734375,-0.111328125,-0.990234375,0.011230341321115438,0.49347220318193574,12.124571800231934,1.4725167751312256,2501,2501,17.853635367124525,2.9416341966291863,16.476387784002114,0.16775444198582024,0.0276398723864726,0.62109375,,
4.946354999999516,1354,,,,-0.046875,-0.0390625,-1.091796875,0.011258097799135648,0.4961840163748006,12.128000259399414,1.3950892686843872,2501,2501,16.919643012489587,2.948732670134436,17.42786575318266,0.16827026111939097,0.029325915210417386,0.623046875,,
4.969879999999888,1354,,,,-0.298828125,-0.080078125,-0.78125,0.011488262298620778,0.49107158166694076,12.125332832336426,1.3671875,2503,2501,16.577603481709957,3.009105987642597,18.151634468531828,0.16319517613656992,0.02962259184258685,0.625,,
4.993570000000298,1354,,,,0.162109375,-0.146484375,-1.103515625,0.011468568471159707,0.4865926443033155,12.126286506652832,1.3560267686843872,2502,2501,16.443569107757526,3.004081358740746,18.269034776175943,0.1619771857667949,0.029591668397206866,0.623046875,,
5.020519999999553,1354,,,,-0.224609375,-0.04296875,-0.837890625,0.011378048799890903,0.48763735922187823,12.125714302062988,1.3246372938156128,2499,2501,16.06217337866599,2.979455103915898,18.54951402699496,0.16366662433710663,0.03035936343892074,0.619140625,,
5.045234999999404,1354,,,,-0.224609375,0.27734375,-0.96484375,0.011188544652404047,0.49751769499424237,12.127556800842285,1.3932291269302368,2499,2499,16.896465373434353,2.92830851527391,17.330894068992524,0.16989934373349497,0.02944507528636551,0.615234375,,
5.071864999999292,1354,,,,0.599609375,-0.009765625,-1.36328125,0.01179114519891837,0.49751769499424237,12.128500938415527,1.300048828125,2499,2499,15.76764343190007,3.085880060095185,19.570965524575684,0.16122392487895212,0.031553078755427524,0.623046875,,
5.097144999999553,1354,,,,0.162109375,-0.171875,-1.068359375,0.011694482961688922,0.49500593359429373,12.126501083374023,1.3543701171875,2501,2500,16.423770693363622,3.061455907249077,18.640396072298575,0.16168971515225566,0.030139603312551822,0.62890625,,
5.132219999998808,1354,,,,-0.015625,-0.23046875,-0.8828125,0.01147202772553132,0.4952504413411914,12.124889373779297,1.4371744394302368,2501,2500,17.425581088914896,3.003875340385392,17.238308008541974,0.16487050400621872,0.028420885295827515,0.625,,
5.160615000000224,1354,,,,-0.0078125,-0.05078125,-0.94140625,0.012434154708143625,0.49815862481828344,12.127999305725098,1.3605290651321411,2509,2506,16.500495557341424,3.2627354324643503,19.773560261423114,0.15268128082393223,0.030190525071632893,0.62109375,,
5.182650000000373,1354,,,,0.099609375,0.048828125,-0.955078125,0.011488819557727016,0.49922924922252593,12.12844467163086,1.4084200859069824,2508,2510,17.081945086336418,3.019481895106292,17.676452417128587,0.1653360631277943,0.029225550527138246,0.615234375,,
5.207285000000149,1354,,,,-0.048828125,0.03125,-1.0625,0.010941938074871392,0.5032969690118232,12.12800121307373,1.2458146810531616,2507,2508,15.109241963077807,2.873653853748679,19.019179524498828,0.1751418210496274,0.03331053736790511,0.615234375,,
5.229520000000484,1354,,,,-0.361328125,0.08203125,-0.8203125,0.010912791802701074,0.4990069694526189,12.127500534057617,1.3165283203125,2502,2505,15.966197907691821,2.8624106853692033,17.92794190525609,0.17433101825786937,0.03125396367611221,0.6171875,,
5.2517700000004846,1354,,,,-0.203125,0.06640625,-1.03125,0.0110845231854632,0.4965396640066517,12.129143714904785,1.2765066623687744,2500,2502,15.482932760904305,2.90437631455724,18.758566993787067,0.17096257861555628,0.03207012984390501,0.6171875,,
5.273784999999218,1354,,,,0.298828125,-0.296875,-0.931640625,0.01126302118613393,0.49356111508989853,12.12600040435791,1.3566080331802368,2499,2500,16.45022955889874,2.949233571607832,17.928221372524533,0.16735233175201655,0.030003296508583185,0.6171875,,
5.297650000000372,1354,,,,-0.015625,0.017578125,-0.9921875,0.011384074827713482,0.48934891345016174,12.128571510314941,1.4753068685531616,2500,2500,17.893364854905826,2.9804452001012876,16.656706126931393,0.16418651597202047,0.027348065465506725,0.61328125,,
5.320705000000075,1354,,,,0.46875,-0.1015625,-1.22265625,0.011366759132832409,0.4910271257129592,12.12600040435791,1.3348388671875,2500,2500,16.18625664326828,2.9757770539605546,18.384590826305438,0.16500803548418919,0.03033605215429307,0.61328125,,
5.344389999999665,1354,,,,0.375,0.1171875,-1.013671875,0.011369441885485528,0.4972731872473447,12.126286506652832,1.4627511501312256,2499,2500,17.73773953442719,2.9763312989764383,16.779653874157272,0.1670758854763101,0.028034755290108238,0.619140625,,
5.371939999998547,1354,,,,0.07421875,0.068359375,-1.26171875,0.011526455088292815,0.4989513995101422,12.12700080871582,1.363525390625,2501,2500,16.53547351481393,3.018034573700892,18.25187873209117,0.16532328816177164,0.030174606071192198,0.623046875,,
5.394855000000447,1354,,,,-0.30078125,0.0390625,-0.912109375,0.012062845344043067,0.49277202190672886,12.129000663757324,1.3494873046875,2506,2503,16.36793241428677,3.1620264005136742,19.318422880055977,0.15584057799981607,0.030105941876727948,0.62109375,,
5.4190599999995905,1354,,,,-0.078125,0.005859375,-0.9609375,0.011735276200700745,0.49821787626944924,12.126500129699707,1.33056640625,2506,2505,16.135113697964698,3.0787216712109795,19.080879929586942,0.16182621538291933,0.030877865851809586,0.62109375,,
5.44355999999959,1354,,,,0.173828125,-0.095703125,-0.9609375,0.011283028716376722,0.49736209915530755,12.12743091583252,1.4195033311843872,2504,2505,17.214928583732785,2.959753199823983,17.19294498044445,0.16804174725949642,0.028891325150502738,0.615234375,,
5.468525000000373,1354,,,,0.32421875,-0.060546875,-0.8359375,0.011327687975371554,0.4973843271322981,12.126500129699707,1.35498046875,2503,2504,16.431170830037445,2.970102860543139,18.076026908037267,0.16746367061554968,0.030270778161653657,0.615234375,,
5.4893250000001865,1354,,,,-0.099609375,-0.126953125,-0.96484375,0.011332342793663169,0.4852811936608645,12.127001762390137,1.4300537109375,2503,2503,17.342263872851618,2.970282561599088,17.127421098977198,0.1633787976722347,0.027982574663769594,0.615234375,,
5.511524999999441,1354,,,,-0.46875,0.060546875,-0.90625,0.011346400730569615,0.5001072543136584,12.128666877746582,1.3289388418197632,2501,2502,16.118256513330266,2.97331047135415,18.446849191754307,0.1681988003378241,0.03102737904065835,0.6171875,,
5.535625,1354,,,,0.0625,-0.078125,-0.9296875,0.0112288873890692,0.4944168922040404,12.122857093811035,1.3309152126312256,2502,2502,16.134494926707475,2.9422001661867627,18.235464943600626,0.16804325480167082,0.03064346881944415,0.615234375,,
5.556614999999292,1354,,,,0.03125,-0.169921875,-0.947265625,0.011342047597937575,0.4894155973811339,12.131001472473145,1.3262939453125,2501,2502,16.089273803518154,2.9715928086043646,18.469402938214543,0.16469806898307587,0.030418749991942832,0.60546875,,
5.580379999998957,1354,,,,0.1484375,0.16796875,-1.330078125,0.011267463189576296,0.49313878352707535,12.126858711242676,1.2820870876312256,2503,2502,15.54768896721248,2.9518297046435196,18.985649319769923,0.1670620709424122,0.03171781893547163,0.603515625,,
5.607649999999441,1354,,,,0.162109375,0.189453125,-0.984375,0.011271481799063818,0.5002961921180794,12.127500534057617,1.2847900390625,2502,2502,15.581291884882376,2.9528438414313123,18.951213180829285,0.1694285979835541,0.03210877479315356,0.60546875,,
5.630310000000522,1354,,,,0.236328125,-0.107421875,-1.193359375,0.011356645886138864,0.49493924966332176,12.12900161743164,1.2786865234375,2502,2502,15.509190910961479,2.975147750704344,19.183126752289763,0.16635787232622268,0.03191264151075167,0.607421875,,
5.652604999999515,1354,,,,-0.224609375,-0.04296875,-0.92578125,0.011338032761267465,0.49563943093852864,12.12800121307373,1.3650949001312256,2502,2501,16.555872604752267,2.969861926204141,17.938419780734836,0.16688972189761647,0.029937378884895394,0.607421875,,
5.675225000000559,1354,,,,-0.640625,-0.04296875,-0.759765625,0.01144178901311713,0.49695088158097966,12.127429008483887,1.2534877061843872,2502,2501,15.201583169758464,2.996967183835059,19.71483595075234,0.1658179256220811,0.03269073201333382,0.62109375,,
5.701174999999814,1354,,,,0.328125,-0.3359375,-0.806640625,0.011408340052281005,0.5021522281968024,12.126858711242676,1.38671875,2501,2501,16.816542353481054,2.988399036452972,17.77059144286202,0.16803386096417136,0.029860610917609706,0.62890625,,
5.7239900000002235,1354,,,,0.08203125,-0.0546875,-0.927734375,0.011423172394896272,0.5021522281968024,12.129000663757324,1.3140869140625,2501,2501,15.938561052898876,2.9923178591564645,18.774077843195432,0.16781379914577635,0.03150549328325168,0.623046875,,
5.747395000000484,1354,,,,0.203125,0.158203125,-1.216796875,0.011508636490823142,0.5066756215144088,12.126287460327148,1.3874162435531616,2501,2501,16.8242081964529,3.0147110988894203,17.918888447451696,0.16806772022070754,0.030115867302523802,0.62109375,,
5.772614999999292,1354,,,,0.38671875,0.009765625,-1.00390625,0.01148919236798164,0.5004740159340049,12.128500938415527,1.30126953125,2502,2501,15.782448730897158,3.0094110943618353,19.068087251063506,0.16630297431668556,0.03171079624381934,0.62109375,,
5.926405000000261,1354,,,,0.19921875,0.07421875,-1.236328125,0.011544110616209587,0.49533935324915424,12.12800121307373,1.2957763671875,2502,2501,15.715177353122272,3.0238817953258423,19.241792360205604,0.16380909928914014,0.031519806752339376,0.619140625,,
5.948239999999292,1354,,,,-0.046875,-0.04296875,-1,0.011446365007471473,0.498064155916073,12.12658977508545,1.3923674821853638,2503,2503,16.884669272630504,3.0006890486397704,17.771677965311344,0.16598326179177025,0.02949801076195308,0.625,,
5.9723499999996275,1354,,,,0.2109375,-0.06640625,-0.8125,0.011479993121241426,0.49558386099605184,12.130858421325684,1.38671875,2502,2502,16.822088826447725,3.0083455587927443,17.883305633620346,0.16473634803939569,0.029460304609549664,0.640625,,
5.995540000000037,1354,,,,0.296875,-0.173828125,-1.197265625,0.011720499611942898,0.4977066327986633,12.128499984741211,1.324462890625,2501,2502,16.063748148735613,3.0709859408390634,19.11749308072153,0.16206737588081516,0.03098321937012179,0.63671875,,
6.018079999999143,1354,,,,0.26171875,0.009765625,-0.99609375,0.011429450782284013,0.4973287571898214,12.129714965820312,1.4222935438156128,2501,2502,17.252015284209847,2.9945139973325623,17.35747359366957,0.16607995742642356,0.02882728475466913,0.638671875,,
6.043939999999479,1354,,,,-0.111328125,0.34765625,-1.048828125,0.011328753027755638,0.4899379548404152,12.125715255737305,1.3246372938156128,2502,2502,16.062174641938554,2.9680359311689757,18.478419001991135,0.16507143653326686,0.03050259169522292,0.638671875,,
6.068825000000186,1354,,,,-0.037109375,0.158203125,-0.97265625,0.011440216307189171,0.4899379548404152,12.129500389099121,1.378173828125,2503,2502,16.716559984488413,2.9970736757809333,17.928770503991075,0.16347210907745013,0.029308539274529994,0.6328125,,
6.095474999999627,1354,,,,-0.412109375,0.052734375,-0.8828125,0.011326403400907254,0.4795797175627511,12.12800121307373,1.343994140625,2502,2502,16.299962567863986,2.967229339157349,18.203902780779128,0.16162542990321904,0.02942213612859831,0.630859375,,
6.119109999999404,1354,,,,-0.236328125,0.123046875,-1.126953125,0.011217683378939526,0.48282500220339264,12.125777244567871,1.3167318105697632,2501,2502,15.966396625805487,2.938666548478603,18.405320983502442,0.16430071062446985,0.030240073168609178,0.6328125,,
6.139660000000149,1354,,,,0.32421875,-0.296875,-0.80078125,0.011507977924582496,0.4882152866236363,12.125715255737305,1.3748605251312256,2501,2501,16.671167244094704,3.0145714968938964,18.082546067443023,0.161951802147229,0.029285009230326866,0.634765625,,
6.161974999998696,1354,,,,0.140625,-0.017578125,-1.28515625,0.011464250970692182,0.4903269444377524,12.125334739685059,1.3590494394302368,2502,2501,16.478929380872955,3.0030322436772265,18.223466915046295,0.16327728264327418,0.0297547815822837,0.6328125,,
6.183754999999889,1354,,,,0.03125,0.044921875,-1.103515625,0.011410465965029822,0.4917939909191382,12.12800121307373,1.4874267578125,2505,2502,18.039513523108326,2.989575244754994,16.572371760055482,0.1645029646876951,0.027262042864357627,0.630859375,,
6.205924999999814,1354,,,,-0.375,0.09375,-0.8359375,0.012747311417336088,0.4886598461634502,12.136001586914062,1.4119466543197632,2515,2507,17.135386837462647,3.3466384211712397,19.53056824987792,0.14601513060751617,0.028517584738449325,0.638671875,,
6.227725000000559,1354,,,,-0.109375,0.111328125,-0.900390625,0.012584978122765576,0.49242748826337307,12.128000259399414,1.3604736328125,2514,2514,16.499824571656063,3.3131808529047326,20.08009744901302,0.14862680611945828,0.029844407504142866,0.638671875,,
6.253804999999702,1354,,,,-0.140625,0.091796875,-1.041015625,0.01056525313675811,0.4932165814465428,12.127334594726562,1.376953125,2512,2515,16.69877126812935,2.7826561338701583,16.66383765122307,0.1772466872364032,0.029536100203245343,0.638671875,,
6.277214999999851,1354,,,,-0.416015625,0.26171875,-0.86328125,0.010753456780107118,0.48928222951918965,12.131000518798828,1.290283203125,2507,2511,15.652426206506789,2.827530861679163,18.064489328202328,0.1730422242778364,0.03125919413795369,0.642578125,,
6.301834999999962,1354,,,,0.15625,0.05859375,-1.16015625,0.010987222922887944,0.4943168663075822,12.126999855041504,1.4044189453125,2506,2508,17.03138834622223,2.88537283258541,16.94150103285867,0.17131819525196484,0.02902387381808646,0.642578125,,
6.451365000000224,1354,,,,0.19921875,0,-0.853515625,0.01108163292785202,0.4925608561253173,12.12742805480957,1.357421875,2505,2507,16.46203612908721,2.909071912871881,17.671397936806642,0.16931889993707772,0.02992101659010445,0.646484375,,
6.481410000000149,1354,,,,-0.05078125,0.04296875,-0.984375,0.011431506927604043,0.49037140039173377,12.127294540405273,1.399548053741455,2503,2503,16.972731471173574,2.996519422027795,17.654903850432518,0.16364699550650372,0.028891719710794857,0.650390625,,
6.507579999999143,1354,,,,-0.1328125,0.080078125,-0.88671875,0.011455498313747236,0.4953801276944465,12.125332832336426,1.2923177480697632,2501,2502,15.669782820481373,3.001255015465767,19.153137282432155,0.1650576592597774,0.031613720073194254,0.638671875,,
6.5315800000000745,1354,,,,-0.26171875,0.224609375,-1.05859375,0.01140213907751735,0.4862592246484551,12.131555557250977,1.4811197519302368,2506,2503,17.968286557483452,2.988519724135753,16.63219091355759,0.16270905650089895,0.0270620809108778,0.638671875,,
6.554239999999292,1354,,,,-0.173828125,-0.13671875,-0.822265625,0.012533348373987516,0.49651743602966114,12.129714965820312,1.337890625,2511,2507,16.22823193669319,3.290151736538452,20.274246445166856,0.1509101937505302,0.030595904591861282,0.6328125,,
6.576199999999255,1354,,,,-0.13671875,0.07421875,-0.994140625,0.011875231797285245,0.496195130363296,12.124000549316406,1.7389787435531616,2512,2511,21.083379242088085,3.122031355538973,14.808021615939824,0.15893342310062583,0.023534895647693767,0.63671875,,
6.6029299999987705,1354,,,,0.546875,-0.1953125,-0.84765625,0.011825142475886107,0.4923719183208964,12.129714965820312,1.3274275064468384,2538,2520,16.101317290989755,3.120223720172092,19.378686003027585,0.15780019719026436,0.03057960472565969,0.646484375,,
6.624400000000373,1354,,,,0.07421875,-0.060546875,-0.9375,0.01646467414971902,0.5014298189446047,12.129500389099121,1.2896728515625,2544,2537,15.643087354837917,4.37376619869788,27.95973773901615,0.11464486123969912,0.032054402533878854,0.640625,,
6.647594999999739,1354,,,,0.21875,-0.091796875,-1.021484375,0.010267641840533205,0.5183341954460287,12.130001068115234,1.3446044921875,2535,2541,16.310053926426917,2.731727320167049,16.748732606830167,0.18974594997802777,0.03178004179410959,0.640625,,
6.669125,1354,,,,0.173828125,0.01953125,-1.017578125,0.010007593413205285,0.5045861916772836,12.12800121307373,1.2430245876312256,2524,2533,15.075403706671977,2.654953597601388,17.611160863482382,0.190054617953832,0.033470824496326226,0.63671875,,
6.693445000000298,1354,,,,-0.21875,-0.111328125,-1.09765625,0.010321302622688685,0.5012964510826606,12.127333641052246,1.3411458730697632,2516,2523,16.264523464037325,2.727309225256856,16.768454552555696,0.1838062389260055,0.03082146563906917,0.642578125,,
6.718660000000149,1354,,,,0.0625,-0.1796875,-0.849609375,0.010539121904641771,0.4981178503729911,12.127500534057617,1.34765625,2513,2516,16.343701891601086,2.77677260513439,16.98986327302846,0.17938733962296607,0.030477663731065138,0.646484375,,
6.743484999998473,1354,,,,-0.0625,0.046875,-1.08984375,0.011126809901237173,0.49487256573234956,12.12900161743164,1.39404296875,2506,2510,16.908349422737956,2.9250183880160923,17.299254438653815,0.16918613837091098,0.029267940551716796,0.646484375,,
6.770375,1354,,,,-0.2109375,-0.189453125,-0.779296875,0.01097861223566515,0.48850425032451533,12.12750244140625,1.3922119140625,2506,2507,16.884053386747837,2.8822227851151605,17.070680357937004,0.1694887199030303,0.02893287761740546,0.642578125,,
6.793615000000224,1354,,,,-0.15625,0.109375,-1.0234375,0.011112599514560185,0.48411422486885297,12.128000259399414,1.4215087890625,2503,2505,17.240058962488547,2.9148914590379267,16.90766525439523,0.16608310521059236,0.028080775473111993,0.640625,,
6.820330000000075,1354,,,,-0.015625,-0.15625,-0.97265625,0.011191162987693078,0.49158282513772666,12.128000259399414,1.3043212890625,2504,2503,15.818808932090178,2.9338800746367055,18.54678242358064,0.16755382382103606,0.031075843146477187,0.638671875,,
6.843955000000075,1354,,,,0.447265625,-0.208984375,-1.001953125,0.011349909450769614,0.4923163483784197,12.126501083374023,1.3873291015625,2502,2503,16.823447853093967,2.97470433419559,17.681894699418095,0.1655009349060401,0.0292637010366385,0.63671875,,
6.868524999999441,1354,,,,0.265625,-0.181640625,-1.0234375,0.011339259066662735,0.49400567462971245,12.130500793457031,1.2908935546875,2502,2502,15.659185289405286,2.9712874073805158,18.974725392583697,0.16625980825773679,0.03154734205514175,0.642578125,,
6.889950000000186,1354,,,,-0.291015625,0.140625,-0.962890625,0.011428564729126378,0.4978400006606074,12.129715919494629,1.3957868814468384,2502,2502,16.930498356107478,2.9946765176600936,17.68805887854919,0.16624166173700702,0.02940492300872038,0.646484375,,
6.911179999998771,1354,,,,-0.328125,0.1171875,-0.888671875,0.011610143584554956,0.49486145174385415,12.126858711242676,1.4167131185531616,2502,2502,17.180279823058186,3.042157533721084,17.707264171786715,0.16266792441170957,0.028804039098343746,0.646484375,,
6.934139999998734,1354,,,,-0.21875,0.203125,-0.822265625,0.011522138426229163,0.4876262452333829,12.121713638305664,1.4794921875,2501,2502,17.93398062698543,3.0187458113158483,16.832547520283995,0.1615327277326574,0.027190073156410522,0.650390625,,
6.956055000000633,1354,,,,0.2109375,0.09375,-1.33984375,0.01138311513474918,0.48282500220339264,12.125143051147461,1.4215959310531616,2502,2502,17.237054024948748,2.9821221751964435,17.30064877026056,0.16190651282474272,0.028010877119985605,0.646484375,,
6.977000000000931,1354,,,,0.109375,-0.341796875,-0.822265625,0.01145491324757928,0.48713722973958756,12.125715255737305,1.4313615560531616,2502,2502,17.35628265670971,3.0008973069052147,17.289977158473548,0.16233052314674695,0.028066910373303167,0.646484375,,
6.999540000000037,1354,,,,-0.125,0.05078125,-1.228515625,0.011506194499814973,0.49650632204116574,12.133334159851074,1.2955728769302368,2502,2502,15.719618644234174,3.0142662655997317,19.17518696743537,0.16471879996387068,0.03158513786358807,0.642578125,,
7.023209999999032,1354,,,,0.349609375,-0.16015625,-0.974609375,0.0113942369812995,0.49248305820584976,12.124000549316406,1.346435546875,2501,2502,16.324185309931636,2.985131677442505,18.286558384180747,0.16497867143595552,0.03016892107358173,0.638671875,,
7.048039999999106,1354,,,,-0.037109375,-0.0078125,-1.078125,0.011468261615342933,0.4954727211110983,12.12800121307373,1.3246372938156128,2501,2503,16.065202706278455,3.0054480899911864,18.707813059941188,0.16485818629213167,0.030841361305541586,0.630859375,,
7.072314999999478,1354,,,,-0.26171875,0.033203125,-0.75390625,0.01163783871935861,0.49542826515711696,12.126501083374023,1.3079833984375,2501,2502,15.86126209818758,3.0496546597049314,19.227061761077678,0.16245389083006928,0.031235109923171123,0.62890625,,
7.099709999999963,1354,,,,-0.0625,-0.09765625,-0.982421875,0.011734078959973004,0.4913160894138383,12.12700080871582,1.42333984375,2503,2502,17.2608434362337,3.074169822368918,17.810078827988598,0.15982073789119303,0.028464199401894524,0.62890625,,
7.123359999999404,1354,,,,0.01953125,0.111328125,-0.896484375,0.011355584746306173,0.49169396502268015,12.126500129699707,1.334228515625,2272,2502,16.17952226777561,2.974892563573711,18.386776286335333,0.16528125117634926,0.03038989389705133,0.623046875,,
7.148370000000112,1354,,,,-0.048828125,-0.224609375,-0.73828125,0.011269001520945543,0.4894267113696292,12.12550163269043,1.370849609375,2462,2502,16.6222391766496,2.952277362692387,17.761008798619944,0.1657793802013531,0.029444090303859933,0.625,,
7.172524999999442,1354,,,,0.19921875,0.025390625,-1.326171875,0.011479233108132392,0.4897823590014803,12.128000259399414,1.275634765625,2494,2502,15.47089876839891,3.007406873179857,19.439121916580767,0.16285869510021203,0.03165830029228277,0.626953125,,
7.194459999999963,1354,,,,-0.099609375,-0.09375,-0.744140625,0.011483721642989596,0.4958061407659587,12.126856803894043,1.3685826063156128,2501,2502,16.59660529108953,3.008565952732365,18.127598385120475,0.16479816249853854,0.029873949043793285,0.623046875,,
7.2272250000005585,1354,,,,-0.375,0.060546875,-1.205078125,0.011486523029790459,0.49822899025794465,12.130287170410156,1.3832310438156128,2502,2502,16.778989784509577,3.009598572078413,17.93670900769536,0.16554665957123652,0.029693622599252754,0.6328125,,
7.2533449999988076,1354,,,,-0.0625,-0.11328125,-1.01171875,0.011916743261086488,0.4906603640926127,12.124728202819824,1.333451747894287,2507,2504,16.167740014793253,3.1253344283970814,19.330682120923797,0.15699451541391113,0.030348110721947867,0.634765625,,
7.276894999998621,1354,,,,-0.349609375,0.1171875,-0.8359375,0.011631446728246349,0.4848588620980413,12.12900161743164,1.326904296875,2508,2508,16.09402436297387,3.0547671357359145,18.980753768235576,0.15872203691926765,0.030126639003574155,0.6328125,,
7.301169999999925,1354,,,,0,-0.14453125,-1.09765625,0.011061637694199333,0.48990461287492915,12.126287460327148,1.3929966688156128,2506,2507,16.891878037336255,2.904022473078858,17.191827141186277,0.16869863006105804,0.029002376869646407,0.6328125,,
7.3230349999992175,1354,,,,-0.109375,-0.001953125,-0.857421875,0.011177120700992218,0.48900437980680594,12.128000259399414,1.37451171875,2504,2506,16.670078481547534,2.932610024275948,17.592058894756356,0.1667471555231895,0.029334257804970464,0.6328125,,
7.474410000000149,1354,,,,0.0625,-0.1796875,-0.919921875,0.011413988239425734,0.48922665957671296,12.125143051147461,1.3316127061843872,2504,2505,16.145994551211288,2.9945442463560674,18.54666949662394,0.1633726601876168,0.030300187332839814,0.6328125,,
7.496354999999515,1354,,,,0,0.076171875,-0.9765625,0.011455224553049929,0.49397976514403275,12.12658977508545,1.391122817993164,2503,2503,16.86957574056396,3.0024523251427273,17.79803103123181,0.1645254317637002,0.02928228739957148,0.626953125,,
7.521500000000931,1354,,,,-0.0859375,0.17578125,-1.21484375,0.011839871555091266,0.4942612963651054,12.128571510314941,1.3483537435531616,2506,2504,16.353604799885375,3.104575771488217,18.984045471797003,0.1592041337513161,0.030223385144330366,0.638671875,,
7.546319999999366,1354,,,,-0.486328125,0.34375,-0.90625,0.011751173036764184,0.48983792894395706,12.126501083374023,1.287841796875,2506,2506,15.617014945019037,3.0836724323452,19.7455944250647,0.15884888544125442,0.031365656667965744,0.64453125,,
7.570349999999627,1354,,,,0.125,-0.06640625,-1.158203125,0.011314498485141447,0.49959601084287236,12.122858047485352,1.3741629123687744,2504,2506,16.658781920765705,2.9692664554470656,17.82403101000908,0.16825570164859155,0.029989948437953315,0.646484375,,
7.593515000000596,1354,,,,-0.046875,0,-0.728515625,0.011294659893278656,0.4957839127889681,12.126501083374023,1.2908935546875,2503,2505,15.654022089438513,2.9626591722720024,18.92586554014674,0.16734422826259882,0.031671343630175694,0.6484375,,
7.620525000000373,1354,,,,0.3984375,-0.08984375,-1.0625,0.011332740476565961,0.4928053638722149,12.122857093811035,1.3804408311843872,2504,2504,16.73488692291005,2.9711747662322496,17.754376112124863,0.1658621261438424,0.029447785703144765,0.6484375,,
7.64630999999959,1354,,,,-0.13671875,-0.1015625,-0.74609375,0.011458161363909385,0.4950948455022566,12.12800121307373,1.3525390625,2502,2503,16.403595390729606,3.0030841574557634,18.30747519627885,0.16486212824675045,0.030182093236831267,0.64453125,,
7.670560000000521,1354,,,,-0.291015625,-0.083984375,-0.9296875,0.011379219910364663,0.49787334262609356,12.12600040435791,1.3177490234375,2502,2502,15.979025191045366,2.9818045204177066,18.660741095074485,0.16697048355012517,0.03115792964048279,0.64453125,,
7.693509999998845,1354,,,,0.046875,-0.107421875,-0.970703125,0.011364856514981226,0.4888710119448618,12.130001068115234,1.3775634765625,2502,2502,16.70984644209966,2.977602375181947,17.81944786566093,0.1641827720247534,0.02925646346534787,0.646484375,,
7.720450000000186,1354,,,,-0.07421875,-0.130859375,-0.923828125,0.011210439290026408,0.48408088290336687,12.128572463989258,1.3065011501312256,2501,2502,15.845993873651878,2.93689615598227,18.53399780032498,0.16482737461361205,0.030549101985220272,0.64453125,,
7.743459999999032,1354,,,,0.287109375,-0.01171875,-1.1796875,0.011452891716112398,0.489548965243078,12.124000549316406,1.357421875,2501,2502,16.457383558154106,3.000369444712086,18.231144908970045,0.16316289519141364,0.02974646386001754,0.640625,,
7.764669999999925,1354,,,,0.3125,0.212890625,-1.19921875,0.011247561018753285,0.4967508297880634,12.128572463989258,1.3776506185531616,2502,2502,16.708935357181645,2.9464191478028656,17.633793445352396,0.1685947602392174,0.029729651780270705,0.640625,,
7.786094999998808,1354,,,,0.15625,-0.095703125,-1.232421875,0.011312131391545749,0.4944724621465171,12.122857093811035,1.3818359375,2503,2501,16.751799597404897,2.9630178072646576,17.68775820195266,0.1668813670083862,0.02951757268055655,0.638671875,,
7.810159999999217,1354,,,,-0.26171875,-0.041015625,-0.796875,0.0113141297271722,0.5041972020799463,12.125334739685059,1.3541666269302368,2502,2501,16.419723644839337,2.9633154177140084,18.04729167074239,0.17014631620581902,0.03070680195268778,0.640625,,
7.9633699999991805,1354,,,,-0.4375,0.015625,-0.990234375,0.011478808037369814,0.5018299225304372,12.126001358032227,1.34765625,2501,2501,16.341681517660618,3.006430174527318,18.397312242796062,0.16691886835833025,0.03070858540402373,0.640625,,
7.996370000000112,1354,,,,0.001953125,-0.048828125,-0.951171875,0.011443342627016939,0.48911920120044855,12.128000259399414,1.3781977891921997,2503,2502,16.714783144826697,2.9987514430106788,17.940714019606087,0.16310761678513236,0.02926267107161562,0.630859375,,
8.024074999999256,1354,,,,0.197265625,0.130859375,-1.125,0.011692533275320422,0.4996404667968538,12.126546859741211,1.392045497894287,2504,2503,16.880704961106858,3.065294384727998,18.158568565651944,0.1629991785735744,0.029598317602731957,0.62890625,,
8.049139999998733,1354,,,,0.25,0.048828125,-1.224609375,0.011166692354177167,0.5002072802101165,12.126224517822266,1.3129340410232544,2505,2504,15.920932958539652,2.92836650078803,18.393184045268633,0.17081443872394717,0.03141821409038821,0.62890625,,
8.07267999999877,1354,,,,-0.298828125,0.03125,-0.89453125,0.011268159204523176,0.496484094064175,12.12600040435791,1.30615234375,2502,2503,15.838403848465532,2.953911205227736,18.6503086642403,0.1680768511881852,0.03134685153973237,0.630859375,,
8.097390000000596,1354,,,,-0.32421875,0.037109375,-1,0.01146141800401218,0.49112715160941733,12.127429008483887,1.3399832248687744,2502,2503,16.250551432155362,3.00397108779286,18.485348637762712,0.16349263599945912,0.030222183761568367,0.630859375,,
8.124115000000224,1354,,,,0.099609375,-0.0625,-0.921875,0.011305954451026397,0.4945502600659845,12.12600040435791,1.3311767578125,2503,2502,16.141849903506227,2.9628415223575457,18.35503080544676,0.16691755408924766,0.030637768472779662,0.6328125,,
8.14803500000015,1354,,,,0.412109375,-0.169921875,-0.986328125,0.011316012642532416,0.49372782491732886,12.128500938415527,1.407470703125,2501,2502,17.070509743643925,2.9648481967836666,17.36824641623608,0.16652718525452187,0.028922851885027315,0.634765625,,
8.172984999999404,1354,,,,-0.099609375,-0.056640625,-0.88671875,0.011432564893728741,0.4909715557704826,12.129500389099121,1.439208984375,2502,2502,17.456885935971513,2.995043449080126,17.15680253663435,0.16392802445696597,0.02812480745828732,0.630859375,,
8.197770000000485,1354,,,,0.25,-0.01171875,-1.205078125,0.011468640154690676,0.4914494572757825,12.125500679016113,1.419677734375,2502,2502,17.21430333214812,3.004331569176151,17.452530672940394,0.1635802992978395,0.028548901909843133,0.62890625,,
8.222569999999367,1354,,,,-0.09375,0.15625,-0.9921875,0.011541659682226795,0.49058256617314533,12.12399959564209,1.34765625,2503,2502,16.338983830064535,3.024058716484229,18.508242299131307,0.16222653465654155,0.030025280107716937,0.626953125,,
8.248035000000149,1354,,,,-0.103515625,0.279296875,-1.033203125,0.011782656918660738,0.49320546745804744,12.126286506652832,1.4104353189468384,2504,2503,17.10334277665163,3.088961571849215,18.060572206189214,0.15966707774962338,0.028836787866483003,0.626953125,,
8.272274999999441,1354,,,,-0.037109375,0.154296875,-1.01171875,0.011739919560806123,0.4927386799412429,12.130500793457031,1.2957763671875,2506,2505,15.718416250310838,3.0794422205341734,19.59130087595992,0.160009068088886,0.03134785795811323,0.62890625,,
8.29752499999944,1354,,,,-0.01171875,0.173828125,-1.099609375,0.011581886858891733,0.49132720340233355,12.125500679016113,1.358642578125,2504,2505,16.47422150359489,3.0385339076583677,18.444172958311384,0.1616987726100357,0.029824001291661618,0.630859375,,
8.321799999999813,1354,,,,0,0.2109375,-1.08203125,0.01129081748833801,0.4925052861828405,12.129500389099121,1.3189697265625,2504,2505,15.998443811549805,2.961730873251643,18.51261852801878,0.16628968237148634,0.030784574548887358,0.62890625,,
8.347040000000037,1354,,,,-0.375,0.103515625,-0.880859375,0.011240385958425544,0.4933054933545056,12.127001762390137,1.3275146484375,2503,2504,16.098772481200285,2.947405050368535,18.308259550909458,0.16736942663948548,0.030642429038026005,0.630859375,,
8.369150000000372,1354,,,,-0.25,0.18359375,-0.96484375,0.011277010653390917,0.49158282513772666,12.128501892089844,1.3909912109375,2503,2503,16.87063953373581,2.955778171972675,17.520249698075027,0.1663124891438136,0.029138363377080062,0.6328125,,
8.393459999999031,1354,,,,0.140625,-0.220703125,-0.810546875,0.011325971784481118,0.48862650419796416,12.12742805480957,1.2765066623687744,2501,2502,15.480742709362403,2.96780738105565,19.170962509833505,0.16464225654164913,0.03156350527694346,0.634765625,,
8.420910000000148,1354,,,,0.474609375,-0.11328125,-1.046875,0.011415024227142296,0.49571722885799613,12.127500534057617,1.44287109375,2502,2502,17.498419960029423,2.990680082951322,17.091143599152097,0.16575401417352625,0.028329256583756297,0.63671875,,
8.44349499999918,1354,,,,-0.009765625,0,-0.923828125,0.011449465858161647,0.5029302073914768,12.131999969482422,1.3177490234375,2503,2502,15.986931112129241,2.9995047041265877,18.76222949288167,0.1676710847292779,0.031458833710111184,0.63671875,,
8.472284999999218,1354,,,,-0.1875,-0.033203125,-1.0390625,0.011706328490513868,0.49859575187829097,12.129143714904785,1.3860212564468384,2503,2502,16.811251011356603,3.067727738877719,18.24806337616016,0.16252933582062096,0.029658456205399093,0.638671875,,
8.495054999998771,1354,,,,-0.041015625,0.19140625,-1.0390625,0.01168676056336742,0.4994774384781127,12.130001068115234,1.337890625,2504,2504,16.22861471027136,3.0639496560291044,18.879921119144445,0.16301750829856593,0.030777576977163993,0.63671875,,
8.521930000000633,1354,,,,0.21875,-0.18359375,-0.974609375,0.01144704552592014,0.49959601084287236,12.123429298400879,1.4892578125,2504,2503,18.054911796934903,3.0009965680312196,16.62149669731804,0.16647670182796256,0.027670919496138795,0.630859375,,
8.544330000000075,1354,,,,0.0625,0.076171875,-1.138671875,0.01183791432308793,0.48609619632971396,12.125499725341797,1.3751220703125,2508,2505,16.674042285885662,3.1053242777976586,18.62370398584314,0.15653637199991893,0.029152870551443152,0.630859375,,
8.571369999999181,1354,,,,-0.109375,-0.1796875,-0.849609375,0.012288132009806906,0.4835029555016088,12.13028621673584,1.3051060438156128,2509,2508,15.831309854675169,3.2275708077039167,20.387263197623394,0.14980398086001132,0.030540931858447886,0.6328125,,
8.593704999999144,1354,,,,-0.0625,0.01171875,-0.935546875,0.011165057187160826,0.49722873129336326,12.128890037536621,1.2901475429534912,2507,2508,15.64805768068095,2.9327474350922493,18.741926282090663,0.16954365907670566,0.031775747600115284,0.63671875,,
8.623159999999217,1354,,,,0.390625,-0.275390625,-0.912109375,0.011099385710617825,0.5058754143427439,12.125715255737305,1.3065011501312256,2506,2506,15.842260927784537,2.9132257225445612,18.388951777932633,0.17364786066109775,0.03193202136038092,0.638671875,,
8.647450000000186,1354,,,,0.103515625,-0.109375,-0.958984375,0.011383171727010472,0.4980400524535237,12.132400512695312,1.359375,2502,2504,16.49248194694519,2.985329591106251,18.101154215052556,0.16682916818875224,0.030198005009535442,0.642578125,,
8.669084999999031,1354,,,,-0.3984375,0.08203125,-0.974609375,0.011154220537660612,0.4910604676784452,12.128570556640625,1.3218470811843872,2500,2502,16.03211558923431,2.9224747068711694,18.228877471627225,0.16802898807777175,0.030629798353512133,0.642578125,,
8.693660000000149,1354,,,,-0.486328125,0.24609375,-0.65234375,0.011268175273930701,0.4909493277934918,12.128571510314941,1.4006696939468384,2501,2500,16.988122545365172,2.9501978733131815,17.366238472997576,0.16641233872294048,0.028899563591118334,0.65234375,,
8.719694999999367,1354,,,,0.171875,0.099609375,-1.244140625,0.011580964474899693,0.49018246258731285,12.126500129699707,1.4520263671875,2498,2500,17.607997930026613,3.032342490551089,17.221392815932173,0.16165141771245917,0.027838625636785953,0.65625,,
8.743514999999665,1354,,,,-0.17578125,-0.154296875,-0.90234375,0.011499566358279058,0.49309432757309396,12.127001762390137,1.3818359375,2501,2501,16.757526849396527,3.0114418494975057,17.970681930346743,0.1637402786493694,0.029425244667941632,0.654296875,,
8.770834999999032,1354,,,,0.28125,-0.212890625,-1.083984375,0.011420170629570249,0.4979177985800749,12.124500274658203,1.3348388671875,2500,2501,16.18425421183929,2.990560470202352,18.478209938241477,0.16649648236217873,0.030765569550670578,0.6484375,,
8.799879999999888,1354,,,,0.322265625,-0.1875,-0.962890625,0.011475437911443046,0.4982734462119261,12.128499984741211,1.3018798828125,2502,2501,15.789850138826296,3.0056617216466104,19.035403725940807,0.1657782852352905,0.03155656588447927,0.646484375,,
8.82389999999944,1354,,,,-0.353515625,0.09765625,-1,0.011479374239450673,0.49058256617314533,12.12800121307373,1.3595919609069824,2502,2501,16.489132951165175,3.006985918279758,18.236167584950394,0.16314761010048187,0.029751871588765327,0.646484375,,
8.847680000000633,1354,,,,-0.5,0.185546875,-0.697265625,0.011458982580500997,0.48569241123519236,12.12600040435791,1.358642578125,2503,2501,16.474900451721624,3.0017541618903016,18.22016570410669,0.16180286094092933,0.02948074937742265,0.6484375,,
8.869099999999628,1354,,,,-0.236328125,0.04296875,-1.033203125,0.01145670547558745,0.48766701967867515,12.13028621673584,1.3197544813156128,2501,2502,16.008999594178135,3.001323566224507,18.747727167886083,0.1624839871204331,0.03046205459684196,0.650390625,,
8.893615000000224,1354,,,,-0.474609375,0.12890625,-0.73046875,0.011533529819623998,0.4857924371316505,12.125143051147461,1.3225446939468384,2501,2502,16.036043605641453,3.0214791094437294,18.841799035647284,0.16077967761328904,0.03029378374605751,0.65234375,,
8.929239999999293,1354,,,,0.01171875,-0.126953125,-0.841796875,0.011498279128869165,0.4898601569209478,12.128000259399414,1.375732421875,2502,2502,16.684883169364184,3.0122490986079784,18.05376200738939,0.16262272504200337,0.02935951974901452,0.65625,,
8.954544999999925,1354,,,,0.337890625,-0.0390625,-1.12890625,0.011320819932427999,0.49350554514742184,12.12466812133789,1.3533529043197632,2502,2502,16.40895481592588,2.9656412080610135,18.073309612521328,0.16640770427859145,0.03007537961335873,0.65625,,
8.976740000000223,1354,,,,-0.037109375,-0.021484375,-1.072265625,0.011349509811591118,0.49060479415013614,12.127001762390137,1.35009765625,2500,2501,16.372636656742543,2.97305073146572,18.15865577302337,0.16501729652903266,0.02996492284265628,0.65625,,
8.999879999998956,1354,,,,-0.359375,0.25390625,-0.9296875,0.011424453895213045,0.48981570096696636,12.130857467651367,1.2716238498687744,2500,2501,15.425887675224203,2.9926643388001777,19.400273111068675,0.16367211471612744,0.031752837261590346,0.658203125,,
9.023455000000075,1354,,,,0.0234375,0.015625,-1.080078125,0.011427613140732833,0.5000516843711815,12.129144668579102,1.3971818685531616,2502,2501,16.946621011996967,2.9934887303960145,17.66422184267202,0.16704645629483586,0.02950745662024197,0.65625,,
9.04915500000026,1354,,,,-0.0625,0.119140625,-0.802734375,0.011460231103598846,0.4961729023863052,12.124000549316406,1.4013671875,2502,2502,16.990176551043987,3.0021622028191493,17.66998826527601,0.165271850375166,0.02920351656709636,0.654296875,,
9.07343999999948,1354,,,,-0.05078125,0.01953125,-0.9921875,0.011421376813272615,0.4948947937093403,12.127501487731934,1.414794921875,2502,2502,17.157927519874647,2.991928362390865,17.4375859725786,0.16540997435976956,0.02884350648620504,0.65234375,,
9.09867999999877,1354,,,,0.203125,0.08203125,-0.9921875,0.011406480612229177,0.4923052343899243,12.12900161743164,1.36474609375,2501,2501,16.553007578477263,2.9878180347579244,18.050001007930298,0.1647708222732551,0.029741135081097582,0.646484375,,
9.125094999998808,1354,,,,0.375,-0.150390625,-1.08984375,0.011429618882260139,0.49199404271205455,12.12550163269043,1.3232421875,2502,2501,16.044975304976106,2.993938608344675,18.659664794972606,0.16433003714263672,0.030663434088269992,0.642578125,,
9.277959999999032,1354,,,,-0.08203125,-0.0390625,-0.98828125,0.011412401949608394,0.4896230816538563,12.12800121307373,1.3406033515930176,2502,2501,16.258839074370826,2.989517586011944,18.387029801681155,0.16377996367869505,0.03011427073078423,0.638671875,,
9.301504999998956,1354,,,,-0.01953125,0.056640625,-0.96484375,0.011493557198094358,0.49274791844417953,12.127840995788574,1.3300398588180542,2502,2502,16.130511925806445,3.0109082287885767,18.665918618314688,0.16365424682586027,0.030547568527930936,0.638671875,,
9.351394999999552,1354,,,,-0.671875,0.240234375,-0.96484375,0.011707225303187845,0.48560349932722957,12.126286506652832,1.3120814561843872,2502,2502,15.910675657758134,3.0668823710099637,19.275626233475098,0.1583378299466093,0.030520608286703818,0.65234375,,
9.505745000000111,1354,,,,0.095703125,-0.01953125,-1.04296875,0.011658201593108713,0.4936166850323753,12.12900161743164,1.37054443359375,2502,2502,16.623335651820526,3.054128833389413,18.372539046066464,0.1616227448023432,0.02969420189613486,0.646484375,,
9.52977499999851,1354,,,,-0.08203125,-0.0078125,-0.9609375,0.011537491605415834,0.49504115104533847,12.128458976745605,1.382399320602417,2505,2505,16.76637344940741,3.0266536750757744,18.051928070245555,0.16356055373033213,0.029525833510694894,0.64453125,,
9.556509999999777,1354,,,,-0.078125,-0.103515625,-0.99609375,0.011177148927255876,0.4962507003057728,12.129000663757324,1.3299560546875,2502,2505,16.13103787007276,2.9320213036800884,18.176271900766814,0.16925207865403644,0.03076371801385737,0.646484375,,
9.579854999999515,1354,,,,0.34375,-0.234375,-1.0390625,0.011295135268273493,0.4959839645818844,12.130001068115234,1.376953125,2504,2504,16.70244287699461,2.961869139552399,17.733149344470917,0.16745640715809543,0.029695294768230355,0.638671875,,
9.606504999999888,1354,,,,-0.03125,0.15625,-0.923828125,0.01136387865659972,0.4964952080526704,12.12450122833252,1.84814453125,2507,2503,22.407830639276654,2.9789727084962387,13.294337843105025,0.16666658497294431,0.022157218877868926,0.63671875,,
9.628689999999478,1354,,,,-0.125,0.1171875,-0.96484375,0.013959122765951406,0.5062088339976044,12.130500793457031,1.3592529296875,2538,2517,16.488418742083013,3.678943431770946,22.312287729454997,0.13759625375754386,0.03070087204333422,0.642578125,,
9.650615000000224,1354,,,,-0.125,0.119140625,-1.07421875,0.014590196486061642,0.514633237277078,12.126858711242676,1.3351004123687744,2538,2538,16.19057406611796,3.8772713973443325,23.947707978176663,0.13273077495415123,0.03178597838319098,0.646484375,,
9.675300000000744,1354,,,,-0.111328125,0.064453125,-0.87109375,0.009420551825994397,0.5099320201435458,12.129714965820312,1.3713728189468384,2527,2536,16.634361405698655,2.50203534955978,15.041367014561944,0.20380688075940478,0.030655340935952707,0.6484375,,
9.698429999999702,1354,,,,-0.0859375,0.072265625,-0.9921875,0.009752972253602095,0.5009963733932863,12.126858711242676,1.3999720811843872,2522,2527,16.977263628207425,2.5812222342416127,15.203994535096676,0.19409269250327982,0.029509842361220662,0.6484375,,
9.723905000000261,1354,,,,-0.046875,-0.27734375,-1.08203125,0.010777759034178939,0.49840681407387016,12.128000259399414,1.3311767578125,2516,2519,16.14451206405647,2.8433795435210696,17.612050040530256,0.17528676929871742,0.030871593523318936,0.65234375,,
9.748125,1354,,,,-0.4375,0.12109375,-0.73828125,0.010761532286192275,0.49840681407387016,12.128000259399414,1.370849609375,2509,2515,16.625664418097585,2.8337570746819467,17.0444741540513,0.17588198315475226,0.029978159160444613,0.654296875,,
9.76991500000097,1354,,,,0,0.125,-1.12109375,0.01098159013617432,0.4949837056173031,12.13028621673584,1.3337053060531616,2507,2510,16.17822709120412,2.8863899688610015,17.841200723596543,0.1714888531893799,0.030595670516111055,0.65625,,
9.793574999999255,1354,,,,0.3984375,0.03515625,-1.08203125,0.011120143193123197,0.48950450928909667,12.129714965820312,1.4243861436843872,2506,2507,17.277397924155594,2.9192779547335403,16.896513974781392,0.16767999377907014,0.028332073581793158,0.65625,,
9.818620000000111,1354,,,,0.28125,0.080078125,-1.376953125,0.011131539896409215,0.4876151312448875,12.126999855041504,1.37451171875,2503,2505,16.6687034140341,2.9204476513392432,17.520544812624074,0.16696588655553526,0.02925333297575763,0.658203125,,
9.845679999999701,1354,,,,-0.173828125,0.015625,-0.9140625,0.011226137027003927,0.4875929032678968,12.1274995803833,1.402587890625,2504,2504,17.009884055005386,2.9435256167894117,17.30479530178361,0.16564928142182384,0.02866526906892208,0.65625,,
9.869104999999516,1354,,,,-0.40625,-0.12890625,-0.94140625,0.011320979207330049,0.4940167886182078,12.125999450683594,1.337890625,2502,2503,16.22326098382473,2.9673404195085453,18.290653293854472,0.16648470305945806,0.0304511398239086,0.658203125,,
9.893739999999292,1354,,,,0.0625,-0.171875,-0.865234375,0.011313311305260159,0.4914494572757825,12.125001907348633,1.329345703125,2502,2502,16.118319185916334,2.964671874094688,18.39318256388124,0.16576858355559326,0.030490118206940284,0.66015625,,
9.91877499999944,1354,,,,0.236328125,-0.1875,-0.96875,0.01135751000106187,0.4888265559908804,12.12600040435791,1.298828125,2502,2502,15.749590368941426,2.9759350307198345,18.895317027345996,0.16425982118051835,0.031037413960610567,0.658203125,,
9.943574999999255,1354,,,,-0.041015625,0,-0.98046875,0.011256413864960811,0.4895267372660873,12.128572463989258,1.2995256185531616,2502,2502,15.761390633432484,2.94898373499272,18.710174778216867,0.16599845277454395,0.03105860064325296,0.65234375,,
9.968704999999144,1354,,,,0.2734375,0.060546875,-1.15234375,0.011390432025065095,0.49887360159067484,12.129501342773438,1.3482666015625,2504,2502,16.353801554068923,2.9847616948791247,18.251179611119213,0.16714017820805557,0.030505054127096958,0.6484375,,
9.993514999999665,1354,,,,-0.0625,0.0390625,-0.953125,0.011842646112968258,0.4974954670172516,12.127001762390137,1.40625,2505,2505,17.05359622836113,3.1060088580474017,18.213219173571886,0.16017194082633848,0.0291724666372649,0.64453125,,
10.023404999999329,1354,,,,0.111328125,0.0390625,-1.169921875,0.011619638368659686,0.4908159599315477,12.131999969482422,1.431884765625,2506,2506,17.371625932864845,3.049006278529753,17.551645944444566,0.1609757130996207,0.028253887219790292,0.642578125,,
10.04852999999933,1354,,,,0.162109375,0.068359375,-0.927734375,0.01127956521845885,0.49665080389160526,12.125201225280762,1.3701171875,2505,2505,16.61294660065323,2.9589852569614687,17.811321062364215,0.16784497412522004,0.02989540722848508,0.64453125,,
10.073449999999255,1354,,,,0.07421875,0.146484375,-1.2109375,0.011750579866025474,0.4992737051765073,12.131501197814941,1.38427734375,2504,2505,16.79336225381121,3.081941496131846,18.352140861085797,0.1619997348434898,0.02973041953306274,0.650390625,,
10.098154999999329,1354,,,,-0.166015625,0.208984375,-1.048828125,0.01123600893128318,0.49556163301906114,12.130857467651367,1.3211495876312256,2504,2505,16.026677341000777,2.946982437058891,18.387981328604376,0.16815900454216318,0.030921046357579945,0.6484375,,
10.12259500000067,1354,,,,0.111328125,0.0390625,-0.9140625,0.011349776843224026,0.4960506485128565,12.122499465942383,1.551513671875,2504,2504,18.808223658706993,2.9766935160549015,15.826553161371434,0.16664485135516635,0.026374135990413803,0.6484375,,
10.143884999998845,1354,,,,0.25,-0.205078125,-1.037109375,0.01207634141062199,0.49386119277927293,12.128000259399414,1.2896728515625,2512,2508,15.641152678290382,3.171500778182658,20.27664356594792,0.1557184523417543,0.031574475547748004,0.6484375,,
10.168915000000037,1354,,,,-0.224609375,0.07421875,-1.16015625,0.012876100731965103,0.501885492472914,12.126856803894043,1.3650949001312256,2516,2512,16.554310377617412,3.3876284215869106,20.46372421630575,0.14815246243500618,0.030317511332365644,0.650390625,,
10.196144999999554,1354,,,,-0.19921875,0.087890625,-0.94140625,0.010875918101786026,0.5072980048701484,12.12650203704834,1.3104248046875,2510,2514,15.890869063441642,2.8628703099904587,18.01581964183914,0.177199086909333,0.031923867904571225,0.646484375,,
10.21953500000015,1354,,,,-0.224609375,0.3359375,-1.30859375,0.011508400090624997,0.49982940460127473,12.130500793457031,1.3433837890625,2511,2512,16.29591811913997,3.0267683959267715,18.57378254970338,0.1651363233717891,0.030672061613651116,0.650390625,,
10.245104999999516,1354,,,,-0.3359375,0.072265625,-0.865234375,0.011280309632889196,0.4978066586951214,12.126858711242676,1.2332589626312256,2506,2509,14.955557194202584,2.9635775750367412,19.815895433073877,0.16797490401072082,0.03328573133257066,0.654296875,,
10.270004999999887,1354,,,,0.099609375,0.025390625,-1.138671875,0.011171482993895875,0.4948392237668636,12.129000663757324,1.4105224609375,2505,2507,17.108227864955552,2.932476565482745,17.14073829639376,0.1687444767987099,0.028924049157685757,0.65625,,
10.293884999998845,1354,,,,0.236328125,-0.01953125,-0.884765625,0.0110747247594232,0.4972620732588494,12.129000663757324,1.2994384765625,2504,2505,15.760890144738369,2.904993922450481,18.43166151005936,0.17117491001130514,0.03155038000343248,0.654296875,,
10.32105999999959,1354,,,,0.01171875,-0.15234375,-0.927734375,0.011240723974919523,0.4947391978704055,12.12399959564209,1.435546875,2505,2504,17.404569732025266,2.947715607161962,16.93644630431754,0.16783817158899417,0.02842582180931833,0.650390625,,
10.343569999998435,1354,,,,-0.287109375,0.25,-1.01953125,0.011672086539349785,0.4930498716191125,12.12800121307373,1.2934027910232544,2503,2504,15.686390618522978,3.0611869747292513,19.514922515792172,0.161064931900385,0.03143169666047356,0.6484375,,
10.367219999999739,1354,,,,0.01171875,-0.177734375,-0.8125,0.011444685558757344,0.4950392755597799,12.126858711242676,1.3846261501312256,2505,2504,16.791165690533262,3.0015086904401276,17.87552303252154,0.16493014900689476,0.02948212677329957,0.646484375,,
10.38872000000067,1354,,,,0.44921875,-0.09375,-1.2421875,0.011269271486991993,0.49518375741021936,12.131429672241211,1.3190568685531616,2502,2504,16.0020456345394,2.9547020508795727,18.464527088349477,0.16759177368249709,0.030945028449450025,0.6484375,,
10.410610000000336,1354,,,,0.125,-0.158203125,-0.890625,0.011344343566938218,0.49515041544473326,12.127429008483887,1.4139230251312256,2503,2503,17.147251110739717,2.973310347661346,17.339865897217155,0.16653169617298552,0.028876372792756805,0.64453125,,
10.432544999998994,1354,,,,-0.15625,0.033203125,-0.951171875,0.011516423166774753,0.496995337534961,12.125143051147461,1.3909040689468384,2503,2503,16.864910806403486,3.018318121965671,17.897029854552432,0.164659693727477,0.029469194544821154,0.642578125,,
10.453564999999479,1354,,,,-0.19921875,-0.029296875,-1.013671875,0.011854249343074491,0.48956007923157335,12.11933422088623,1.4599609375,2505,2503,17.693754551000893,3.107753439280856,17.56412654150364,0.1575286099095619,0.027668524383587093,0.650390625,,
10.474765000000597,1354,,,,-0.09375,0.14453125,-0.73046875,0.011691897883086772,0.4834584995476275,12.129143714904785,1.4069474935531616,2503,2504,17.06506834863137,3.0657997909879398,17.96535313164344,0.15769408719016031,0.028330299631434006,0.646484375,,
10.497830000000075,1354,,,,0.3125,-0.3203125,-1.1484375,0.01136095667937542,0.4835029555016088,12.126287460327148,1.3706752061843872,2506,2504,16.621201564935063,2.979010542299172,17.922955393212035,0.1623032039116068,0.029089530838831253,0.64453125,,
10.526224999999627,1354,,,,0.361328125,-0.01953125,-1.064453125,0.011572333526250015,0.4870816597971108,12.128000259399414,1.4020646810531616,2509,2505,17.0042408155075,3.035959153831172,17.85412937143564,0.16043748783064068,0.028644716637563898,0.640625,,
10.549689999999478,1354,,,,-0.08203125,0.142578125,-1.03125,0.012957670890806737,0.49838458609687947,12.12622356414795,1.3373481035232544,2517,2512,16.21698208641226,3.408805725622524,21.019975896000183,0.1462050425316812,0.0307322646988962,0.642578125,,
10.573324999999254,1354,,,,0.21875,-0.1796875,-1.123046875,0.011744327329423754,0.5058309583887625,12.130001068115234,1.3543701171875,2516,2517,16.42851096810773,3.095234300320967,18.84062594796126,0.16342250999748525,0.030789823823395797,0.6484375,,
10.597709999999962,1354,,,,0.3359375,-0.1640625,-0.869140625,0.010643390840458528,0.5028412954835139,12.126856803894043,1.3113839626312256,2511,2515,15.90296552975201,2.802888824304003,17.624944348022563,0.1794010847391981,0.03161934134503247,0.642578125,,
10.621279999999329,1354,,,,0.287109375,-0.21484375,-1.109375,0.010846607362723016,0.4949614776403123,12.12900161743164,1.3653564453125,2509,2511,16.560410533566028,2.851824399578941,17.220734919575964,0.17355959143676275,0.02988823716882398,0.638671875,,
10.64511999999918,1354,,,,0.0234375,-0.08984375,-0.853515625,0.01105677411334385,0.4944724621465171,12.129143714904785,1.3176618814468384,2506,2508,15.982110327720534,2.903379545489457,18.16643413137766,0.1703092738649015,0.03093912205629491,0.6328125,,
10.800950000000187,1354,,,,0.03125,0.099609375,-1.3046875,0.01118519187532405,0.4899824107943966,12.126001358032227,1.376953125,2505,2507,16.696935463696718,2.9361288948719717,17.584837057409995,0.16688041579174678,0.029345649197706967,0.6328125,,
10.829599999998695,1354,,,,0.0390625,0.013671875,-0.974609375,0.011362067518217571,0.4874407110879387,12.12753677368164,1.3748873472213745,2502,2502,16.673996863096818,2.977296949277747,17.855928447888537,0.16371921222241043,0.029233585389880395,0.630859375,,
10.856864999999292,1354,,,,0,0.103515625,-1.048828125,0.011444013739622177,0.48999352478289193,12.12720012664795,1.39697265625,2500,2500,16.941366973798722,2.9965568293779605,17.687810163208155,0.16351884936038644,0.02892290365592747,0.623046875,,
10.878740000000224,1354,,,,-0.474609375,0.310546875,-1.046875,0.011534098536916473,0.4895823072085641,12.12700080871582,1.300048828125,2500,2500,15.76569319004193,3.0201270277069465,19.156322473752986,0.1621065282079486,0.031053649294519987,0.62890625,,
10.901299999998882,1354,,,,0.15625,0.009765625,-1.13671875,0.011544505085230878,0.486448162452876,12.122285842895508,1.6664341688156128,2502,2501,20.200991332750846,3.0239205347975857,14.969169012488296,0.16086671486737258,0.024080410433334636,0.62890625,,
10.92490499999933,1354,,,,-0.3125,0.244140625,-0.970703125,0.012644093979707503,0.4935944570553847,12.133143424987793,1.23046875,2524,2509,14.929453823715448,3.3216973150566473,22.249288917590064,0.14859706055034308,0.03306178932489208,0.634765625,,
10.950319999999367,1354,,,,-0.078125,0.04296875,-0.9765625,0.013603988440405433,0.5074424867205879,12.130501747131348,1.2872314453125,2525,2521,15.614763296325691,3.5916706360734736,23.001761652823962,0.1412831348242276,0.03249760992790676,0.64453125,,
10.97430999999959,1354,,,,0.072265625,-0.005859375,-0.98828125,0.009996608505953887,0.5035414767587209,12.129000663757324,1.3018798828125,2519,2523,15.79050196276512,2.6414417401181867,16.728041618606255,0.1906313015013501,0.031888883453236615,0.646484375,,
10.998714999999851,1354,,,,0.162109375,-0.03515625,-0.900390625,0.010578461211607356,0.49887360159067484,12.128572463989258,1.3720703125,2510,2517,16.641254210844636,2.787760113023822,16.752103403402835,0.1789514095061636,0.02997812516231937,0.640625,,
11.023634999999777,1354,,,,-0.162109375,-0.078125,-0.990234375,0.010772676629913136,0.4993626170844701,12.130000114440918,1.36962890625,2509,2511,16.61359878955409,2.832669465592188,17.05030620682406,0.1762869346918579,0.03005746216758573,0.640625,,
11.047819999999367,1354,,,,-0.32421875,0.01171875,-0.91015625,0.011295342074561666,0.4966063479376238,12.124001502990723,1.3623046875,2508,2508,16.516584078781307,2.9668693565483597,17.96297189780221,0.1673839621018477,0.030067134073782798,0.642578125,,
11.071405000000262,1354,,,,0.265625,-0.09375,-0.955078125,0.011436969168996914,0.49267199601027073,12.124000549316406,1.35986328125,2506,2507,16.48698316887021,3.0024683883760055,18.211144862724773,0.1640889868874691,0.02988248310585445,0.640625,,
11.094134999998845,1354,,,,0.26171875,-0.0078125,-0.880859375,0.011325827277713921,0.49995165847472345,12.127500534057617,1.2841796875,2505,2506,15.573889845982194,2.9718975064766524,19.082564059892544,0.16822641338914934,0.03210191310064407,0.638671875,,
11.12275,1354,,,,-0.236328125,-0.046875,-0.85546875,0.011342291713198003,0.49886248760217944,12.127334594726562,1.4347330331802368,2502,2505,17.39948754748366,2.9749468500154492,17.097899245002136,0.16768786561668783,0.028671102309235866,0.634765625,,
11.147379999999888,1354,,,,-0.224609375,0.0078125,-1.111328125,0.011423555515771833,0.5013297930481466,12.129201889038086,1.34619140625,2504,2504,16.328227347694337,2.9948778745748603,18.34172081758623,0.16739573833851676,0.030703258986587906,0.63671875,,
11.169120000000111,1354,,,,-0.26171875,0.28125,-0.96875,0.011342440250417144,0.492360804332401,12.127501487731934,1.455078125,2502,2503,17.646462125703692,2.972601685385498,16.845312472326285,0.16563295605766631,0.027901389005064777,0.634765625,,
11.189764999998733,1354,,,,0.287109375,-0.080078125,-1.048828125,0.011378017499479717,0.49459471601996596,12.12933349609375,1.3818359375,2503,2502,16.76074892282486,2.981249441207379,17.78708967561408,0.16590182263301642,0.02950910596521285,0.6328125,,
11.210989999999292,1354,,,,0.359375,-0.220703125,-0.94921875,0.011576801380478402,0.49735098516681214,12.123333930969238,1.4274088144302368,2501,2502,17.304953713346663,3.03291293631732,17.526270145283014,0.16398459026348278,0.028740382286213454,0.634765625,,
11.233229999999516,1354,,,,-0.203125,0.349609375,-0.94140625,0.011351968570676713,0.49579502677746345,12.124500274658203,1.42822265625,2501,2502,17.316485987976193,2.9739367564966175,17.174019940082466,0.16671337266819491,0.028631387864819786,0.63671875,,
11.254989999999292,1354,,,,0.0625,0.119140625,-1.072265625,0.011288397156096504,0.49029360247226633,12.125334739685059,1.4314779043197632,2500,2501,17.35714876233999,2.957066346070118,17.036590436363028,0.16580405885172536,0.028247358433434767,0.6328125,,
11.278775000000373,1354,,,,-0.25,0.04296875,-0.80078125,0.011434483161785518,0.48332513168568325,12.124000549316406,1.4167131185531616,2501,2501,17.17623062756229,2.9950904800303633,17.4374142090536,0.1613724643406377,0.028139185026434314,0.634765625,,
11.301415000000038,1354,,,,-0.361328125,0.1015625,-1.05078125,0.011574871933703346,0.4814579816184648,12.12600040435791,1.287841796875,2503,2502,15.616370149655268,3.032866360517181,19.421071167323294,0.1587468501369655,0.030830338740984124,0.634765625,,
11.324404999999329,1354,,,,-0.34375,-0.009765625,-0.865234375,0.01175925259513472,0.4799687071600882,12.12742805480957,1.3916015625,2505,2503,16.876547830179334,3.0824467327218463,18.264675712942246,0.15571030054305876,0.028439981445837433,0.63671875,,
11.347820000000299,1354,,,,0.2734375,-0.21484375,-1.048828125,0.01136435193558488,0.48652596037234347,12.129142761230469,1.3567243814468384,2503,2504,16.455903710210805,2.979679942815501,18.10705747486007,0.16328128178512516,0.029565435538520837,0.6328125,,
11.37309500000067,1354,,,,0.19921875,-0.029296875,-1.001953125,0.011428141055703583,0.4921940945049708,12.128499984741211,1.3824462890625,2503,2503,16.766999795800075,2.9960544198857737,17.868756822173086,0.16428075913378634,0.02935492935523619,0.6328125,,
11.39794000000041,1354,,,,-0.01171875,-0.068359375,-1.080078125,0.011481833836940136,0.49872911974023526,12.12600040435791,1.38916015625,2502,2503,16.844956616405398,3.0093571726097434,17.86503367826376,0.16572613057682767,0.029607029041233638,0.634765625,,
11.419495000000111,1354,,,,-0.5,0.32421875,-1.01171875,0.011444066257764658,0.4902380325297896,12.126286506652832,1.4153181314468384,2502,2502,17.162553159984896,2.9985805681967217,17.47164620697589,0.16349003182682786,0.028564399944455646,0.638671875,,
11.446379999998957,1354,,,,0.078125,0.01171875,-1.078125,0.011557990671761414,0.49449469012350783,12.127999305725098,1.3560267686843872,2502,2502,16.445891709148896,3.028020628598738,18.412018528093807,0.1633062487927444,0.03006797678525507,0.63671875,,
11.469689999999478,1354,,,,-0.1484375,-0.033203125,-0.791015625,0.01152029603372271,0.49471696989341474,12.124889373779297,1.3905165195465088,2501,2502,16.859858971914036,3.01836441737694,17.90266705317688,0.16390233301363272,0.029342888971819876,0.63671875,,
11.493709999999963,1354,,,,-0.2109375,0.119140625,-0.890625,0.011649845640928714,0.4919718147350639,12.129715919494629,1.3818359375,2504,2502,16.761277369223535,3.0522578812042624,18.21017464223049,0.16118291241530266,0.02935168984426003,0.634765625,,
11.520969999999739,1354,,,,0.236328125,0.072265625,-1.060546875,0.011620926157005496,0.49194958675807315,12.12800121307373,1.3458251953125,2502,2502,16.32216960133519,3.044642900216617,18.653420314708395,0.16157874761702679,0.03013996293224588,0.630859375,,
11.548884999999776,1354,,,,-0.125,-0.041015625,-0.861328125,0.011660650710549787,0.49520598538720995,12.127501487731934,1.5264892578125,2506,2502,18.51250074512791,3.0548569184208128,16.501589712155905,0.16210447775838982,0.026749815824722523,0.62890625,,
11.570874999999068,1354,,,,-0.0859375,0.125,-1.095703125,0.012938090637376708,0.5004406739685188,12.125778198242188,1.3324652910232544,2520,2510,16.15717857580421,3.400857516894564,21.04858531419239,0.14715132036036835,0.03097327120701269,0.6328125,,
11.597924999999814,1354,,,,0.111328125,-0.095703125,-0.95703125,0.012217666400195733,0.4957727988004727,12.126858711242676,1.3623046875,2519,2519,16.520476466976106,3.223112190894435,19.509801653344148,0.1538180396577795,0.030009594444295015,0.640625,,
11.620220000000671,1354,,,,-0.01171875,0.255859375,-1.08984375,0.01055664482501295,0.49233857635541023,12.127555847167969,1.2950303554534912,2513,2518,15.70555295954,2.7833095063634565,17.72181796803783,0.176889625544619,0.031348057443361124,0.634765625,,
11.643990000000224,1354,,,,-0.109375,-0.021484375,-1.076171875,0.011000036947917834,0.49621735834028674,12.126858711242676,1.2765066623687744,2512,2514,15.480015938506085,2.8953835447142735,18.70400880862204,0.1713822540872578,0.0320553519008957,0.630859375,,
11.79125,1354,,,,0.13671875,-0.041015625,-0.83203125,0.011227923643819523,0.48798189286523397,12.128571510314941,1.3643972873687744,2511,2512,16.548190068331905,2.953913628611647,17.8503728589903,0.16519842968278922,0.02948853565557479,0.6328125,,
11.81474499999918,1354,,,,-0.072265625,-0.08203125,-0.958984375,0.011579174280894243,0.494940291599743,12.127837181091309,1.3732661008834839,2509,2509,16.654747677827004,3.042855455611288,18.270198471168307,0.16265652405112782,0.029717669770444665,0.638671875,,
11.846429999999701,1354,,,,0.328125,-0.033203125,-0.998046875,0.01130177067597629,0.490538110219164,12.128499984741211,1.363525390625,2505,2507,16.537517679389566,2.9667165754587166,17.939310076481952,0.16534714312684773,0.02966213670812963,0.63671875,,
11.874320000000298,1354,,,,0.10546875,-0.16796875,-0.82421875,0.011258930245972448,0.48857836673529365,12.126401901245117,1.44970703125,2504,2504,17.579730099998415,2.9528759052813873,16.79704914970028,0.16545848264786317,0.027792142652709878,0.63671875,,
11.898509999998845,1354,,,,-0.36328125,-0.064453125,-0.943359375,0.011339825827679508,0.4860702868440342,12.128000259399414,1.3671875,2503,2503,16.581250354647636,2.9724790919707758,17.926748757747365,0.16352353433099034,0.0293144531593054,0.634765625,,
11.92030999999959,1354,,,,-0.015625,0.0546875,-0.947265625,0.011512588866404862,0.4897156750705082,12.12450122833252,1.346435546875,2503,2503,16.324859441956505,3.0171690565345917,18.482052278993404,0.16230965713037554,0.029998155684690945,0.638671875,,
11.946374999999069,1354,,,,0.162109375,-0.02734375,-1.044921875,0.011742421357957089,0.49163839508020335,12.126667022705078,1.3826497793197632,2506,2504,16.766933482827426,3.0787839531567966,18.3622363404141,0.15968590279811853,0.02932190287411445,0.634765625,,
11.969209999999032,1354,,,,0.048828125,-0.154296875,-0.943359375,0.011773270038880877,0.49493924966332176,12.12844467163086,1.3411458730697632,2507,2506,16.266013518112686,3.0893828458655204,18.99287027165815,0.1602065119011366,0.03042781497213145,0.634765625,,
11.993570000000298,1354,,,,-0.078125,-0.03515625,-1.068359375,0.011106613310921477,0.49735098516681214,12.131430625915527,1.4125279188156128,2503,2506,17.135984454280447,2.914461611457803,17.007844627974038,0.17064935191170316,0.029023776631787113,0.62890625,,
12.01549499999918,1354,,,,-0.30078125,0.130859375,-1.001953125,0.011098750619685564,0.49363891300936596,12.129714965820312,1.4697265625,2505,2505,17.827364280819893,2.9110328226744513,16.32901407532449,0.16957517935364447,0.02768995490491336,0.62890625,,
12.040499999999069,1354,,,,0.09375,0.220703125,-1.173828125,0.011159589117114373,0.4963173842367449,12.124571800231934,1.4229910373687744,2503,2504,17.253157003664228,2.9261965722673637,16.96035439569638,0.1696117714512164,0.028766757534944874,0.630859375,,
12.063550000000745,1354,,,,0.375,-0.15625,-1.001953125,0.011774510868749874,0.4994737569694236,12.12350082397461,1.324462890625,2508,2506,16.05712694581598,3.090111549665927,19.24448601604361,0.16163615744662094,0.031106047716685202,0.638671875,,
12.086274999999441,1354,,,,0.28125,-0.29296875,-0.9921875,0.012202105065414658,0.4976844048216726,12.126501083374023,1.285400390625,2510,2509,15.587409229483455,3.2058630769440635,20.567003982164014,0.15524194043124329,0.031928616070482495,0.638671875,,
12.110215000000782,1354,,,,0.037109375,-0.16796875,-1.126953125,0.011358746926239506,0.49481699578987287,12.129143714904785,1.3434709310531616,2508,2509,16.295151999540735,2.9840044339920793,18.312222150957417,0.16582314360970762,0.03036590243551081,0.638671875,,
12.131979999999515,1354,,,,-0.099609375,-0.076171875,-0.908203125,0.011243129076157373,0.487470649394448,12.132000923156738,1.3127790689468384,2505,2507,15.926636876363887,2.9515367894736615,18.532078130405072,0.1651582494695508,0.030607255830506476,0.638671875,,
12.153224999999628,1354,,,,0.15625,-0.19921875,-1.14453125,0.011179193654563189,0.4882152866236363,12.128572463989258,1.2604631185531616,2502,2505,15.287618271557903,2.9326238146192494,19.18300001037635,0.166477297289159,0.03193533995625364,0.6328125,,
12.175504999998957,1354,,,,0.3125,-0.333984375,-0.75390625,0.011163380658886847,0.4882152866236363,12.129143714904785,1.3971818685531616,2504,2504,16.946619679540504,2.927020731030705,17.272003422396207,0.16679597839804805,0.0288090070973301,0.634765625,,
12.199669999999925,1354,,,,-0.1875,0.169921875,-1.015625,0.011219680876162106,0.48711500176259687,12.128571510314941,1.3218470811843872,2503,2503,16.03211684984592,2.9409743447921084,18.3442671503506,0.16563048318499698,0.03038369831787238,0.6328125,,
12.225249999999068,1354,,,,-0.375,0.1953125,-0.875,0.011555303168153027,0.4868260380617178,12.125715255737305,1.4229910373687744,2502,2503,17.2547841306,3.028381087757458,17.550964792349173,0.16075454969315525,0.028213974418745128,0.630859375,,
12.250229999999515,1354,,,,-0.19921875,0.025390625,-0.984375,0.011717901398346766,0.48602583089005275,12.127500534057617,1.282958984375,2502,2501,15.55908576818183,3.069171870640321,19.725913953869615,0.1583573196207657,0.03123742860804653,0.62890625,,
12.275754999999888,1354,,,,0.224609375,0.162109375,-1.0703125,0.011632250617824632,0.48983792894395706,12.128000259399414,1.396484375,2502,2501,16.93656286224723,3.0469275012672656,17.990235244596636,0.16076455010505686,0.028921920753817155,0.62890625,,
12.300310000000522,1354,,,,0.13671875,-0.25,-0.830078125,0.011670909560048924,0.49615067440931465,12.131501197814941,1.30615234375,2502,2502,15.845588722731918,3.057929885817304,19.29830402218145,0.16225050702125782,0.0313115961224932,0.630859375,,
12.325230000000447,1354,,,,0.048828125,0.115234375,-1.248046875,0.011582552691299262,0.49607287648984705,12.126500129699707,1.375732421875,2501,2502,16.68281939229928,3.0343007822694483,18.188177375282677,0.1634883658827055,0.029735553974697602,0.630859375,,
12.351884999999777,1354,,,,0.173828125,-0.21484375,-0.87890625,0.011436001371461862,0.49709536343141913,12.127500534057617,1.4459228515625,2502,2501,17.53543015453033,2.9956463114218033,17.083392223759443,0.16593927044594464,0.02834805642352566,0.626953125,,
12.375514999999664,1354,,,,-0.19921875,-0.22265625,-1.060546875,0.011421838494337562,0.4894378253581245,12.12711238861084,1.3557943105697632,2500,2501,16.441869980118668,2.991968667780133,18.197252936545475,0.16358387393182797,0.02976777130277441,0.626953125,,
12.399634999999776,1354,,,,-0.375,0.1640625,-0.939453125,0.011527828114365505,0.4920273846775406,12.121142387390137,1.4243861436843872,2502,2501,17.265187262224003,3.019738431652979,17.49033118372325,0.16293708737157378,0.028498236202400763,0.62890625,,
12.421555000000634,1354,,,,0.19921875,-0.103515625,-0.939453125,0.011658546596301615,0.4930165296536266,12.124000549316406,1.4041574001312256,2501,2502,17.024005090517676,3.0541614268609845,17.940322565822918,0.16142451584831277,0.028960078843505245,0.62890625,,
12.447734999999405,1354,,,,0.26171875,-0.0703125,-1.013671875,0.011424437127135626,0.4895711932200687,12.127429008483887,1.4390345811843872,2503,2502,17.451789724066998,2.9928931157133003,17.14949104380929,0.16357790749349516,0.028052778595247598,0.630859375,,
12.47319000000041,1354,,,,0,0.13671875,-0.9609375,0.01157750871387754,0.489548965243078,12.128002166748047,1.3047959804534912,2500,2502,15.824568478104084,3.032848144517656,19.165439795177384,0.1614155875651123,0.030936007254823424,0.6328125,,
12.496254999999888,1354,,,,-0.173828125,0.0625,-1.08203125,0.01172758552199236,0.4930832135845985,12.127501487731934,1.3934326171875,2501,2502,16.898856137995608,3.0727185325731807,18.182997165497138,0.16047132477561388,0.029178496435385576,0.6328125,,
12.520819999999366,1354,,,,-0.173828125,0.130859375,-1.0390625,0.01176969687162332,0.4954504931341078,12.13028621673584,1.3106863498687744,2505,2503,15.899000564277003,3.085524344405535,19.407033366224976,0.16057254386354955,0.031162367164595296,0.63671875,,
12.546495000000112,1354,,,,-0.0625,0.03125,-1.115234375,0.011312382633239082,0.4930054156651312,12.128499984741211,1.3934326171875,2504,2504,16.9002474762965,2.966316207482796,17.551909885599088,0.1662012345216202,0.029171490911987983,0.630859375,,
12.570854999999515,1354,,,,0.11328125,-0.05078125,-0.982421875,0.011265432295932853,0.492071840631522,12.12450122833252,1.387939453125,2503,2503,16.828073604265228,2.9534066370835226,17.550473729416986,0.16661161197817345,0.029241127190387493,0.62890625,,
12.594569999999367,1354,,,,0.423828125,-0.103515625,-0.97265625,0.011304624882221018,0.49500593359429373,12.129143714904785,1.3546316623687744,2502,2502,16.43052211363124,2.9624276357810326,18.030027380099604,0.16709469207465966,0.03012721873175426,0.6328125,,
12.623320000000298,1354,,,,0.25,-0.380859375,-1.0625,0.011445834451528527,0.4928275918492056,12.126501083374023,1.3189697265625,2502,2502,15.994487818097696,2.999083737825662,18.750733202173635,0.1643260525317996,0.030812339691901433,0.6328125,,
12.783115000000224,1354,,,,-0.416015625,0.056640625,-0.9921875,0.011530776780779697,0.49069370605809887,12.131999969482422,1.2972005605697632,2502,2502,15.737637161244947,3.0212905886637245,19.19786660289683,0.16241195332194974,0.031179630145906977,0.630859375,,
12.813104999998584,1354,,,,-0.083984375,-0.015625,-0.9609375,0.011576463440838113,0.4938304209236265,12.128220558166504,1.3601346015930176,2501,2501,16.496012436914043,3.031897486908195,18.37957808593518,0.162878337099456,0.029936351152267244,0.63671875,,
12.836144999998622,1354,,,,-0.3125,0,-0.859375,0.011415247242571975,0.49193847276957775,12.125333786010742,1.3047959804534912,2501,2503,15.821086785643729,2.992006010803304,18.911507479488016,0.16441760845176256,0.0310938483199504,0.63671875,,
12.858689999998548,1354,,,,0.048828125,0.01171875,-0.9765625,0.011563325016390446,0.4923830323093917,12.130287170410156,1.3483537435531616,2504,2503,16.355918116597422,3.030391816253649,18.527800118897098,0.16248164005343207,0.03010427349900574,0.63671875,,
12.881950000000186,1354,,,,0.07421875,0.099609375,-0.73046875,0.011909267920299001,0.4909715557704826,12.128572463989258,1.3260324001312256,2505,2503,16.082880054589168,3.1216220070999245,19.409595772053187,0.15728091186370421,0.030527589219344228,0.64453125,,
12.903860000000336,1354,,,,-0.203125,0.330078125,-1.123046875,0.01192470517130717,0.49123829149437087,12.128571510314941,1.3755580186843872,2504,2504,16.683553796200727,3.1268722380960567,18.74224326718763,0.15710213084800817,0.029444463541469113,0.6484375,,
12.926769999999554,1354,,,,-0.25,0.01953125,-1.04296875,0.01145005846996444,0.49137165935631516,12.128000259399414,1.3727678060531616,2504,2504,16.64892830790791,3.0026158216285714,18.0348894901685,0.1636478619132177,0.029513711049072355,0.650390625,,
12.952694999999366,1354,,,,-0.234375,-0.1796875,-0.859375,0.011365878669033914,0.49042697033421045,12.124000549316406,1.455078125,2503,2503,17.641367986798286,2.979664472218299,16.890212110807372,0.1645913407052498,0.02779982656113833,0.654296875,,
12.975614999999292,1354,,,,0.048828125,-0.005859375,-1.15234375,0.011443360880641216,0.4892711155306943,12.125,1.38427734375,2502,2503,16.78436279296875,2.998916557514772,17.867324452561693,0.16314929280198362,0.029150413486990292,0.654296875,,
13.000045000000856,1354,,,,0.0625,-0.103515625,-1.1484375,0.011473347373224222,0.4914494572757825,12.126001358032227,1.3836669921875,2503,2502,16.77834782632999,3.0059596710040513,17.915707208589676,0.16349170017694498,0.02929069431404675,0.6484375,,
13.02364999999851,1354,,,,-0.0625,-0.03515625,-1.015625,0.011723796215963542,0.49108269565543605,12.128000259399414,1.2702287435531616,2508,2504,15.405334531309336,3.074556960645365,19.957742263867935,0.15972470243399078,0.031877444443505876,0.642578125,,
13.048629999998957,1354,,,,-0.078125,0.05859375,-0.96875,0.01232020514989077,0.4935388871129079,12.127501487731934,1.3311767578125,2508,2509,16.143848110805266,3.2366560351806144,20.04885088713318,0.15248419410293224,0.03057132870214361,0.642578125,,
13.073775000000373,1354,,,,0.07421875,-0.125,-1.025390625,0.011032006405389658,0.4942057264226287,12.12649917602539,1.3232421875,2506,2509,16.046295296400785,2.8985028825333816,18.06337742758306,0.17050378987054088,0.030798743092648934,0.63671875,,
13.098099999998697,1354,,,,0.162109375,-0.04296875,-0.98828125,0.011028494611042132,0.49329437936601017,12.12800121307373,1.407470703125,2506,2507,17.069806394865736,2.8954216734848224,16.962240850931433,0.17037047967258576,0.02889865110095118,0.63671875,,
13.124900000000373,1354,,,,-0.0625,-0.013671875,-0.96875,0.011257181982640595,0.49089375785101513,12.126856803894043,1.4181082248687744,2504,2505,17.197195375408,2.9528599690522883,17.17059034681248,0.1662434937639681,0.02854498929243971,0.634765625,,
13.149259999999776,1354,,,,-0.173828125,-0.125,-1.03125,0.011429916934836273,0.48567018325820166,12.128000259399414,1.3254122734069824,2503,2503,16.07460039569105,2.9963966725125664,18.640567098114484,0.16208474255544844,0.030213515191854487,0.634765625,,
13.173160000000149,1354,,,,0.1875,-0.228515625,-0.962890625,0.01147774745647304,0.4866926701997737,12.128571510314941,1.2681361436843872,2503,2503,15.380679903491114,3.008057590278511,19.557377236592384,0.1617963272287987,0.031643118071087606,0.63671875,,
13.197490000000224,1354,,,,0.1484375,-0.263671875,-0.80859375,0.011429922384461432,0.48878210003689904,12.127501487731934,1.3433837890625,2499,2502,16.29188890045043,2.994959363539678,18.383131519248668,0.16320157995707094,0.030001561085000118,0.63671875,,
13.219574999999255,1354,,,,-0.171875,0.107421875,-1.044921875,0.011547808815684426,0.4880596907847014,12.127501487731934,1.4508056640625,2506,2502,17.594647849327885,3.0259595130202666,17.19818173647538,0.16129088597671287,0.027739099694646364,0.6328125,,
13.24374499999918,1354,,,,-0.287109375,-0.0625,-1.015625,0.012552969260311816,0.4862592246484551,12.130667686462402,1.1946614980697632,2512,2507,14.492041630895642,3.29529067530576,22.73862275057585,0.14756186101954014,0.03355353490096227,0.63671875,,
13.268644999999553,1354,,,,-0.328125,0.162109375,-0.861328125,0.0123055625660183,0.49419461243413343,12.12600040435791,1.3690185546875,2514,2512,16.600719547714107,3.2369213219041493,19.498680840914925,0.1526742738817695,0.029769469390390567,0.64453125,,
13.295759999998845,1354,,,,0,0.12890625,-0.978515625,0.010784328068241951,0.49859575187829097,12.125500679016113,1.3653564453125,2510,2513,16.555630504735745,2.837536761726164,17.139406203312436,0.17571428804149813,0.030116385584690805,0.64453125,,
13.319410000000149,1354,,,,-0.474609375,0.205078125,-0.736328125,0.010914609881495266,0.48928222951918965,12.124001502990723,1.3313802480697632,2507,2509,16.14165612864997,2.867338658085432,17.763596468866456,0.17063984686269712,0.030311773811781198,0.650390625,,
13.343689999999478,1354,,,,0.19921875,0.09375,-1.265625,0.010933722974541716,0.4888598979563665,12.129143714904785,1.3741629123687744,2505,2506,16.667419451812975,2.8692935036878575,17.214983471096083,0.1703764000887475,0.029330269113926416,0.654296875,,
13.370594999999739,1354,,,,0.224609375,-0.00390625,-1.02734375,0.01117150968308577,0.4903380584262477,12.124571800231934,1.3929966688156128,2504,2504,16.8894881285388,2.9299441449918207,17.347737969873606,0.1673540634774171,0.029032144413998266,0.65234375,,
13.393739999999292,1354,,,,-0.01171875,-0.142578125,-0.9609375,0.011323693400128329,0.49546160712260306,12.128445625305176,1.3541666269302368,2501,2504,16.423936302326297,2.9687525471901552,18.075767541607302,0.166892187626599,0.030167043880487136,0.65234375,,
13.419695000000297,1354,,,,0,0,-0.966796875,0.011710843295359026,0.4940501305836939,12.125144004821777,1.3609095811843872,2503,2503,16.50122464940239,3.069273553642825,18.60027736640736,0.1609664703875356,0.029940209958997592,0.6484375,,
13.446374999999069,1354,,,,-0.25,-0.0859375,-0.9296875,0.01166232402494226,0.49310544156158925,12.127500534057617,1.36962890625,2501,2502,16.610175292007625,3.0556130743724776,18.39603147260437,0.1613769248787682,0.02968694989021931,0.64453125,,
13.469424999998882,1354,,,,-0.291015625,-0.005859375,-0.84765625,0.011649688719670865,0.4977658842498291,12.124445915222168,1.4805772304534912,2503,2502,17.951178553942782,3.05233360474733,17.003527626752497,0.16307715627009053,0.02772886931930718,0.6484375,,
13.494225000000558,1354,,,,0.1875,-0.009765625,-1.03515625,0.011759439559197947,0.4977510887526446,12.128572463989258,1.3539341688156128,2504,2503,16.421288677951225,3.0822309693121395,18.76972647981418,0.16149052219267254,0.03031132930638826,0.64453125,,
13.522839999999851,1354,,,,0.3125,-0.208984375,-0.876953125,0.011636961888643556,0.4948392237668636,12.126002311706543,1.314697265625,2503,2504,15.942022082163021,3.0513680919046973,19.140408137552186,0.162169626496284,0.031039928386532734,0.646484375,,
13.548609999999403,1354,,,,-0.09375,0.08984375,-1.05078125,0.011373531619568108,0.4915272551952498,12.131555557250977,1.3552517890930176,2504,2504,16.441312373445726,2.982143101629559,18.138108649075985,0.16482349721133777,0.02989586500339917,0.64453125,,
13.571685000000521,1354,,,,-0.4375,0.2890625,-1.0390625,0.011342026078904886,0.4976955188101679,12.130500793457031,1.292724609375,2502,2503,15.681396899744868,2.9728884405774583,18.958058772339513,0.16741143462265093,0.031737958167378906,0.642578125,,
13.600439999999479,1354,,,,-0.26171875,0.11328125,-0.8515625,0.01134870312733327,0.4859591469590807,12.12700080871582,1.375732421875,2502,2502,16.6835081926547,2.9739227716428553,17.825524088226203,0.16340678096715572,0.029128115103095372,0.650390625,,
13.62402499999851,1354,,,,0.25,-0.001953125,-1.08203125,0.011359372794729183,0.4851033698449389,12.128889083862305,1.3937716484069824,2503,2502,16.90490173176022,2.976419416206576,17.60684246164297,0.16298219505072287,0.02869601832310844,0.6484375,,
13.649804999998771,1354,,,,-0.015625,-0.001953125,-1.177734375,0.011393899104539503,0.48830419853159907,12.12399959564209,1.3846261501312256,2501,2502,16.787206884306443,2.985414273839534,17.78386538281395,0.1635632959922819,0.029087876374960943,0.64453125,,
13.672989999999292,1354,,,,-0.07421875,-0.025390625,-0.943359375,0.011578363326890015,0.49040474235721976,12.129334449768066,1.3047959804534912,2501,2502,15.826306835633432,3.0335551741035163,19.16780210069838,0.16166007018551934,0.03098668232901045,0.642578125,,
13.695349999999628,1354,,,,-0.048828125,-0.125,-1.025390625,0.011692891950609782,0.4903380584262477,12.124000549316406,1.3385881185531616,2502,2502,16.229043084646946,3.0633214747487956,18.875552050550468,0.16006745046778265,0.030213614929035404,0.63671875,,
13.720120000000112,1354,,,,-0.1875,-0.017578125,-0.8671875,0.011495128966057982,0.4886820741404409,12.129143714904785,1.3741629123687744,2501,2502,16.667419451812975,3.011261524850054,18.0667531260966,0.16228483315303374,0.029319600166856377,0.6328125,,
13.74396999999974,1354,,,,-0.3125,0.12109375,-0.896484375,0.011564426958544854,0.49076038998907084,12.12399959564209,1.3519287109375,2502,2502,16.39078314474318,3.0296557994197486,18.483898985579668,0.1619855265680884,0.029941241102104783,0.634765625,,
13.771599999999628,1354,,,,-0.01171875,-0.056640625,-0.9453125,0.01211818013926091,0.49836235811988877,12.12800121307373,1.3678849935531616,2509,2504,16.589710861158096,3.178177331240097,19.15752093474542,0.15680759950717796,0.030040448702859372,0.62890625,,
13.794205000000074,1354,,,,0.009765625,-0.041015625,-1.029296875,0.011979351357478992,0.4910679001582516,12.124890327453613,1.4051649570465088,2508,2508,17.037470996169986,3.1462970002865553,18.46692505591846,0.15607804988325216,0.0288228165006792,0.6328125,,
13.81930499999877,1354,,,,-0.1875,-0.01171875,-0.728515625,0.011120897057937172,0.4866371002572969,12.133715629577637,1.4167131185531616,2507,2508,17.189994109216173,2.920369690033903,16.98877656082609,0.16663544410764225,0.028309323270587588,0.630859375,,
13.844129999998957,1354,,,,-0.0234375,0.021484375,-1.01953125,0.011173851764299319,0.4934610891934404,12.12700080871582,1.3037109375,2504,2506,15.81010359339416,2.932131247070507,18.545933173364038,0.16829433869526048,0.03121175558897794,0.6328125,,
13.870054999998771,1354,,,,-0.125,0.03125,-0.974609375,0.011235789409202966,0.4974065551092889,12.127501487731934,1.40380859375,2504,2504,17.024690809194,2.9461577430763204,17.30520557521832,0.16883228886105286,0.02921677466475162,0.625,,
13.89439999999851,1354,,,,0.1875,-0.154296875,-0.943359375,0.011372001253035634,0.5012964510826606,12.126999855041504,1.287841796875,2501,2503,15.617657284019515,2.980937574740646,19.08697009115981,0.16816737637529208,0.032098056831840145,0.619140625,,
13.923520000000485,1354,,,,-0.0625,0.263671875,-1.14453125,0.011396128140964449,0.5029190934029815,12.126999855041504,1.4019775390625,2504,2503,17.001781412982382,2.987032150293912,17.568936323419884,0.16836748588511047,0.029580376384498022,0.6171875,,
13.94697500000056,1354,,,,-0.302734375,0.275390625,-0.98046875,0.011583379217782058,0.496995337534961,12.127110481262207,1.3503689765930176,2502,2503,16.376073769612503,3.0355686065963576,18.53660803744771,0.16372396804176295,0.030348870219257758,0.619140625,,
13.97225,1354,,,,0.09375,-0.21484375,-0.890625,0.011565563414991951,0.4902380325297896,12.130499839782715,1.339111328125,2502,2502,16.24408975127153,3.030351815373231,18.655103867152825,0.16177594629203468,0.030179470812848438,0.625,,
13.997574999999255,1354,,,,0.224609375,-0.2890625,-0.966796875,0.011458571483136268,0.4942612963651054,12.127001762390137,1.353759765625,2503,2502,16.417047063587233,3.001876996806362,18.28512146660334,0.16465074914493175,0.030106589476823126,0.62890625,,
14.021904999999329,1354,,,,0.173828125,0.048828125,-1.109375,0.01153383611650486,0.49465028596244265,12.1274995803833,1.319580078125,2501,2501,16.0032068437431,3.021361651381739,18.879726300376003,0.16371766873264826,0.030909447762080256,0.630859375,,
14.04593499999959,1354,,,,0.048828125,-0.193359375,-0.857421875,0.011531922319935398,0.49520598538720995,12.129142761230469,1.4243861436843872,2501,2501,17.276582883866467,3.0208203810588894,17.48505709355203,0.16393096011012256,0.02866342196926293,0.62890625,,
14.205429999999701,1354,,,,0.01171875,-0.056640625,-1.09765625,0.011553877043168513,0.49757326493671905,12.126501083374023,1.3055419921875,2501,2501,15.831656382652,3.0265669092217076,19.117184178770813,0.16440187177777338,0.03142900862110357,0.62890625,,
14.229869999999181,1354,,,,-0.076171875,0.044921875,-1,0.011506076943365539,0.49740572156015167,12.127482414245605,1.3527199029922485,2502,2502,16.405086834938515,3.0144736259173293,18.37523724347069,0.16500582963594082,0.030320212661161198,0.626953125,,
14.256900000000373,1354,,,,-0.01171875,-0.013671875,-0.96875,0.011413247369871756,0.4931276695385801,12.12900161743164,1.378173828125,2503,2503,16.71587259043008,2.992067532788819,17.89955933560891,0.16481167758902493,0.029500564022059972,0.626953125,,
14.279584999999964,1354,,,,0.041015625,-0.21484375,-0.9765625,0.011417678753531757,0.4897267890590036,12.128500938415527,1.435546875,2504,2503,17.411031620576978,2.99264512047369,17.1882125407025,0.16364345565353478,0.028127384966679804,0.626953125,,
14.301395000000484,1354,,,,0.203125,-0.015625,-0.95703125,0.011515537532819056,0.5027746115525418,12.126287460327148,1.3190568685531616,2502,2503,15.9952627645946,3.017840167275178,18.867087160050573,0.16660080842071215,0.03143271973408463,0.62109375,,
14.324409999999217,1354,,,,0.25,0.01171875,-0.8828125,0.011517538942593036,0.4945280320889938,12.125715255737305,1.4578683376312256,2503,2502,17.677696342471336,3.0181054131204132,17.072956536023874,0.1638537971335144,0.027974687567229647,0.625,,
14.34797500000056,1354,,,,0.0625,0.255859375,-1.37109375,0.011439640463463794,0.4906603640926127,12.128000259399414,1.3246372938156128,2502,2502,16.06520144300589,2.9974410621808567,18.657973713026898,0.1636930815032011,0.030541812116910958,0.630859375,,
14.374185000000521,1354,,,,-0.57421875,0.2578125,-0.994140625,0.011485781461566586,0.48953785125458266,12.125715255737305,1.3058035373687744,2502,2502,15.833801874068286,3.009279606749801,19.005414054588055,0.1626760936925075,0.03091726517409065,0.634765625,,
14.397745000000112,1354,,,,-0.0625,0,-1.15234375,0.011459342535229601,0.49365002699786126,12.128890037536621,1.3774956464767456,2501,2502,16.707493223301867,3.0021020382605776,17.96859647426676,0.16443479292392166,0.02954662440379564,0.63671875,,
14.422699999999255,1354,,,,0.224609375,-0.28125,-0.861328125,0.011353468894403808,0.4927164519642522,12.125715255737305,1.4174107313156128,2502,2502,17.187118928359496,2.9743228219415427,17.305534652662352,0.16565668270084505,0.02866777462924566,0.638671875,,
14.448940000000409,1354,,,,0.224609375,-0.162109375,-0.939453125,0.011451855309193902,0.486448162452876,12.127501487731934,1.431884765625,2502,2502,17.36518462537788,3.000090217759553,17.2764660006848,0.16214451137944516,0.02801284138044634,0.63671875,,
14.474234999999403,1354,,,,0.236328125,-0.013671875,-0.970703125,0.011707923134676449,0.4834584995476275,12.126667976379395,1.2901475429534912,2502,2502,15.645190893938661,3.0671720743774347,19.60456791591935,0.15762353328212225,0.030901412633765394,0.630859375,,
14.4995,1354,,,,-0.048828125,0.04296875,-1.068359375,0.011658771428273014,0.4971175914084099,12.12600040435791,1.356201171875,2501,2502,16.44529595854692,3.0543217700161853,18.572616617634043,0.16275874935265108,0.030228558528923817,0.62890625,,
14.525049999999814,1354,,,,-0.13671875,0.16796875,-0.98828125,0.011400514809751329,0.5126216053594199,12.126500129699707,1.3311767578125,2502,2502,16.142515126266517,2.986797943090732,18.50268015689031,0.17162915440773346,0.03175599349603834,0.626953125,,
14.549264999999664,1354,,,,-0.298828125,0.1640625,-1.0859375,0.011424870861404873,0.4897379030474989,12.127999305725098,1.2823486328125,2503,2502,15.552323328447528,2.993046910873604,19.245014700786687,0.16362520121829807,0.03148969402865326,0.62890625,,
14.574575000000186,1354,,,,-0.0859375,0.10546875,-0.8359375,0.011468475687797988,0.4905603381961546,12.129000663757324,1.357421875,2501,2502,16.46417082287371,3.0045069537824864,18.248759601111026,0.16327482203979252,0.02979562976318358,0.626953125,,
14.598359999999404,1354,,,,0.0859375,-0.234375,-0.935546875,0.011441204925087023,0.4929609597111498,12.126001358032227,1.3250732421875,2501,2502,16.06783993425779,2.997516602051048,18.655380028152553,0.16445645684625787,0.03067997700550412,0.625,,
14.623120000000112,1354,,,,0.111328125,-0.08984375,-1.03125,0.011532702315003352,0.4852367377068831,12.128000259399414,1.3748605251312256,2504,2502,16.67430880542952,3.022245985049496,18.125165008731198,0.16055501111003587,0.029100860693480706,0.62109375,,
14.644879999999889,1354,,,,-0.25,-0.0625,-0.92578125,0.01181072989414224,0.4880374628077107,12.124001502990723,1.319580078125,2504,2504,15.998590850504115,3.096408142770576,19.354255457273652,0.1576140612945905,0.030505028059538922,0.623046875,,
14.669139999999665,1354,,,,-0.13671875,-0.015625,-1.140625,0.011644372400725059,0.4938834207562637,12.127429008483887,1.3776506185531616,2502,2504,16.707360074997382,3.053082211308491,18.27387569073488,0.1617655164760843,0.029560829391314894,0.625,,
14.695900000000373,1354,,,,-0.25,0.01171875,-0.81640625,0.011380337223256707,0.49170507901117555,12.133001327514648,1.356201171875,2502,2503,16.454790618736297,2.9831658372249463,18.129467012653176,0.16482659893577292,0.029882183882139108,0.626953125,,
14.719494999999181,1354,,,,0.0625,-0.248046875,-0.91796875,0.011446386121275624,0.490060208713864,12.126500129699707,1.3507080078125,2504,2503,16.379360831924714,3.000465876640467,18.318577308537666,0.16332803933186868,0.02991937315152717,0.625,,
14.743719999999739,1354,,,,-0.1875,0.041015625,-0.828125,0.011754342203396441,0.49108269565543605,12.12700080871582,1.3262939453125,2505,2504,16.083967747399583,3.082236724307056,19.163410252457044,0.15932672911936718,0.03053243474296528,0.62109375,,
14.770879999999888,1354,,,,-0.048828125,-0.05859375,-1.0703125,0.01146214028894702,0.4925052861828405,12.126286506652832,1.3874162435531616,2504,2504,16.824206873309663,3.0059675535611845,17.866919826871158,0.16384251573153777,0.02927361092808262,0.619140625,,
14.793680000000633,1354,,,,-0.041015625,0.1171875,-0.990234375,0.011423477573905305,0.4921829805164754,12.126667022705078,1.4208984375,2504,2504,17.230762224644423,2.9950171901460516,17.381803260347976,0.16433394176695,0.028564202447906056,0.615234375,,
14.820765000000597,1354,,,,-0.3125,0.248046875,-0.966796875,0.011274335586106618,0.49500593359429373,12.125144004821777,1.4808872938156128,2502,2503,17.955971692425123,2.9551224395732865,16.457602463362814,0.16750775770420243,0.027567760858250634,0.619140625,,
14.846180000000633,1354,,,,0.05078125,0,-0.984375,0.011430597718779495,0.4980400524535237,12.125334739685059,1.4143880605697632,2502,2503,17.149928686222324,2.9955473681815787,17.466821133711775,0.16626011584515674,0.029040357051375514,0.62109375,,
14.869430000000634,1354,,,,0.224609375,0.068359375,-1.052734375,0.011527124553783782,0.4965285500181564,12.12700080871582,1.307373046875,2502,2502,15.854513996746391,3.020428484987908,19.050905537739915,0.16439010308835178,0.03131780325275516,0.623046875,,
14.893790000000036,1354,,,,-0.0625,-0.123046875,-0.927734375,0.011489963420074974,0.49194958675807315,12.122858047485352,1.3616071939468384,2500,2502,16.506570728652378,3.010415820591623,18.237681648594,0.16341582561222143,0.029803258038578476,0.623046875,,
14.919054999999702,1354,,,,-0.26171875,0.0078125,-1.08203125,0.01149298307135024,0.4956172029615379,12.130501747131348,1.324462890625,2504,2503,16.066399408737198,3.0122228260223562,18.748586720583177,0.16453537191204443,0.030848056888963703,0.623046875,,
14.944204999999144,1354,,,,0,-0.109375,-0.82421875,0.012066952684606936,0.4906603640926127,12.127501487731934,1.3671875,2509,2505,16.580568440258503,3.165492451748269,19.091579779992855,0.1550028539229737,0.0295924935179703,0.626953125,,
14.969074999999254,1354,,,,0.173828125,0.138671875,-1.078125,0.012226184583524763,0.49492813567482635,12.12800121307373,1.4080810546875,2510,2509,17.077208739356138,3.2120084748665634,18.80874400430656,0.15408680878259115,0.028981793408322926,0.623046875,,
14.996665000000037,1354,,,,0.298828125,-0.04296875,-0.869140625,0.011867039753062017,0.5005740418304631,12.125999450683594,1.3482666015625,2510,2512,16.34908006992191,3.1211492374816756,19.09067191629812,0.16038132230881572,0.030617872056996655,0.62109375,,
15.019855000000447,1354,,,,0.486328125,-0.0859375,-1.1328125,0.01113188014864685,0.501629870737521,12.13155746459961,1.3747830390930176,2508,2510,16.678259440113834,2.9257198309823287,17.542117278410437,0.17145519725622382,0.030076871782616737,0.6171875,,
15.04447000000067,1354,,,,-0.0625,0.171875,-0.80078125,0.011172141420402543,0.49787334262609356,12.127429008483887,1.2653459310531616,2504,2507,15.345392950021164,2.9333018867750735,19.1151956572805,0.16973136821367704,0.03244448312582356,0.623046875,,
15.070599999998697,1354,,,,-0.1484375,0.173828125,-1.11328125,0.0111713359937505,0.4988958295676655,12.12700080871582,1.31103515625,2505,2505,15.898924400098622,2.9307514083379536,18.433645790024475,0.1702279586553512,0.03137921893411675,0.62890625,,
15.09383999999892,1354,,,,-0.4609375,0.18359375,-0.869140625,0.01098233530778816,0.4957283428464914,12.128500938415527,1.2652587890625,2500,2502,15.345692410483025,2.877941550771914,18.75406774611174,0.1722510113916415,0.0323040713697511,0.634765625,,
