Time (s),ESC signal (µs),Servo 1 (µs),Servo 2 (µs),Servo 3 (µs),AccX (g),AccY (g),AccZ (g),Torque (N·m),Thrust (N),Voltage (V),Current (A),Motor Electrical Speed (RPM),Motor Optical Speed (RPM),Electrical Power (W),Mechanical Power (W),Motor Efficiency (%),Propeller Mech. Efficiency (N/W),Overall Efficiency (N/W),Vibration (g),App message,
0,1465,,,,-0.0703125,0.08203125,-0.990234375,0.02847897269575155,1.2514424675935358,12.110001564025879,3.03857421875,3743,3742,36.79713854147121,11.158555962556061,30.324520886264335,0.11215093348932502,0.03400923325011078,1.103515625,,
0.021384999999776482,1465,,,,-0.25,-0.1796875,-0.77734375,0.028557098801531757,1.252257539724813,12.11257266998291,2.9624722003936768,3746,3745,35.883159810072584,11.199868434942362,31.212046247383434,0.11181002232293255,0.03489819587664345,1.1015625,,
0,1465,,,,0.486328125,-0.021484375,-1.158203125,0.028751915495147,1.2495234985549577,12.10888957977295,3.032769203186035,3745,3744,36.72346740231569,11.27404575878554,30.69984006486987,0.11083186331590326,0.034025204778897485,1.10546875,,
0.04394500000029802,1465,,,,-0.140625,0.09375,-1.015625,0.02833995457442877,1.2545470213548549,12.105714797973633,3.021763324737549,3743,3744,36.58060499624935,11.110521994027398,30.37271252120235,0.11291521874753073,0.03429541478287429,1.099609375,,
0.06716499999910593,1465,,,,0,-0.05859375,-1.193359375,0.028381338468967694,1.259214896522901,12.108500480651855,2.9998779296875,3746,3744,36.32402335351799,11.126008771281978,30.629891031067245,0.11317759336781556,0.0346661735201463,1.09765625,,
0.0900800000000745,1465,,,,0.048828125,0.076171875,-0.75,0.02850960070702982,1.2561474356981848,12.104571342468262,2.998046875,3745,3744,36.29007228650153,11.178140549286088,30.802199733958407,0.11237534813233414,0.03461407918345266,1.1015625,,
0.1158899999987334,1465,,,,0.19921875,-0.080078125,-1.173828125,0.028451228374587467,1.2511572548637737,12.11257266998291,2.9722378253936768,3745,3746,36.001446652552886,11.160187995531686,30.999276510296315,0.11210897660189165,0.034752971649683786,1.103515625,,
0.1406900000013411,1465,,,,-0.287109375,0.33203125,-1.12109375,0.028235876235758683,1.251612928392083,12.106999397277832,3.0267333984375,3744,3745,36.6446594306035,11.072024708397743,30.214565725097252,0.11304282291230604,0.03415539802634401,1.10546875,,
0.165785000000149,1465,,,,-0.2734375,0.20703125,-0.740234375,0.028191984256039762,1.2506237834159972,12.107429504394531,2.9617745876312256,3743,3744,35.85947702765225,11.052179004048764,30.82080364843614,0.11315630908238583,0.03487568383809965,1.107421875,,
0.18843999999947847,1465,,,,0.298828125,-0.05078125,-1.310546875,0.02826444177351438,1.2503570476921086,12.111001014709473,3.0072021484375,3742,3742,36.42022827116307,11.076987416144048,30.41438217704589,0.11287880004899058,0.034331389643763456,1.10546875,,
0.21380499999970198,1465,,,,-0.2109375,-0.12109375,-0.828125,0.028453626209658436,1.2465671776151952,12.108000755310059,3.0001394748687744,3741,3742,36.32569102774664,11.149551660560453,30.693295420158957,0.1118042424992481,0.034316406442565124,1.10546875,,
0.23874499999918045,1465,,,,0.298828125,-0.37109375,-0.857421875,0.02844356913602425,1.246400467787765,12.11050033569336,2.940673828125,3741,3741,35.61303138267249,11.143839499162057,31.291465698098612,0.11184659182156077,0.034998437914336065,1.10546875,,
0.2648099999986589,1465,,,,0.13671875,0.169921875,-1.05078125,0.02827907667201803,1.2541246897920315,12.107999801635742,2.9425048828125,3739,3740,35.62784853740595,11.07680559207462,31.090301679162575,0.11322079090106531,0.03520068545467505,1.103515625,,
0.2928999999985099,1465,,,,-0.037109375,0.09765625,-1.205078125,0.027828835797318662,1.2534022805398342,12.10533332824707,2.9909939765930176,3738,3739,36.20697906943769,10.896071593986546,30.093843435791968,0.11503249310802773,0.034617698376218045,1.1015625,,
0.31648499999940394,1465,,,,-0.3359375,0.13671875,-0.8046875,0.028055265597067093,1.2516907263115506,12.110223770141602,2.9964191913604736,3740,3739,36.287306916522084,10.984620620566288,30.27124786591657,0.11394938155333602,0.034493899731689356,1.103515625,,
0.3381949999984354,1465,,,,-0.099609375,-0.009765625,-0.8671875,0.028967511609502235,1.2463115558798021,12.112000465393066,3.0350167751312256,3742,3741,36.76012459286517,11.347535781733711,30.869143963500527,0.1098310311465162,0.033903899121215185,1.09765625,,
0.3628799999989569,1465,,,,-0.07421875,0.05078125,-1.265625,0.02839958325507178,1.248990027107181,12.110000610351562,3.00537109375,3740,3741,36.39504577964544,11.127042719907015,30.57295981237646,0.11224815600578716,0.03431758362578294,1.099609375,,
0.38747000000067056,1465,,,,0.44921875,-0.53125,-0.7265625,0.028349541163757378,1.2592371244998917,12.108500480651855,3.0035400390625,3740,3741,36.368366006645374,11.106628756995825,30.53925698769743,0.11337707886443267,0.03462451747955349,1.10546875,,
0.42106499999947844,1465,,,,-0.171875,0.251953125,-0.904296875,0.028230430383414815,1.2562030056406617,12.11050033569336,3.0078125,3741,3740,36.42611429095268,11.05779691341119,30.35678421554194,0.11360337104013053,0.03448633020823389,1.111328125,,
0.4483100000005215,1465,,,,0.078125,0.103515625,-1.115234375,0.028361232705738013,1.2536949952118304,12.10872745513916,2.982954502105713,3739,3740,36.11978307707841,11.108592546432776,30.754870600212108,0.11285813121432925,0.03470937221678456,1.1171875,,
0.47105000000074504,1465,,,,-0.0234375,0.0234375,-0.96484375,0.028123178825827082,1.2472451309134114,12.10949993133545,2.9736328125,3740,3739,36.00920633878559,11.011674580488355,30.580164630364703,0.11326570920679147,0.03463684034518698,1.11328125,,
0.49273499999940396,1465,,,,-0.0625,-0.046875,-1.072265625,0.028360648897175867,1.2533689385743478,12.111501693725586,3.031005859375,3739,3739,36.71003259951249,11.105164234202757,30.251033430981572,0.1128636112119892,0.03414240875915193,1.109375,,
0.517254999998957,1465,,,,-0.048828125,-0.041015625,-1.26953125,0.027880602315968193,1.2590148447299847,12.110001564025879,2.9646809101104736,3735,3739,35.9022904582755,10.915350711449255,30.40293689377486,0.11534350824013265,0.03506781402131354,1.109375,,
0.5392999999988825,1465,,,,0.173828125,-0.083984375,-0.70703125,0.02812342908938257,1.2543025136079573,12.108501434326172,3.055419921875,3739,3738,36.9965565064922,11.007514921373074,29.75280934440875,0.11394965371997841,0.03390322321991915,1.111328125,,
0.563015000000596,1465,,,,0.03125,-0.259765625,-0.9375,0.028721646879661413,1.2500236280372483,12.114287376403809,2.9813058376312256,3740,3739,36.11639567401494,11.24635488133733,31.1391950150465,0.1111492249023361,0.03461097390005107,1.10546875,,
0.5885800000000745,1465,,,,0.125,0.15625,-1.1953125,0.028913846216125475,1.2505459854965295,12.108000755310059,2.9610769748687744,3740,3740,35.852722248242344,11.325059026858764,31.587724213644524,0.11042291104449935,0.034880084609414476,1.09765625,,
0.7347249999996275,1465,,,,-0.13671875,0.119140625,-1.0078125,0.028340606433438456,1.2467116594656347,12.108500480651855,3.0224609375,3740,3740,36.59746971447021,11.09932217210712,30.328113551846396,0.11232322480003804,0.03406551516245123,1.091796875,,
0.7581849999986588,1465,,,,-0.07421875,0.046875,-0.9609375,0.02850644270514245,1.2532985036722588,12.109469413757324,3.011599063873291,3742,3742,36.46886675047381,11.169871783887446,30.628513521721445,0.11220348164426949,0.03436625854725732,1.080078125,,
0.8023999999985099,1465,,,,-0.01171875,-0.21875,-0.76171875,0.027925292875374205,1.249790234278846,12.107499122619629,3.0029296875,3741,3741,36.357968556694686,10.93927683899604,30.087700917442383,0.11424797568186842,0.03437458922739287,1.05859375,,
0.9536349999997765,1465,,,,-0.08203125,0.10546875,-1.236328125,0.0283578781121163,1.257253277553472,12.108000755310059,3.0214145183563232,3741,3741,36.58328927036314,11.10872003463993,30.36555830872028,0.11317715034972736,0.03436687358159448,1.064453125,,
0.9750299999993295,1465,,,,-0.013671875,0.00390625,-0.95703125,0.0285376629491951,1.25391352401062,12.109760284423828,3.02001953125,3742,3742,36.571712577715516,11.182179575502106,30.576034829486815,0.11213498366254922,0.034286431660700396,1.0546875,,
0.998480000000447,1465,,,,0.609375,-0.646484375,-0.951171875,0.028036305093525164,1.2623268133015983,12.108572959899902,2.969447612762451,3743,3743,35.95577306973473,10.988242861969772,30.56044113043691,0.11487977005591152,0.03510776449871813,1.048828125,,
1.021964999999851,1465,,,,0.0859375,0.11328125,-1.07421875,0.02855264408229735,1.2541580317575178,12.105714797973633,2.9554965496063232,3746,3744,35.77839831592928,11.194743009940979,31.289111689935122,0.11203098013449886,0.03505349850161238,1.04296875,,
1.0439950000010432,1465,,,,-0.412109375,0.291015625,-1.009765625,0.028517591813791977,1.249634638439911,12.10914421081543,2.963169574737549,3746,3745,35.88144770159761,11.184174048016324,31.169795993260195,0.11173240268569962,0.034826761975500546,1.03515625,,
1.0685800000000745,1465,,,,-0.203125,-0.2890625,-0.82421875,0.028608192949970246,1.2473118148443834,12.111000061035156,2.91259765625,3745,3746,35.2744703926146,11.222258417049881,31.814108878582847,0.11114623888444355,0.03536018545314666,1.041015625,,
1.0908549999985844,1465,,,,-0.0234375,0.37890625,-1.25,0.028385257028926615,1.2524575915177294,12.106858253479004,3.0322265625,3747,3746,36.710737184621394,11.135566931413155,30.33326973362439,0.11247362610560742,0.034116928385802076,1.044921875,,
1.115464999999851,1465,,,,0.32421875,-0.2109375,-0.90234375,0.028341607767128348,1.2559473839052686,12.109715461730957,2.894810199737549,3745,3747,35.055327834538275,11.11953291817469,31.719951302863485,0.1129496529348318,0.035827574907681965,1.048828125,,
1.1378300000000745,1465,,,,-0.125,-0.177734375,-0.82421875,0.028173031298132666,1.2637605178174982,12.108500480651855,2.947998046875,3744,3745,35.69583576754667,11.047917507644986,30.950157826783098,0.11438902552838541,0.03540358393755449,1.048828125,,
1.1626850000005216,1465,,,,-0.140625,0.486328125,-1.1328125,0.02784707761931573,1.2625935490254867,12.110857963562012,2.9952566623687744,3744,3744,36.27512800236104,10.917854789086851,30.0973570331061,0.11564483805807127,0.03480603980069507,1.046875,,
1.188070000000298,1465,,,,-0.173828125,0.0625,-0.935546875,0.02845263650358223,1.2557844250489558,12.109001159667969,2.855224609375,3743,3744,34.5739181060344,11.154921302927528,32.2639779174481,0.1125767175712288,0.03632172729736917,1.044921875,,
1.2126149999983609,1465,,,,0.037109375,-0.3203125,-1,0.02808321155436214,1.250946089082362,12.108499526977539,2.98095703125,3741,3742,36.094916802830994,11.004484677301578,30.487629982398172,0.11367602625342633,0.03465712626283843,1.041015625,,
1.2374700000006706,1465,,,,-0.224609375,0.298828125,-0.943359375,0.02813216735372772,1.2482565038664881,12.109715461730957,2.9652621746063232,3741,3741,35.90848120391615,11.020243292296207,30.689806204040586,0.11326941436393624,0.03476216375674375,1.044921875,,
1.262765000000596,1465,,,,0.44921875,-0.46484375,-0.958984375,0.028709289365539258,1.2514017626106713,12.110000610351562,3.023681640625,3744,3743,36.616786513477564,11.251863445726233,30.72870264457738,0.11121729024235431,0.034175630407929626,1.048828125,,
1.286210000000894,1465,,,,0.2109375,-0.27734375,-0.751953125,0.028808465556775808,1.2549582389291827,12.108001708984375,2.9180908203125,3746,3745,35.33224863931537,11.299216043072125,31.979895076644265,0.11106595662436546,0.0355187763943433,1.05078125,,
1.3089000000003725,1465,,,,-0.0234375,0.08984375,-1.337890625,0.028499845179321224,1.2601040156025287,12.108000755310059,2.9722378253936768,3742,3744,35.987857834827764,11.173605830911706,31.048266007370657,0.11277505531083434,0.03501469916286724,1.05078125,,
1.3342699999995529,1465,,,,-0.6484375,0.486328125,-0.71484375,0.02790572872104518,1.2548359850557338,12.110857963562012,2.993861675262451,3742,3742,36.25823351165536,10.93559127150815,30.160297985815713,0.11474788641059706,0.0346083044738614,1.0546875,,
1.3590699999984355,1465,,,,0.3125,-0.150390625,-1.2265625,0.02858726303573541,1.249634638439911,12.109500885009766,2.9254150390625,3744,3743,35.42531600454822,11.205619009216527,31.631669870715758,0.11151857272785172,0.03527518676980811,1.0546875,,
1.3841199999991805,1465,,,,-0.2109375,-0.080078125,-0.82421875,0.028179448441361055,1.2494012446815088,12.108500480651855,2.972412109375,3742,3743,35.99145345506258,11.044267360115366,30.68580537850402,0.1131266750380858,0.0347138313333597,1.060546875,,
1.4052350000012666,1465,,,,0.099609375,-0.208984375,-0.75390625,0.027778124769755736,1.2507126953239598,12.109001159667969,2.965087890625,3741,3740,35.904252706095576,10.880322306227898,30.303714702800967,0.11495180566554097,0.03483466723460373,1.05859375,,
1.4264199999999254,1465,,,,0.046875,-0.078125,-0.935546875,0.028303709816150935,1.2515684724381015,12.107428550720215,2.9568917751312256,3741,3742,35.80035589961358,11.091499109016352,30.981533088993878,0.11284033475877878,0.03495966565102251,1.060546875,,
1.4504199999999254,1465,,,,0.234375,0.353515625,-1.359375,0.028341524206209206,1.256369715468092,12.110000610351562,2.9622395038604736,3742,3744,35.872722199757845,11.111515039590833,30.974830897181928,0.11306916392513439,0.0350229823226678,1.056640625,,
1.472054999999702,1465,,,,-0.224609375,0.150390625,-0.99609375,0.028027792220087316,1.2564808553530455,12.107999801635742,2.938232421875,3739,3741,35.576117581222206,10.979865348452535,30.863022991153844,0.11443499673974869,0.03531809935371479,1.056640625,,
1.495050000000745,1465,,,,-0.484375,0.220703125,-0.759765625,0.028079883929398274,1.2537468141831898,12.10866641998291,2.9345703125,3739,3738,35.533733000047505,10.992655562423977,30.935830925530063,0.11405313366397589,0.035283284595556394,1.0546875,,
1.519574999999255,1465,,,,0.486328125,-0.2890625,-1.31640625,0.028111255604910096,1.2504237316230808,12.108500480651855,2.9638671875,3736,3736,35.88798726443201,10.998784250914927,30.647537210356845,0.1136874497305523,0.03484240345967675,1.05859375,,
1.5420949999988078,1465,,,,-0.111328125,0.052734375,-1.1796875,0.02814582020183052,1.2561252077211944,12.109143257141113,2.9478237628936768,3737,3737,35.69562024168431,11.015885579314908,30.860608401618066,0.11402852713719946,0.03518989722594392,1.0625,,
1.566894999999553,1465,,,,0.25,-0.1875,-0.798828125,0.028495608445093273,1.255702876158371,12.106500625610352,2.97119140625,3738,3738,35.970730618573725,11.15473701407055,31.010593397040225,0.11257126676984237,0.03490901781989328,1.0625,,
1.5892050000000746,1465,,,,-0.05078125,-0.138671875,-0.814453125,0.02834471642894791,1.2466560895231578,12.110857009887695,2.9854910373687744,3738,3738,36.15685505787451,11.093880478549364,30.682647760132713,0.11237331174908877,0.034479107420368735,1.0625,,
1.6154849999994039,1465,,,,0.15625,0.14453125,-1.0390625,0.028221177758294812,1.2457447424665393,12.109713554382324,2.9959542751312256,3739,3738,36.28014809386627,11.045976722942404,30.446338571616522,0.11277814300288516,0.03433681525344027,1.056640625,,
1.6380999999996275,1465,,,,0.125,0.1484375,-1.1328125,0.02884446186803989,1.252346451632776,12.107111930847168,3.004014730453491,3741,3740,36.3699425835141,11.297140460436795,31.061749505091612,0.11085517224633631,0.034433555916594825,1.052734375,,
1.6627449999991804,1465,,,,0.0234375,-0.455078125,-0.7109375,0.028665677133245287,1.2580590417193847,12.108001708984375,2.9679362773895264,3743,3743,35.93577751878911,11.235070974721669,31.264304685900797,0.11197606535374388,0.03500853824747789,1.044921875,,
1.687754999998957,1465,,,,-0.236328125,0.044921875,-1.1015625,0.028518779692343163,1.2547581871362665,12.112000465393066,2.9931640625,3745,3744,36.2532045179978,11.181084645195009,30.841645018288492,0.11222150864187312,0.034610959329494456,1.048828125,,
1.7131549999993294,1465,,,,0.1875,-0.109375,-0.81640625,0.028455413127775425,1.2496124104629205,12.114001274108887,2.9541015625,3745,3744,35.78599009197205,11.155124213776148,31.171763545194185,0.11202138017608962,0.03491903974855368,1.05078125,,
1.7381500000003725,1465,,,,0.375,-0.146484375,-1.04296875,0.02834088257747343,1.249723550347874,12.106500625610352,2.978515625,3743,3743,36.05940127745271,11.109604379446033,30.80917593158339,0.11249037388405995,0.034657357196035965,1.056640625,,
1.7594949999991805,1465,,,,0.0859375,0.04296875,-1.244140625,0.028074645442278487,1.2524353635407388,12.108000755310059,2.9779052734375,3743,3743,36.05647930002306,11.004429494532065,30.519977846325748,0.11381193038340197,0.034735375939489964,1.046875,,
1.7868499999996275,1465,,,,-0.671875,0.515625,-0.6875,0.028060627189821934,1.2519796900124296,12.10857105255127,2.9331753253936768,3741,3742,35.516561837119525,10.996841151858737,30.96257234101297,0.11384902925517063,0.03525058804267322,1.048828125,,
1.8134049999993294,1465,,,,0.166015625,-0.1796875,-1.005859375,0.028167546709783286,1.2563919434450828,12.110000610351562,2.8973388671875,3741,3741,35.08677545003593,11.03542696615763,31.45181289706213,0.11385077779936045,0.0358081336153048,1.052734375,,
1.961925000000745,1465,,,,-0.0859375,-0.03515625,-1.08984375,0.02790781802349163,1.2545359073663593,12.109333992004395,2.9562716484069824,3740,3741,35.798480761653536,10.932806284331969,30.539861054782317,0.11474966945716955,0.035044389613041564,1.052734375,,
1.9935250000003726,1465,,,,0.001953125,0.03515625,-0.96875,0.028349833613000967,1.2515240164841204,12.108325004577637,2.949617385864258,3741,3741,35.714925947197116,11.104947172323515,31.093294687889518,0.11269968213835824,0.03504204427959451,1.0625,,
2.024355000000447,1465,,,,0.267578125,-0.482421875,-0.85546875,0.028324705684823613,1.2483898717284323,12.109091758728027,2.9314630031585693,3741,3741,35.497354492563545,11.097142028384605,31.261884686954293,0.11249652104436106,0.035168532685723425,1.06640625,,
2.0464399999994787,1465,,,,0.08203125,0.009765625,-1.12109375,0.028209248293015663,1.2468116853620927,12.110221862792969,3.021918296813965,3740,3740,36.59610102565057,11.04677881834591,30.18567144790401,0.11286653836966967,0.034069522446891,1.068359375,,
2.0684749999996273,1465,,,,-0.5,0.498046875,-1.013671875,0.028710253669724854,1.2470561931089903,12.108572006225586,3.0810546875,3749,3744,37.30717253871262,11.256525499902363,30.17255056845109,0.1107851790607863,0.033426714174464835,1.064453125,,
2.089519999999553,1465,,,,-0.5,-0.21484375,-0.673828125,0.029522923153075063,1.257203264605243,12.108572959899902,2.8843472003936768,3749,3749,34.92532851764986,11.590319864075008,33.186000979826794,0.10847010948352087,0.03599689159602043,1.072265625,,
2.1148899999987334,1465,,,,0.296875,0.03515625,-1.37109375,0.02813576522420601,1.2613487823140077,12.109715461730957,2.8982980251312256,3744,3746,35.0975644076359,11.037694473791305,31.44860522398506,0.1142764718944744,0.0359383565099915,1.068359375,,
2.137719999998808,1465,,,,0.14453125,0.1171875,-0.9765625,0.02768166486732715,1.2381650023127124,12.108000755310059,2.996826171875,3741,3743,36.28557355259545,10.85013988295913,29.902076281726668,0.11411511885273787,0.03412278988832873,1.06640625,,
2.163304999999702,1465,,,,-0.359375,0.076171875,-0.640625,0.028300270543738237,1.2516796123230551,12.108572959899902,2.9415457248687744,3743,3742,35.6179210244552,11.090875819882845,31.13847046903122,0.11285669704092648,0.03514184928041292,1.0625,,
2.18789999999851,1465,,,,0.173828125,-0.138671875,-1.130859375,0.02871217822581066,1.2553250005495293,12.107001304626465,3.043212890625,3741,3742,36.84418243705295,11.251504458547965,30.538076066067642,0.11156952433999498,0.03407118620949752,1.06640625,,
2.213015000000596,1465,,,,0.298828125,0.02734375,-1.08203125,0.0281706464583217,1.2541802597345082,12.108500480651855,2.8997802734375,3741,3742,35.11199083470274,11.039442416912578,31.440662162630233,0.11360902230107989,0.03571942888794977,1.060546875,,
2.2375299999993294,1465,,,,-0.548828125,-0.09765625,-0.826171875,0.028336660765087698,1.2475007526488044,12.110000610351562,3.0670166015625,3743,3742,37.14157291688025,11.105385644631811,29.900149004148908,0.11233295200800424,0.03358772003115235,1.05859375,,
2.2601899999994783,1465,,,,0,0.259765625,-1.1171875,0.02850205884500854,1.2491567369346113,12.111428260803223,3.0357143878936768,3742,3742,36.76683702926243,11.168489950405077,30.376531822729717,0.11184652020833889,0.03397509380370189,1.0625,,
2.423785000000149,1465,,,,0.3125,-0.19140625,-1.037109375,0.028750470086873446,1.2559140419397827,12.105714797973633,2.9150390625,3741,3742,35.288631515577435,11.266914313444264,31.927886771326676,0.11146921038009149,0.03558976327504753,1.064453125,,
2.4483100000005216,1465,,,,-0.044921875,0.08984375,-0.98828125,0.028365560226878483,1.2498842864064879,12.108871459960938,2.9814453125,3741,3741,36.10193805396557,11.111627559332925,30.778479378927372,0.11248435746540836,0.03462097476700966,1.064453125,,
2.476859999999404,1465,,,,-0.01171875,-0.162109375,-1.03125,0.028202835298139762,1.2559807258707547,12.109000205993652,3.0218505859375,3741,3742,36.59158936759923,11.051032024974436,30.2010167253347,0.11365279939758932,0.03432430095487704,1.060546875,,
2.5090750000011175,1465,,,,0.36328125,0.02734375,-1.142578125,0.02802725480320602,1.2567475910769337,12.10888957977295,3.0192058086395264,3742,3742,36.55922975542512,10.982675622824173,30.0407740980769,0.11443000178072849,0.034375658335374024,1.0625,,
2.5323899999987334,1465,,,,-0.5,0.201171875,-0.822265625,0.028233926903091813,1.248412099705423,12.1048002243042,2.9658203125,3742,3743,35.90066238399595,11.065364811481013,30.82217451345357,0.11282159431473211,0.03477406868854735,1.0625,,
2.554804999999702,1465,,,,-0.037109375,-0.2578125,-1,0.02849038630684897,1.2615043781529425,12.108000755310059,2.93212890625,3744,3744,35.502219011541456,11.169275875173389,31.460782413466482,0.11294415074454049,0.035533113514477466,1.06640625,,
2.5787400000002236,1465,,,,0.015625,0.263671875,-1.09765625,0.028356305825390275,1.260715284969773,12.109143257141113,2.958286762237549,3742,3743,35.82231819963863,11.113874682868065,31.025001288108093,0.11343616163975233,0.03519357060991354,1.06640625,,
2.6007050000000747,1465,,,,0.224609375,-0.39453125,-0.66015625,0.027937696222241303,1.2494568146239857,12.105713844299316,3.0517578125,3741,3740,36.94370680022985,10.94225087988211,29.618714058801572,0.11418645289162363,0.03382055897585816,1.068359375,,
2.6226150000002235,1465,,,,-0.34375,0.291015625,-1.1484375,0.028373990417974573,1.245789198420521,12.109715461730957,2.9903738498687744,3741,3741,36.212576446111825,11.114385865489064,30.692060483540722,0.11208799239990241,0.03440211442216458,1.06640625,,
2.6468800000008197,1465,,,,0.38671875,0.021484375,-1.267578125,0.0284428585887436,1.264016139552891,12.108572006225586,2.9701449871063232,3738,3740,35.96421444530688,11.139616986499352,30.974170180861567,0.11347034113334543,0.03514649656744658,1.068359375,,
2.6724000000003727,1465,,,,-0.26171875,0.08203125,-0.943359375,0.028163040178936328,1.2513461926681946,12.111001014709473,3.050537109375,3740,3739,36.94505802704953,11.026560816734428,29.845834343151584,0.11348472234144782,0.03387046223481405,1.06640625,,
2.6938849999997765,1465,,,,-0.234375,0.033203125,-0.7109375,0.028595192380079064,1.251968576023934,12.111001014709473,3.0010986328125,3741,3740,36.3463085872354,11.200320280074509,30.81556481366582,0.11177971207226992,0.03444554962215937,1.060546875,,
2.71714999999851,1465,,,,0.125,-0.0625,-1.2421875,0.028683253990932165,1.2525909593796738,12.106667518615723,2.97119140625,3740,3741,35.97122648963705,11.237944810103311,31.24148356003611,0.11146085699349137,0.034822025313496964,1.0546875,,
2.740800000000745,1465,,,,0.1484375,-0.0546875,-0.931640625,0.02844499763648639,1.257936787845936,12.107999801635742,2.96142578125,3741,3741,35.85694277193397,11.143844607956988,31.07862451865116,0.11288175958122541,0.035082098210295586,1.052734375,,
2.7647249999996273,1465,,,,0.21875,0.0625,-0.845703125,0.028333891237633937,1.256214119629157,12.11050033569336,2.9412841796875,3738,3740,35.620423045475036,11.095579179961899,31.149487376375788,0.11321753459231956,0.03526668164567848,1.056640625,,
2.787820000000298,1465,,,,-0.0625,-0.05859375,-1.193359375,0.0278435158002039,1.2425661417568699,12.109143257141113,2.977818012237549,3738,3738,36.05882490387967,10.899401576448698,30.226724263762687,0.11400315265397622,0.03445941860471384,1.056640625,,
2.8139949999991805,1465,,,,0.111328125,0.447265625,-1.1015625,0.02814393337391891,1.243944276330293,12.108000755310059,2.9478237628936768,3738,3738,35.69225234763758,11.017389699172677,30.86773452082775,0.11290735013427944,0.03485194109395083,1.060546875,,
2.838094999998808,1465,,,,-0.69921875,0.12109375,-0.701171875,0.028439958270285965,1.2486566074523207,12.108001708984375,3.0499267578125,3739,3739,36.928518395870924,11.134653462293297,30.151909543000492,0.11214148798440889,0.03381280001723373,1.06640625,,
2.8639250000007452,1465,,,,0.19921875,-0.2265625,-1.10546875,0.028389844914642533,1.2410768672984933,12.110000610351562,3.01025390625,3742,3740,36.454176642000675,11.118714448581803,30.500522773490317,0.1116205360824599,0.03404484702772266,1.07421875,,
2.888960000000894,1465,,,,-0.13671875,0.21875,-0.953125,0.02853721856894337,1.2472562449019067,12.111001014709473,2.98828125,3743,3742,36.19107725098729,11.181832312686057,30.896655093020247,0.11154310045294318,0.034463087027006956,1.078125,,
2.9161300000008197,1465,,,,-0.07421875,0.06640625,-0.8046875,0.028494810564076066,1.2446333436170045,12.109999656677246,2.9998779296875,3741,3742,36.32852069858927,11.16657335626675,30.737759593663768,0.1114606337958196,0.03426050165773298,1.078125,,
2.9384249999988823,1465,,,,0.03125,-0.216796875,-0.845703125,0.02808932771060085,1.2564475133875592,12.10400104522705,2.979600667953491,3740,3740,36.065089599268276,11.002157152880343,30.506390737217426,0.11420010602726427,0.03483833056699383,1.076171875,,
2.963210000000894,1465,,,,0.484375,-0.07421875,-1.3984375,0.02853644849498789,1.2577033940875337,12.109715461730957,2.959681987762451,3742,3742,35.84090672901357,11.18356530662975,31.203354845865395,0.11245996778343595,0.03509128280701142,1.076171875,,
2.9878899999987336,1465,,,,-0.7734375,0.341796875,-0.671875,0.02858552320796917,1.2449556492833698,12.107501029968262,3.1256103515625,3743,3741,37.84333055082243,11.199434564483537,29.594209604366196,0.11116236646727361,0.03289762373349863,1.078125,,
3.0133649999983607,1465,,,,-0.0625,0.109375,-1.087890625,0.02840724934059995,1.2402766601268285,12.113000869750977,3.0218505859375,3752,3746,36.603678775718436,11.144302270450067,30.4458531032755,0.11129244613325975,0.03388393466477428,1.083984375,,
3.0385999999996276,1465,,,,0.236328125,-0.3125,-1,0.030145031960327015,1.2536690162637223,12.11050033569336,3.0059814453125,3754,3753,36.40393930254504,11.848315992839991,32.54679636280918,0.10580989036934212,0.03443772955022142,1.0859375,,
3.0635299999993295,1465,,,,0.2109375,-0.21875,-0.96875,0.02770877395782499,1.2622490153821306,12.11150074005127,2.9583740234375,3749,3751,35.83034917421173,10.883555609104105,30.375242943312852,0.11597763274405086,0.03522848770590861,1.087890625,,
3.090105000000447,1465,,,,-0.0625,0.453125,-1.17578125,0.027513426834027382,1.260970906705166,12.109999656677246,3.009033203125,3742,3746,36.439391056774184,10.79177250213688,29.615677400653652,0.11684557902378696,0.034604609740610574,1.083984375,,
3.115945000000298,1465,,,,-0.634765625,0,-0.6953125,0.027979475144737427,1.2542136016999945,12.111000061035156,2.94921875,3743,3743,35.71798846125603,10.966531907557963,30.703106137831824,0.11436738727177824,0.03511434030111924,1.091796875,,
3.1400749999992548,1465,,,,0.048828125,0.158203125,-1.41796875,0.02861383093653454,1.2553694565035107,12.109500885009766,2.9461669921875,3743,3743,35.67661179928109,11.215521909010842,31.436622883669806,0.11193143455008671,0.03518746296779245,1.08984375,,
3.164304999997839,1465,,,,0.162109375,-0.24609375,-0.744140625,0.02851863087565606,1.2579701298114219,12.11199951171875,3.05908203125,3745,3744,37.0516000688076,11.18043529507594,30.17531030863183,0.11251530880604031,0.03395184357693803,1.08984375,,
3.187804999999702,1465,,,,-0.3125,0.142578125,-0.89453125,0.0285989074873653,1.26189336775028,12.109500885009766,2.9949951171875,3742,3745,36.26789602218196,11.21458503035579,30.92152085000131,0.11252251994474782,0.03479367446566208,1.08984375,,
3.209414999999106,1465,,,,0.2109375,-0.0625,-1.169921875,0.028342804309186197,1.2641272794378446,12.112571716308594,3.0894253253936768,3743,3743,37.42088581601092,11.110639902186538,29.69101254527955,0.11377628026528594,0.03378132964711846,1.09375,,
3.2343149999994782,1465,,,,0.048828125,0.15234375,-1.05859375,0.028420752393877792,1.2448556233869117,12.110000610351562,2.9744465351104736,3740,3742,36.020549355645926,11.135724657164303,30.91492177761267,0.11178936815629854,0.03455959572120714,1.08984375,,
3.2582400000002236,1465,,,,-0.423828125,-0.095703125,-0.708984375,0.028082678888436127,1.2643717871847422,12.107001304626465,2.9736328125,3738,3740,36.001776340417564,10.997642730255501,30.547500285170504,0.1149675269688787,0.03511970562867169,1.0859375,,
3.2800999999996274,1465,,,,0.15625,-0.06640625,-1.05859375,0.02804119242915699,1.2524353635407388,12.109000205993652,2.97607421875,3738,3738,36.03728332789615,10.977963703769142,30.462794889067553,0.11408630938638752,0.03475387842488225,1.08984375,,
3.302164999999106,1465,,,,0.375,0.0703125,-1.408203125,0.028180405339645786,1.2607041709812774,12.112571716308594,2.928989887237549,3737,3737,35.47760006550743,11.028152184629038,31.08483145496359,0.11431690004590599,0.035535215703809075,1.0859375,,
3.3269749999996274,1465,,,,-0.09375,-0.18359375,-0.830078125,0.028410881306168978,1.2562252336176525,12.109715461730957,3.0259487628936768,3735,3736,36.64337852041922,11.115209028883536,30.333472178854027,0.11301858834622686,0.03428246205293629,1.091796875,,
3.3508549999985844,1465,,,,0.125,-0.267578125,-0.501953125,0.028290006384347918,1.2543691975389295,12.110000610351562,3.0987548828125,3735,3735,37.52592352218926,11.064953215937669,29.486158307056478,0.11336416639630875,0.03342673756709052,1.095703125,,
3.3730800000000745,1465,,,,0.013671875,0.267578125,-1.30078125,0.028351554311185547,1.252635415333655,12.108000755310059,3.175048828125,3739,3736,38.443493609083816,11.093134866168963,28.855688764841513,0.11291987616177385,0.032583808018885926,1.09765625,,
3.3962949999980627,1465,,,,-0.13671875,0.091796875,-1.205078125,0.02885498327768462,1.2512350527832414,12.109333992004395,3.0126953125,3740,3739,36.48173375520855,11.298992908553082,30.971644561546935,0.11073863510756651,0.03429757645782393,1.1015625,,
3.4206749999988824,1465,,,,-0.609375,0.466796875,-0.705078125,0.028790876402498815,1.2546915032052943,12.11050033569336,2.9327392578125,3743,3742,35.516939766239375,11.281541176035557,31.763832273520435,0.11121632085787458,0.03532656561807561,1.109375,,
3.4418699999991804,1465,,,,0.486328125,-0.341796875,-1.166015625,0.02860825778653627,1.2570587827548034,12.10914421081543,2.9122488498687744,3742,3743,35.26484130084236,11.21325495826956,31.79726476750574,0.11210471780343731,0.035646233936824104,1.111328125,,
3.4650399999991057,1465,,,,-0.5625,0.328125,-0.857421875,0.028276358287200393,1.2520352599549063,12.108572006225586,2.8822543621063232,3739,3742,34.89998448382221,11.07986414526154,31.747475848872025,0.1130009577319914,0.03587495176495806,1.123046875,,
3.489425000000745,1465,,,,0.1484375,-0.23046875,-1.09765625,0.028104477109613325,1.2499013741637994,12.10914421081543,2.972935199737549,3742,3741,35.99970106303135,11.008816782661873,30.580300551348177,0.11353639531291937,0.034719770921857525,1.12109375,,
3.5144049999993294,1465,,,,0.287109375,-0.36328125,-0.66796875,0.028345995972988987,1.2541802597345082,12.108500480651855,3.009033203125,3740,3740,36.434879986336455,11.102495293693531,30.4721610112538,0.11296381818300892,0.03442251656118648,1.123046875,,
3.544285000000149,1465,,,,0.07421875,0.205078125,-1.353515625,0.028278630361690718,1.2602818394184543,12.11050033569336,3.0316162109375,3741,3741,36.714389140252024,11.078212408357622,30.174034398442334,0.11376220214623009,0.03432664600802897,1.12109375,,
3.572804999999702,1465,,,,-0.55078125,0.1171875,-0.634765625,0.028655972652105705,1.2507904932434273,12.108445167541504,3.0788846015930176,3744,3742,37.28050537557692,11.229392448060805,30.121352527096818,0.11138541101210023,0.033550792314710434,1.12109375,,
3.5951500000003724,1465,,,,0.26953125,-0.1796875,-1.142578125,0.028591593112260994,1.2539357519876106,12.10888957977295,2.974175453186035,3742,3743,36.01396215350087,11.205770057186522,31.115071453189785,0.11190089976756505,0.03481804491944014,1.12109375,,
3.7525599999986587,1465,,,,-0.171875,0.23828125,-1.00390625,0.02826386355431136,1.256369715468092,12.112571716308594,2.928989887237549,3743,3742,35.47760006550743,11.076644964656609,31.22151708177609,0.11342511378462702,0.035413041275291296,1.123046875,,
3.7990999999996276,1465,,,,-0.04296875,0.0234375,-0.951171875,0.028362658594921448,1.252956887450883,12.109131813049316,2.9857938289642334,3743,3742,36.15537104151713,11.11549377379823,30.74368607926699,0.11272165798017808,0.034654792672770954,1.111328125,,
3.9528350000008943,1465,,,,0.046875,0.046875,-1.013671875,0.028163465668900847,1.2623768262498274,12.110133171081543,2.9830729961395264,3743,3743,36.12541124230688,11.038617414604067,30.55637855736467,0.1143600488028243,0.034944289430577986,1.103515625,,
3.9785800000000746,1465,,,,-0.009765625,0,-1.001953125,0.028161667322291084,1.2566364511919803,12.10745906829834,2.958139181137085,3744,3745,35.815549053946825,11.044495379746092,30.83715221874842,0.11377943563600547,0.035086337760707895,1.103515625,,
4.010375,1465,,,,0,-0.23828125,-0.845703125,0.02802965878657204,1.2545470213548549,12.106500625610352,2.9541015625,3741,3741,35.76383241452277,10.979746691418649,30.700699422134797,0.11426010604920066,0.035078651717577555,1.10546875,,
4.038724999999627,1465,,,,-0.115234375,0.21484375,-1.15625,0.028158374307687018,1.250812721220418,12.107999801635742,2.94091796875,3738,3739,35.60863418225199,11.024310630370849,30.959655947336422,0.11345949539688739,0.03512666941446034,1.10546875,,
4.063119999999181,1465,,,,0.11328125,-0.20703125,-0.86328125,0.028018885995500002,1.2429329033772165,12.11288833618164,2.9475910663604736,3737,3737,35.703841447550985,10.964928954841715,30.710782118358935,0.1133553084106744,0.03481230178559602,1.10546875,,
4.091499999998137,1465,,,,0.15625,-0.58984375,-0.642578125,0.028488704468683804,1.2494012446815088,12.107999801635742,2.923583984375,3738,3737,35.39875430287793,11.149806658113905,31.49773735740588,0.11205586634744902,0.03529506247568526,1.109375,,
4.116804999999702,1465,,,,0.08203125,0.267578125,-1.37890625,0.028523560271215418,1.2602484974529682,12.109001159667969,2.9022216796875,3739,3739,35.14300568494946,11.168817732668142,31.781054337794913,0.11283633842164106,0.035860578026559904,1.107421875,,
4.139410000000149,1465,,,,-0.3984375,0.384765625,-0.796875,0.02844777638638274,1.2561252077211944,12.109501838684082,2.989501953125,3740,3739,36.20137939811684,11.13934699715924,30.770504280117837,0.11276470766567662,0.03469826919872939,1.103515625,,
4.163064999999478,1465,,,,0.015625,-0.4375,-0.888671875,0.02813256391875869,1.244744483501958,12.106000900268555,2.9522705078125,3737,3738,35.74018942541443,11.011573628121223,30.810059502065823,0.11303965496113513,0.03482758495445564,1.095703125,,
4.187559999998659,1465,,,,-0.25,0.2734375,-0.98046875,0.028545302459067237,1.2505126435310436,12.109715461730957,3.018275737762451,3742,3740,36.550460369349366,11.179701753467613,30.587034035945365,0.11185563542812504,0.034213321279523576,1.099609375,,
4.212915000000969,1465,,,,0.349609375,-0.2421875,-1.18359375,0.02890402445451106,1.2485565815558626,12.105501174926758,3.06640625,3743,3743,37.12038446217775,11.330783581889527,30.524424102973796,0.11019154787771991,0.033635335399826646,1.103515625,,
4.235330000000075,1465,,,,0.111328125,-0.279296875,-0.591796875,0.029231616095023925,1.2490344830611624,12.109500885009766,2.9962158203125,3746,3746,36.28267812775448,11.46567413281292,31.60095870663483,0.10893685522481632,0.03442509063590077,1.109375,,
4.2590750000011175,1465,,,,0.26171875,0.171875,-1.41015625,0.028615860991774114,1.238565105898545,12.111332893371582,2.9353840351104736,3744,3745,35.55141321911128,11.221868884387614,31.565183682642196,0.11037066273530377,0.03483870242414815,1.111328125,,
4.286009999999776,1465,,,,-0.611328125,0.494140625,-0.794921875,0.027817667080498605,1.2467301364715082,12.109500885009766,2.886962890625,3740,3742,34.95967967901379,10.90025798124278,31.179513317412283,0.11437620454643256,0.035661943928505656,1.107421875,,
4.309359999999404,1465,,,,0.099609375,-0.19921875,-0.974609375,0.028083385523165368,1.2501458819106972,12.110221862792969,2.9475910663604736,3741,3740,35.69598177441185,10.998526016922717,30.811664143124517,0.11366485654415681,0.035022033847149886,1.10546875,,
4.333955000000074,1465,,,,-0.037109375,-0.0546875,-1.18359375,0.028377065124437374,1.2568031610194104,12.108000755310059,3.0147879123687744,3741,3740,36.503054320060755,11.112674169349642,30.4431351741504,0.11309637463193645,0.03443008220626395,1.103515625,,
4.358679999999702,1465,,,,-0.111328125,0.248046875,-0.947265625,0.028516818665688965,1.2551471767336035,12.106287002563477,3.0252511501312256,3745,3742,36.624558678323865,11.17611644384361,30.515361405455405,0.11230620073084549,0.034270643033753705,1.107421875,,
4.383875,1465,,,,0.25,-0.443359375,-0.791015625,0.029216892605177895,1.2597039120166962,12.108500480651855,2.960205078125,3747,3747,35.843644611304626,11.463125428683519,31.98091475627508,0.10989183707827288,0.03514441474010714,1.109375,,
4.408814999999478,1465,,,,0.26171875,0.29296875,-1.3203125,0.02858840605967949,1.2590704146724614,12.112000465393066,3.0206298828125,3744,3746,36.585870546405204,11.214788461576234,30.65333226757989,0.1122687618216117,0.03441411659387651,1.1015625,,
4.4371749999988825,1465,,,,-0.798828125,0.322265625,-0.728515625,0.02788070588853973,1.2540580058610595,12.110000610351562,2.8778076171875,3741,3743,34.850252000615,10.928505509154554,31.358469112251182,0.11475109792556398,0.035984187598957086,1.1015625,,
4.463,1465,,,,0.125,-0.126953125,-1.091796875,0.02777197340055444,1.2528725600631745,12.105778694152832,3.081597328186035,3740,3740,37.3051352795128,10.878060908465638,29.159687605903528,0.11517425491597964,0.03358445293592665,1.10546875,,
4.487519999999553,1465,,,,-0.07421875,0.205078125,-1.09765625,0.02844347593346059,1.2531688867814317,12.107501029968262,3.00537109375,3741,3740,36.387533613014966,11.14073144811299,30.61689084672728,0.11248533299792379,0.03443951162255203,1.107421875,,
4.513125,1465,,,,0.07421875,-0.171875,-0.986328125,0.028745316138810657,1.2545581353433504,12.111000061035156,3.0108642578125,3742,3742,36.46457721013576,11.263983233910428,30.890206594194304,0.11137784115005427,0.034404845231405315,1.09765625,,
4.538039999999106,1465,,,,0.0625,-0.310546875,-0.84765625,0.028387368269607693,1.2579256738574405,12.107001304626465,3.0096435546875,3741,3742,36.437758443062194,11.124142298217205,30.529161983440446,0.11308068884187505,0.0345225866685263,1.09375,,
4.565099999999627,1465,,,,0.1484375,0.158203125,-1.21484375,0.02787828510740282,1.2496902083823878,12.109500885009766,2.99072265625,3741,3740,36.21615865267813,10.918668288798141,30.148609612385606,0.11445445317397274,0.034506426271411726,1.083984375,,
4.590039999999106,1465,,,,-0.861328125,0.400390625,-0.69140625,0.028197020128890724,1.2466116335691766,12.105500221252441,2.9034423828125,3742,3741,35.147622407530434,11.045583057397874,31.426259589699416,0.11286064548075148,0.03546787942339132,1.080078125,,
4.615189999999479,1465,,,,0.361328125,-0.33984375,-1.103515625,0.02856261284405713,1.2480342240965812,12.10949993133545,2.9486083984375,3740,3741,35.706173198414035,11.18930567348046,31.337174138777367,0.11153812939926389,0.03495289784098216,1.08984375,,
4.64002499999851,1465,,,,-0.037109375,0.03515625,-1.1171875,0.02795839501647571,1.2485232395903763,12.106500625610352,2.9559326171875,3738,3740,35.78600007924251,10.949157504145447,30.59620376655744,0.11402916061054692,0.034888594333697995,1.08984375,,
4.664359999999404,1465,,,,-0.125,0.07421875,-0.74609375,0.027935984620738725,1.2498902601753041,12.107001304626465,3.009033203125,3738,3738,36.430368915898725,10.935557338672828,30.01769585127752,0.11429598158249835,0.03430902012166653,1.0859375,,
4.687844999998808,1465,,,,0.287109375,-0.365234375,-0.8671875,0.028278719232501043,1.2522241977593271,12.110285758972168,2.993861675262451,3740,3739,36.25652041026342,11.072756283084823,30.540041233384247,0.11309055900311596,0.03453790335061635,1.087890625,,
4.712879999998957,1465,,,,0.412109375,0.080078125,-1.390625,0.028541802122905947,1.2557473321123525,12.111001014709473,2.9864501953125,3741,3741,36.16890134580899,11.180461718671207,30.91180904771033,0.11231623198666944,0.034718979161302614,1.080078125,,
4.737709999999032,1465,,,,-1.01171875,0.43359375,-0.5859375,0.028198036833318257,1.254513679389369,12.108501434326172,2.9681396484375,3740,3741,35.93972319038585,11.048023326853587,30.740424093775488,0.11355096221965048,0.034906047348883334,1.087890625,,
4.765509999999776,1465,,,,0.162109375,0.02734375,-1.080078125,0.02841156698080145,1.2501792238761833,12.107500076293945,3.1842041015625,3748,3743,38.55275140260346,11.137831417014846,28.889848355317927,0.11224619740305385,0.032427756214353065,1.091796875,,
4.788169999999925,1465,,,,0.3984375,-0.048828125,-1.3046875,0.029919479241068123,1.250657125381483,12.111001014709473,2.8826904296875,3757,3754,34.9122667190386,11.76170687675132,33.689324647423554,0.10633296157495509,0.03582285663220676,1.08984375,,
4.813224999999627,1465,,,,0.32421875,-0.419921875,-0.626953125,0.029159998658228013,1.2663389631484188,12.112502098083496,2.982177734375,3752,3755,36.121634064475074,11.464878683662628,31.73964572920059,0.11045376040070472,0.03505763224576372,1.09375,,
4.836054999999702,1465,,,,0.0859375,0.21875,-1.302734375,0.02762087373971705,1.265194222333398,12.108572006225586,3.0287387371063232,3748,3750,36.67370108629666,10.84588030249158,29.573999845202987,0.1166520547016133,0.03449867847688122,1.095703125,,
4.860009999997914,1465,,,,-0.798828125,0.34765625,-0.5390625,0.027958054345036138,1.261837797807803,12.10628604888916,2.9213168621063232,3744,3746,35.36629757210244,10.968100031637514,31.012859090710542,0.11504616060831217,0.03567910367872839,1.10546875,,
4.884140000000596,1465,,,,0.25,-0.3125,-1.109375,0.027841806993380888,1.2544136534929107,12.108000755310059,2.999267578125,3740,3742,36.31513410131447,10.911244206991425,30.0459972873857,0.11496522575208609,0.03454244861090863,1.11328125,,
4.909839999997988,1465,,,,0.1875,0.12890625,-1.162109375,0.027881465033551416,1.256080751767213,12.111000061035156,3.1396484375,3741,3740,38.02428241819143,10.919692398058007,28.71768171181542,0.11502895008201863,0.03303364776099716,1.115234375,,
4.93825,1465,,,,0.099609375,-0.1640625,-0.93359375,0.02854885687227821,1.2549582389291827,12.108501434326172,2.999267578125,3743,3741,36.316635771654546,11.18452867171526,30.79725980688135,0.1122048390025471,0.034556015783507366,1.11328125,,
4.960080000000074,1465,,,,0.103515625,-0.2109375,-0.828125,0.02850071837695284,1.2538357260911526,12.109333038330078,2.938910484313965,3742,3743,35.588245824397745,11.171455373049538,31.390857049185822,0.11223566529352617,0.035231737250493465,1.107421875,,
4.984569999998436,1465,,,,0.3125,0.041015625,-1.22265625,0.02812879249867913,1.2481675919585251,12.110668182373047,3.0867512226104736,3741,3741,37.382619818569765,11.020794667709852,29.481065589296364,0.11325567979372374,0.033388981243591166,1.1015625,,
5.006040000000969,1465,,,,-0.96875,0.421875,-0.646484375,0.027935942141609264,1.2481675919585251,12.107501029968262,2.9925537109375,3740,3740,36.232347137411125,10.940509915143673,30.19542143834018,0.11408678403835933,0.03444898524583161,1.103515625,,
5.028009999999776,1465,,,,0.099609375,-0.1015625,-1.0546875,0.028525332936466596,1.2468339133390836,12.11066722869873,2.9085285663604736,3739,3740,35.22422159235589,11.172330866068352,31.717750914026986,0.11160016009961367,0.035397060800050804,1.10546875,,
5.050490000000224,1465,,,,0.078125,0.166015625,-1.154296875,0.028413348728761244,1.2480231101080856,12.110000610351562,2.97607421875,3740,3740,36.04026060551405,11.128646450832248,30.878373973604393,0.11214509469970206,0.0346285817344268,1.107421875,,
5.206015000000596,1465,,,,-0.171875,-0.201171875,-0.96484375,0.02839084429205672,1.2546692752283037,12.106858253479004,3.0489675998687744,3741,3740,36.91341855106134,11.119844840738754,30.12412634001094,0.11283154515175314,0.033989517212900604,1.10546875,,
5.229504999998957,1465,,,,-0.0390625,0.005859375,-0.962890625,0.02846070282739833,1.255232337670449,12.10940933227539,2.991344928741455,3743,3743,36.22342019615644,11.155492080462198,30.79635224960307,0.11252146732898241,0.03465250743505546,1.10546875,,
5.276310000000522,1465,,,,-0.25,0.21484375,-1.2265625,0.028521569341489823,1.2541469177690223,12.109001159667969,2.95654296875,3743,3743,35.80078223720193,11.179894622033412,31.22807358777755,0.11217877808055016,0.03503127136886387,1.115234375,,
5.424699999999255,1465,,,,0.0234375,-0.068359375,-1.033203125,0.028240063434291262,1.2487177343890452,12.108800888061523,2.9860026836395264,3742,3742,36.15691194740839,11.066819073707478,30.60775513629203,0.11283438593079972,0.034536072555237926,1.111328125,,
5.460239999998361,1465,,,,0.0625,-0.015625,-0.96484375,0.028366729843945344,1.2525965163739214,12.109358787536621,2.9913086891174316,3740,3740,36.22283016079882,11.109558824101562,30.670046417644585,0.11274943822759946,0.03458030504003826,1.099609375,,
5.483865000000224,1465,,,,-0.330078125,0.15625,-0.833984375,0.028163662723503992,1.253846840079648,12.109090805053711,2.978959560394287,3739,3739,36.07249182139731,11.027611109838169,30.570694046971447,0.11370067620185133,0.03475908585100564,1.087890625,,
5.506160000000149,1465,,,,0.0859375,-0.13671875,-1.1171875,0.0283636453526107,1.2499236021407902,12.108572006225586,3.0203683376312256,3738,3739,36.57234750153157,11.106190620691246,30.36772692872981,0.11254296318416651,0.03417673973726861,1.08984375,,
5.52824499999918,1465,,,,-0.03125,0.451171875,-1.091796875,0.028288838348021685,1.2625935490254867,12.108000755310059,3.011997699737549,3738,3738,36.4692704234144,11.073858796645567,30.364903569707298,0.11401568073162942,0.03462075150850461,1.091796875,,
5.552294999999925,1465,,,,0.611328125,-0.6953125,-0.884765625,0.027988941423110543,1.261070932601624,12.108000755310059,3.021763324737549,3736,3737,36.587512618290475,10.951896945991987,29.933428545008606,0.1151463475980873,0.03446724968046069,1.1015625,,
5.580644999999553,1465,,,,-0.328125,0.134765625,-0.86328125,0.02809532034200257,1.2506460113929878,12.108000755310059,3.0120849609375,3738,3737,36.47032698208932,10.993706754931173,30.144250585771314,0.11376017564157936,0.034292152412211264,1.103515625,,
5.60314999999851,1465,,,,-0.4375,0.419921875,-1.1015625,0.02881909577552292,1.240232204172847,12.10888957977295,3.079969644546509,3748,3744,37.295012334866215,11.298688850201387,30.295442052015392,0.10976779877877081,0.03325463987079537,1.1015625,,
5.626964999999851,1465,,,,-0.25,-0.166015625,-0.671875,0.02937992890139422,1.258703653052115,12.110285758972168,3.1187222003936768,3749,3749,37.76861704961789,11.535753698552089,30.543225036270684,0.10911325657118541,0.033326707498940566,1.111328125,,
5.651935000000521,1465,,,,0.05078125,0.185546875,-1.32421875,0.028553315460397143,1.2589481607990125,12.110000610351562,2.9150390625,3750,3750,35.30112482607365,11.212443720845902,31.762284562004428,0.11228133599978807,0.035663117450273,1.115234375,,
5.673004999998957,1465,,,,0.1484375,-0.14453125,-0.78515625,0.028711359105228724,1.2719959832925507,12.110857009887695,2.948521137237549,3747,3748,35.70911788371541,11.270225679636612,31.561198784964173,0.11286339949614602,0.0356210418704469,1.12109375,,
5.69914999999851,1465,,,,-0.1875,0.212890625,-1.126953125,0.028009765139521723,1.2583480054202638,12.110857009887695,2.9464285373687744,3741,3745,35.68377470592577,10.984219396534584,30.782111721803098,0.1145596204876662,0.03526387036658704,1.115234375,,
5.722859999999404,1465,,,,0.099609375,0.134765625,-1.158203125,0.02782538084500691,1.252502047471711,12.106667518615723,2.9855685234069824,3740,3740,36.14528546693282,10.899216868660568,30.153910054553634,0.11491670113227447,0.03465187869708626,1.10546875,,
5.750804999999702,1465,,,,-0.25,0.1171875,-0.8515625,0.02796940633344904,1.2495568405204438,12.110000610351562,2.9817707538604736,3738,3738,36.109245649178774,10.949813801662128,30.32412780938601,0.11411672044421131,0.03460490015938237,1.095703125,,
5.774014999998734,1465,,,,-0.099609375,-0.05859375,-0.75,0.02848865989354467,1.251001659024839,12.106800079345703,3.00341796875,3742,3741,36.36178090237081,11.159410856841978,30.68994581647231,0.11210284082854013,0.034404301109005164,1.091796875,,
5.796155000001192,1465,,,,0.111328125,-0.07421875,-1.337890625,0.028734222378790013,1.2567031351229523,12.109715461730957,2.9554965496063232,3742,3742,35.79022226386019,11.260033607554599,31.461200560703467,0.11160740535266281,0.035113029638598546,1.09375,,
5.81799499999918,1465,,,,0.359375,-0.173828125,-0.814453125,0.028256628687840832,1.2611709584980821,12.109715461730957,3.011997699737549,3743,3742,36.47443511520987,11.072506757501156,30.356897159687364,0.11390112339680372,0.034576846893296306,1.099609375,,
5.839409999998287,1465,,,,0.1484375,-0.3125,-0.876953125,0.027825656400412502,1.2506126694275017,12.106666564941406,3.0208332538604736,3742,3742,36.57222095277575,10.90356342204477,29.813785266484384,0.11469761040679777,0.03419569927247153,1.103515625,,
5.864504999998957,1465,,,,-0.25,0.44140625,-1.26171875,0.028484027851891552,1.253691244240713,12.110285758972168,3.0043246746063232,3744,3743,36.38323032221365,11.165327431218655,30.688114640556545,0.11228432412428385,0.03445794211063432,1.099609375,,
5.887869999999181,1465,,,,-0.2109375,0.25,-0.9453125,0.028776839285955168,1.257392202409664,12.109500885009766,2.994384765625,3745,3744,36.2605049693957,11.28352683255782,31.117952830721062,0.111436098045298,0.034676632426131906,1.099609375,,
5.914964999999851,1465,,,,0.19921875,-0.23046875,-1.064453125,0.028599566333073898,1.258770336983087,12.111429214477539,2.9408481121063232,3745,3745,35.61787374030564,11.216054717336275,31.489961470226802,0.11222933274723136,0.03534097364039578,1.099609375,,
5.938515000000596,1465,,,,0.0625,-0.099609375,-1.193359375,0.02838559658249436,1.263749403829003,12.107555389404297,3.0159504413604736,3744,3744,36.51578702047027,11.128892446148358,30.476934373370202,0.11355572083602793,0.0346083025164037,1.09765625,,
5.964365000000224,1465,,,,-0.0625,0.1953125,-0.8359375,0.028268440121575027,1.2500680839912297,12.108572006225586,3.0161831378936768,3743,3743,36.52167070914902,11.081258883533621,30.341599024268245,0.1128092121237948,0.03422811880503802,1.099609375,,
5.987594999998808,1465,,,,0.13671875,-0.1953125,-0.94140625,0.028595662864384648,1.2472895868673928,12.109500885009766,2.8448486328125,3745,3744,34.44969703676179,11.212418059304605,32.547218186968855,0.11124180174786934,0.03620611192999437,1.1015625,,
6.009254999998957,1465,,,,0.486328125,-0.056640625,-1.26171875,0.028597206226177122,1.2521908557938413,12.108500480651855,2.938232421875,3742,3744,35.5775886925403,11.211915894525053,31.513984804922714,0.1116839323068152,0.03519605745670991,1.091796875,,
6.034365000000223,1465,,,,-1,0.529296875,-0.74609375,0.0279787033939742,1.251323964691204,12.110285758972168,3.1033761501312256,3741,3742,37.582771995668054,10.963402906575613,29.171352522478383,0.11413645702473334,0.033295148235352005,1.09375,,
6.059594999998808,1465,,,,0.125,-0.27734375,-0.859375,0.02809732734113569,1.251323964691204,12.106858253479004,3.011997699737549,3742,3741,36.46582921052732,11.006187511814915,30.182194536899598,0.11369277175660815,0.03431497354597272,1.09765625,,
6.086949999999255,1465,,,,-0.037109375,0.1484375,-1.25,0.02880078577731774,1.2530132909424967,12.108000755310059,2.992621421813965,3742,3741,36.23466243568055,11.284006484100415,31.141469867783194,0.11104329767162392,0.03458051508460156,1.1015625,,
6.110924999998883,1465,,,,0.01953125,-0.001953125,-0.8671875,0.028407707109113497,1.2512906227257181,12.111000061035156,2.950439453125,3742,3742,35.73277239687741,11.130655469942397,31.149711380679424,0.11241841292318733,0.035018011164313266,1.09765625,,
6.134529999999329,1465,,,,-0.298828125,0.177734375,-0.85546875,0.02823648575537287,1.2526798712876364,12.108500480651855,2.972412109375,3740,3741,35.99145345506258,11.061432655005452,30.733498075637016,0.1132475250139304,0.03480492592086285,1.103515625,,
6.159269999999553,1465,,,,0.412109375,0.166015625,-1.22265625,0.02829684608312727,1.2486232654868343,12.108572006225586,2.8927175998687744,3741,3741,35.02667935168711,11.08454537634386,31.64600693388298,0.11264541964450706,0.03564777731140228,1.1015625,,
6.190859999999404,1465,,,,-0.82421875,0.046875,-0.626953125,0.028229078736640836,1.2442554680081628,12.109001159667969,2.84423828125,3740,3740,34.44088464602828,11.05623583356131,32.10206691028279,0.11253879591019697,0.03612727956311802,1.099609375,,
6.214495000001043,1465,,,,0.009765625,0.009765625,-1.2578125,0.02841684654971091,1.2554287774171047,12.110799789428711,2.9013671875,3743,3742,35.13787712343037,11.134949244281513,31.689305546738883,0.11274669959199367,0.03572864612757067,1.107421875,,
6.2397999999988825,1465,,,,0.224609375,-0.005859375,-1.189453125,0.028951729215567188,1.254102461815041,12.10628604888916,2.9359652996063232,3743,3743,35.543635746646714,11.349442873711038,31.931012782736428,0.11049903292785815,0.03528346032899452,1.10546875,,
6.2650649999994785,1465,,,,-0.07421875,-0.01953125,-0.646484375,0.028148670216055896,1.2499680580947716,12.105001449584961,3.0426025390625,3744,3743,36.830708145862445,11.03293823918712,29.95581348990858,0.1132942132908075,0.033938203228253506,1.103515625,,
6.287709999999032,1465,,,,0.111328125,0.078125,-1.109375,0.028508794861175843,1.2569698708468406,12.108500480651855,3.0206298828125,3743,3743,36.575298387906514,11.174942489467547,30.55325036845769,0.11248110422326939,0.034366633390541336,1.1015625,,
6.309375,1465,,,,0.234375,0.130859375,-0.94921875,0.02819603612221417,1.2546952541764116,12.112000465393066,2.9464285373687744,3743,3742,35.68714381585801,11.049981068361879,30.9634784038158,0.11354727636310927,0.03515818639481237,1.091796875,,
6.3342550000008195,1465,,,,-0.375,0.0703125,-0.923828125,0.028531446996695634,1.2501458819106972,12.10400104522705,3.550502300262451,3748,3745,42.97528355345776,11.188609404722962,26.034986810046856,0.11173380325377902,0.02908988093948507,1.080078125,,
6.359304999999702,1465,,,,0.0625,-0.013671875,-0.98828125,0.030432603789399024,1.253113316838955,12.108000755310059,2.9083251953125,3776,3761,35.214003661531024,11.9859301346475,34.03739674094866,0.10454869190473622,0.03558565305108713,1.076171875,,
6.384800000000745,1465,,,,0.224609375,-0.140625,-1.02734375,0.030921136554854654,1.2768527962650178,12.11050033569336,2.896728515625,3771,3774,35.08083166088909,12.220367815913717,34.834886282180015,0.10448562723310693,0.03639744942787532,1.078125,,
6.412479999998585,1465,,,,-0.0625,-0.3359375,-0.76171875,0.02656219154824278,1.2924012661700093,12.109500885009766,2.943115234375,3760,3765,35.639656535349786,10.473711469102277,29.38780136310728,0.12339477462049883,0.036263011257926116,1.078125,,
6.434724999999627,1465,,,,0.3125,-0.09765625,-1.2265625,0.027205794795002694,1.2812205937436896,12.110666275024414,3.0588107109069824,3753,3756,37.044235718264645,10.701547289354494,28.88856277328486,0.11972292969430699,0.034586233698755575,1.080078125,,
6.456164999999106,1465,,,,-0.111328125,-0.05078125,-0.6015625,0.027935702497836147,1.2650608544714539,12.109715461730957,2.943638324737549,3757,3754,35.64662253481811,10.982453881363782,30.809241101696482,0.1151892708257256,0.03548894017198393,1.08203125,,
6.47852499999851,1465,,,,0.28125,-0.052734375,-1.201171875,0.02867092959376292,1.2619267097157658,12.108001708984375,2.9722378253936768,3752,3754,35.98786066937464,11.270525032137714,31.317574377875797,0.11196698522184219,0.03506534387551563,1.083984375,,
6.500404999999329,1465,,,,-0.361328125,0.291015625,-1.16796875,0.02772556467214886,1.2660722274245306,12.11066722869873,3.0013020038604736,3749,3752,36.34776982158087,10.892642869463648,29.967843757490524,0.11623186793113614,0.03483218457801562,1.091796875,,
6.522189999999479,1465,,,,-0.6875,0.20703125,-0.57421875,0.027796633373611213,1.2716959056031762,12.108000755310059,3.0984933376312256,3746,3749,37.516559672362064,10.912234123218974,29.08644667452775,0.11653854666637611,0.03389692223138512,1.09765625,,
6.546974999999628,1465,,,,0.03125,-0.005859375,-1.166015625,0.02842168679499199,1.2614376942219705,12.107429504394531,2.885044574737549,3752,3749,34.93047380567077,11.156929787661609,31.94039064494551,0.11306315610384032,0.03611281373507115,1.095703125,,
6.573099999999627,1465,,,,0.1484375,0.14453125,-1.064453125,0.029279096024108647,1.25950386022378,12.107000350952148,2.965087890625,3751,3752,35.89832013240084,11.502775874006126,32.042657794519016,0.1094956447052051,0.03508531473279125,1.09765625,,
6.596349999999627,1465,,,,0.20703125,-0.087890625,-0.873046875,0.02827237419200556,1.266094455401521,12.105501174926758,3.2159423828125,3753,3751,38.930594293633476,11.104356016147353,28.523469054679463,0.11401781909373539,0.03252183734602203,1.103515625,,
6.739174999998882,1465,,,,0.109375,-0.142578125,-0.818359375,0.02947247681136088,1.2707956725350533,12.109500885009766,2.8656005859375,3761,3757,34.70099283149466,11.594708405991993,33.41318924877741,0.10960134813552731,0.03662130587173511,1.1015625,,
6.761830000000074,1465,,,,0.11328125,-0.05078125,-1.041015625,0.028137199328000698,1.2583609254318895,12.109106063842773,2.966360569000244,3750,3751,35.919974753624956,11.052297257420722,30.769223345028525,0.1138551466833741,0.035032344372817215,1.103515625,,
6.805064999999479,1465,,,,-0.15625,-0.109375,-1.001953125,0.028639910746546798,1.2516351563690737,12.104999542236328,2.96142578125,3747,3747,35.84805772639811,11.239014682679475,31.351809262467214,0.11136520341929775,0.03491500616077684,1.109375,,
6.959245000001043,1465,,,,0.25,-0.2578125,-0.982421875,0.028487757631245527,1.2520352599549063,12.110285758972168,2.9746792316436768,3747,3747,36.02421553648469,11.17758651619536,31.027980345262197,0.11201302339649218,0.03475537888359754,1.111328125,,
6.993984999999404,1465,,,,0.02734375,0.03125,-0.974609375,0.028321422690892474,1.2533504615684745,12.109617233276367,2.970158576965332,3744,3744,35.967483489182996,11.10414628443995,30.872736169544517,0.11287229377775516,0.03484676546651956,1.115234375,,
7.020644999999553,1465,,,,-0.125,0.076171875,-0.9921875,0.028317747814765325,1.2578071709551089,12.110180854797363,3.003373622894287,3741,3742,36.37139774777779,11.095514647953094,30.506154107401617,0.11336176922511203,0.034582316018689656,1.111328125,,
7.041739999998361,1465,,,,-0.2109375,-0.068359375,-0.61328125,0.028404920953316294,1.2591037566379475,12.108499526977539,2.9638671875,3741,3741,35.887984437868,11.127671249377222,31.006676534432547,0.11315069689072772,0.03508427058136417,1.10546875,,
7.066004999998957,1465,,,,0.0234375,0.1328125,-1.474609375,0.028250307262387708,1.2579812437999174,12.109333992004395,2.9996745586395264,3739,3740,36.324061097884396,11.063693182684405,30.45830462863301,0.11370355477398471,0.03463217508664485,1.103515625,,
7.089605000000447,1465,,,,0.2109375,-0.283203125,-0.7265625,0.028145063961538905,1.253146658804441,12.111000061035156,2.9791259765625,3739,3738,36.08019488397986,11.017562286043798,30.536315897051207,0.11374082816775459,0.03473225859322775,1.1015625,,
7.117230000000447,1465,,,,0,0.1484375,-0.912109375,0.0283656960884791,1.249434586646995,12.107429504394531,3.242885112762451,3741,3739,39.26300289362189,11.105041369053136,28.283729084962843,0.1125105747132869,0.031822186143840775,1.103515625,,
7.139775000000372,1465,,,,-0.166015625,0.283203125,-1.06640625,0.029608476804508753,1.2561029797442036,12.108445167541504,3.02734375,3755,3749,36.656425800174475,11.622732974831411,31.707218369271807,0.10807294484560963,0.03426692462030013,1.109375,,
7.165535000000149,1465,,,,-0.171875,-0.232421875,-0.78125,0.031352079218679545,1.263304844289189,12.110857009887695,3.0161831378936768,3757,3758,36.5285626986647,12.338868580087588,33.77868623486419,0.10238417210536667,0.034584028249635156,1.1171875,,
7.188559999998659,1465,,,,0.13671875,0.056640625,-1.330078125,0.02819104608210815,1.2701955171563044,12.11250114440918,2.9254150390625,3753,3755,35.434093008516356,11.086537189368876,31.28776906101222,0.11457098780801664,0.035846706076292714,1.115234375,,
7.209809999998659,1465,,,,-0.048828125,-0.123046875,-0.578125,0.028058088922102577,1.2609820206936613,12.110857009887695,2.9945590496063232,3750,3752,36.266676457447375,11.024900336356666,30.399533161778596,0.1143758203904427,0.03476971544864896,1.123046875,,
7.2346299999989565,1465,,,,0.44921875,0.123046875,-1.291015625,0.028200993883771158,1.2570810107317942,12.109143257141113,3.192661762237549,3753,3751,38.66039865053108,11.076774635987306,28.651475470067727,0.11348800097888305,0.032515986761934894,1.1171875,,
7.25925,1465,,,,0.140625,-0.07421875,-1.197265625,0.029158527538902426,1.255447254422978,12.109500885009766,2.9150390625,3763,3757,35.29966810718179,11.472322698432116,32.499803294462275,0.10943270054585859,0.035565412417221984,1.1171875,,
7.286204999998212,1465,,,,0.1484375,-0.146484375,-0.919921875,0.029630562192985155,1.2639049996679377,12.109001159667969,2.926025390625,3760,3761,35.431244848296046,11.671428953946139,32.94106375296447,0.10829051049834033,0.03567204610166897,1.115234375,,
7.314814999999478,1465,,,,0.072265625,-0.140625,-0.82421875,0.027925577094286464,1.266094455401521,12.106000900268555,2.967529296875,3756,3758,35.92491233954206,10.988490133791522,30.587381897927813,0.11522005662161537,0.035242798741862154,1.10546875,,
7.338150000000373,1465,,,,-0.236328125,0.498046875,-1.34375,0.027994811088611186,1.2632826163121982,12.10888957977295,2.9465060234069824,3751,3753,35.67891608357104,11.003203922685314,30.839512884619065,0.11481043386896496,0.0354069785459065,1.109375,,
7.364314999999478,1465,,,,-0.4609375,0.32421875,-0.873046875,0.028067882457453328,1.2671947402625607,12.109713554382324,3.018275737762451,3750,3751,36.550454612445265,11.023900584396246,30.160775567050425,0.11494976125385314,0.03466973950663494,1.111328125,,
7.387900000000372,1465,,,,-0.037109375,0.166015625,-1.021484375,0.02864217429726443,1.2664834449988585,12.112001419067383,2.9669189453125,3751,3751,35.9353264758829,11.250376835359324,31.307289897337466,0.1125725354388459,0.035243410014622445,1.107421875,,
7.414349999999628,1465,,,,0.419921875,-0.556640625,-1.185546875,0.02858318336249928,1.2621156475201867,12.11050033569336,2.9736328125,3749,3750,36.01218117401004,11.223735469272413,31.166497288902274,0.11245058750498192,0.035046909306094866,1.111328125,,
7.439980000000447,1465,,,,0.099609375,-0.51953125,-0.4765625,0.028314347484465766,1.2577478500415151,12.109000205993652,2.9559326171875,3747,3748,35.79338867042679,11.112262698003986,31.04557324907646,0.11318557563145398,0.035139110790051886,1.115234375,,
7.464870000001043,1465,,,,0.013671875,0.359375,-1.29296875,0.02812421243806601,1.254135803780527,12.11111068725586,2.929144859313965,3744,3745,35.47519761015792,11.030934545365984,31.09477970098016,0.11369261585432763,0.03535246843618482,1.1171875,,
7.487865000000223,1465,,,,-0.224609375,0.126953125,-0.66796875,0.02794297453354496,1.2541802597345082,12.110002517700195,2.9693603515625,3739,3741,35.95896133338101,10.94825061098063,30.446515152308567,0.11455531155604155,0.034878100290684486,1.11328125,,
7.513309999998659,1465,,,,0.404296875,-0.68359375,-0.865234375,0.02802020424585312,1.2527687831955991,12.112571716308594,2.9331753253936768,3738,3739,35.528296485337705,10.97054093819982,30.87831960287567,0.11419389346913725,0.035261155392367564,1.109375,,
7.537945000000298,1465,,,,-0.25,0.294921875,-1.109375,0.028091256738173975,1.2500791979797252,12.107501029968262,3.01513671875,3737,3737,36.50577092776075,10.993866349624552,30.1154203026686,0.11370696697822019,0.034243331018907606,1.1171875,,
7.563209999999032,1465,,,,0.38671875,-0.267578125,-1.1484375,0.028384672381960598,1.2488788872222274,12.109001159667969,2.9986572265625,3740,3738,36.31074383389205,11.110499162984134,30.5983794047582,0.112405290608635,0.03439419729145118,1.115234375,,
7.584785000000149,1465,,,,0.294921875,-0.408203125,-0.830078125,0.028887908795037307,1.2577478500415151,12.10888957977295,2.9720051288604736,3740,3740,35.98768193589035,11.312720819118457,31.434980556045016,0.11117996016625159,0.034949398860479784,1.11328125,,
7.61214999999851,1465,,,,-0.3125,0.08203125,-1.07421875,0.02834384490812404,1.2542024877114992,12.108572006225586,2.9652621746063232,3738,3739,35.90509055855773,11.09902301581901,30.912115366253083,0.11300116108633458,0.03493104928021323,1.111328125,,
7.637869999999181,1465,,,,0.486328125,0.001953125,-1.1328125,0.028037524691689464,1.2545914773088362,12.108501434326172,2.994384765625,3740,3739,36.25751222949475,10.978930128246772,30.28042867021537,0.11427265340554474,0.03460224930402841,1.10546875,,
7.659469999998808,1465,,,,-0.5,-0.095703125,-0.8046875,0.0285862422790225,1.253468964470806,12.107001304626465,2.984619140625,3742,3741,36.13478782935999,11.198380403365757,30.990580202789857,0.11193305811383819,0.0346887041482044,1.09765625,,
7.684685000000521,1465,,,,-0.162109375,-0.08984375,-1.099609375,0.028667183186065502,1.2504904155540528,12.109715461730957,2.9415457248687744,3741,3742,35.62128174583199,11.234742479560731,31.53941107376153,0.11130565901524303,0.03510514934517681,1.109375,,
7.7092999999988825,1465,,,,0.1484375,0.1171875,-1.31640625,0.02849285247183542,1.259348264384845,12.111001968383789,3.074951171875,3741,3741,37.240739695262164,11.163405510769925,29.97632593261877,0.11281040209189619,0.03381641381696459,1.107421875,,
7.734859999999404,1465,,,,0.349609375,-0.41015625,-0.67578125,0.028401613589779304,1.2613487823140077,12.110501289367676,3.0047607421875,3740,3741,36.38915884250309,11.125849518803232,30.57462681937036,0.11337100867509184,0.03466276282376533,1.107421875,,
7.763129999998957,1465,,,,-0.037109375,-0.130859375,-1.00390625,0.02802715056165806,1.254513679389369,12.109001159667969,2.9315185546875,3738,3739,35.497761578299105,10.973894424225383,30.914327935917147,0.11431800151275115,0.03534064187743862,1.109375,,
7.787794999999925,1465,,,,0.125,0.23046875,-1.10546875,0.028119579697742998,1.2525242754487016,12.107999801635742,2.957899332046509,3738,3738,35.81424452567762,11.007626527742158,30.735330797917726,0.11378695237270323,0.03497279621661943,1.103515625,,
7.810519999999553,1465,,,,-0.548828125,0.232421875,-0.94921875,0.028498759306574344,1.2463226698682974,12.109500885009766,2.991943359375,3739,3738,36.230940758250654,11.156483335541935,30.79269569615395,0.11171286079886895,0.034399401279263775,1.095703125,,
7.834334999999031,1465,,,,-0.05078125,-0.076171875,-0.9765625,0.028611516802116693,1.2637049478750215,12.108572006225586,2.9506137371063232,3739,3739,35.727718898310286,11.201854800707936,31.353400514012996,0.11281211641800229,0.03537043468887087,1.09765625,,
7.856094999998808,1465,,,,-0.03125,-0.134765625,-1.13671875,0.028584713170095834,1.2482787318434787,12.108000755310059,2.935267925262451,3741,3740,35.54022625611515,11.196324901691462,31.503245986693717,0.11149004184890147,0.03512298213432719,1.09375,,
7.878214999999851,1465,,,,-0.037109375,0.263671875,-0.84375,0.02849428698085865,1.2585369432246847,12.107999801635742,3.0398995876312256,3741,3741,36.807103604031454,11.161787469917224,30.325090477085737,0.11275406798567345,0.03419277313325023,1.09765625,,
7.902769999999553,1465,,,,0.46875,-0.634765625,-1.0390625,0.028401506972753714,1.2648608026785377,12.107429504394531,2.933872699737549,3741,3741,35.521656886940036,11.12543460002197,31.32014544094189,0.11369091169490492,0.03560815889597703,1.10546875,,
7.928505000000819,1465,,,,0.111328125,0.140625,-1.0234375,0.02810922610860644,1.262671346944954,12.108500480651855,2.977294921875,3738,3740,36.050576992565766,11.008098492291847,30.535152029777223,0.11470385624084932,0.035024996887160445,1.103515625,,
7.950209999999031,1465,,,,-0.0625,0.21484375,-1.099609375,0.028123048174557193,1.2564475133875592,12.107999801635742,3.023158550262451,3739,3738,36.60440312689116,11.009471366304641,30.0769044864349,0.11412423644908296,0.034325037592663796,1.103515625,,
7.971875,1465,,,,-0.609375,0.15625,-0.447265625,0.02848669034311779,1.2429884733196932,12.110285758972168,2.9952566623687744,3738,3738,36.273414102751076,11.151844458790467,30.743851205185237,0.11146034881610141,0.03426720379280266,1.109375,,
7.994025000000373,1465,,,,0.287109375,-0.34375,-1.095703125,0.028392418814526407,1.2552138606645757,12.109713554382324,3.0001394748687744,3737,3738,36.330829663855866,11.113474151868909,30.58965141917822,0.11294522698408324,0.03454955122903068,1.1015625,,
8.014894999999553,1465,,,,-0.015625,-0.068359375,-1.060546875,0.028405192875638443,1.2512572807602318,12.108572959899902,3.017578125,3741,3738,36.53856488876045,11.120004950814648,30.433611677603817,0.11252308666180631,0.03424483924230775,1.099609375,,
8.03941000000015,1465,,,,0.296875,-0.35546875,-1.19140625,0.028898253021997306,1.260170699533501,12.109333992004395,3.0192058086395264,3741,3741,36.56057152741573,11.320181822205,30.962814171863585,0.11132071192192554,0.03446802516718139,1.1015625,,
8.064810000000522,1465,,,,0.13671875,-0.36328125,-0.634765625,0.02868893794997539,1.2548359850557338,12.109500885009766,2.95166015625,3741,3742,35.74313127435744,11.241099873142868,31.44967850426516,0.1116292888789091,0.03510705246901434,1.109375,,
8.090854999998584,1465,,,,-0.0234375,0.54296875,-1.2265625,0.028283523146947705,1.251768524231018,12.108000755310059,2.9046630859375,3741,3741,35.169662838452496,11.080453718870045,31.505714938942525,0.11297087249227461,0.035592281051452276,1.109375,,
8.115829999998212,1465,,,,-0.55078125,0.376953125,-0.87890625,0.02817725447816471,1.2536579022752272,12.107000350952148,2.989501953125,3740,3741,36.19390119565651,11.037803384535286,30.496307443807385,0.11357856799947055,0.03463726928739237,1.11328125,,
8.141019999999553,1465,,,,0.13671875,-0.1484375,-0.9375,0.02812241126708321,1.2532800266663853,12.109002113342285,2.95166015625,3742,3740,35.74165906989947,11.015430797267811,30.819584439897106,0.11377494441499644,0.03506496506542583,1.11328125,,
8.166509999999777,1465,,,,0.0625,-0.0390625,-1.04296875,0.02849204376492823,1.2546359332628176,12.108501434326172,2.955322265625,3742,3742,35.784523892216384,11.165248713248067,31.20133370190419,0.11236972551933715,0.03506085303920217,1.1171875,,
8.30743999999948,1465,,,,-0.08203125,-0.05859375,-0.994140625,0.028717161558685714,1.2670836003776071,12.107501029968262,3.0029296875,3744,3744,36.35797428432852,11.258208189297395,30.964893976917885,0.1125475367902824,0.03485022544074359,1.12109375,,
8.32989999999851,1465,,,,0.017578125,-0.013671875,-0.978515625,0.02837372119251821,1.2593704923618358,12.1100435256958,2.9759182929992676,3741,3742,36.03850005713548,11.117374101987577,30.84860381081921,0.11327949215423849,0.03494514173356906,1.126953125,,
8.360294999998063,1465,,,,0.474609375,-0.583984375,-0.8984375,0.028255845898093303,1.2487899753142646,12.110285758972168,3.055943012237549,3738,3739,37.0083431413309,11.062645871613398,29.892302471813824,0.11288348102316492,0.03374347158815701,1.12890625,,
8.388830000000075,1465,,,,-0.15625,0.08984375,-0.896484375,0.02838686955903845,1.248160228941147,12.107999801635742,2.958984375,3740,3739,35.82738222554326,11.1146877906598,31.022885570287478,0.11229827166085901,0.03483816431475886,1.12890625,,
8.410189999999478,1465,,,,-0.375,0.36328125,-1.11328125,0.02861513633136164,1.2452668409612395,12.108445167541504,2.8347439765930176,3741,3741,34.32434200459511,11.2110887135643,32.66221013665297,0.11107456847206916,0.03627940896272772,1.126953125,,
8.436759999999776,1465,,,,-0.287109375,0.26171875,-0.791015625,0.028460258962415642,1.2518796641159715,12.111429214477539,2.9736328125,3742,3742,36.01494331844151,11.151250787181434,30.96284419659608,0.11226360952755453,0.0347600065074917,1.123046875,,
8.462234999999405,1465,,,,0.3984375,-0.34765625,-1.216796875,0.028060982952531174,1.2554027984689966,12.111000061035156,2.95654296875,3740,3741,35.80669207498431,10.993654413460625,30.702792624457874,0.11419340205308638,0.03506056342317253,1.123046875,,
8.48433999999985,1465,,,,-0.1875,0.08984375,-1.0703125,0.028109943502852033,1.2526798712876364,12.111000061035156,3.0096435546875,3739,3741,36.44979327451438,11.010931905429853,30.20848931159419,0.11376692563777446,0.03436726957141641,1.12890625,,
8.506319999998436,1465,,,,-0.0859375,-0.05859375,-0.55859375,0.02790742844515959,1.2462226439718394,12.109143257141113,3.0796597003936768,3740,3740,37.29204049531131,10.929035359675295,29.30661667883094,0.11402860389399136,0.03341792584743454,1.130859375,,
8.528324999999255,1465,,,,0.28125,-0.123046875,-1.3125,0.02870079242177497,1.2487788613257693,12.109715461730957,3.101283550262451,3743,3742,37.55566135982508,11.245616003848832,29.943863579190634,0.11104583874270404,0.03325141446348332,1.126953125,,
8.550389999998734,1465,,,,-0.19921875,0.337890625,-1.298828125,0.02894546130822783,1.2507460372894459,12.112000465393066,2.9947917461395264,3742,3742,36.27291902299726,11.342862889157844,31.2708852628221,0.11026722702299262,0.03448153804485559,1.12109375,,
8.571925000000745,1465,,,,-0.609375,0.189453125,-0.599609375,0.028374553406173935,1.2584146893512358,12.10914421081543,3.0440847873687744,3741,3742,36.86126168019791,11.118563382375216,30.163274059466538,0.11318141076985122,0.034139219114880805,1.115234375,,
8.597275000000373,1465,,,,0.1875,0.18359375,-1.056640625,0.02837096378000038,1.2518574361389807,12.10914421081543,3.0008370876312256,3742,3743,36.33756904728989,11.119351465406005,30.600152285738286,0.11258367361025502,0.03445077557361658,1.119140625,,
8.622819999998436,1465,,,,0.072265625,0.298828125,-1.048828125,0.028568377150137995,1.2511683688522692,12.109001159667969,2.92236328125,3742,3742,35.38690036162734,11.19456197502136,31.63476275294363,0.1117657280065111,0.03535682289396006,1.119140625,,
8.645509999997914,1465,,,,0.173828125,-0.33984375,-1.02734375,0.028498237679632624,1.2488566592452368,12.108501434326172,2.9888916015625,3742,3742,36.19099824456498,11.167716148156083,30.857717912860295,0.11182739986200646,0.034507383598704276,1.119140625,,
8.667574999999255,1465,,,,-0.046875,-0.380859375,-0.595703125,0.02868309036244335,1.257681166110543,12.110285758972168,2.930385112762451,3743,3742,35.48780109939116,11.238491230699102,31.668604090806607,0.11190836388029174,0.03543981670174882,1.119140625,,
8.689189999999478,1465,,,,0.234375,0.173828125,-1.26171875,0.028201861631777618,1.2539024100221248,12.108572959899902,3.076869487762451,3740,3741,37.25649868066148,11.046898286785927,29.650929845750586,0.11350719246885951,0.033655938008822626,1.109375,,
8.7135,1465,,,,-0.484375,0.615234375,-1.140625,0.028003505336753123,1.2494457006354902,12.110285758972168,2.9317800998687744,3741,3740,35.50469479187882,10.96720674977471,30.8894550821017,0.11392560832877126,0.03519099961172692,1.099609375,,
8.737574999999255,1465,,,,-0.109375,-0.1875,-0.67578125,0.028721551022152163,1.2515573584496062,12.108000755310059,2.8912353515625,3740,3741,35.00707982049789,11.25300577680489,32.144942778734304,0.11121982724201229,0.035751549825551995,1.1015625,,
8.763060000000522,1465,,,,0.236328125,-0.1328125,-1.24609375,0.028342446590201253,1.2565475392840173,12.110285758972168,3.0405972003936768,3740,3740,36.82250097469819,11.09951831776879,30.143303751680513,0.11320739362828555,0.03412444853073472,1.103515625,,
8.789794999999925,1465,,,,-0.1875,0.359375,-1.03515625,0.028301120685263408,1.2544358814699013,12.109333038330078,2.9296875,3738,3739,35.47656163573265,11.082628515834402,31.239297172113133,0.11318938279647424,0.035359567659071285,1.10546875,,
8.813569999998435,1465,,,,0.103515625,-0.365234375,-0.65625,0.028299108376239106,1.2489233431762088,12.108001708984375,2.98828125,3739,3739,36.182114481925964,11.079002664478185,30.620108368770087,0.11272886025928511,0.0345176991742725,1.115234375,,
8.838459999999031,1465,,,,0.01171875,0.02734375,-1.30078125,0.028066056413822357,1.2416547947002514,12.107429504394531,3.1019809246063232,3736,3737,37.557015368647626,10.98323151753034,29.244154280425267,0.11305004294213826,0.03306052897208593,1.115234375,,
8.862855000000447,1465,,,,0.0859375,0.197265625,-1.25390625,0.02815630178729138,1.2548359850557338,12.108500480651855,2.939453125,3736,3737,35.5923695769161,11.017564213732987,30.95484887546957,0.11389413855120782,0.03525575846654431,1.115234375,,
8.887810000000522,1465,,,,-0.412109375,0.236328125,-0.810546875,0.028502823050136922,1.2525465034256924,12.110000610351562,3.0242919921875,3739,3738,36.62417787127197,11.156728568630227,30.46274132854071,0.11226825997609391,0.03419998963057109,1.109375,,
8.909834999999031,1465,,,,0.09375,-0.640625,-0.76171875,0.02886646773390913,1.253468964470806,12.108500480651855,2.9766845703125,3742,3740,36.04318655037787,11.306652021478175,31.369734764363223,0.11086119587741003,0.0347768631033447,1.10546875,,
8.934660000000148,1465,,,,-0.162109375,0.12109375,-1.04296875,0.02866536021658207,1.255058264825641,12.105713844299316,3.071986675262451,3742,3741,37.18859162422768,11.230952714860296,30.19999474124623,0.11174993757786941,0.033748475271862505,1.109375,,
8.964464999999851,1465,,,,0.1484375,-0.064453125,-0.87109375,0.028699310682667,1.2542802856309665,12.11050033569336,3.009033203125,3750,3747,36.44089761655778,11.259764229291088,30.89870163948692,0.11139489780506137,0.03441957711439728,1.109375,,
8.988879999998957,1465,,,,0.21875,-0.03125,-1.083984375,0.029909517046805334,1.263627149955554,12.10888957977295,2.964409828186035,3749,3750,35.8957112786984,11.74580154719237,32.72201922953031,0.10758117654879008,0.03520273327765004,1.11328125,,
9.01148999999836,1465,,,,-0.26171875,0.2265625,-0.912109375,0.027935071319455287,1.261259870406045,12.109000205993652,2.9632568359375,3743,3746,35.882077636779286,10.957870613955986,30.53856224513633,0.11510081792713445,0.03515013492733899,1.109375,,
9.038639999998733,1465,,,,-0.361328125,-0.375,-0.509765625,0.027630928018671667,1.2520908298973832,12.107430458068848,3.0433871746063232,3739,3741,36.84759857352469,10.82577631511381,29.379869338058356,0.11565829492979138,0.03398025592899888,1.1171875,,
9.063669999999926,1465,,,,-0.01171875,-0.0390625,-1.1640625,0.027816071487891645,1.252346451632776,12.109776496887207,2.9909939765930176,3740,3738,36.22026856007733,10.889175187112906,30.063761589871707,0.1150083849431406,0.0345758466576677,1.119140625,,
9.087935000000522,1465,,,,0.111328125,0.30859375,-1.11328125,0.028421313845003383,1.257936787845936,12.11257266998291,2.9234097003936768,3738,3739,35.41001244015138,11.128958184035131,31.42884573351919,0.11303275356452404,0.03552488974614318,1.119140625,,
9.1165,1465,,,,0.412109375,-0.63671875,-0.794921875,0.028372616553498018,1.2537023582292084,12.10949993133545,2.943115234375,3737,3738,35.63965372857638,11.106223909539812,31.16254718444328,0.11288286355836273,0.03517717561952551,1.130859375,,
9.13836499999836,1465,,,,-0.08203125,0.1171875,-0.99609375,0.02833688472896176,1.2500236280372483,12.107556343078613,3.037652015686035,3739,3738,36.77854293058499,11.093418470509235,30.162745956104647,0.1126815536040864,0.03398785075299245,1.130859375,,
9.16325,1465,,,,-0.5,0.6328125,-1.134765625,0.028720347633129372,1.2493456747390321,12.110857963562012,2.9248046875,3741,3740,35.421894141472876,11.249550304018811,31.75874858382445,0.11105738816001502,0.03527043668950119,1.130859375,,
9.308849999999627,1465,,,,-0.26171875,0.1171875,-0.84765625,0.02866742045436099,1.258770336983087,12.110000610351562,2.9052734375,3739,3740,35.18286310136318,11.228312781901781,31.91415306239455,0.11210681083020954,0.03577793920172219,1.130859375,,
9.329919999999925,1465,,,,0.0625,-0.091796875,-1.013671875,0.028309381702178418,1.2478823792287634,12.109793663024902,2.988480567932129,3736,3736,36.189883043617556,11.076473119192077,30.606545773696613,0.1126606245327831,0.034481525616558734,1.115234375,,
9.360224999999627,1465,,,,-0.8125,0.322265625,-0.787109375,0.028841744601094087,1.2627269168874309,12.105999946594238,3.0126953125,3739,3739,36.47168929222971,11.29199608974534,30.960990041530916,0.1118249516605977,0.03462211214758441,1.099609375,,
9.384044999999926,1465,,,,0.30078125,-0.154296875,-1.02734375,0.02819952080816987,1.2604447982747673,12.107200622558594,2.96044921875,3740,3740,35.8427526243031,11.043040162603328,30.809687744561277,0.11413929313987257,0.03516595981024419,1.10546875,,
9.4065,1465,,,,-0.2109375,0.341796875,-1,0.028709147815019043,1.2502570217956506,12.109715461730957,3.0385043621063232,3743,3742,36.7954232543359,11.251151032767604,30.577582855883552,0.11112258809382522,0.033978601445991595,1.107421875,,
9.429544999999926,1465,,,,0.078125,-0.34375,-1.0703125,0.028807008410848066,1.2544803374238827,12.10914421081543,2.9324777126312256,3744,3743,35.50979551725368,11.291661978695279,31.798724307519116,0.1110979357857854,0.03532772631186652,1.10546875,,
9.451669999998062,1465,,,,-0.173828125,-0.208984375,-0.6328125,0.028592584804306372,1.255925155928278,12.10914421081543,3.036411762237549,3742,3743,36.76834791235069,11.206997968607492,30.48001502630201,0.11206615361636682,0.0341577804616673,1.103515625,,
9.475974999999627,1465,,,,0.28125,0.08203125,-1.2265625,0.028344626999201677,1.255925155928278,12.10628604888916,2.9701449871063232,3742,3742,35.957424820583356,11.107090211264188,30.889559713147424,0.11307418343056125,0.034928117410937064,1.09375,,
9.497719999998807,1465,,,,-0.625,0.421875,-0.9609375,0.028576363226476918,1.2478786282576462,12.11050033569336,2.8839111328125,3741,3742,34.9256067420356,11.198903040487867,32.0650207259224,0.11142864830118968,0.035729619172391654,1.0859375,,
9.51983499999903,1465,,,,-0.359375,-0.1796875,-0.546875,0.028477123735748115,1.2519908040009249,12.113714218139648,3.0824496746063232,3741,3741,37.33991444997855,11.155758317884924,29.8762289153861,0.11222821150523957,0.03352955737694906,1.08984375,,
9.541650000000372,1465,,,,0.1875,0.078125,-1.2421875,0.027876504756782817,1.2519908040009249,12.108572006225586,2.9554965496063232,3738,3739,35.786842785059434,10.914440590917375,30.49847301834075,0.11470957155997433,0.03498466773167304,1.09375,,
9.566209999999032,1465,,,,0.099609375,-0.009765625,-1.154296875,0.028225413374650943,1.2505459854965295,12.106857299804688,2.9715402126312256,3738,3738,35.97601331495753,11.048108134990306,30.709651006263393,0.11319096176619989,0.03476054932903301,1.09375,,
9.591035000000149,1465,,,,0.0234375,-0.337890625,-0.740234375,0.02875059738452786,1.249912488152295,12.109715461730957,3.055943012237549,3740,3739,37.00660034546172,11.258394074012791,30.422665062216282,0.1110204954574656,0.0337753934834378,1.095703125,,
9.616085000000894,1465,,,,-0.1484375,-0.06640625,-0.806640625,0.028896034884822674,1.2501569958991925,12.110000610351562,2.958984375,3741,3741,35.83330258727074,11.321565582032369,31.59509385008289,0.11042262546120173,0.034888132146192206,1.1015625,,
9.641955000000074,1465,,,,0.224609375,0.349609375,-1.37109375,0.02837926691273651,1.2442554680081628,12.108500480651855,2.98095703125,3741,3741,36.09491964569315,11.118851345012494,30.804477345163438,0.11190503671643114,0.03447176168340986,1.095703125,,
9.667265000000596,1465,,,,-0.537109375,0.1015625,-0.595703125,0.02819052948558966,1.2432663230320768,12.107500076293945,2.9364013671875,3737,3740,35.5524797772523,11.039744012992852,31.051966226154665,0.11261731445664472,0.03496989044987971,1.09765625,,
9.690125,1465,,,,0.32421875,-0.09375,-1.17578125,0.02856422914698638,1.2562030056406617,12.108001708984375,3.0859375,3742,3740,37.36453652381897,11.187773967763183,29.942225994510206,0.11228355249760372,0.03362019504349701,1.09375,,
9.834924999998883,1465,,,,-0.1875,0.2890625,-1.1015625,0.028690151539578615,1.2544692234353876,12.110000610351562,3.26171875,3743,3742,39.499416053295135,11.24199305403752,28.46116266344066,0.11158779563423138,0.03175918402800633,1.091796875,,
9.86043499999866,1465,,,,-0.0390625,-0.0625,-0.90625,0.028466238099008383,1.258083075719506,12.109166145324707,2.9573566913604736,3747,3747,35.811123526671736,11.169300365541382,31.18947205669939,0.1126375900500305,0.035131069673993875,1.083984375,,
9.892604999998584,1465,,,,0.25,-0.103515625,-0.93359375,0.028451528523173276,1.2493234467620415,12.108500480651855,2.965087890625,3744,3744,35.90276814880781,11.154281208842844,31.068025625799095,0.11200394031411079,0.03479741287869266,1.080078125,,
9.91536999999918,1465,,,,-0.0703125,0.138671875,-1.234375,0.028508268130450563,1.2570365547778128,12.109199523925781,2.94140625,3742,3743,35.61807516217232,11.173366081457294,31.369932346382974,0.11250294187209366,0.035292096752966344,1.078125,,
9.939189999999478,1465,,,,-0.59375,0.123046875,-0.5703125,0.027714802081657247,1.2540024359185828,12.110501289367676,2.994384765625,3739,3740,36.26350056496449,10.85489814049254,29.933398517460997,0.11552410899561721,0.03458029192940411,1.080078125,,
9.963074999999256,1465,,,,0.25,0.072265625,-1.33203125,0.028102797367457844,1.2485010116133857,12.110857009887695,2.945033550262451,3741,3740,35.66688021655045,11.007180023438156,30.861067625226468,0.1134260554433459,0.03500449167499785,1.083984375,,
9.989259999997914,1465,,,,-0.1875,0.234375,-0.9765625,0.028582499224940567,1.244966763271865,12.109715461730957,2.9868862628936768,3741,3741,36.17034276019535,11.1978490623263,30.95864790822298,0.11117909844493198,0.034419545635103105,1.087890625,,
10.014040000000968,1465,,,,0.1484375,-0.220703125,-0.943359375,0.0282918632358278,1.241988214355112,12.108001708984375,3.007269859313965,3740,3741,36.41202859595069,11.083170441773731,30.438211956711115,0.11206073396416578,0.03410928372425894,1.08203125,,
10.037955000000075,1465,,,,0.26171875,-0.3671875,-0.912109375,0.02860776061304078,1.2524798194947202,12.109500885009766,2.8887939453125,3742,3742,34.98185283737257,11.209817562851415,32.04466502950781,0.11173061581709898,0.03580370157399564,1.080078125,,
10.063099999999627,1465,,,,0.0234375,0.23046875,-1.212890625,0.028375423110456082,1.2583368914317685,12.108572959899902,2.9087612628936768,3740,3741,35.220947974678666,11.11631876564278,31.56166828228081,0.11319726592592069,0.035726945576150373,1.072265625,,
10.087849999999628,1465,,,,-0.724609375,0.396484375,-0.6328125,0.028004883812450972,1.2544914514123782,12.107001304626465,2.9083251953125,3739,3739,35.211096933926456,10.965723168091904,31.142804748937696,0.11440116006782858,0.03562772991044353,1.0703125,,
10.109609999999403,1465,,,,0.3125,-0.318359375,-1.06640625,0.028355796495038665,1.250168109887688,12.108572006225586,2.9038784503936768,3738,3739,35.16182131391861,11.102760185917996,31.576180559006,0.11259975798390369,0.035554702890001205,1.078125,,
10.134264999998733,1465,,,,-0.140625,0.337890625,-1.12109375,0.028246121531061905,1.2478786282576462,12.110857009887695,2.901088237762451,3740,3738,35.13466482060812,11.056572210470389,31.469126763905237,0.11286306501719638,0.03551702099989031,1.080078125,,
10.162294999999926,1465,,,,0.224609375,-0.341796875,-1.041015625,0.02826361776224319,1.2519352340584482,12.111000061035156,2.9461669921875,3735,3736,35.681028622202575,11.058912480686313,30.993816343637832,0.11320599889409319,0.03508685938721592,1.078125,,
10.184490000000224,1465,,,,-0.01953125,-0.53515625,-0.7734375,0.028297947076837308,1.2497346643363691,12.109333038330078,2.904730796813965,3734,3735,35.1743526053142,11.06828621073948,31.46692231960871,0.11291130718356022,0.03552971332150566,1.087890625,,
10.218609999999403,1465,,,,-0.484375,0.162109375,-1.044921875,0.028105060359239563,1.2434774888134885,12.109715461730957,3.0106027126312256,3734,3734,36.457542218279514,10.990839864571306,30.146957792071316,0.11313762225048939,0.03410755122680812,1.087890625,,
10.241880000000819,1465,,,,0.375,-0.01171875,-1.201171875,0.028105011775481907,1.2437960435087365,12.108365058898926,2.998046875,3735,3735,36.301446026191115,10.991265871284345,30.27776321459553,0.11316221971831869,0.034262988934692866,1.08984375,,
10.267044999999925,1465,,,,-0.65625,0.16796875,-0.6171875,0.028638152753363358,1.2513350786796995,12.110001564025879,2.996826171875,3737,3736,36.29156962851994,11.204397874694358,30.873279908756874,0.11168249223868573,0.03448004843792512,1.08984375,,
10.289444999998436,1465,,,,0.26171875,-0.142578125,-1.05078125,0.028955032666552777,1.2559362699167735,12.11299991607666,2.9931640625,3741,3740,36.256196037866175,11.339263598413972,31.275381417761476,0.11075995006346284,0.034640596840470154,1.0859375,,
10.316639999998733,1465,,,,0.07421875,-0.01953125,-1.06640625,0.028741670619045707,1.2472229029364206,12.105999946594238,2.998046875,3742,3742,36.29435530863702,11.263655617238854,31.034180167841207,0.11072985053161294,0.03436410131356203,1.08203125,,
10.339355000000447,1465,,,,0.099609375,-0.248046875,-0.80078125,0.028511604771749393,1.252346451632776,12.109777450561523,2.920464515686035,3743,3743,35.36617533721983,11.17479330237214,31.59740400487027,0.1120688694409169,0.03541085344093712,1.087890625,,
10.364740000000223,1465,,,,-0.07421875,0.22265625,-1.115234375,0.028140520930430096,1.2481675919585251,12.110857009887695,2.9854910373687744,3741,3741,36.15685505787451,11.025557027340225,30.493683728001663,0.11320676033541224,0.03452091145539744,1.08984375,,
10.38814999999851,1465,,,,0.412109375,0.06640625,-1.255859375,0.027965284320817425,1.2461559600408671,12.10949993133545,2.9498291015625,3738,3739,35.720955302822404,10.94959648130364,30.65314571930971,0.11380839121959149,0.03488585200134346,1.095703125,,
10.409679999999701,1465,,,,-0.9375,0.361328125,-0.712890625,0.028171556825191593,1.246500493684223,12.109715461730957,3.0126953125,3740,3738,36.48288300726563,11.028653563856494,30.229665680917044,0.11302381441822598,0.03416672123844983,1.099609375,,
10.434490000000224,1465,,,,0.0625,-0.11328125,-1.068359375,0.0285751229476838,1.2495234985549577,12.108000755310059,2.9750277996063232,3740,3740,36.02163884470178,11.190623829587254,31.06639283635264,0.11165807354289775,0.034688135760340154,1.09765625,,
10.459429999999703,1465,,,,0.125,0.08984375,-1.22265625,0.028793233435248065,1.2495234985549577,12.108000755310059,3.0120849609375,3740,3740,36.47032698208932,11.277725956194045,30.92301849043626,0.11079569617212451,0.03426137361391365,1.099609375,,
10.486794999999926,1465,,,,0.0234375,0.18359375,-0.96484375,0.028416263300084676,1.2506126694275017,12.112000465393066,2.972412109375,3741,3740,36.001856852089986,11.12929394994608,30.91311094222075,0.112371249699408,0.03473744908673789,1.09765625,,
10.510145000001415,1465,,,,-0.009765625,-0.083984375,-0.998046875,0.028432245234141024,1.25838134738575,12.111501693725586,2.94921875,3741,3741,35.719467885792255,11.138420916785693,31.183053880867305,0.11297663796215124,0.035229565888530004,1.087890625,,
10.534534999998286,1465,,,,0.3984375,-0.1015625,-1.130859375,0.028114816166416118,1.254780415113257,12.109143257141113,3.233119487762451,3740,3740,39.150307044770216,11.011991636952471,28.127471961739005,0.11394672793817277,0.03205033395212857,1.087890625,,
10.559935000000522,1465,,,,-0.173828125,0.076171875,-1.0546875,0.02832286259364727,1.257844124966856,12.107501029968262,2.91748046875,3753,3746,35.32339778030291,11.111661442044982,31.456943952999573,0.11320036445741127,0.03560937520195911,1.087890625,,
10.585089999999852,1465,,,,-0.13671875,-0.19140625,-0.9921875,0.031208553977880422,1.264883030655528,12.110000610351562,2.8216552734375,3754,3754,34.17024708352983,12.268801638733255,35.90492514947853,0.10309752067897371,0.037017087630753655,1.083984375,,
10.609810000000522,1465,,,,0.07421875,0.189453125,-1.01171875,0.027890367066119377,1.266505672975849,12.107501029968262,2.9437255859375,3747,3750,35.641160563682206,10.953561246033692,30.732897225561175,0.11562501405051745,0.035534916735186196,1.0859375,,
10.637284999998286,1465,,,,0.125,-0.40234375,-0.8046875,0.027425142766680514,1.257881217903459,12.106001853942871,2.938232421875,3744,3745,35.5702471465338,10.756779863916343,30.240947777515103,0.11693845498530897,0.03536329710394029,1.091796875,,
10.65958999999985,1465,,,,0.26171875,0.2734375,-1.5078125,0.02798682574063563,1.254998943912047,12.108445167541504,2.901475667953491,3743,3743,35.13235903037071,10.968527123149268,31.22058246549102,0.11441818302690338,0.03572202318743082,1.08984375,,
10.684410000000149,1465,,,,-0.71875,0.462890625,-0.76953125,0.0277697664420981,1.2573477464556826,12.109715461730957,3.0078125,3739,3740,36.423753537237644,10.877145054721275,29.8627790889291,0.1155953828077272,0.0345199938048735,1.091796875,,
10.709835000000894,1465,,,,0.232421875,-0.29296875,-0.958984375,0.02823307387081997,1.2526243013451597,12.109001159667969,2.9425048828125,3740,3740,35.63079503830522,11.056599181037816,31.031020130623844,0.1132920060531292,0.03515566520473411,1.0859375,,
10.73449499999918,1465,,,,0,-0.015625,-1.033203125,0.02846749075473865,1.2459003383054743,12.107429504394531,3.0140902996063232,3741,3740,36.49288582236295,11.147907141864682,30.54816545923373,0.11176091821097422,0.03414091021384729,1.083984375,,
10.759314999999479,1465,,,,0.0859375,-0.099609375,-1.02734375,0.02841487741848597,1.2485232395903763,12.108000755310059,2.96875,3743,3742,35.94562724232674,11.134261389714462,30.975287521492,0.11213345869028449,0.034733661237109074,1.091796875,,
10.78748999999836,1465,,,,-0.0859375,-0.068359375,-0.8671875,0.028552242207375195,1.2511461408752784,12.108500480651855,2.908935546875,3742,3742,35.222847467521206,11.188563943229056,31.7650750795942,0.1118236573722609,0.03552086872104685,1.09765625,,
10.809464999997989,1465,,,,0.5,-0.03125,-1.140625,0.028589608051362504,1.2505348715080344,12.108000755310059,2.9665799140930176,3744,3744,35.919351840525906,11.208178829368645,31.20373351704818,0.11157342245747134,0.03481507341947975,1.09765625,,
10.835125,1465,,,,-0.599609375,0.09375,-0.880859375,0.02862351450124422,1.2443999498586023,12.105143547058105,2.94921875,3744,3745,35.70071632042527,11.224388274262047,31.440232665136453,0.11086572554800686,0.03485644205818498,1.099609375,,
10.859394999999553,1465,,,,-0.2109375,0.134765625,-0.90625,0.028599772580426158,1.2426550536648329,12.106000900268555,2.9779052734375,3746,3745,36.05052392114885,11.215578991161843,31.11072398196766,0.11079722720013618,0.03446981953390796,1.10546875,,
10.884924999998882,1465,,,,0.0625,0.134765625,-1.322265625,0.02839358335750317,1.247900856234637,12.108500480651855,2.9595947265625,3745,3745,35.83625416911673,11.134970099205072,31.07180244524848,0.1120704272321059,0.034822301749105895,1.10546875,,
10.90943500000052,1465,,,,0.2109375,-0.443359375,-0.68359375,0.028421709152428542,1.2580590417193847,12.113714218139648,2.945033550262451,3743,3745,35.67529479071254,11.145879853181327,31.2425725381335,0.11287211582137245,0.035264152660818344,1.107421875,,
10.934785000000149,1465,,,,-0.0234375,0.05078125,-1.2265625,0.028267546383048566,1.2491011669921346,12.110499382019043,2.977294921875,3744,3743,36.05652831145562,11.079673515168276,30.728619847874043,0.1127380843200923,0.034642857354496855,1.107421875,,
10.962859999999404,1465,,,,-0.486328125,0.515625,-0.69140625,0.028292750619951575,1.2540246638955734,12.105999946594238,2.9583740234375,3744,3743,35.81407576974016,11.089997308987767,30.96547117476607,0.1130770936147354,0.035014854828534135,1.109375,,
11.14278500000015,1465,,,,0.3125,-0.3515625,-0.869140625,0.02860018507513068,1.2540246638955734,12.110223770141602,2.919921875,3744,3744,35.360907297581434,11.213815730191081,31.712466073963174,0.11182854204740933,0.03546358845779233,1.10546875,,
11.165299999998883,1465,,,,0.025390625,-0.0390625,-1.01953125,0.028390661701667028,1.2507727108618347,12.107277870178223,2.9789958000183105,3742,3742,36.06752992491556,11.126585346680402,30.849313412488836,0.11241298852167621,0.034678635145397,1.111328125,,
11.190390000000596,1465,,,,-0.078125,0.291015625,-1.033203125,0.028619670140027878,1.256591995237999,12.108001708984375,2.9345703125,3741,3742,35.53178235888481,11.213480540914933,31.55901504645734,0.11206083522890484,0.03536529585107585,1.115234375,,
11.347810000000521,1465,,,,0.17578125,-0.28125,-0.876953125,0.02797254196392646,1.249479042600976,12.111000061035156,2.8875732421875,3741,3741,34.9713997123763,10.959181134643389,31.337553614603998,0.11401208057883187,0.03572859687851695,1.1171875,,
11.377424999998883,1465,,,,-0.072265625,0.09375,-1.052734375,0.028572519729864562,1.2555490863425667,12.109691619873047,3.005183219909668,3745,3745,36.391842054323206,11.206109555150121,30.792916550974315,0.11204147881684232,0.03450083907454782,1.123046875,,
11.40355999999866,1465,,,,-0.384765625,-0.009765625,-0.640625,0.028429638467078733,1.2504126176345856,12.10720157623291,2.9638671875,3744,3745,35.884137484245,11.14869372914424,31.06858492569062,0.11215776915333431,0.03484583176016371,1.119140625,,
11.425304999999701,1465,,,,0.423828125,-0.232421875,-1.244140625,0.02815741770284364,1.255547280319436,12.106501579284668,3.01025390625,3743,3743,36.443643670063466,11.03677529250336,30.284500069265825,0.11376033733080135,0.034451749437743574,1.125,,
11.447639999998733,1465,,,,-0.0234375,0.02734375,-0.95703125,0.02827866194156986,1.2540580058610595,12.109333992004395,2.9801433086395264,3745,3743,36.08755066835306,11.083258033440908,30.712137089315846,0.11314885948493296,0.03475043284000996,1.123046875,,
11.470574999999254,1465,,,,-0.125,-0.083984375,-0.755859375,0.028626811803934754,1.2601040156025287,12.110285758972168,2.9952566623687744,3744,3744,36.273414102751076,11.222665221425935,30.93909271852846,0.11228206408552405,0.03473905191369783,1.1171875,,
11.493199999999256,1465,,,,0.486328125,-0.2421875,-1.11328125,0.0286151086640339,1.257525570271608,12.106285095214844,3.2386996746063232,3747,3745,39.208621598563695,11.222883791130966,28.623510170890796,0.11205012844072969,0.032072679910728465,1.119140625,,
11.518754999998958,1465,,,,0.111328125,-0.06640625,-0.974609375,0.029006314337990398,1.2606486010388007,12.110000610351562,2.987060546875,3762,3754,36.17330504581332,11.401542963353542,31.519218243711876,0.1105682454638583,0.03485024659599655,1.12109375,,
11.54021499999985,1465,,,,0.109375,0.314453125,-1.41796875,0.030891303909381967,1.2638605437139565,12.107500076293945,2.8857421875,3761,3761,34.93912375532091,12.166967602372209,34.82333354315817,0.10387637947417071,0.03617321809684715,1.1171875,,
11.563769999999552,1465,,,,0.38671875,-0.455078125,-0.720703125,0.02793185785715184,1.2680616313651976,12.111332893371582,2.9443359375,3755,3758,35.659832688979805,10.992048968356318,30.824735113671085,0.11536171600178158,0.03555994338013468,1.125,,
11.588435000000521,1465,,,,0.224609375,0.15234375,-1.162109375,0.027959157265328393,1.2680616313651976,12.107429504394531,2.9296875,3751,3754,35.47098487615585,10.991004273054573,30.985901043990737,0.11537268113651487,0.035749264808759465,1.125,,
11.615290000000968,1465,,,,-0.548828125,0.19140625,-0.88671875,0.027959366071559136,1.2624601811635423,12.107500076293945,2.9656982421875,3751,3751,35.907191693549976,10.983306314705592,30.588040436140616,0.11494354659609461,0.035158978511547555,1.1171875,,
11.638214999999851,1465,,,,-0.224609375,0.1640625,-0.81640625,0.02811217882730601,1.2610969115497317,12.108445167541504,2.9768879413604736,3748,3749,36.0454844078788,11.035425875050935,30.615279712092917,0.1142771403504091,0.034986266165258746,1.125,,
11.663169999999926,1465,,,,0.25,-0.255859375,-1.3203125,0.028275381127488786,1.2578256479609824,12.109715461730957,2.9317800998687744,3746,3747,35.50302280577603,11.095524119677961,31.252336400698866,0.11336333772013736,0.03542869165935768,1.134765625,,
11.690144999999553,1465,,,,0.009765625,-0.09765625,-0.78125,0.02838617647850512,1.2603151813839404,12.108501434326172,2.967529296875,3747,3746,35.932332747615874,11.136260177531097,30.99231061826898,0.11317221053498694,0.03507468302256449,1.142578125,,
11.714844999998808,1465,,,,0.25,0.15234375,-1.3515625,0.02846484754680145,1.2661722533209887,12.107501029968262,2.960205078125,3746,3746,35.840686032315716,11.165828687344666,31.154059599408917,0.11339706964661445,0.03532779066168951,1.134765625,,
11.73834500000067,1465,,,,-0.736328125,0.34765625,-0.71484375,0.028320599881333508,1.2663389631484188,12.109500885009766,2.8631591796875,3745,3745,34.671428620349616,11.10787513794864,32.037546706192316,0.11400370884816062,0.03652399146902097,1.130859375,,
11.763820000000297,1465,,,,0.037109375,-0.23046875,-0.8671875,0.028192368105278684,1.2632826163121982,12.110857009887695,3.0824496746063232,3743,3743,37.331107249332035,11.050161896732765,29.600412928899893,0.11432254369827077,0.03383994500551017,1.13671875,,
11.78802999999933,1465,,,,-0.0234375,0.09765625,-1.20703125,0.028451263028614136,1.2600262176830614,12.107501029968262,2.962646484375,3741,3742,35.87024536100216,11.148378057526672,31.079737384922097,0.11302327667587235,0.03512733757469503,1.138671875,,
11.809749999998138,1465,,,,-0.046875,0.1171875,-0.986328125,0.028398650810233284,1.2567698190539245,12.106501579284668,2.974853515625,3741,3741,36.01506878505461,11.126493423830782,30.893994650505874,0.11295291078518667,0.034895666215566244,1.1328125,,
11.834924999998883,1465,,,,0.1875,-0.296875,-0.9140625,0.02858652412245713,1.255547280319436,12.108000755310059,3.076171875,3741,3742,37.24629138596356,11.201175423581597,30.073263690899477,0.11209067199109826,0.03370932336078418,1.130859375,,
11.861904999999329,1465,,,,0.287109375,0.037109375,-1.083984375,0.028642197912306794,1.2588481349025544,12.112500190734863,3.001708984375,3743,3742,36.35820064577274,11.224625009325374,30.87233364127008,0.11215057374805024,0.03462349930809673,1.12109375,,
11.88488000000082,1465,,,,-0.1875,0.41015625,-1.23046875,0.028324409169321246,1.269928781432416,12.10888957977295,2.9166667461395264,3741,3741,35.317595569999185,11.097593771409963,31.42228000605144,0.11443280476746719,0.03595739633281172,1.107421875,,
11.909990000000224,1465,,,,-0.4375,-0.1484375,-0.55859375,0.02806426292820838,1.2605152331768568,12.108572006225586,2.9757254123687744,3736,3739,36.03178542642263,10.987893006322388,30.495000112497355,0.11471855727495357,0.034983424170052436,1.11328125,,
11.934604999998584,1465,,,,0.3125,-0.203125,-1.259765625,0.028114944302474396,1.2437664525143677,12.108000755310059,2.955322265625,3736,3737,35.783044224372134,11.001736247847724,30.745668755467005,0.11305183331928054,0.034758542194328675,1.1171875,,
11.95943499999866,1465,,,,-0.0625,0.263671875,-1.14453125,0.02812602981819031,1.247133991028458,12.109000205993652,3.0584716796875,3736,3735,37.03503419936169,11.001112042862864,29.704608840492096,0.11336435681859587,0.03367443875750364,1.11328125,,
11.984589999999852,1465,,,,0.3125,-0.41015625,-0.876953125,0.028278115302245988,1.2532911406548806,12.11050033569336,2.8802490234375,3737,3736,34.881256765220314,11.064122880042985,31.719392894911085,0.11327523692958219,0.0359302174543356,1.12109375,,
12.012035000000148,1465,,,,-0.0234375,-0.11328125,-0.845703125,0.028454860479890483,1.2505015295425483,12.107501029968262,2.98828125,3738,3737,36.180618312209845,11.135320601148347,30.777032346599004,0.11230045135957634,0.03456274624031349,1.123046875,,
12.03577499999851,1465,,,,-0.134765625,0.310546875,-1.154296875,0.028602129892643362,1.25646974136455,12.106501579284668,2.9833984375,3740,3739,36.11851789522916,11.19980250560118,31.008477529695494,0.11218677657362008,0.03478741140512067,1.12109375,,
12.059405000001192,1465,,,,-0.359375,0.3359375,-0.81640625,0.028702712087171522,1.261515492141438,12.106500625610352,2.9852294921875,3743,3741,36.14068271475844,11.245674342160996,31.1163860154991,0.11217784312070184,0.03490569068929858,1.12109375,,
12.084579999998212,1465,,,,0.224609375,-0.560546875,-0.728515625,0.02865865480215604,1.2594705182582941,12.111429214477539,2.938755512237549,3744,3743,35.592529365120754,11.232204385607613,31.557758287936462,0.11213030630675816,0.035385811031809516,1.11328125,,
12.10936499999836,1465,,,,-0.19921875,0.021484375,-1.087890625,0.028615178950225077,1.2624157252095611,12.110001564025879,3.045654296875,3742,3744,36.88287829863839,11.217781484131224,30.414604286849688,0.11253702231545389,0.034227690013449025,1.1171875,,
12.130544999999925,1465,,,,0.1484375,0.0625,-0.865234375,0.028584343154520783,1.2570476687663081,12.109001159667969,2.8643798828125,3743,3743,34.68477932270616,11.204908112654113,32.30497160845101,0.11218723581915664,0.036242054679684534,1.12109375,,
12.15268999999948,1465,,,,0.421875,-0.578125,-0.857421875,0.028313721895444045,1.258992616752994,12.107430458068848,3.023158550262451,3739,3741,36.60268191101886,11.09159726608237,30.302690095348883,0.11350868468718564,0.0343961849520646,1.126953125,,
12.177064999999478,1465,,,,-0.287109375,0.439453125,-1.224609375,0.028092565346882568,1.2578923318919546,12.109333992004395,3.0753581523895264,3741,3740,37.24053901231832,11.00208951237564,29.54331436700312,0.11433213031733848,0.03377750068214298,1.125,,
12.198669999999925,1465,,,,-0.412109375,0.234375,-0.87890625,0.02895145435883149,1.2459447942594555,12.112499237060547,2.9425048828125,3746,3743,35.64108814811334,11.348944371599663,31.84230606101856,0.10978508251193732,0.034958101982792845,1.130859375,,
12.219724999999627,1465,,,,0.1875,-0.298828125,-0.916015625,0.028659651943826577,1.2609931346821566,12.109333992004395,2.8776042461395264,3742,3745,34.84587091331355,11.239683192349771,32.25542337659132,0.11219116349653382,0.036187734776930755,1.126953125,,
12.24221499999985,1465,,,,0.099609375,0.234375,-1.359375,0.02752112408023276,1.2560474098017267,12.106858253479004,3.0196707248687744,3741,3743,36.55872543816645,10.786734493172423,29.505225808313675,0.11644371246893628,0.03435698030354315,1.126953125,,
12.267324999999255,1465,,,,0.140625,-0.419921875,-0.998046875,0.028004655487130107,1.2484787836363949,12.111428260803223,3.0029296875,3741,3742,36.36976748239249,10.973482832947202,30.17199061902097,0.11377233669951302,0.03432737875601802,1.12890625,,
12.289900000000372,1465,,,,-0.287109375,-0.087890625,-0.537109375,0.028520661070629606,1.249479042600976,12.109999656677246,2.92236328125,3741,3742,35.38981833262369,11.176613706648961,31.58143848493828,0.11179406172530251,0.035306172833590346,1.13671875,,
12.31398999999836,1465,,,,0.361328125,0.0703125,-1.30078125,0.028310395248618024,1.2552583166185571,12.108572006225586,3.090122699737549,3744,3741,37.416973217844316,11.091983123578464,29.644255453267526,0.1131680694636316,0.0335478316033302,1.1328125,,
12.34105999999866,1465,,,,-0.265625,0.158203125,-1.0625,0.02917201298569898,1.2558140160433244,12.107999801635742,2.945556640625,3750,3747,35.66479922039434,11.44640775254319,32.09441242556539,0.10971250047983874,0.03521158238639985,1.1328125,,
12.364974999999628,1465,,,,-0.15625,-0.1875,-0.73828125,0.029213922978666935,1.2658832896201098,12.11250114440918,2.95166015625,3747,3749,35.7519870204851,11.469997690970375,32.08212646865842,0.11036473796473925,0.035407354810651125,1.134765625,,
12.388794999999925,1465,,,,-0.111328125,0.4140625,-1.298828125,0.027730305566571228,1.2610931605786146,12.107501029968262,3.0267333984375,3744,3746,36.64617773902137,10.876914891548642,29.680898698383896,0.11594217415073123,0.03441267925838238,1.138671875,,
12.41371499999985,1465,,,,0.474609375,-0.53125,-0.7890625,0.02840897589363823,1.2544803374238827,12.111429214477539,2.9520089626312256,3745,3744,35.75304759141136,11.139108764825115,31.155690256460726,0.11261945312763791,0.03508736798496684,1.1484375,,
12.43933999999985,1465,,,,-0.162109375,0.076171875,-1.22265625,0.028541313333449177,1.2472117889479253,12.109999656677246,2.9931640625,3742,3743,36.24721576925367,11.187107542886677,30.86335682746708,0.11148652895010068,0.03440848524442696,1.1484375,,
12.46475,1465,,,,-0.298828125,0.408203125,-1,0.028335265102110496,1.2555583943079316,12.111001014709473,3.048095703125,3742,3742,36.91549015347846,11.102524131524712,30.075515956486758,0.11308765281066815,0.034011695065888845,1.14453125,,
12.628424999998883,1465,,,,-0.125,-0.041015625,-0.705078125,0.028589916304519063,1.2561252077211944,12.108500480651855,2.996826171875,3741,3742,36.2870711425785,11.203090522272813,30.873504445299083,0.11212309721356777,0.034616329402437855,1.140625,,
12.651820000000297,1465,,,,0.005859375,-0.033203125,-1,0.02838338891663475,1.2573302419238022,12.109600067138672,3.0032846927642822,3741,3741,36.3685765171349,11.120267031850728,30.576580380074713,0.11306655121882866,0.03457188491640349,1.14453125,,
12.675429999999702,1465,,,,-0.21875,0.072265625,-1.052734375,0.02823754605680169,1.2578034199839918,12.107001304626465,2.8173828125,3738,3741,34.11005738656968,11.062026184193389,32.4303945280048,0.11370461423977431,0.03687485499450473,1.13671875,,
12.705650000000373,1465,,,,0.162109375,-0.14453125,-1.12109375,0.028049149021626446,1.2502347938186598,12.109715461730957,3.056640625,3738,3739,37.015048237517476,10.982776901490212,29.67111330239564,0.11383594559305125,0.0337763923957677,1.140625,,
12.861685000000522,1465,,,,0.103515625,-0.208984375,-0.697265625,0.028374141889607265,1.2506942183180862,12.11111068725586,2.9752604961395264,3738,3739,36.03370919216559,11.109402302750501,30.830582118273565,0.11257979360495707,0.034709005715959175,1.14453125,,
12.893769999999552,1465,,,,-0.06640625,0.08203125,-0.998046875,0.028501050643393602,1.2524538405466121,12.109281539916992,2.9850566387176514,3739,3739,36.14689125083032,11.160134522375705,30.874396486639355,0.11222569387810544,0.03464900568780842,1.134765625,,
12.92436499999836,1465,,,,0.1953125,-0.033203125,-1.162109375,0.028374116458023173,1.2514055135817885,12.110400199890137,3.0556640625,3742,3741,37.00531467329711,11.116034334914465,30.039021240740194,0.11257661463416287,0.03381691318206241,1.138671875,,
12.947164999999107,1465,,,,-0.15625,0.009765625,-0.94140625,0.028566978089878434,1.251868550127476,12.109601020812988,2.912109375,3743,3741,35.26448266021907,11.192673442140107,31.739224845530668,0.11184714327626369,0.03549941628775617,1.140625,,
12.969769999999553,1465,,,,-0.1875,0.078125,-0.75,0.028352553409131787,1.2549915808946688,12.108001708984375,2.8390066623687744,3742,3742,34.37469751977915,11.11092420086912,32.322973007910576,0.11295114233580145,0.036509167249327755,1.134765625,,
12.992474999999628,1465,,,,0.109375,-0.20703125,-1.36328125,0.028044871904278706,1.252513161460206,12.108000755310059,3.056640625,3738,3741,37.00980699621141,10.985568420825857,29.682857902907784,0.1140144154112006,0.033842736915337665,1.130859375,,
13.01870999999903,1465,,,,-0.01171875,-0.00390625,-0.6796875,0.028092509173823218,1.252346451632776,12.109001159667969,3.0267333984375,3736,3738,36.65071823168546,10.996275365464681,30.0028918831886,0.11388824033690013,0.03416976561594614,1.130859375,,
13.041574999999256,1465,,,,-0.037109375,-0.037109375,-0.837890625,0.02807873978758236,1.256692021134457,12.111000061035156,2.940673828125,3736,3737,35.61450091190636,10.987109769470145,30.850101751101672,0.1143787627048584,0.03528596467609994,1.126953125,,
13.065344999998809,1465,,,,0.287109375,-0.18359375,-1.1484375,0.02831206590806491,1.254458109446892,12.110857963562012,2.9052734375,3737,3738,35.185353946872056,11.081469379426865,31.49455138680507,0.1132032284252698,0.03565284894791892,1.125,,
13.088375,1465,,,,-0.046875,0.466796875,-1.23828125,0.02825608400479266,1.244388835870107,12.108000755310059,3.0364990234375,3736,3737,36.765932469279505,11.057480540846587,30.075343662467642,0.11253818908143731,0.03384624711775991,1.12109375,,
13.114560000000521,1465,,,,-0.474609375,0.125,-0.611328125,0.028194469424847286,1.243110727193142,12.106858253479004,3.065708637237549,3735,3735,37.11609991750129,11.028460025128263,29.713412911489744,0.11271843252464295,0.033492493283406116,1.119140625,,
13.137939999999478,1465,,,,0.1875,-0.1328125,-1.08984375,0.028249725270367284,1.2508571771743995,12.105000495910645,3.02734375,3735,3734,36.64599759504199,11.047276974321859,30.14593052261865,0.11322764696511864,0.034133527786500584,1.1171875,,
13.163394999999554,1465,,,,-0.224609375,0.287109375,-1.099609375,0.028460403866551336,1.2535689903672642,12.109500885009766,2.9248046875,3737,3736,35.41792495176196,11.13327714940431,31.434018691291104,0.11259658531309774,0.03539363167307468,1.1171875,,
13.190419999999925,1465,,,,0.3125,-0.349609375,-1.04296875,0.02853509992236143,1.2555583943079316,12.107001304626465,3.043212890625,3737,3737,36.84418243705295,11.165483871409247,30.30460477847514,0.11244997608414992,0.03407752082579145,1.12109375,,
13.214945000000299,1465,,,,-0.20703125,0.01953125,-0.75390625,0.02863379347243626,1.2478675142691507,12.109000205993652,2.996826171875,3742,3739,36.288568732561544,11.212756129357087,30.89886573370401,0.11128998971109348,0.034387344495883786,1.12890625,,
13.238464999997989,1465,,,,-0.048828125,0.060546875,-1.201171875,0.02910097013502265,1.2507126953239598,12.108500480651855,2.9437255859375,3744,3743,35.644102672231384,11.405254940552556,31.99759310938649,0.10966109059753872,0.035088909568716124,1.1328125,,
13.263109999999404,1465,,,,-0.171875,0.314453125,-0.865234375,0.02839254108175758,1.2624824091405331,12.111429214477539,2.8648159503936768,3739,3742,34.69701559569921,11.127165153755993,32.069516535408404,0.11345948331811902,0.03638590776369312,1.130859375,,
13.288349999999628,1465,,,,-0.048828125,-0.33984375,-0.716796875,0.027987806503737216,1.2488122032912554,12.109000205993652,3.011474609375,3740,3740,36.46594666526653,10.961576717104913,30.059761831291524,0.11392632971701558,0.03424598337606678,1.12109375,,
13.31028500000015,1465,,,,-0.236328125,0.064453125,-1.1328125,0.028592611214028306,1.247522980625795,12.108000755310059,2.998046875,3741,3740,36.30035382695496,11.198242463029347,30.84885209772818,0.11140346217225192,0.034366689277266556,1.125,,
13.334699999999255,1465,,,,-0.048828125,0.31640625,-1.05078125,0.02885306990031709,1.2533689385743478,12.109715461730957,2.9708425998687744,3742,3742,35.97605856599989,11.306133770236642,31.426827231490545,0.1108574304926267,0.03483897315418751,1.12890625,,
13.361794999999926,1465,,,,0.203125,-0.541015625,-0.77734375,0.02860040557534874,1.253880182045134,12.109000205993652,2.9949951171875,3744,3743,36.26639649097342,11.210445021913563,30.911383833527005,0.11184927802545909,0.034574159645478435,1.13671875,,
13.384754999998957,1465,,,,0.134765625,0.169921875,-1.328125,0.028674745588981632,1.2498791461868088,12.110222816467285,3.02734375,3744,3744,36.66180735453963,11.241944272291722,30.66391180220877,0.1111799806077508,0.034092131195273524,1.130859375,,
13.409464999999852,1465,,,,-0.798828125,0.37890625,-0.62890625,0.028604959785175833,1.2518463221504854,12.10866641998291,2.8955078125,3744,3744,35.06073821801692,11.216020263324094,31.990257003660105,0.11161234491025034,0.035705075984600626,1.138671875,,
13.434644999999552,1465,,,,0.162109375,0.015625,-1.00390625,0.028573850530075624,1.2592260105113962,12.106000900268555,2.99072265625,3746,3745,36.20569116901606,11.20551574766993,30.949597662312637,0.11237555136837313,0.03477978101931695,1.138671875,,
13.459570000000298,1465,,,,0.099609375,-0.107421875,-1.171875,0.028584230528934114,1.2585369432246847,12.112000465393066,2.979736328125,3745,3745,36.09056779299863,11.21002299774312,31.060810852407272,0.11226889931252255,0.0348716304615422,1.134765625,,
13.484509999999776,1465,,,,-0.0234375,-0.021484375,-0.84765625,0.028409101654218873,1.2579923577884127,12.10200023651123,3.387451171875,3760,3751,40.994934883201495,11.158047443115636,27.218112371457558,0.11274305510903494,0.030686531430591458,1.130859375,,
13.505304999999701,1465,,,,-0.203125,0.408203125,-1.072265625,0.03124886303865676,1.2710624082589417,12.109000205993652,2.8521728515625,3779,3775,34.536961647099815,12.3522389258361,35.76527388845555,0.1029013781137581,0.036802959717380845,1.1328125,,
13.529539999999106,1465,,,,-0.19921875,0.40234375,-1.1875,0.03099802405864948,1.2957354627186135,12.108000755310059,2.83447265625,3772,3778,34.31979706278071,12.264096211210957,35.734757372767746,0.1056527476956798,0.037754753046713635,1.126953125,,
13.551169999999926,1465,,,,0.40625,-0.693359375,-0.92578125,0.026329198553564963,1.286544194232961,12.107501029968262,2.95654296875,3760,3768,35.79634703928605,10.388254294178907,29.020431282493508,0.1238460435988634,0.035940655978695106,1.130859375,,
13.572204999998212,1465,,,,0.298828125,-0.181640625,-0.978515625,0.02675525653670362,1.2696287037430416,12.10628604888916,2.9073660373687744,3752,3756,35.197404897211754,10.52320370874499,29.897669272709965,0.12065039686421304,0.036071656630674444,1.12890625,,
13.593084999999032,1465,,,,0.34375,0.26171875,-1.251953125,0.02746635395002201,1.258770336983087,12.10866641998291,3.134765625,3748,3751,37.95783125795424,10.788679231665851,28.422802025616345,0.11667511008098844,0.03316233555148928,1.125,,
13.616455000000075,1465,,,,-0.484375,0.103515625,-0.6875,0.028024262819258496,1.2516462703575693,12.106858253479004,3.037806987762451,3750,3749,36.77829860226802,11.002972820384565,29.9170250896436,0.11375528148526526,0.034032196102741503,1.123046875,,
13.639900000000372,1465,,,,-0.01171875,-0.0625,-1.1953125,0.02888397751928633,1.2622156734166448,12.110857009887695,2.9038784503936768,3749,3750,35.16845668681208,11.342667525945796,32.25238919909504,0.11128032013010947,0.035890561950361805,1.12109375,,
13.666004999998957,1465,,,,0.32421875,-0.46484375,-1.03125,0.028012104286321726,1.263627149955554,12.106858253479004,2.925502300262451,3745,3747,35.41864166950427,10.991792772213584,31.03391958048353,0.11496096916509446,0.03567689471963988,1.12109375,,
13.690615000000223,1465,,,,0.125,-0.4140625,-0.56640625,0.02769609491581832,1.25119059682926,12.110000610351562,2.98828125,3742,3743,36.18808776140213,10.855163940244337,29.996511591923213,0.11526224787730817,0.03457465354562802,1.1328125,,
13.715234999999405,1465,,,,-0.048828125,0.466796875,-1.173828125,0.028204170037102343,1.2508016072319226,12.11050033569336,2.9205322265625,3740,3741,35.36910651018843,11.04891413371422,31.238883941078544,0.11320584014815321,0.03536424101840448,1.134765625,,
13.73927999999933,1465,,,,-0.298828125,0.28515625,-1.06640625,0.028217589529461053,1.2569254148928592,12.107500076293945,3.150634765625,3745,3741,38.146310665179044,11.05580755344106,28.982639108880043,0.11368915466529156,0.03295011740257791,1.13671875,,
13.764984999999404,1465,,,,-0.048828125,-0.09765625,-0.99609375,0.029304645962874448,1.2630269945768051,12.109500885009766,2.8643798828125,3750,3747,34.68621072592214,11.498992386743437,33.151480505046536,0.10983805816176384,0.03641294243861881,1.138671875,,
13.788929999999702,1465,,,,0.111328125,-0.005859375,-1.173828125,0.029209559365986505,1.270462252880193,12.11150074005127,2.9522705078125,3746,3749,35.75642644020263,11.466818139618082,32.069250988475176,0.11079466312374142,0.03553101859898819,1.130859375,,
13.814685000000521,1465,,,,0.2109375,0.01953125,-0.701171875,0.02751169231615233,1.2539579799646015,12.10628604888916,2.9994418621063232,3742,3743,36.312101169671905,10.785072397458354,29.701041939335955,0.11626792419679198,0.03453278492768452,1.13671875,,
13.841515000000596,1465,,,,0.01171875,-0.33203125,-0.990234375,0.02782406916215078,1.2455891466276043,12.108000755310059,3.0322265625,3741,3742,36.71420150902122,10.90235145373957,29.695188797884388,0.11424958660641601,0.03392663044357767,1.140625,,
13.866189999999479,1465,,,,0.298828125,0.25,-1.3359375,0.02862481710139175,1.243588628698442,12.107555389404297,2.9996745586395264,3739,3740,36.31872586891495,11.21230892075793,30.871977616248092,0.11091280462279465,0.03424097621670215,1.140625,,
13.889060000000521,1465,,,,-0.5234375,0.09375,-0.59375,0.02858541100158444,1.2484565556594043,12.106285095214844,2.9833984375,3741,3741,36.117872036993504,11.197224490027327,31.001894238283583,0.11149696576784068,0.03456617140624123,1.142578125,,
13.91111999999918,1465,,,,-0.1484375,0.00390625,-1.1015625,0.028654238509765725,1.2565586532725128,12.111001014709473,3.033447265625,3745,3742,36.73808291205205,11.229664312120486,30.56682173373983,0.11189636825708801,0.034203163411673135,1.140625,,
13.935689999999479,1465,,,,0.015625,0.015625,-1.2265625,0.028598796538586373,1.2577478500415151,12.105713844299316,2.9952566623687744,3743,3743,36.259720044867436,11.21055764421564,30.91738609769684,0.11219315666161181,0.034687191420264406,1.138671875,,
13.960004999998956,1465,,,,0.13671875,0.005859375,-0.6171875,0.028697282304235176,1.2521130578743735,12.104500770568848,2.98583984375,3744,3744,36.14210068946704,11.250924280263023,31.129691040736603,0.11128979510340299,0.03464416937555816,1.138671875,,
14.117884999999777,1465,,,,-0.25,-0.103515625,-1.12890625,0.02856443944662401,1.2516018144035876,12.107428550720215,2.9854910373687744,3744,3744,36.14661942375801,11.199195000812857,30.98268988732038,0.11175819461244707,0.034625694860442466,1.14453125,,
14.140859999999403,1465,,,,-0.037109375,0.04296875,-1.025390625,0.028453634464443215,1.2539172749817373,12.109232902526855,2.948655366897583,3742,3742,35.70595458704861,11.15023093615655,31.227931209549574,0.11245661925401866,0.03511787570123003,1.142578125,,
14.181109999999403,1465,,,,-0.6875,0.60546875,-0.802734375,0.028638321552009374,1.2446777995709861,12.108500480651855,2.8546142578125,3740,3741,34.565098112798296,11.219804840742913,32.459924760313626,0.11093577983202874,0.03600967066574371,1.140625,,
14.332214999997989,1465,,,,0.1171875,-0.17578125,-0.900390625,0.02816379714409795,1.2531392957870628,12.10861587524414,2.943960428237915,3740,3741,35.64728597745216,11.032870913905159,30.950100719824054,0.11358234004239844,0.03515384864305536,1.134765625,,
14.360544999999926,1465,,,,-0.02734375,-0.0546875,-0.966796875,0.028413425832223897,1.2492752398369427,12.109601974487305,3.0052733421325684,3740,3740,36.39266399776261,11.1269772138518,30.57478071551969,0.11227444936992766,0.03432766669441256,1.140625,,
14.39115499999933,1465,,,,0.072265625,0.166015625,-1.328125,0.028729395408236894,1.249567954508939,12.108445167541504,3.004014730453491,3740,3740,36.37394764618307,11.252595266260633,30.935864800040292,0.11104708957724603,0.03435337749599647,1.154296875,,
14.412585000000893,1465,,,,0.0625,0.078125,-0.671875,0.02850446171050273,1.2564252854105686,12.109601974487305,2.986328125,3740,3740,36.16324495896697,11.163477494067878,30.86967861079569,0.11254784058804403,0.034743156672919856,1.15625,,
14.439300000000745,1465,,,,0.048828125,-0.00390625,-1.16015625,0.02846003007815887,1.2502125658416692,12.109715461730957,2.940150737762451,3743,3741,35.604388848901635,11.150262742156766,31.31710191537452,0.11212404539265987,0.03511400156726008,1.146484375,,
14.461875,1465,,,,0.134765625,0.11328125,-0.98046875,0.028687402832487652,1.2657943777121468,12.107501029968262,2.9742431640625,3742,3742,36.01065217226278,11.242903956244506,31.221050655962173,0.11258607052398614,0.03515055410985101,1.1328125,,
14.486504999998957,1465,,,,-0.203125,-0.21875,-0.958984375,0.02865887194875862,1.2632492743467123,12.108572959899902,2.9282925128936768,3744,3744,35.45744354030171,11.235629764245044,31.687647620377312,0.11243244044643845,0.03562719553965799,1.123046875,,
14.510300000000745,1465,,,,-0.2109375,0.115234375,-0.73828125,0.02859366732343777,1.2517018403000457,12.107501029968262,2.938232421875,3745,3745,35.5746520741377,11.212238874733174,31.517494117347454,0.1116371006972355,0.03518521664502845,1.12109375,,
14.534939999999478,1465,,,,0.01171875,0.01171875,-1.427734375,0.028482332738998434,1.2596594560627148,12.109715461730957,2.9261996746063232,3742,3743,35.43544544369229,11.164542464520702,31.50670839530269,0.11282678713128909,0.03554800681324415,1.125,,
14.55975500000082,1465,,,,0.38671875,-0.400390625,-0.744140625,0.02807792849210322,1.26270468891044,12.108500480651855,3.0462646484375,3742,3742,36.885696959798224,11.00270027427947,29.829178194115,0.11476316335383684,0.034232908498019264,1.126953125,,
14.584224999999627,1465,,,,-0.125,-0.015625,-1.00390625,0.028784921639005274,1.2645496110006678,12.10914421081543,3.075474262237549,3743,3742,37.24136135808567,11.280845430698902,30.29117362877944,0.112097060346152,0.033955515182210565,1.125,,
14.609304999999702,1465,,,,-0.3359375,0.5625,-1.13671875,0.028711089139182272,1.2575700262255893,12.11050033569336,2.94677734375,3743,3743,35.68694801069796,11.253407254672966,31.533677946624927,0.1117501568872294,0.03523893457766701,1.123046875,,
14.634399999998509,1465,,,,-0.25,-0.0546875,-0.708984375,0.028264847560987925,1.2614043522564844,12.107500076293945,2.8668212890625,3741,3742,34.710038976045325,11.075463742447978,31.908531563711474,0.11389178652827045,0.036341196652848066,1.1171875,,
14.65749499999918,1465,,,,0.2109375,-0.22265625,-1.18359375,0.028162743663433958,1.2636678549384182,12.110000610351562,2.991943359375,3739,3741,36.232435908168554,11.031832946962023,30.44739518734624,0.11454740667428348,0.034876701586975714,1.1171875,,
14.679099999999627,1465,,,,-0.265625,0.322265625,-1.232421875,0.028339038198997808,1.2628825127263656,12.109713554382324,3.0092074871063232,3741,3740,36.440640694560216,11.098987832757121,30.457718693222525,0.11378357484086461,0.034655881144122866,1.12109375,,
14.7005,1465,,,,0.1484375,-0.169921875,-0.890625,0.028685320516740127,1.2442665819966583,12.108000755310059,2.8236606121063232,3742,3741,34.188884824122624,11.23822650022869,32.870994646480376,0.11071734334339482,0.03639389200313261,1.12890625,,
14.721839999999851,1465,,,,-0.046875,0.01953125,-0.837890625,0.028746804026213667,1.2425883697338607,12.106858253479004,2.9227120876312256,3741,3742,35.38486096068095,11.264443897859882,31.834077037569088,0.11031067143669103,0.035116384125815935,1.130859375,,
14.742730000000448,1465,,,,0.109375,0.060546875,-1.412109375,0.02836266651609135,1.2439220483533024,12.108000755310059,2.9703776836395264,3741,3741,35.96533523706353,11.111209524787185,30.89421925737174,0.11195199276715355,0.03458669410848137,1.125,,
14.766539999999106,1465,,,,-0.484375,0.296875,-0.857421875,0.028428445727531775,1.2508794051513903,12.109333992004395,2.8727214336395264,3743,3742,34.78674330593071,11.139030439754215,32.02090618771763,0.11229697341405157,0.03595850850855965,1.1171875,,
14.789789999999106,1465,,,,-0.1484375,0.0390625,-0.865234375,0.028699248920248513,1.251735182265532,12.107501983642578,2.9510498046875,3740,3742,35.72984136408195,11.245204273314899,31.47286370159857,0.11131280071416091,0.0350333260511999,1.12109375,,
14.816544999999925,1465,,,,0.01171875,0.236328125,-0.9921875,0.02842564755461242,1.248956685141695,12.108572959899902,3.0224609375,3740,3741,36.59768878016621,11.135915461098971,30.427919992406682,0.11215572617308996,0.03412665462685053,1.12109375,,
14.838819999998435,1465,,,,-0.125,-0.083984375,-1.0234375,0.028388048634348982,1.2548804410097152,12.108000755310059,2.997504234313965,3740,3740,36.293783533118585,11.117914056147194,30.633108410981574,0.11287013325272834,0.03457563028292763,1.125,,
14.865230000000446,1465,,,,0.51171875,-0.447265625,-0.984375,0.028062846165400425,1.260681943004287,12.109716415405273,2.8955078125,3739,3740,35.063778487965465,10.990283284195531,31.343693572464243,0.11470877596187155,0.03595396723821354,1.126953125,,
14.888990000000224,1465,,,,-0.13671875,-0.03515625,-0.916015625,0.028394292088242096,1.262926968680347,12.109000205993652,2.958984375,3740,3739,35.830342406407,11.118012650564,31.02960201847229,0.11359287027041481,0.035247415566269244,1.123046875,,
14.914964999999851,1465,,,,-0.07421875,0.443359375,-1.15234375,0.028478183338507032,1.2533244826203664,12.108000755310059,2.9315185546875,3737,3739,35.4948288743617,11.150070327185334,31.41322463238906,0.11240507421415963,0.03531005846109759,1.107421875,,
14.938244999999181,1465,,,,-0.25,0,-0.79296875,0.028279584185827922,1.2545803633203407,12.107001304626465,2.9217529296875,3737,3738,35.37366653152276,11.06837569487727,31.289874022569414,0.11334819109013375,0.0354665061989641,1.103515625,,
14.967219999998807,1465,,,,-0.111328125,-0.279296875,-0.6796875,0.02795779807291958,1.2488566592452368,12.110857009887695,2.9757254123687744,3735,3736,36.038584969887324,10.937467963370468,30.349326902012002,0.11418151471873128,0.03465332116365671,1.09765625,,
14.989804999999702,1465,,,,-0.134765625,0.166015625,-1.275390625,0.02815229167188307,1.2396876187365748,12.10844612121582,2.9313151836395264,3735,3734,35.49367196540106,11.009066325272233,31.01698335411388,0.11260606323088164,0.03492700388804551,1.099609375,,
15.013814999999479,1465,,,,0.21875,0.0625,-0.921875,0.02809739734785892,1.238031634450768,12.107429504394531,3.02734375,3737,3735,36.65335103869438,10.990445697541048,29.984831907834575,0.112646171822473,0.033776765271579044,1.1015625,,
15.035730000000447,1465,,,,0.19921875,-0.18359375,-1.01171875,0.02863849398373884,1.2556139642504083,12.105000495910645,3.09326171875,3740,3739,37.44393463945016,11.213262382218671,29.946805778270445,0.111975794505753,0.03353317369931308,1.10546875,,
15.060125,1465,,,,0,0.171875,-1.14453125,0.029480909617229045,1.264871916667033,12.106857299804688,2.96875,3753,3748,35.942232608795166,11.570436312991317,32.19175736501132,0.10931929293339021,0.035191801534262934,1.1015625,,
15.08527999999933,1465,,,,-0.173828125,0.052734375,-0.890625,0.029731364328795463,1.2677948956413094,12.106999397277832,2.9345703125,3754,3754,35.52884100470692,11.6879872826836,32.897181422650846,0.10846990717722783,0.035683542153073615,1.099609375,,
15.11036499999836,1465,,,,0.287109375,-0.064453125,-1.15625,0.027963683248891837,1.2622712433591214,12.110501289367676,2.9296875,3748,3751,35.47998424619436,10.985608356351513,30.96283324175897,0.11490226143273334,0.03557699559842715,1.09765625,,
15.138424999998882,1465,,,,-0.1875,0.224609375,-0.982421875,0.027645347307646506,1.2593038084308636,12.106500625610352,2.969970703125,3745,3747,35.95595217542723,10.846506933785829,30.16609567413563,0.11610224527753292,0.03502351439024019,1.09375,,
15.164609999999405,1465,,,,-0.14453125,-0.265625,-0.755859375,0.028214560236541265,1.2488566592452368,12.105999946594238,2.872314453125,3745,3745,34.77223861613311,11.065419760304529,31.822569384907418,0.11286120963303316,0.03591533674411779,1.091796875,,
15.18848999999836,1465,,,,0.361328125,0.189453125,-1.33984375,0.028194131548087285,1.2568031610194104,12.110221862792969,2.9573566913604736,3741,3742,35.814245659790686,11.047899304965247,30.847778869649424,0.11375946922819676,0.035092269510801015,1.09375,,
15.21350500000082,1465,,,,-0.07421875,0.056640625,-1.0546875,0.02792925936408775,1.258770336983087,12.108572959899902,2.9541015625,3739,3740,35.76995430048555,10.937402091820294,30.577064762064367,0.11508860389474734,0.03519071694665263,1.08203125,,
15.235084999999032,1465,,,,-0.625,0.05078125,-0.716796875,0.02827382980085954,1.2562585755831384,12.108500480651855,2.9730224609375,3741,3741,35.99884389725048,11.075157966005856,30.765315679628685,0.11343030767047338,0.0348971922311952,1.083984375,,
15.260099999999628,1465,,,,0.234375,-0.005859375,-1.328125,0.028434058701713925,1.2524687055062247,12.108572006225586,2.91015625,3739,3740,35.23783650249243,11.13622203897213,31.603024317864826,0.11246800765314367,0.03554329180844107,1.08984375,,
15.28486999999918,1465,,,,0.14453125,0.029296875,-1.134765625,0.02794691517147248,1.253046632907983,12.108572006225586,2.9310824871063232,3737,3738,35.49122335131369,10.939966403644142,30.824427479869343,0.1145384351903118,0.035305816891814806,1.087890625,,
15.314535000000149,1465,,,,0.162109375,-0.28125,-0.859375,0.028028079513147102,1.2557917880663336,12.11050033569336,2.9541015625,3738,3737,35.77564796432853,10.96825549926413,30.658439814145215,0.11449330188839839,0.03510186005068221,1.09765625,,
15.340029999999329,1465,,,,-0.13671875,0.13671875,-0.796875,0.028570919749610676,1.2505755764908986,12.109199523925781,2.95947265625,3737,3738,35.83684488013387,11.182685214818184,31.204435692432565,0.11183142084995472,0.034896363803057745,1.09765625,,
15.36466000000015,1465,,,,0.111328125,0.234375,-1.40234375,0.028633648847768516,1.2535689903672642,12.107500076293945,2.9254150390625,3738,3738,35.419462808640674,11.209589851392225,31.64810802454524,0.11183004971511706,0.03539209493774289,1.095703125,,
15.388924999998883,1465,,,,-0.4609375,0.185546875,-0.810546875,0.028474758318960153,1.252635415333655,12.109500885009766,2.9705810546875,3738,3739,35.972253910731524,11.148219069466286,30.991160846166665,0.11236193041492001,0.03482226658474573,1.099609375,,
15.414775000000372,1465,,,,0.236328125,-0.10546875,-0.9453125,0.028540284052963584,1.253468964470806,12.106857299804688,2.9771206378936768,3742,3739,36.04357472728225,11.175891531444432,31.00661245729639,0.11215829725476953,0.03477648856848888,1.091796875,,
15.438714999999851,1465,,,,-0.01953125,-0.056640625,-1.197265625,0.028762287948370654,1.253468964470806,12.108501434326172,2.9547119140625,3741,3741,35.77713344944641,11.268843521260072,31.497334847083557,0.11123315024349936,0.03503547779315454,1.08984375,,
15.466129999998957,1465,,,,0.296875,-0.1875,-0.9921875,0.0284862549320408,1.2590815286609567,12.106999397277832,2.9571533203125,3743,3742,35.80225346668158,11.163266894352894,31.180347082737946,0.11278790882424229,0.03516766143876077,1.091796875,,
15.490839999997988,1465,,,,0.05078125,-0.044921875,-0.859375,0.02832193604732934,1.2414991988613164,12.109500885009766,2.9815673828125,3741,3741,36.10529286088422,11.09570065310068,30.731507139003295,0.11189011290732515,0.03438551803595347,1.09375,,
15.514915000000968,1465,,,,-0.07421875,0.357421875,-1.3046875,0.02826631448829416,1.2452223850072581,12.109500885009766,2.8961181640625,3739,3740,35.0705454708077,11.071292617204191,31.568635356469727,0.11247308043075746,0.035506216635374725,1.09765625,,
15.536664999999106,1465,,,,-0.359375,0.283203125,-0.71484375,0.028291593622609645,1.2492345348540785,12.109000205993652,2.9058837890625,3737,3739,35.18734740035143,11.076321044409868,31.478135928766388,0.11278424757149465,0.035502378756791485,1.099609375,,
15.695379999998957,1465,,,,-0.07421875,-0.26953125,-0.84765625,0.028075279694806877,1.2499236021407902,12.105714797973633,3.0140902996063232,3737,3738,36.48771754237305,10.988400049711741,30.115339598731968,0.11374937174530514,0.03425600959252271,1.09765625,,
