Time (s),ESC signal (µs),Servo 1 (µs),Servo 2 (µs),Servo 3 (µs),AccX (g),AccY (g),AccZ (g),Torque (N·m),Thrust (N),Voltage (V),Current (A),Motor Electrical Speed (RPM),Motor Optical Speed (RPM),Electrical Power (W),Mechanical Power (W),Motor Efficiency (%),Propeller Mech. Efficiency (N/W),Overall Efficiency (N/W),Vibration (g),App message,
0,1591,,,,-0.421875,-0.478515625,-0.7109375,0.04855830426525609,2.4765189424298457,12.079999923706055,5.7769775390625,5007,5005,69.78588823112659,25.448040531613856,36.46588325612694,0.09731668492720646,0.035487388714288005,2.734375,,
0,1591,,,,-0.5234375,0.423828125,-1.32421875,0.048592674631946414,2.4569916646435193,12.078286170959473,5.8768134117126465,5006,5006,70.98183415999802,25.47263192780026,35.88612809072131,0.09645613659427212,0.03461437272958161,2.71484375,,
0.028110000001266598,1591,,,,0.173828125,0.369140625,-1.115234375,0.0485474194075333,2.448800655122448,12.083001136779785,5.83984375,5006,5006,70.56283866986632,25.447525246057165,36.06363593890457,0.09622942236797132,0.034703828548895976,2.6953125,,
0.050925000000745055,1591,,,,0.5,0.078125,-1.103515625,0.048447325303792026,2.461703995765547,12.082000732421875,5.8197021484375,5003,5006,70.31364561989903,25.399836149688262,36.123622841282476,0.09691810534753231,0.035010330840659395,2.681640625,,
0.20205500000156462,1591,,,,-0.3125,0.40234375,-0.7265625,0.048521019187508355,2.456080317586901,12.079429626464844,5.8858819007873535,5003,5006,71.09809621024397,25.437916191392556,35.778617919909095,0.09655194628001669,0.03454495195376305,2.685546875,,
0.22454500000178815,1591,,,,-0.11328125,-0.07421875,-0.935546875,0.048971816270689104,2.468976156287765,12.079999923706055,5.808727741241455,5006,5006,70.16943067102602,25.674058272260403,36.58866550111771,0.09616618183637046,0.0351859225973062,2.748046875,,
0.25532000000029803,1591,,,,-0.01171875,-0.154296875,-1.1171875,0.048410798841813533,2.445644282389769,12.078858375549316,6.103515625,5010,5007,73.72350082732737,25.38220894264139,34.42892518369512,0.09635269680099261,0.03317319789408635,2.703125,,
0.27747000000067057,1591,,,,-0.134765625,0.486328125,-1.255859375,0.049734912153201305,2.46067039483548,12.082222938537598,5.825737953186035,5021,5018,70.38786473189339,26.134768422396373,37.12965085948185,0.09415313558802346,0.034958730517087665,2.69140625,,
0.30282500000111756,1591,,,,-1.125,0.119140625,-0.71484375,0.05037056258030918,2.47378490125999,12.077714920043945,5.781947612762451,5020,5023,69.83271494957353,26.49267200332778,37.937336422417836,0.09337619478130611,0.035424441152636266,2.68359375,,
0.3273250000011176,1591,,,,0.4609375,0.734375,-1.21484375,0.048617275916732205,2.4848322058243655,12.080500602722168,5.8154296875,5017,5018,70.25330184493214,25.547467262102398,36.36479224633812,0.09726334827368242,0.0353696145315569,2.658203125,,
0.35527999999932947,1591,,,,0.736328125,-0.43359375,-0.8828125,0.04851865796273975,2.4765189424298457,12.082000732421875,5.797119140625,5015,5015,70.04079770296812,25.482444098854216,36.38228708776449,0.09718529874225051,0.03535823439550715,2.642578125,,
0.38041500000096856,1591,,,,-0.01171875,0.275390625,-0.86328125,0.04867541000274123,2.4790084758528033,12.080890655517578,5.935329914093018,5016,5015,71.70407169658029,25.563368819631144,35.651209498679435,0.09697503069114555,0.03457277135310898,2.634765625,,
0.40344999999925496,1591,,,,-0.349609375,0.62890625,-1.017578125,0.049304797640266705,2.463371094039849,12.080500602722168,5.7989501953125,5018,5019,70.05422132962849,25.91157347752135,36.98788307930617,0.09506837152042726,0.035163778103376044,2.63671875,,
0.4287450000010431,1591,,,,0.6875,0.470703125,-1.1640625,0.04885501791040314,2.470561844596339,12.080000877380371,5.75439453125,5016,5014,69.51309098629281,25.65131922610957,36.901422253209425,0.09631324700375027,0.03554095796263046,2.638671875,,
0.45222000000067053,1591,,,,-0.26171875,-0.16796875,-0.6640625,0.04856087690753415,2.4804199523917125,12.082222938537598,5.78125,5012,5014,69.85035136342049,25.498354215673036,36.50426049113064,0.09727764903615137,0.03551048640380453,2.646484375,,
0.4767650000005961,1591,,,,-0.2734375,-0.560546875,-1.02734375,0.04840029000822686,2.4857880088349655,12.079428672790527,5.8231024742126465,5010,5012,70.3397509916017,25.401103271638796,36.11201761955567,0.09786141894121714,0.035339732850799534,2.671875,,
0.49893500000238417,1591,,,,-0.5,1.3984375,-1.20703125,0.04881333736062789,2.459425628124001,12.081501007080078,5.7806396484375,5012,5011,69.83880373416469,25.61343911762347,36.67508283091273,0.09602090593261173,0.03521574678577814,2.689453125,,
0.526620000001043,1591,,,,0.76171875,-0.009765625,-1.107421875,0.048813879388730455,2.462104099351379,12.077143669128418,5.7373046875,5010,5010,69.29025298450142,25.610729108025165,36.96151768092646,0.0961356503739628,0.0355331954106459,2.71875,,
0.5525950000006705,1591,,,,0.134765625,-0.162109375,-0.603515625,0.04854890813334017,2.475963243005078,12.079999923706055,5.8447265625,5007,5008,70.60429642908275,25.459524411970154,36.059454876860826,0.09725096207378363,0.035068166786309043,2.72265625,,
0.5791000000014901,1591,,,,-0.412109375,0.3671875,-0.927734375,0.04840853487189397,2.4934344329197646,12.081501007080078,5.740966796875,5007,5008,69.3594961380586,25.385811878340707,36.60034067694319,0.09822157529841204,0.03594943117747909,2.724609375,,
0.6038100000005215,1591,,,,-0.75,0.2734375,-0.97265625,0.048762990230038425,2.474685134328113,12.079999923706055,5.858832359313965,5004,5005,70.77469445351926,25.55665066596316,36.10987071480372,0.09683135582488304,0.034965677399756825,2.720703125,,
0.6285299999993295,1591,,,,0.0859375,0.490234375,-1.490234375,0.04845173656575912,2.4592589182965705,12.079429626464844,5.794503211975098,5006,5005,69.99429376937769,25.39490681577756,36.28139587985636,0.09684063564937602,0.03513513439251943,2.740234375,,
0.6523100000005215,1591,,,,0.3359375,-0.171875,-0.9375,0.0488234163724967,2.4673832438866694,12.078499794006348,5.9649658203125,5010,5008,72.04783843189944,25.603658732594724,35.537025523389765,0.09636838506777817,0.03424645759801486,2.736328125,,
0.6792900000009686,1591,,,,-0.8125,0.01953125,-1.244140625,0.04930095319171664,2.4694282177698135,12.083500862121582,5.7403564453125,5014,5014,69.36360205581877,25.88668819451214,37.32027666856231,0.0953937482931216,0.03560121078750492,2.75,,
0.7018100000005215,1591,,,,-0.21875,0.255859375,-0.630859375,0.04980544315831441,2.4594034001470098,12.081501007080078,5.755615234375,5012,5014,69.536471250467,26.15085989883933,37.607401452174926,0.09404675064838565,0.03536853906906432,2.712890625,,
0.7292350000012666,1591,,,,-0.46875,0.271484375,-1.345703125,0.04863245382147629,2.4643491250274394,12.080572128295898,5.83984375,5010,5012,70.548653639853,25.524955059213625,36.18064093684497,0.09654665872322055,0.03493119992916954,2.705078125,,
0.7524250000007451,1591,,,,0.375,0.640625,-0.759765625,0.048632932495066374,2.469561585631758,12.078667640686035,5.8251953125,5009,5011,70.36059812176973,25.51867104878938,36.26841119887218,0.09677469414101467,0.03509864400751406,2.703125,,
0.774695000000298,1591,,,,-0.412109375,-0.244140625,-0.671875,0.04878152566281778,2.464482492889384,12.08171558380127,5.857979774475098,5010,5009,70.77444553086843,25.590227786330374,36.157440152843215,0.09630560983930928,0.03482164324147894,2.720703125,,
0.7986450000014156,1591,,,,0.07421875,-0.38671875,-1.17578125,0.04874749834304467,2.4879663505800536,12.082858085632324,5.8475165367126465,5009,5004,70.65471246648713,25.544008847511783,36.15329813935311,0.09739921268553757,0.035213027747585036,2.732421875,,
0.8238650000002236,1591,,,,-0.609375,0.99609375,-1.123046875,0.04875792962427327,2.445577598458797,12.081999778747559,5.8447265625,5008,5007,70.61598503496498,25.565787320932877,36.20396615337755,0.0956582157145771,0.03463206804023038,2.734375,,
0.8521350000016391,1591,,,,0.423828125,0.59375,-1.2265625,0.0489195708164483,2.4662051611061626,12.079500198364258,5.7861328125,5007,5007,69.89359245635569,25.652333839398278,36.70198216727321,0.09613960182127476,0.03528513951613173,2.7421875,,
0.8779350000005215,1591,,,,0.05078125,-0.37109375,-0.72265625,0.048598002633526156,2.459970213560273,12.079501152038574,5.814208984375,5008,5008,70.23274412495084,25.487131522113685,36.28952825304621,0.09651812764515699,0.035025973201100444,2.75390625,,
0.9021800000015646,1591,,,,-0.44921875,0.203125,-0.8984375,0.04895922103151604,2.4537352660143825,12.082500457763672,5.8099365234375,5010,5009,70.19856070401147,25.681126308993935,36.583551074896036,0.09554624810809197,0.03495421047677071,2.744140625,,
0.926054999999702,1591,,,,-0.3984375,0.517578125,-0.98828125,0.04911216671794333,2.4677500055070163,12.083500862121582,5.8258056640625,5009,5010,70.39612776425201,25.76480916342755,36.59975339795781,0.09577986740961081,0.03505519527680852,2.73828125,,
0.9488950000014156,1591,,,,0.849609375,0.37109375,-1.25,0.049008205336613236,2.4610927263983027,12.079428672790527,5.799386024475098,5009,5008,70.05326982862516,25.703139523579747,36.6908491016317,0.09575066595038034,0.035131732357661496,2.73828125,,
0.9740300000011921,1591,,,,-0.1875,0.041015625,-1.017578125,0.04882919115862595,2.4610927263983027,12.079000473022461,5.7916259765625,5006,5008,69.95705291046761,25.610037000991753,36.60822738454688,0.09609875715146356,0.03518005153173128,2.73828125,,
0.9992599999997764,1591,,,,-0.63671875,-0.171875,-0.701171875,0.04892051122612357,2.4587143328602985,12.081001281738281,5.8062744140625,5006,5007,70.14560863841325,25.651352039062385,36.56872117439316,0.09585125685055976,0.03505157885983262,2.751953125,,
1.0271150000002236,1591,,,,-0.103515625,-0.087890625,-1.07421875,0.04841611124820795,2.4761410668210035,12.085143089294434,5.7784600257873535,5003,5004,69.83351624740817,25.37128720568895,36.331103700697,0.09759619394737622,0.03545777443095462,2.72265625,,
1.0492350000012667,1591,,,,-0.4609375,0.05078125,-1.142578125,0.048649028227601455,2.462470860971726,12.080888748168945,5.847439289093018,5004,5003,70.64226351320485,25.486300103812898,36.07797773785781,0.0966193935934752,0.03485832331110719,2.6953125,,
1.0701650000009686,1591,,,,-0.224609375,0.8125,-1.271484375,0.04900765324766419,2.449089618823327,12.077141761779785,5.889369487762451,5006,5004,71.12675019120752,25.680886909950832,36.105806663335265,0.09536623978022946,0.034432750157142374,2.6953125,,
1.091410000000149,1591,,,,0,-0.5703125,-0.255859375,0.04894185754761432,2.4556691000125728,12.079429626464844,5.868443012237549,5005,5005,70.88744438324284,25.652969239339853,36.188311572710596,0.09572650546224903,0.034641806054346504,2.720703125,,
1.1133849999997765,1591,,,,1,-0.3828125,-1.462890625,0.048892178764644,2.4794530353926176,12.08133316040039,5.77880859375,5009,5008,69.81571189127862,25.640876618768182,36.72651316468383,0.09669923038347872,0.035514255576936264,2.744140625,,
1.1351800000015646,1591,,,,-0.26171875,0.14453125,-0.775390625,0.04899642911584162,2.4562914833683127,12.078857421875,5.7763671875,5006,5008,69.7719156742096,25.69648647863993,36.82926895489892,0.09558861229569622,0.03520458711263755,2.744140625,,
1.1562750000003725,1591,,,,0.109375,-0.662109375,-0.92578125,0.04904021853082033,2.471962207146753,12.080572128295898,5.7735772132873535,5004,5007,69.7481159634035,25.71189745637725,36.863931163198956,0.09614079285049572,0.03544127569616044,2.7578125,,
1.182835000000894,1591,,,,-0.578125,1.03515625,-1.166015625,0.048443728551185575,2.471962207146753,12.079428672790527,5.7352118492126465,5005,5005,69.27808245590722,25.390460426618638,36.65006236680796,0.09735791181459702,0.0356817353990717,2.771484375,,
1.2042750000003726,1591,,,,0.01171875,0.75390625,-0.98046875,0.04851618676733007,2.4536463541064197,12.079000473022461,5.7879638671875,5003,5003,69.91281828959472,25.41829811919481,36.35713555975739,0.0965307095935558,0.03509580094372481,2.77734375,,
1.2290400000009685,1591,,,,0.173828125,0.1875,-0.67578125,0.048410921667980625,2.4504121834542736,12.076000213623047,5.839029788970947,5002,5003,70.5121249789645,25.36277417447394,35.96937999250523,0.09661451726840123,0.03475164284419583,2.76953125,,
1.2524650000017137,1591,,,,0.375,-0.23828125,-1.04296875,0.048576528650199326,2.4417543864163975,12.080499649047852,5.806884765625,5004,5004,70.15006937319413,25.452729983134397,36.28325703817542,0.09593290731620396,0.034807583345732876,2.763671875,,
1.274280000001192,1591,,,,-0.0234375,0.25,-0.904296875,0.048775305265031106,2.4563137113453033,12.080000877380371,5.814034461975098,5003,5003,70.2335414017789,25.555931128821346,36.38707463521704,0.09611521094510751,0.03497351354239257,2.740234375,,
1.2993500000014901,1591,,,,0.078125,-0.044921875,-1.22265625,0.04870604555965435,2.470784124366246,12.077143669128418,5.8182196617126465,5004,5004,70.26747475305137,25.52098372354984,36.31976787730171,0.09681382783400687,0.035162557542441804,2.73046875,,
1.3242500000018627,1591,,,,-0.38671875,0.162109375,-0.85546875,0.048979579573512795,2.4754297715573013,12.079999923706055,5.7611083984375,5004,5004,69.59418901358731,25.667898596271332,36.882243992037935,0.09644068688649474,0.03556948944507432,2.724609375,,
1.3528900000005961,1591,,,,-0.599609375,0.609375,-1.169921875,0.04894598836348658,2.447955991996802,12.079000473022461,5.75439453125,5004,5005,69.50733426492661,25.65135311110492,36.904527245045834,0.09543184647585078,0.035218671783130664,2.7109375,,
1.3785099999997765,1591,,,,1.01953125,-0.185546875,-1.392578125,0.048696501504475465,2.462159669293856,12.0804443359375,5.77528190612793,5004,5005,69.76797159132548,25.52253452619953,36.5820217272489,0.09647002991675403,0.035290687304430475,2.740234375,,
1.5383250000011175,1591,,,,0.287109375,-0.01953125,-0.8125,0.0487576350650466,2.4650715342796374,12.079000473022461,5.7769775390625,5006,5005,69.78011442697607,25.555448729065365,36.622824337453316,0.09645972412435083,0.03532627532245308,2.759765625,,
1.5731800000015645,1591,,,,0.033203125,0.013671875,-0.880859375,0.04880292464655168,2.4576696179417357,12.081127166748047,5.810638904571533,5005,5006,70.19906752618226,25.58154176126369,36.44142673508092,0.09607198975251795,0.03501000375859828,2.689453125,,
1.6055800000019371,1591,,,,-0.66015625,0.443359375,-0.970703125,0.0488201018799068,2.474785160224571,12.08290958404541,5.817205429077148,5004,5004,70.28876723135727,25.581474051078334,36.39482531664876,0.09674130408916963,0.03520882863230127,2.677734375,,
1.6278100000005216,1591,,,,0.0078125,0.134765625,-1.0390625,0.048649370049226336,2.4755853673962362,12.079273223876953,5.861150741577148,5003,5003,70.7984412138394,25.489790681411442,36.003321887302796,0.09712066287000032,0.03496666487216838,2.67578125,,
1.6522500000018627,1591,,,,-0.078125,-0.345703125,-1.279296875,0.04842892988445911,2.4486672872605038,12.080000877380371,5.833333492279053,5005,5004,70.46667370478326,25.37876177240448,36.01526854911242,0.09648489982372013,0.0347492957808549,2.6953125,,
1.6790950000006706,1591,,,,-0.173828125,-0.076171875,-0.587890625,0.04902456608948527,2.4763188906369296,12.084500312805176,5.7989501953125,5005,5005,70.07741544919554,25.69553518611347,36.66735569713202,0.09637156310233988,0.035336903833620995,2.708984375,,
1.7039050000011922,1591,,,,-0.125,0.056640625,-0.84375,0.048875405711821675,2.473221699892988,12.081334114074707,5.836588382720947,5007,5006,70.5137743379787,25.61948003166935,36.33258930215951,0.09653676408872199,0.035074306021949976,2.69921875,,
1.7297400000002234,1591,,,,-0.849609375,-0.169921875,-1.02734375,0.04851099397322126,2.467349901921183,12.077714920043945,5.7275390625,5004,5005,69.17558399029076,25.427074717899494,36.75729679632101,0.0970363256212199,0.03566793020883628,2.662109375,,
1.7530950000006706,1591,,,,-0.0625,-0.087890625,-1.076171875,0.04843990822421353,2.468250134989307,12.079999923706055,5.83251953125,5004,5004,70.45683549251407,25.38519321722828,36.02942573247619,0.09723188292749212,0.035032089047648964,2.62890625,,
1.781109999999404,1591,,,,-0.1875,0.376953125,-1.158203125,0.04862797967921888,2.4772635796590334,12.081000328063965,5.8135986328125,5005,5004,70.23408699024003,25.481452753705845,36.28074891504867,0.09721830241012289,0.03527152819688939,2.62109375,,
1.8043250000011175,1591,,,,0.134765625,0.150390625,-1.205078125,0.04876595873867757,2.450267701603834,12.080890655517578,5.817599773406982,5003,5003,70.2817867400936,25.549378903268888,36.35277372465227,0.09590321983484056,0.034863480501215426,2.61328125,,
1.8298750000018627,1591,,,,1.015625,-0.466796875,-0.458984375,0.04847095865130879,2.4601258093992073,12.077142715454102,5.789620399475098,5007,5004,69.92207183276514,25.397520415281853,36.32260851198162,0.09686480290882782,0.03518382314647611,2.591796875,,
1.854080000001937,1591,,,,-0.55078125,0.86328125,-0.8828125,0.04887629380596874,2.4758521031201246,12.078857421875,5.816127300262451,5005,5004,70.25217240734491,25.612387460831023,36.45778711627889,0.09666619743694102,0.035242356474961795,2.634765625,,
1.880440000001341,1591,,,,-0.44921875,-0.06640625,-0.890625,0.04880031731269343,2.481712787103434,12.082000732421875,5.753173828125,5004,5005,69.50985040515661,25.57652329072018,36.795537814627174,0.09703088879182664,0.035703037377265406,2.66796875,,
1.902835000000894,1591,,,,-0.25,-0.130859375,-1.234375,0.04872319776578059,2.4735737354785785,12.080499649047852,5.79345703125,5004,5003,69.98785563278943,25.52888721739504,36.47616716725739,0.09689312794617692,0.035342899323232084,2.671875,,
1.9278800000008196,1591,,,,0,0.61328125,-1.220703125,0.04854224408017179,2.4515458102807988,12.081143379211426,5.8251953125,5004,5004,70.37501978222281,25.435201103097643,36.14237151450541,0.09638397590582586,0.034835454652334966,2.669921875,,
1.9528800000008195,1591,,,,0.0859375,0.296875,-0.884765625,0.04865555268652533,2.466382984922088,12.077000617980957,6.0455322265625,5008,5006,73.0118964362191,25.50634798243625,34.93450961750842,0.09669682961357098,0.03378056324117869,2.654296875,,
1.9797350000012666,1591,,,,0.037109375,-0.078125,-0.71484375,0.049454003119691885,2.4844543302155238,12.081000328063965,5.7769775390625,5017,5014,69.79166754463222,25.9642841625579,37.202555944022365,0.0956873801973813,0.03559815114930015,2.626953125,,
2.0044100000020117,1591,,,,-0.572265625,0.349609375,-0.83203125,0.049645546991572954,2.4809756518164803,12.083500862121582,5.7659912109375,5013,5015,69.67335976834875,26.07483302248167,37.42439450196711,0.09514828530933976,0.03560866965602453,2.591796875,,
2.0307150000017136,1591,,,,0.736328125,-0.181640625,-1.05859375,0.048438246368007296,2.4785416883359987,12.079999923706055,5.75927734375,5012,5013,69.57206987310201,25.426648675362575,36.54720740915175,0.09747811125174387,0.035625527497698525,2.560546875,,
2.0539750000014902,1591,,,,0.236328125,0.212890625,-1.025390625,0.048500843609689676,2.480631118173124,12.082222938537598,5.804036617279053,5010,5010,70.12566435340113,25.444719017087365,36.284460549076115,0.09749100064761021,0.035374083668881666,2.552734375,,
2.0791800000015646,1591,,,,-0.673828125,0.28125,-1.001953125,0.04852035028095329,2.4837208069748304,12.080000877380371,5.801595211029053,5009,5009,70.08327523943672,25.450881384675565,36.315199735919364,0.09758879346592389,0.03543956526702409,2.544921875,,
2.1033450000006706,1591,,,,-0.69921875,0.185546875,-0.875,0.048607116697559745,2.482542724194324,12.081500053405762,5.809326171875,5008,5010,70.1853744557593,25.499850626140905,36.33214301964649,0.09735518692212931,0.0353712257495922,2.53515625,,
2.1288600000012665,1591,,,,0.21875,0.08984375,-0.6015625,0.04891042075606851,2.4609371305593677,12.079500198364258,5.8489990234375,5011,5010,70.65298486384563,25.66197160781182,36.32114291740773,0.09589820954404875,0.03483132574372909,2.537109375,,
2.155230000000447,1591,,,,0.125,0.1328125,-0.962890625,0.04881951527928509,2.4540834117039996,12.079999923706055,5.845947265625,5009,5010,70.61904252273962,25.61051651966212,36.26573740562318,0.09582326892235504,0.0347510150808654,2.5390625,,
2.180449999999255,1591,,,,-0.5,0.236328125,-0.6875,0.04872562759993263,2.4617817936850144,12.080445289611816,5.818142414093018,5011,5010,70.28575112062072,25.562483905193538,36.36936860975498,0.09630448288262212,0.035025332367299225,2.5703125,,
2.2032550000008198,1591,,,,-0.537109375,-0.46484375,-1.123046875,0.04891964864827432,2.4846210400429536,12.082857131958008,5.7345147132873535,5008,5009,69.28932200176223,25.66182580165572,37.03575826734611,0.09682167820976495,0.035858642692156266,2.58984375,,
2.230105000000447,1591,,,,-0.28125,1.17578125,-1.857421875,0.04887066755705863,2.479697543139515,12.081144332885742,5.796596050262451,5007,5006,70.02951352265609,25.621054484517035,36.58608091890866,0.09678358650843241,0.035409321276197045,2.59765625,,
2.2525250000003725,1591,,,,0.697265625,-0.17578125,-0.6875,0.04842985349374349,2.4812015436326478,12.079113006591797,5.80186653137207,5005,5006,70.08140148160601,25.386121532781026,36.22376407447277,0.09773850410464156,0.03540456513678424,2.615234375,,
2.2800050000008194,1591,,,,0.423828125,-0.271484375,-0.84765625,0.048489258911802335,2.4738960411449438,12.079334259033203,5.76171875,5002,5004,69.59772668778896,25.40934270705325,36.508868775323606,0.09736167006233606,0.0355456443605218,2.623046875,,
2.3061850000005215,1591,,,,-0.423828125,0.37109375,-1.08203125,0.04836446453921824,2.449378582524206,12.08120059967041,5.7939453125,5007,5004,69.99781558383256,25.343010840593955,36.20543102554681,0.09664907606797997,0.03499221457262076,2.609375,,
2.3298000000007453,1591,,,,-0.44921875,-0.0234375,-0.890625,0.049005962466524416,2.437842262466035,12.080500602722168,5.7391357421875,5004,5003,69.33163279260043,25.676578532761997,37.03443507463795,0.09494420213952857,0.03516204889849672,2.572265625,,
2.3524150000009687,1591,,,,-0.349609375,-0.0625,-1.18359375,0.048743186711404235,2.450590007270199,12.080572128295898,5.7645087242126465,5001,5003,69.63856342704184,25.535381968850498,36.668450226724055,0.09596841003825857,0.0351901286682573,2.556640625,,
2.3762200000006706,1591,,,,0.671875,0.537109375,-1.029296875,0.04866420431580382,2.463337752074363,12.078858375549316,5.8614678382873535,5001,5002,70.79983989151015,25.492386642949022,36.00627724866635,0.09663033071702218,0.03479298478427421,2.56640625,,
2.402265000000596,1591,,,,-0.1875,0.62109375,-1.060546875,0.048648588345037144,2.452612753176352,12.076573371887207,5.826590538024902,5003,5002,70.36524814040149,25.48009723811408,36.211195030923534,0.096256020150019,0.03485545518552843,2.59375,,
2.4299800000004472,1591,,,,0.041015625,-0.51953125,-0.98046875,0.04890571758982034,2.4585253950558776,12.081999778747559,5.772705078125,5005,5004,69.74582147668116,25.62596316761686,36.74193324425127,0.09593884838493325,0.035249787628895614,2.6328125,,
2.452515000000596,1591,,,,-0.0625,-0.314453125,-0.900390625,0.04887064436121819,2.463019058454259,12.08133316040039,5.763346195220947,5004,5004,69.62890550319025,25.610322405859566,36.781164691273446,0.09617290323103184,0.03537351392578487,2.6484375,,
2.4781199999991803,1591,,,,-0.25,0.08203125,-1.2890625,0.04863592411483221,2.4584698251134003,12.080572128295898,5.8426337242126465,5003,5003,70.58235812456496,25.479999370549397,36.09967143005034,0.09648625925615127,0.03483122256661715,2.6640625,,
2.5001349999997764,1591,,,,-0.30078125,-0.48046875,-0.86328125,0.04878383420787649,2.47010617106803,12.081000328063965,5.814208984375,5005,5005,70.24146064766683,25.567679538036685,36.39969798789478,0.09661049480040951,0.03516592833195985,2.6796875,,
2.5241050000004472,1591,,,,-0.0234375,0.701171875,-1.2421875,0.04905258778259666,2.461670653800061,12.084000587463379,5.724051475524902,5004,5005,69.16944139291354,25.710925202363452,37.170930810780774,0.09574414901155616,0.035588991384456384,2.693359375,,
2.549375,1591,,,,-0.34375,0.517578125,-0.759765625,0.048819811096117556,2.452923944854222,12.083000183105469,5.7781982421875,5004,5004,69.81797041837126,25.58225346427407,36.64135939640919,0.09588381055952558,0.03513313163008792,2.685546875,,
2.580839999999851,1591,,,,0.32421875,-0.080078125,-0.994140625,0.04864480742304705,2.45237935941795,12.078858375549316,5.717075824737549,5006,5004,69.05574920928166,25.493124895030558,36.91673059366949,0.09619767562885156,0.03551303674927519,2.673828125,,
2.602940000001341,1591,,,,-0.1875,0.5390625,-1.296875,0.048723833887250934,2.459477586020216,12.081090927124023,5.778142929077148,5003,5004,69.80627011609977,25.529766713297054,36.57231172907059,0.09633764435219885,0.03523290360492953,2.67578125,,
2.630010000001639,1591,,,,-1.015625,0.625,-0.8046875,0.04845799636852771,2.4621152133398745,12.080666542053223,5.768229007720947,5001,5002,69.68405118047531,25.38313428406754,36.42603128559152,0.0969980769823722,0.03533254986802104,2.68359375,,
2.6527249999996276,1591,,,,-0.111328125,-0.15625,-1.05078125,0.04855846682827332,2.4576251619877545,12.083555221557617,5.8447265625,5002,5001,70.62507617287338,25.43224309320884,36.01021686823638,0.09663422738531517,0.03479819485039666,2.689453125,,
2.676650000002235,1591,,,,-0.3359375,0.013671875,-0.8671875,0.048801389825998645,2.4566693589771544,12.079334259033203,5.76171875,5002,5003,69.59772668778896,25.567685247288573,36.736379856174906,0.09608493436994581,0.035298126474699654,2.6953125,,
2.699065000001341,1591,,,,0.0859375,0.595703125,-1.271484375,0.04903555476955409,2.4671053941742858,12.081501007080078,5.859375,5003,5004,70.79004496335983,25.69399399075834,36.296055475112745,0.09601875812151503,0.03485102171429942,2.72265625,,
2.8548450000006707,1591,,,,0.921875,-0.44921875,-0.82421875,0.048895504712800124,2.4763855745679013,12.078286170959473,5.834263324737549,5003,5003,70.46790203291357,25.61868074348167,36.35510637384366,0.0966632747159701,0.03514203634743165,2.740234375,,
2.8773950000014157,1591,,,,-0.068359375,0.04296875,-0.96875,0.049256293009604206,2.482318777326143,12.080382347106934,5.881159782409668,5020,5020,71.04665881593701,25.893723744605985,36.44608230161778,0.09586565462000202,0.034939275381790584,2.751953125,,
2.9219000000003725,1591,,,,0.40625,0.244140625,-0.921875,0.04857391883868297,2.4966130336294343,12.080572128295898,5.7400946617126465,5014,5015,69.34362758406587,25.508807884310603,36.78608802717461,0.09787258757650515,0.03600349622036674,2.759765625,,
3.075335000000894,1591,,,,0.046875,0.3125,-1.0703125,0.048485701758932055,2.4787250691461717,12.07971477508545,5.8084540367126465,5013,5014,70.16446804768248,25.45590826806863,36.28034099933497,0.09737327158172683,0.03532735497205902,2.77734375,,
3.1065250000003726,1591,,,,-0.0546875,0.04296875,-0.966796875,0.04876574911587638,2.4579474676541198,12.080390930175781,5.815621376037598,5009,5009,70.25497972442099,25.579833185867617,36.409992980150186,0.09608926883120136,0.034986096036118054,2.76171875,,
3.133170000001788,1591,,,,-0.70703125,0.638671875,-1.232421875,0.04837889338250386,2.4402948418772463,12.078001022338867,5.7685546875,5006,5007,69.67260941304266,25.36701916054184,36.40888345398063,0.09619951112242237,0.03502516788786189,2.806640625,,
3.155230000000447,1591,,,,0.25,0.38671875,-0.8828125,0.04837463121669181,2.4692281659768973,12.077778816223145,5.751953125,5006,5005,69.47081760503352,25.355230119790228,36.49767052396561,0.09738535814153858,0.03554338715308267,2.810546875,,
3.180530000001192,1591,,,,0.7109375,-0.251953125,-0.921875,0.04864134383692209,2.4692281659768973,12.080668449401855,5.809732913970947,5006,5005,70.18545711326033,25.496223139157483,36.32693180014982,0.09684682129191989,0.03518147872132872,2.814453125,,
3.203670000001788,1591,,,,-0.162109375,0.142578125,-0.91796875,0.048666083178878654,2.471751041365341,12.082000732421875,5.8184814453125,5006,5006,70.29889708384871,25.514426412077665,36.29420584172955,0.09687660625579646,0.03516059488696061,2.806640625,,
3.23072500000149,1591,,,,-0.111328125,-0.197265625,-1.2890625,0.04896450213749927,2.4656494616813953,12.081143379211426,5.809849262237549,5009,5007,70.18962194869755,25.674837273052365,36.57924998060029,0.09603369382478136,0.03512840492977108,2.767578125,,
3.2528149999994787,1591,,,,-0.2109375,-0.4375,-0.3828125,0.049010538754320106,2.4615964679268543,12.0804443359375,5.812174320220947,5009,5008,70.21364834619453,25.702531415969784,36.606175610247746,0.09577253026514686,0.03505866061523733,2.73828125,,
3.2768499999996274,1591,,,,-0.287109375,0.509765625,-1.265625,0.04883319579471563,2.4579585816426146,12.080666542053223,5.810546875,5009,5009,70.19527922384441,25.61308655894188,36.48833203906033,0.09596495041650914,0.03501600974909547,2.71875,,
3.2993300000000745,1591,,,,0.01171875,0.328125,-0.677734375,0.048814784166241215,2.4520681677400806,12.085500717163086,5.7720947265625,5009,5009,69.75865495740436,25.60668809895685,36.70754276238936,0.09575889542076202,0.03515073748536793,2.712890625,,
3.3240450000017883,1591,,,,0.171875,-0.46484375,-1.283203125,0.04887862820181347,2.4654382958999834,12.083999633789062,5.747767925262451,5007,5009,69.45602550397598,25.63783681111322,36.91232924009681,0.09616405292162913,0.03549639182505268,2.720703125,,
3.3560600000005216,1591,,,,-0.25,-0.34375,-0.82421875,0.048519251692414375,2.4750518959484595,12.079999923706055,5.8062744140625,5007,5006,70.13979447889142,25.43637060582727,36.265248272836544,0.09730365759733994,0.035287413006226113,2.7421875,,
3.3850400000009686,1591,,,,-0.642578125,0.80859375,-0.998046875,0.048506812069733125,2.4538094518875893,12.080801010131836,5.7958984375,5006,5005,70.01909569837153,25.42533284444343,36.31199830682013,0.09651041608384907,0.03504486065427233,2.740234375,,
3.406265000002459,1591,,,,0.38671875,0.3515625,-1.06640625,0.04861809350024039,2.4483227536171484,12.08133316040039,5.77256965637207,5003,5003,69.74033721024898,25.470458792889534,36.521846339949185,0.09612401462908217,0.03510626491862366,2.751953125,,
3.430429999999702,1591,,,,0.048828125,-0.177734375,-0.900390625,0.04846073864785567,2.449978737902955,12.081143379211426,5.831473350524902,5003,5003,70.4508656597418,25.38891296179599,36.037758690457295,0.0964979769551207,0.03477570807625949,2.783203125,,
3.4536050000004472,1591,,,,1.21875,-0.197265625,-1.064453125,0.048737395716133496,2.46069262281247,12.081000328063965,5.7855224609375,5004,5003,69.89489874860737,25.53300079703175,36.53056411007461,0.09637302886461074,0.035205611094207334,2.80078125,,
3.479460000000894,1591,,,,-0.3984375,0.21484375,-0.94140625,0.04874645131634381,2.46069262281247,12.077143669128418,5.7840399742126465,5000,5002,69.85468175654796,25.533064789888186,36.55168722817179,0.09637278732739415,0.03522587979698028,2.787109375,,
3.5025600000005217,1591,,,,-0.486328125,0.23828125,-0.642578125,0.04858619167401415,2.479675315162524,12.079500198364258,5.7440185546875,5002,5002,69.38487327075563,25.45007577602553,36.67957376921842,0.09743292463979329,0.03573798146875997,2.744140625,,
3.543530000001192,1591,,,,-0.26171875,0.05859375,-1.041015625,0.04855032517561608,2.4550800586223196,12.082857131958008,5.8370537757873535,5000,5000,70.52828684439464,25.421476474644663,36.044369730306414,0.09657503808132514,0.03480986379321705,2.71875,,
3.5666300000008198,1591,,,,-0.1328125,0.732421875,-1.1796875,0.04879864078441945,2.4514068854246074,12.078572273254395,5.8621649742126465,5005,5003,70.80658331876793,25.564671426416172,36.104935767519265,0.09589041237946637,0.034621171796815675,2.72265625,,
3.5888050000015648,1591,,,,-0.2109375,0.375,-1.07421875,0.04906098076428096,2.45429096543915,12.082000732421875,5.730794429779053,5005,5007,69.23946249794972,25.72453241788667,37.15299265740027,0.09540663074336943,0.035446418514757036,2.732421875,,
3.611589999999851,1591,,,,0.546875,-0.556640625,-0.72265625,0.04877319220780832,2.454746638967459,12.08171558380127,5.816824913024902,5007,5007,70.27722419993643,25.57252375119375,36.38806746043462,0.09599156746712843,0.034929476326267306,2.734375,,
3.633510000001639,1591,,,,-0.3125,0.12890625,-0.673828125,0.04872235265467865,2.4608371046629096,12.078857421875,5.7840399742126465,5006,5006,69.86459417094011,25.542161685976374,36.559522014085545,0.09634412055319515,0.03522294996292249,2.755859375,,
3.655820000000298,1591,,,,-1.015625,0.466796875,-1.166015625,0.0488258263644238,2.4805644342421522,12.080571174621582,5.723353862762451,5003,5004,69.14138369664715,25.583684300667972,37.001984821296816,0.09695884318652989,0.035876696438784765,2.77734375,,
3.681155000001192,1591,,,,0.2109375,-0.08984375,-0.982421875,0.04852516467544835,2.4829428277801564,12.077714920043945,5.8231024742126465,5001,5003,70.3297716337429,25.420907774207837,36.145301177135295,0.09767325580321569,0.03530429247958609,2.80078125,,
3.7059000000003723,1591,,,,0.01171875,0.078125,-1.306640625,0.048601442519895004,2.48290948581467,12.080500602722168,5.83251953125,5003,5003,70.45975571265444,25.46397691812124,36.13974624318483,0.09750674428422558,0.03523868995431025,2.818359375,,
3.7305600000005215,1591,,,,0.111328125,-0.2734375,-0.818359375,0.04901702646320764,2.462907918569305,12.080500602722168,5.8197021484375,5006,5005,70.30491531186271,25.68985712633771,36.540627369197615,0.09587082973864759,0.03503180265055711,2.8125,,
3.7537100000008943,1591,,,,0.099609375,0.591796875,-0.85546875,0.04921662387542911,2.4557802398975266,12.080000877380371,5.8028740882873535,5005,5005,70.09872407783905,25.796259423125637,36.79989866075301,0.09519908292192111,0.03503316604123319,2.818359375,,
3.779565000001341,1591,,,,-0.734375,0.345703125,-0.998046875,0.04895355272267841,2.4599813275487676,12.078500747680664,5.7666015625,5005,5005,69.65190128423274,25.658809566521708,36.83863483038927,0.09587277699579737,0.03531822221923524,2.796875,,
3.802510000001639,1591,,,,-0.474609375,0.251953125,-0.958984375,0.048794059660954764,2.476618968326304,12.081001281738281,5.8056640625,5005,5005,70.13823498040438,25.5729566082959,36.46079291194114,0.0968452340595958,0.03531054023555391,2.77734375,,
3.8246650000009685,1591,,,,-0.2109375,0.58984375,-1.28125,0.04862445321280361,2.463804539591168,12.079428672790527,5.8468194007873535,5004,5004,70.62623791449869,25.482363048131692,36.080589594735414,0.09668665872695854,0.03488511652813634,2.76171875,,
3.8492550000008197,1591,,,,0.796875,-0.8359375,-1.130859375,0.04888961073358723,2.464204643177,12.08171558380127,5.7205634117126465,5005,5006,69.11422011941204,25.62780948153264,37.08037135809999,0.09615354152498684,0.03565409027143,2.779296875,,
3.8767450000010433,1591,,,,0.51171875,-0.0078125,-1.126953125,0.048778131664214124,2.4647603426017675,12.078857421875,5.765206336975098,5005,5005,69.63710535201244,25.567242540756965,36.71497028992762,0.09640305710217563,0.03539435377364574,2.798828125,,
3.8994700000006706,1591,,,,0.21875,-0.26171875,-0.5078125,0.0485052458762819,2.4557468979320403,12.079999923706055,5.850152015686035,5005,5004,70.66983590315613,25.419453188748257,35.969311183320606,0.09660895848928251,0.03474957690997505,2.79296875,,
3.924775000002235,1591,,,,-0.32421875,0.287109375,-1.296875,0.048756275034233916,2.4463333496764808,12.083429336547852,5.8028740882873535,5006,5006,70.11861899470478,25.560280327440193,36.45291463793726,0.0957083928007716,0.03488849872900696,2.7890625,,
3.9497050000019374,1591,,,,0.0234375,0.1953125,-1.12109375,0.04905058455628097,2.45414648358871,12.081000328063965,5.8245849609375,5006,5007,70.36681282392237,25.718900183295375,36.54975854548269,0.0954219063061918,0.03487647635440982,2.7734375,,
3.9742600000016393,1591,,,,-0.25,1.0703125,-1.36328125,0.049071343016924195,2.4505122093507317,12.080500602722168,5.7525634765625,5008,5007,69.49384654581081,25.730083276426903,37.024980707414805,0.0952391868702506,0.03526229056460902,2.783203125,,
3.999835000000894,1591,,,,0.349609375,-0.23828125,-0.85546875,0.04866464573544188,2.4554357062541703,12.078500747680664,5.8319091796875,5008,5006,70.4407193872612,25.511598715914875,36.21711836254827,0.09624781784931409,0.03485818611185595,2.779296875,,
4.02410000000149,1591,,,,-0.625,0.404296875,-0.609375,0.048678488761489405,2.4727846422954087,12.078286170959473,6.185825824737549,5007,5006,74.71417451489151,25.519717786251725,34.15646087499141,0.0968970214720625,0.03309659322813706,2.779296875,,
4.051835000000894,1591,,,,0.57421875,-1.05078125,-0.80078125,0.04971585956496754,2.491867360541921,12.077500343322754,5.947265625,5030,5023,71.82810262776911,26.1483417217792,36.40405463205166,0.09529733805132358,0.03469209500709479,2.76171875,,
4.075150000000373,1591,,,,-0.69921875,0.46484375,-1.314453125,0.051576350276579544,2.4965685776754527,12.081778526306152,5.730794429779053,5032,5034,69.23818908037947,27.188059186431346,39.26743253620974,0.09182592109853163,0.03605768161811909,2.732421875,,
4.099250000001863,1591,,,,0.236328125,-0.52734375,-1.37109375,0.04817520008790475,2.5028146392098383,12.080573081970215,5.745675086975098,5026,5026,69.41104779345824,25.356784252851693,36.53133767452144,0.09870394503705117,0.03605787145955921,2.72265625,,
4.12450500000082,1591,,,,0.662109375,-0.255859375,-1.181640625,0.04817146499865958,2.5015143025558824,12.079428672790527,5.8203125,5018,5021,70.30604969710112,25.326629347757038,36.023399774089874,0.0987701232646428,0.035580356360983625,2.705078125,,
4.148980000000447,1591,,,,-0.2109375,0.1875,-0.6875,0.04836631229401611,2.4868549517305185,12.080445289611816,5.80186653137207,5016,5016,70.08913120987017,25.406487663785843,36.24882663720052,0.09788267408860521,0.0354813208382345,2.681640625,,
4.185480000000447,1591,,,,-0.5625,0.02734375,-0.931640625,0.04841881048947052,2.473118061950269,12.082857131958008,5.7177734375,5012,5014,69.08703955821693,25.421496346180035,36.796331857234,0.09728451969436851,0.03579713471245601,2.6484375,,
4.221535000000149,1591,,,,0.41015625,-0.0859375,-1.001953125,0.04828852437677735,2.471480693595192,12.081231117248535,5.836838722229004,5008,5009,70.51619759735422,25.330953261725497,35.92217692503022,0.09756761492784181,0.035048411255911543,2.642578125,,
4.37998000000231,1591,,,,-0.517578125,0.59375,-1.12109375,0.04872858325304574,2.46962826956273,12.079636573791504,5.830522060394287,5008,5008,70.43058752503703,25.55460491083788,36.283390226943084,0.09664122290990082,0.03506471202848924,2.61328125,,
4.402294999999926,1591,,,,-0.119140625,0.216796875,-1.01171875,0.048595144214301965,2.4583067273322317,12.082229614257812,5.787071704864502,5004,5005,69.92072913234733,25.46906172988114,36.42562376841465,0.09652129133787701,0.035158482439150485,2.66796875,,
4.445075000001117,1591,,,,0.0625,0.10546875,-0.95703125,0.04854507844419158,2.458969954595691,12.081144332885742,5.807059288024902,5002,5003,70.15592140825356,25.43210637295251,36.25083366086405,0.09668762463225809,0.0350500699760805,2.623046875,,
4.602039999999106,1591,,,,-0.109375,-0.44140625,-0.666015625,0.04890249429373818,2.4708563652914655,12.080286026000977,5.7662529945373535,5001,5002,69.65798547229588,25.61542297577012,36.77313204235255,0.09645971365097789,0.035471257868549266,2.591796875,,
4.624935000000521,1591,,,,-0.08203125,0.16015625,-1.009765625,0.048636100469593116,2.4574548401140635,12.081305503845215,5.796837329864502,5000,5000,70.0333627381874,25.46765713200072,36.36503537208254,0.09649316493373915,0.03508977355979618,2.650390625,,
4.6504949999991805,1591,,,,0.28125,-0.55078125,-0.65234375,0.048703190794473696,2.4655605497734325,12.080000877380371,5.8221435546875,4998,4998,70.33149924885947,25.491701215766238,36.24507011512288,0.09672012585211535,0.0350562774305343,2.59765625,,
4.671734999999404,1591,,,,-1.134765625,0.404296875,-1.125,0.04866020624721114,2.4657494875778534,12.078857421875,5.887276649475098,4999,4998,71.11157525214367,25.46631816914589,35.81177618249738,0.09682394884099384,0.03467437584999248,2.59375,,
4.693780000001192,1591,,,,0.90625,-0.48046875,-0.830078125,0.048751882496619936,2.4552023124957687,12.068571090698242,6.819893836975098,5020,5007,82.30637360254877,25.564070135631624,31.059648258928984,0.09604113505672428,0.029830038732501497,2.59765625,,
4.714780000001192,1591,,,,-0.84375,1.208984375,-1.234375,0.051161279156967984,2.4552023124957687,12.082857131958008,5.613839149475098,5049,5039,67.83121640490026,26.998499502388306,39.80246991477788,0.090938472794704,0.03619575827507053,2.591796875,,
4.739235000001266,1591,,,,1.046875,-0.818359375,-0.826171875,0.05285688670836991,2.496190702066611,12.077714920043945,5.636160850524902,5043,5045,68.07194399615219,27.92350169998273,41.02057332395432,0.08939389940725646,0.03666989005349561,2.572265625,,
4.766259999999776,1591,,,,0.009765625,0.615234375,-1.291015625,0.04678274568231483,2.5053708565637685,12.07750129699707,5.73486328125,5028,5035,69.26281871739775,24.668822743904315,35.61625587973348,0.1015602115501376,0.036171944817695645,2.57421875,,
4.787990000000224,1591,,,,-0.361328125,1.05078125,-0.98828125,0.047606846522977725,2.4889110396021583,12.082000732421875,5.787353515625,5021,5024,69.92280941456556,25.04708701020801,35.821053558798326,0.09936928148921252,0.035595123543243894,2.57421875,,
4.809870000001043,1591,,,,0.265625,-0.37109375,-0.8203125,0.04785795491009554,2.4727846422954087,12.08266830444336,5.71533203125,5013,5016,69.05646118335426,25.137830577865568,36.40185168353939,0.09836905514323706,0.03580815755574023,2.58984375,,
4.830960000000894,1591,,,,-1.015625,0.8984375,-0.755859375,0.0482594661047,2.4685835546441672,12.078857421875,5.7449774742126465,5010,5011,69.39276380289812,25.323522060974643,36.49302992586243,0.09748184113964269,0.03557407745937148,2.6171875,,
4.8536199999991805,1591,,,,-0.0859375,0.05078125,-1.126953125,0.04826316737832236,2.470461818699881,12.079334259033203,5.760091304779053,5006,5007,69.57806823297688,25.3056375356424,36.37013527151745,0.09762495867651204,0.035506329529410435,2.623046875,,
4.8791400000005964,1591,,,,0.359375,-0.8828125,-0.681640625,0.048296800648276135,2.472340082755595,12.078001022338867,5.7940673828125,5003,5004,69.98075177310966,25.30864684445937,36.16515427915753,0.09768756496346802,0.035328858580590435,2.619140625,,
4.902140000000596,1591,,,,0.173828125,0.4609375,-0.93359375,0.04841225473013547,2.470939720205181,12.082000732421875,5.81787109375,5003,5003,70.29152281582355,25.362640517899003,36.0820757637499,0.09742438759329422,0.035152741343781775,2.638671875,,
4.928410000000149,1591,,,,-0.07421875,0.779296875,-1.376953125,0.048659055677632214,2.4692059379999067,12.08171558380127,5.789620399475098,5001,5003,69.94854700463202,25.49080300153143,36.442219450024346,0.09686654193873619,0.03530031778696411,2.662109375,,
4.954490000000224,1591,,,,-0.1875,0.255859375,-0.74609375,0.048712793034007905,2.482542724194324,12.07800006866455,5.8087158203125,5002,5001,70.15767007658724,25.510581079450713,36.361784893372636,0.0973142366480261,0.035385193400582854,2.6796875,,
4.980849999999627,1591,,,,0.0234375,0.287109375,-0.83984375,0.048895074471880344,2.4809089678855076,12.078001022338867,5.830078125,5002,5002,70.41568955406547,25.609266873355338,36.36869430028436,0.09687543888523889,0.03523233222023133,2.67578125,,
5.003400000002236,1591,,,,-0.111328125,-0.158203125,-0.599609375,0.04889402017901261,2.4792752115766916,12.079000473022461,5.8502197265625,5001,5002,70.66480684443377,25.612796313791936,36.2454770026863,0.09679830273907482,0.03508500655828203,2.646484375,,
5.029060000000522,1591,,,,-0.8125,0.5078125,-1.580078125,0.049041055816819466,2.4793530094961596,12.083999633789062,5.8111572265625,5005,5004,70.22202179767191,25.697632212472964,36.59483386353442,0.0964817687869603,0.03530734299618753,2.623046875,,
5.052885000001639,1591,,,,0.298828125,-0.3125,-0.890625,0.04919342174696998,2.468150109092849,12.084500312805176,5.7366943359375,5006,5005,69.3250844971044,25.782774476766548,37.191118718136515,0.09572864671011089,0.03560255464522282,2.630859375,,
5.079310000000522,1591,,,,0.0234375,0.1328125,-0.982421875,0.04878374938935154,2.4562914833683127,12.079428672790527,5.751953125,5002,5004,69.48030750267208,25.566051470835014,36.7961115742785,0.09607629422831979,0.03535234042068464,2.640625,,
5.102420000001788,1591,,,,0.384765625,-0.822265625,-0.9609375,0.04832822220881827,2.4549578047488705,12.079500198364258,5.765380859375,5002,5003,69.64291923446581,25.318984513522093,36.35543252901423,0.09696114800487962,0.035250644742271645,2.6640625,,
5.127040000000968,1591,,,,-0.0625,0.400390625,-0.845703125,0.04883251682731411,2.4787417401289153,12.082000732421875,5.79345703125,5003,5003,69.99655209481716,25.581736958245465,36.547138669905486,0.09689497410495307,0.03541234055030621,2.666015625,,
5.149070000002161,1591,,,,0.298828125,-0.38671875,-1.03515625,0.04861798115412167,2.4696393835512254,12.08171558380127,5.814732074737549,5002,5002,70.25193912298573,25.464728257713915,36.24772294631524,0.09698275035796264,0.03515403865547085,2.66796875,,
5.169929999999702,1591,,,,-0.28125,-0.474609375,-1.265625,0.048607336918309846,2.444755163310142,12.077142715454102,5.811244487762451,5003,5002,70.18322903310309,25.460376194415762,36.27700883127927,0.09602195759567572,0.034833894036950516,2.6640625,,
5.192230000000447,1591,,,,-0.8359375,-0.265625,-1.0859375,0.04875476800327585,2.444755163310142,12.080668449401855,5.804036617279053,5004,5004,70.11664204153612,25.54870007638573,36.437426739932924,0.09569000207450051,0.034866974403336415,2.662109375,,
5.214195000000298,1591,,,,1.125,-0.126953125,-0.416015625,0.0489331859363769,2.442821329311951,12.079501152038574,6.041259765625,5012,5008,72.97540429863147,25.663805023652557,35.16774627055247,0.09518546946022118,0.03347458438620479,2.662109375,,
5.237215000001713,1591,,,,-0.0625,0.3671875,-1.2421875,0.0499266180889873,2.48768850086767,12.084000587463379,5.679524898529053,5020,5017,68.63138221033796,26.230810240757464,38.2198484074918,0.09483841627592184,0.036247098932723355,2.685546875,,
5.259054999999702,1591,,,,-0.63671875,0.046875,-1.0390625,0.05014480109848641,2.496724173514388,12.08228588104248,5.717075824737549,5013,5016,69.07534451807578,26.338686874953165,38.13037351997687,0.09479303905194505,0.036144939861444195,2.666015625,,
5.281340000001713,1591,,,,-0.353515625,0.439453125,-1.08984375,0.04786316489148371,2.500903033188638,12.079429626464844,5.7400946617126465,5009,5010,69.33706951540444,25.113433239612657,36.21934618109764,0.09958427465201534,0.03606877317814851,2.64453125,,
5.302735000001267,1591,,,,0.01171875,0.53125,-1.14453125,0.0478692363328493,2.4809311958624987,12.079999923706055,5.7470703125,5005,5006,69.42460893653333,25.096167030123397,36.14880575426192,0.09885697656078678,0.035735616431495046,2.62890625,,
5.32875,1591,,,,-0.25,0.39453125,-1.125,0.04801971445695036,2.4466223133773597,12.081144332885742,5.828682899475098,5003,5003,70.41715937918161,25.160471238545465,35.730596718708306,0.09724071899055575,0.03474468914888788,2.626953125,,
5.352599999999628,1591,,,,-0.63671875,0.728515625,-0.982421875,0.048202150720070974,2.459947985583282,12.081501007080078,5.8062744140625,5001,5002,70.14851018087938,25.246819830067643,35.99052890071107,0.09743595439508038,0.035067715326245065,2.607421875,,
5.379160000000149,1591,,,,-0.13671875,-0.005859375,-0.880859375,0.04869439272398574,2.4625820008566794,12.083001136779785,5.771484375,5002,5002,69.73685226403177,25.50680721850286,36.57579370220375,0.09654607022200337,0.03531249147198471,2.62109375,,
5.404490000000224,1591,,,,-0.224609375,-0.0859375,-0.587890625,0.048809402032591535,2.4588143587567566,12.079000473022461,5.7989501953125,5000,5001,70.04552215221338,25.563449802646648,36.49548039215932,0.09618476292281135,0.035103091292739544,2.6484375,,
5.430270000001416,1591,,,,-0.2109375,-0.16015625,-0.8984375,0.04872739747050424,2.4550467166568333,12.079000473022461,5.843505859375,5002,5002,70.58371003950015,25.521828894209346,36.1582422912125,0.0961939963955271,0.03478205828629491,2.66796875,,
5.454595000000671,1591,,,,-0.5859375,-0.181640625,-0.9609375,0.04883366041019412,2.455624644058592,12.080999374389648,5.845947265625,5002,5003,70.6248852587305,25.582579129324998,36.22317974125492,0.09598815786496441,0.034769962953745584,2.673828125,,
5.47985000000149,1591,,,,0.13671875,0.22265625,-0.84765625,0.0486841553935193,2.4575029081143054,12.085000038146973,5.770263671875,5003,5003,69.73363669472747,25.507332001323988,36.57823284477087,0.09634496104832704,0.03524128418646085,2.68359375,,
5.502945000000298,1591,,,,0.38671875,-0.025390625,-1.2734375,0.048776834373957786,2.4491340747773087,12.081999778747559,5.8355712890625,5002,5001,70.50537102331873,25.544530561129797,36.23061646279583,0.09587704377327916,0.03473684400536364,2.66796875,,
5.529435000000522,1591,,,,-0.0625,0.326171875,-1.232421875,0.048583004341964685,2.4460777279410877,12.08228588104248,5.8251953125,5001,5001,70.38167507853359,25.445385349739887,36.153423915170116,0.0961305043849962,0.03475446876209887,2.658203125,,
5.555755000000819,1591,,,,-0.0234375,0.125,-1.03515625,0.048661139809921455,2.4565137631382195,12.080500602722168,5.8343505859375,5003,5002,70.4818757699104,25.488393211747262,36.16304607861838,0.09637774114399825,0.03485312693943563,2.669921875,,
5.580480000000447,1591,,,,0.037109375,-0.31640625,-0.984375,0.04866350187309393,2.449334126570225,12.081999778747559,5.7952880859375,5004,5003,70.01866937207524,25.49584115884415,36.41291870795301,0.09606798659084778,0.034981157861692605,2.708984375,,
5.6032250000014905,1591,,,,-0.58203125,0.064453125,-0.783203125,0.04889584957625905,2.459825731709833,12.079999923706055,5.740966796875,5002,5004,69.350878468249,25.622187361159742,36.945728629653026,0.0960037368019033,0.03546928007315752,2.720703125,,
5.62838000000082,1591,,,,-0.703125,0.376953125,-1.5625,0.04875068763136984,2.4588143587567566,12.078857421875,5.7596259117126465,5002,5002,69.56970019091386,25.535834965307327,36.705397457846786,0.09628877857713569,0.03534317888404368,2.72265625,,
5.653304999999702,1591,,,,0.0859375,0.658203125,-0.908203125,0.048577053211554574,2.4572361723904175,12.076000213623047,6.1212158203125,5006,5002,73.91980355372652,25.445384967779088,34.42296075541492,0.09656903110335958,0.033241919678593905,2.724609375,,
5.674535000000149,1591,,,,0.787109375,-0.30078125,-1.23828125,0.04978241290264882,2.458514281067382,12.082000732421875,5.7281494140625,5019,5015,69.20750541612506,26.142104598140577,37.773510894455065,0.09404423702146192,0.03552381011690906,2.716796875,,
5.699294999999926,1591,,,,-1.234375,-0.001953125,-1.1484375,0.050587021412247635,2.47409609293786,12.0773344039917,5.731607913970947,5017,5019,69.22254544959242,26.587467431042192,38.408682111239436,0.09305497409088424,0.03574118918726395,2.69140625,,
5.7297250000014905,1591,,,,-0.474609375,0.447265625,-0.80078125,0.04838641372549246,2.490122464348151,12.080001831054688,5.79833984375,5010,5013,70.04395592957735,25.402793364913233,36.26693128305513,0.09802553713591004,0.035550854192926175,2.689453125,,
5.753160000000149,1591,,,,0.25,-0.298828125,-0.78515625,0.048272393733454405,2.4719547052045185,12.07800006866455,5.75146484375,5007,5009,69.46619277773425,25.321395472149067,36.45139377821962,0.09762316251185345,0.03558500338594697,2.6875,,
5.778310000002384,1591,,,,-0.173828125,0.0390625,-1.046875,0.048823516701493264,2.458369799216942,12.082857131958008,5.6856865882873535,5006,5008,68.69933874336584,25.603293097487857,37.26861650463894,0.09601771888703459,0.0357844754285112,2.689453125,,
5.928665000000969,1591,,,,-0.2734375,-0.24609375,-0.83984375,0.048713580854178644,2.499458214684243,12.079500198364258,5.7489013671875,5005,5007,69.44385520531796,25.5421888665857,36.781064056809015,0.09785606972603804,0.03599250368940975,2.658203125,,
5.950930000001565,1591,,,,0.17578125,-0.095703125,-1.00390625,0.04853037500879149,2.453683308118167,12.08064079284668,5.820116996765137,5004,5004,70.31074281026122,25.432164646791346,36.171093676853815,0.09647953063357258,0.03489770140445841,2.6640625,,
5.993700000001118,1591,,,,0.224609375,-0.349609375,-0.76171875,0.048755589359601434,2.4444439716322717,12.080666542053223,5.840657711029053,5004,5005,70.55903819321384,25.552280237231365,36.21404272442153,0.09566441620621219,0.034643952556986116,2.662109375,,
6.155705000001937,1591,,,,-0.140625,0.435546875,-1.310546875,0.04880818165104362,2.4526627661245812,12.082000732421875,5.81298828125,5005,5006,70.23252867162228,25.584127492136773,36.42774648163015,0.09586657848224067,0.034922034170123635,2.64453125,,
6.189985000001267,1591,,,,0.017578125,0,-0.955078125,0.04876832805666353,2.4666411073048926,12.079188346862793,5.803765296936035,5007,5007,70.10477414267643,25.569001423504247,36.472553740015634,0.09646998200866141,0.03518506603109245,2.625,,
6.214480000000447,1591,,,,0.150390625,-0.546875,-0.79296875,0.04878901003915366,2.4709916781013965,12.082667350769043,5.782063961029053,5007,5007,69.86275544198406,25.582200535881462,36.61779495245592,0.09659027082660837,0.0353692273153093,2.69140625,,
6.2364300000015644,1591,,,,-0.224609375,-0.103515625,-1.23046875,0.048775218350496495,2.490233604233105,12.08171558380127,5.752650737762451,5007,5006,69.50189006659048,25.571625485126994,36.79270514891977,0.09738268713819065,0.0358297249448495,2.720703125,,
6.258115000000224,1591,,,,-0.109375,1.791015625,-1.529296875,0.04847673273876814,2.484198708480131,12.080668449401855,5.7470703125,5003,5004,69.42845100071281,25.400603385233232,36.58529467260108,0.09780077546993755,0.0357807018977656,2.736328125,,
6.280940000001341,1591,,,,0.25,-0.4921875,-0.763671875,0.04822340635420968,2.464493606877879,12.079429626464844,5.761021137237549,5002,5002,69.58984940383743,25.25833691249081,36.29600743337429,0.09757149156004535,0.035414555829488235,2.7265625,,
6.305615000002086,1591,,,,0.234375,-0.2734375,-0.83203125,0.048421101148579976,2.4653382700035253,12.078286170959473,5.747767925262451,5002,5002,69.42318584558188,25.361718597162106,36.53205811322779,0.0972070666488425,0.03551174207831922,2.716796875,,
6.32977999999933,1591,,,,-0.224609375,0.203125,-0.521484375,0.04876180338464534,2.4824093563323797,12.081501007080078,5.78857421875,5003,5003,69.9346652533859,25.546313746062342,36.52882823347112,0.09717289864237313,0.03549612123455746,2.72265625,,
6.353440000001341,1591,,,,-0.4609375,0.341796875,-0.8125,0.04905023130878334,2.4623041511442953,12.082000732421875,5.826416015625,5005,5005,70.39476256817579,25.705957758184862,36.51686122712496,0.09578729469281454,0.03497851347619232,2.736328125,,
6.37788000000082,1591,,,,-0.1875,0.533203125,-1.19921875,0.049111937973420526,2.457291742332894,12.078286170959473,5.767299175262451,5004,5004,69.65908987235844,25.73583360513243,36.94540605151478,0.09548133470379767,0.035275966809723946,2.728515625,,
6.402240000002086,1591,,,,0.1875,0.220703125,-0.98046875,0.048840758057897775,2.4639712494185977,12.080501556396484,5.8404541015625,5004,5004,70.55561486398801,25.59166572380771,36.27162171733811,0.09628022169445524,0.03492239780162731,2.728515625,,
6.4246099999994035,1591,,,,0.3984375,-0.37109375,-0.603515625,0.048808004972274555,2.467427699840651,12.081713676452637,5.907505512237549,5007,5006,71.37279014091973,25.586320840198884,35.84884490249126,0.0964354240397101,0.03457098559505544,2.751953125,,
6.450045000001788,1591,,,,0.765625,-0.19140625,-0.958984375,0.049336290797006084,2.467427699840651,12.081143379211426,5.775669574737549,4317,5008,69.77669224335341,25.873433345100988,37.080338022995875,0.09536529871895981,0.03536177512163005,2.755859375,,
6.477025000000372,1591,,,,-0.38671875,0.3359375,-1.017578125,0.04904040032472635,2.471284253848537,12.081501007080078,5.7684326171875,4891,5008,69.69132447382435,25.71921032009073,36.9044648157759,0.09608709688563327,0.03546042886265904,2.76953125,,
6.499335000000894,1591,,,,-0.14453125,-0.013671875,-0.79296875,0.04879347850733821,2.467361015909679,12.07955551147461,5.80457878112793,4987,5008,70.11673160736245,25.588450680521632,36.494072233445024,0.09642479127459938,0.03518933297870089,2.763671875,,
6.5258000000007454,1591,,,,-0.296875,0.705078125,-1.625,0.04889813939696465,2.46931707788486,12.078666687011719,5.7861328125,5005,5008,69.88876964896917,25.64330877919133,36.69160139460197,0.09629479171925842,0.035332101141392486,2.7734375,,
6.548845000000671,1591,,,,0.38671875,-0.349609375,-0.75,0.04889606770099948,2.491811790599444,12.081778526306152,5.787760257720947,5007,5008,69.9264375971411,25.64266707235422,36.67091868755889,0.09717443913179791,0.03563475955911302,2.78515625,,
6.5746400000005965,1591,,,,-0.2734375,-0.046875,-0.69921875,0.04887872042623927,2.4749074140980203,12.080573081970215,5.7791571617126465,5006,5008,69.81553044426119,25.631676989885758,36.71343156283742,0.09655659343220567,0.03544923884914,2.791015625,,
6.599030000001192,1591,,,,-0.1875,0.26953125,-0.966796875,0.04855878005945287,2.4475336604339786,12.080499649047852,5.7720947265625,5004,5005,69.72978831850924,25.448628626158175,36.49606465161609,0.0961754637701068,0.035100259436529786,2.76171875,,
6.62447000000067,1591,,,,-0.5234375,0.21484375,-1.1875,0.04843260158687828,2.4627487106841097,12.081001281738281,5.82275390625,5003,5003,70.34469740465283,25.371998161016688,36.06810334980345,0.09706561915442863,0.03500972783374593,2.71875,,
6.651160000002012,1591,,,,-0.423828125,0.46875,-1.33984375,0.048655471780551775,2.4807978280005543,12.081000328063965,5.755615234375,5002,5002,69.53358953469433,25.486940784819108,36.6541422000114,0.09733603765730103,0.03567768965476377,2.69921875,,
6.6741699999999256,1591,,,,0.30078125,0.134765625,-0.90625,0.04831451402605999,2.4665830367150043,12.082501411437988,6.0198974609375,5004,5002,72.7354195684893,25.309004725840843,34.79598368441295,0.09745871334863632,0.03391171799583028,2.72265625,,
6.698970000000671,1591,,,,0.0625,0.73828125,-1.03125,0.049081119644463544,2.451134592706471,12.08228588104248,5.770786762237549,5013,5012,69.72429541988959,25.758278222878197,36.943045559310704,0.0951591007557874,0.03515466994604092,2.73828125,,
6.725105000002309,1591,,,,-0.2109375,-0.12109375,-0.724609375,0.05001068694113891,2.4645714047973466,12.079999923706055,5.70556640625,5011,5013,68.92324175219983,26.254448210598124,38.092300279477435,0.09387252723911653,0.03575820495585851,2.732421875,,
6.749275000000373,1591,,,,-0.009765625,0.248046875,-1.31640625,0.04831868863106776,2.4684279588052322,12.080500602722168,5.736083984375,5007,5008,69.29476603050716,25.34213605428654,36.57150100359616,0.09740410017204157,0.03562214147196199,2.740234375,,
6.775830000000075,1591,,,,0.515625,0.171875,-0.765625,0.048109249842074646,2.458847700722243,12.080999374389648,5.8123779296875,5004,5005,70.21933413227089,25.21413632613854,35.90768359985176,0.09751861689481103,0.03501667640554033,2.740234375,,
6.801195000000298,1591,,,,-0.3125,0.3984375,-0.90625,0.0485356138426262,2.4774080615094736,12.081001281738281,5.772705078125,5002,5003,69.74005744792521,25.430261339921895,36.46435387425746,0.09741968548393544,0.03552345885805084,2.75,,
6.824340000001714,1591,,,,0.111328125,0.01953125,-1.181640625,0.04862634493140446,2.4829761697456427,12.079000473022461,5.8160400390625,5001,5002,70.25195038295351,25.46890428681171,36.253661496907974,0.09749049828701802,0.03534387524062438,2.7578125,,
6.849025000002235,1591,,,,0.34375,-0.0546875,-0.8203125,0.04845412154530407,2.44870062922599,12.079428672790527,5.8154296875,5003,5000,70.24706811178476,25.372923663803054,36.11954825420885,0.09650841431093335,0.03485840327640937,2.75390625,,
6.874290000000968,1591,,,,-0.4375,-0.0625,-1.068359375,0.048826758669528306,2.455624644058592,12.081500053405762,5.758056640625,5003,5004,69.56596161122434,25.585478186117182,36.77873142774039,0.095977281573382,0.03529922662152033,2.75390625,,
6.89572000000067,1591,,,,0.171875,-0.44921875,-1.30859375,0.048610297828913906,2.461292778191219,12.080500602722168,5.777587890625,5001,5002,69.79615399497561,25.46477705193337,36.48449892205593,0.0966547939207011,0.035264017246113576,2.7578125,,
6.917130000000819,1591,,,,-0.611328125,0.34765625,-0.8828125,0.04838745460389826,2.4488673390534204,12.079334259033203,5.74462890625,5001,5001,69.39129275269806,25.338320186029293,36.515129176699325,0.09664679114772748,0.0352907006327275,2.75390625,,
6.938840000001713,1591,,,,0.203125,0.875,-1.203125,0.048289473417645806,2.464482492889384,12.081143379211426,5.819614887237549,5001,5000,70.30760186451016,25.283301117035972,35.96097782677817,0.09747471192473389,0.03505285954196945,2.751953125,,
6.9630449999999255,1591,,,,0.125,-0.607421875,-1.037109375,0.04882156489728164,2.4800976467253473,12.08171558380127,5.848214149475098,5002,5002,70.65646002712037,25.572082051016253,36.19213592246315,0.09698458036297387,0.03510079114879801,2.767578125,,
6.985695000002161,1591,,,,0.3984375,0.44140625,-1.078125,0.04906819187597516,2.4714879176877136,12.082000732421875,5.7977294921875,5004,5003,70.04817197099328,25.707380125648122,36.699573168438235,0.09613923727769999,0.035282689728307955,2.78515625,,
7.00923000000231,1591,,,,-0.162109375,0.435546875,-0.7578125,0.04888236943935369,2.4671831920937533,12.081334114074707,5.721028804779053,5004,5005,69.11766046678122,25.620603274184802,37.06809967403103,0.09629684225974786,0.035695409471787766,2.783203125,,
7.031780000001192,1591,,,,0.484375,0.19140625,-0.53515625,0.04892171126153088,2.4922341221622673,12.078500747680664,5.7281494140625,5004,5004,69.18745698058046,25.636615491941797,37.053848501958214,0.09721385113981354,0.03602147312426568,2.765625,,
7.053919999999925,1591,,,,-0.298828125,-0.07421875,-0.650390625,0.0483765162280617,2.444355059724309,12.080000877380371,5.780552387237549,5002,5003,69.82907790957279,25.34285866467583,36.29270129772343,0.09645143399435738,0.035004830836943,2.732421875,,
7.07973000000231,1591,,,,-0.90625,-0.01953125,-1.28125,0.048407295571238684,2.4822426465049494,12.080000877380371,5.806361675262451,5000,5001,70.14085413155817,25.350230230684986,36.14188983660988,0.09791795277268679,0.035389398621368154,2.708984375,,
7.102930000001565,1591,,,,-0.4609375,0.498046875,-0.79296875,0.04856975742106942,2.4794196934271313,12.081001281738281,5.8453369140625,4998,5000,70.61752275098115,25.4290752328844,36.009582667682984,0.09750333705493121,0.03511054476054504,2.71484375,,
7.131660000000149,1591,,,,0.0234375,0.6328125,-1.298828125,0.04881534463922896,2.4765189424298457,12.080572128295898,5.791015625,5002,5001,69.95878195390105,25.56485168038468,36.54273411625505,0.0968720246607189,0.03539968640479953,2.7578125,,
7.154019999999553,1591,,,,0.95703125,-0.521484375,-1.244140625,0.04886810349357352,2.455913607759471,12.078667640686035,6.027560710906982,5006,5003,72.80490251110268,25.60506566287625,35.169425107013225,0.09591514585804015,0.03373280538882593,2.787109375,,
7.179294999999925,1591,,,,-0.63671875,0.98046875,-0.7265625,0.04945813407529811,2.4593922861585145,12.080000877380371,5.732421875,5013,5011,69.24766127951443,25.952568277210624,37.47789860000396,0.09476489031407913,0.03551588950031555,2.78515625,,
7.20285000000149,1591,,,,-0.5625,0.19140625,-1.201171875,0.0500722168422933,2.4752297197643847,12.083000183105469,5.784912109375,5010,5013,69.89909407682717,26.285601307433588,37.60506721094651,0.0941667527713885,0.03541147067004648,2.794921875,,
7.224340000001714,1591,,,,0.3125,-0.126953125,-1.34765625,0.04823710168144194,2.4720066631007342,12.082857131958008,5.7861328125,5012,5011,69.91301611997187,25.313602515881144,36.207281448768555,0.09765526900210496,0.03535831809714418,2.78125,,
7.249180000001565,1591,,,,0.75,-0.0390625,-1.26953125,0.048803369996207886,2.4720066631007342,12.081144332885742,5.7638115882873535,5009,5008,69.63343970565893,25.594526730301375,36.756085637144494,0.09658340977151665,0.035500280806892846,2.765625,,
7.400199999999255,1591,,,,-0.01171875,0.357421875,-0.638671875,0.04859938479732769,2.4852211954217025,12.081001281738281,5.775146484375,5008,5008,69.7695520799607,25.486638701578332,36.52974390944762,0.09751074767139843,0.0356204264085495,2.748046875,,
7.4225750000011175,1591,,,,-0.16015625,0.044921875,-0.94140625,0.04854943049126527,2.4763375065676585,12.080636978149414,5.798437595367432,5004,5005,70.04881963008756,25.44429220190618,36.32365589637613,0.09732389043944958,0.03535159506819177,2.69140625,,
7.462800000000745,1591,,,,-0.173828125,-0.095703125,-0.916015625,0.04871913723609951,2.4713398237910136,12.080573081970215,5.78125,5005,5005,69.8408131301403,25.53357822213309,36.55968061905896,0.0967878376579746,0.035385324325848795,2.728515625,,
7.630740000000223,1591,,,,-0.1171875,-0.294921875,-1.169921875,0.048540325951849,2.4719474811119966,12.07876968383789,5.74293851852417,5003,5003,69.36763167369463,25.432098683795434,36.66277494297057,0.09719793524893197,0.035635460249530196,2.734375,,
7.656730000000447,1591,,,,0.05859375,0.19140625,-1.033203125,0.04942989123351567,2.487435935479113,12.079928398132324,5.8572821617126465,5021,5020,70.75554912114649,25.986015494105914,36.726469961547586,0.09572209852808358,0.035155347762479604,2.705078125,,
7.682390000000596,1591,,,,-0.125,-0.384765625,-0.8359375,0.04808501695107641,2.486954977626977,12.079000473022461,5.72998046875,5011,5012,69.21243679244071,25.237831932802028,36.464301941119444,0.09854075358963937,0.035932197923980606,2.65234375,,
7.704695000000298,1591,,,,-0.2109375,0.416015625,-0.919921875,0.04828216043988128,2.4733069997546897,12.079999923706055,5.7513427734375,5006,5006,69.47622026433237,25.31287281199688,36.43386573951545,0.097709454715961,0.03559933154602588,2.6484375,,
7.7303050000015645,1591,,,,0.236328125,0.234375,-1.30859375,0.04815187205913099,2.468716922506111,12.083429336547852,5.7470703125,5001,5003,69.44431801326573,25.22626169402905,36.32588297463034,0.09786297123407892,0.03554958840598766,2.626953125,,
7.752804999999702,1591,,,,-0.2734375,-0.064453125,-1.06640625,0.04846347729410019,2.456691586954145,12.082500457763672,5.787353515625,5002,5001,69.92570150177926,25.378305128510437,36.29324351914394,0.09680282329785113,0.03513288439289571,2.609375,,
7.781515000000596,1591,,,,-0.1875,1.03125,-1.423828125,0.04843128188678513,2.461392804087677,12.078286170959473,5.782645225524902,5000,5000,69.84444385902225,25.358559929232566,36.30719714859157,0.09706358763891239,0.035241068123555874,2.603515625,,
7.803835000000894,1591,,,,0.25,0.154296875,-0.77734375,0.048625600987702966,2.461226094260247,12.078667640686035,5.726996421813965,5000,5001,69.17448635848905,25.46381961652493,36.81099919493659,0.09665580935324472,0.03557996920288237,2.6328125,,
7.829525000000372,1591,,,,-0.953125,0.919921875,-1.181640625,0.04864995717909048,2.4521348516710524,12.080000877380371,5.819614887237549,5000,5001,70.30095294384546,25.47617363943827,36.23873158559879,0.09625208582638316,0.03488053502816317,2.6796875,,
7.852435000000521,1591,,,,0.0859375,-0.208984375,-1.08984375,0.04876350730077911,2.453046198727671,12.07955551147461,6.032443523406982,5003,5001,72.86923641083013,25.538335056437436,35.04679932757169,0.09605348952101452,0.033663673719560055,2.7109375,,
7.877915000000969,1591,,,,0.69921875,-0.130859375,-0.943359375,0.049955485871338474,2.456891638747061,12.080666542053223,5.703125,5016,5012,68.89755137264729,26.219748983525697,38.05614054657839,0.09370385812201204,0.03566007194447931,2.7109375,,
7.902339999999851,1591,,,,0.423828125,-0.1953125,-1.267578125,0.05019220752749845,2.495168215125039,12.079501152038574,5.7684326171875,5012,5013,69.6797884447733,26.35058411407606,37.81668214300187,0.09469119182797014,0.03580906703100363,2.7265625,,
7.929270000001416,1591,,,,-0.2734375,0.478515625,-0.591796875,0.04846440694425911,2.4869772056039676,12.079000473022461,5.765380859375,5012,5012,69.64003812754527,25.437559368176927,36.52720482660881,0.09776791749586021,0.035711887478422764,2.70703125,,
7.954415000000969,1591,,,,-0.63671875,-0.248046875,-0.99609375,0.048777950988179934,2.4681167671273627,12.082667350769043,5.795355796813965,5009,5010,70.0233562722542,25.589595610610637,36.54437172522415,0.09645001057007585,0.035247050391746505,2.6953125,,
7.980745000001043,1591,,,,0.01171875,-0.0859375,-0.826171875,0.04888889655322314,2.4727179583644365,12.079999923706055,5.75439453125,5007,5009,69.51308549847454,25.642110255478666,36.88817734330234,0.0964319213094452,0.0355719781481819,2.67578125,,
8.004300000000745,1591,,,,0.40625,0.22265625,-1.265625,0.04868488732009865,2.4622041252478373,12.079500198364258,5.72998046875,5006,5005,69.21530020888895,25.518450617221625,36.868222113041455,0.09648721084916381,0.03557311920654835,2.6484375,,
8.030200000001118,1591,,,,-0.099609375,0.60546875,-0.95703125,0.04859772350005737,2.4598701876638147,12.08228588104248,5.792410850524902,5005,5005,69.9855638364943,25.46944164966385,36.392421884558274,0.09658123729211318,0.035148251336672154,2.63671875,,
8.052765000000596,1591,,,,-0.5,0.298828125,-1.244140625,0.04865580985206601,2.45749179412581,12.081501007080078,5.811767578125,5004,5004,70.21487584803253,25.496049724785912,36.31146451069361,0.09638715882079436,0.03499958896807863,2.63671875,,
8.077175000000745,1591,,,,0.265625,-0.73046875,-0.70703125,0.048813826010350676,2.463026560396493,12.081143379211426,5.7470703125,5003,5004,69.43118045572191,25.578938127511723,36.840707531717804,0.0962911966133323,0.03547435812310911,2.63671875,,
8.10010500000231,1591,,,,-0.19921875,0.375,-1.001953125,0.04858747904315802,2.460514798996545,12.079500198364258,5.797119140625,5004,5004,70.02630180912092,25.458714461486675,36.355931705322014,0.09664725226871733,0.03513700902988515,2.638671875,,
8.126695000000298,1591,,,,0.2734375,0.419921875,-0.951171875,0.04851167154328298,2.450801173051611,12.079428672790527,5.780552387237549,5001,5003,69.82577025096498,25.41733574044986,36.401081791286934,0.09642242594102172,0.03509880613193438,2.673828125,,
8.149835000000895,1591,,,,0.4609375,-0.16015625,-1.08984375,0.04845224254249524,2.4457998782287045,12.080000877380371,5.76416015625,5002,5001,69.63105974486098,25.375025586628457,36.4421074152921,0.09638610490771427,0.03512512788388537,2.70703125,,
8.175080000000074,1591,,,,-0.3125,0.208984375,-0.892578125,0.048378343529298484,2.4745184245006824,12.081501007080078,5.823974609375,5000,4999,70.36235510837287,25.325788840470647,35.99337856367029,0.09770745701497749,0.035168214888336276,2.69921875,,
8.199325000001117,1591,,,,0.236328125,0.212890625,-0.8828125,0.04882313480853003,2.471350937779509,12.083000183105469,5.811767578125,5000,5000,70.2235887106508,25.562857982097132,36.402095722316766,0.09667741140330678,0.035192603840889715,2.705078125,,
8.220310000000522,1591,,,,-0.57421875,0.3046875,-0.84375,0.048951916298056244,2.468928088287523,12.078286170959473,5.8272881507873535,5001,5000,70.38365388585089,25.632006232711,36.41755552259522,0.09632207740089933,0.03507814601798966,2.6875,,
8.242245000001043,1591,,,,-0.234375,-0.00390625,-1.033203125,0.048814241858670684,2.4558691518054894,12.079429626464844,5.800083637237549,4999,5001,70.06170212362122,25.565077318034767,36.489375140966686,0.09606343533618056,0.03505294729311887,2.65234375,,
8.264315000001341,1591,,,,-0.3125,0.3203125,-1.361328125,0.04868397234200746,2.448378323559625,12.081144332885742,5.732421875,5002,5001,69.25421604886651,25.497424033263318,36.81714340000913,0.09602453645378178,0.03535349128538288,2.6328125,,
8.288900000002235,1591,,,,-0.3359375,0.310546875,-1.328125,0.048648537202401025,2.4634044360053355,12.082000732421875,5.81787109375,5004,5002,70.29152281582355,25.48397419647882,36.25469071605038,0.09666484579731327,0.035045540874962956,2.640625,,
8.311530000001191,1591,,,,-0.0859375,0.4375,-0.7734375,0.04906418710015151,2.4634044360053355,12.079999923706055,5.853271484375,5005,5005,70.70751908468083,25.713268500917827,36.365677701296626,0.09580285119790993,0.03483935609528472,2.67578125,,
8.333230000000446,1591,,,,0.046875,-1.005859375,-0.57421875,0.04922891250069986,2.4629932184310075,12.081001281738281,5.694580078125,5007,5007,68.7962292227894,25.810189646356694,37.51686674973579,0.09542716470425772,0.035801282225147266,2.6953125,,
8.354610000001266,1591,,,,0.015625,0.1796875,-1.078125,0.0490084628663356,2.4599368715947865,12.081334114074707,5.738118648529053,5004,5005,69.3241285790823,25.686737455980698,37.05309822492504,0.09576680868134284,0.035484569687574005,2.701171875,,
8.379525000000372,1591,,,,-0.1484375,0.431640625,-1.009765625,0.04850297967061867,2.4726846163989507,12.08171558380127,5.770786762237549,5003,5003,69.72100435611947,25.41103527835128,36.44674300524608,0.0973075118472459,0.035465418767765086,2.701171875,,
8.402375000001863,1591,,,,-0.599609375,0.12109375,-0.857421875,0.04856247252983459,2.464804798555749,12.081143379211426,5.742885112762451,5000,5002,69.38061845762195,25.437731463908925,36.66403100665127,0.09689562145322653,0.035525840693698414,2.689453125,,
8.428935000000521,1591,,,,-0.203125,-0.03515625,-1.123046875,0.048534461037303626,2.4704729326883763,12.078857421875,5.834263324737549,5000,5001,70.47123486117925,25.416395626819696,36.06634065216433,0.09719997158375607,0.03505647286520439,2.681640625,,
8.455120000001044,1591,,,,0.0234375,0.353515625,-0.755859375,0.04850174931293804,2.4620151874434164,12.0773344039917,5.76171875,5001,5000,69.58620408549905,25.39611452672417,36.49590441162808,0.09694456153332644,0.03538079450947478,2.654296875,,
8.480890000000596,1591,,,,-0.1875,0.40625,-0.919921875,0.04880410946842207,2.4616631518578265,12.079500198364258,5.7354736328125,5000,5002,69.28165488527156,25.562863593285993,36.897016440524354,0.09629841128223111,0.03553124064276857,2.626953125,,
8.503730000000447,1591,,,,0.4609375,-0.5078125,-1.111328125,0.048540912974292645,2.453068426704662,12.082500457763672,5.8184814453125,5000,4998,70.30180472647771,25.405290058518084,36.13746497314273,0.09655738710537484,0.03489339194418667,2.623046875,,
8.52925500000082,1591,,,,-0.0859375,-0.41015625,-0.76171875,0.048533737634496955,2.453068426704662,12.080000877380371,5.777762413024902,4999,4999,69.79537501863615,25.408871079164875,36.40480629609114,0.0965437787086953,0.035146575629827405,2.62890625,,
8.552554999999701,1591,,,,-0.724609375,0.1171875,-0.77734375,0.04894310738333822,2.45732508429838,12.079500198364258,5.7672119140625,5003,5003,69.66503745992668,25.64010905202863,36.80484499384294,0.09583910424530577,0.035273433760972334,2.650390625,,
8.575210000000894,1591,,,,-0.015625,-0.09765625,-1.455078125,0.04888061996994293,2.4650493063026464,12.079500198364258,5.7977294921875,5004,5003,70.03367455094121,25.61079529559552,36.569258231576434,0.09625040057723547,0.03519805753601597,2.66015625,,
8.599144999999552,1591,,,,-0.423828125,0.072265625,-0.923828125,0.04880770985411197,2.466571922726509,12.078857421875,5.7393975257873535,5005,5004,69.32536440144759,25.5779837858651,36.89556341564792,0.09643339926150025,0.03557964597839178,2.68359375,,
8.627645000001415,1591,,,,-0.19921875,0.99609375,-0.876953125,0.04880753909919025,2.465038192314151,12.08228588104248,5.7763671875,5005,5006,69.79171971324831,25.58412596894467,36.65782427207927,0.09635029921703565,0.03531992337260349,2.6953125,,
8.653085000000894,1591,,,,-0.134765625,-0.380859375,-0.900390625,0.04883836399564422,2.464438036935402,12.080446243286133,5.802951335906982,5006,5006,70.10224166582975,25.600174601302854,36.51833948953627,0.09626645424558866,0.03515491057594317,2.70703125,,
8.679190000001341,1591,,,,0.048828125,-0.259765625,-0.875,0.04890712303417605,2.465138218210609,12.082000732421875,5.767822265625,5006,5006,69.68683283776045,25.64003442193489,36.79322675149846,0.09614410720532025,0.035374519372257246,2.7109375,,
8.702860000001266,1591,,,,-0.298828125,-0.296875,-0.7265625,0.048769262104949425,2.452279333521492,12.079999923706055,5.8062744140625,5006,5006,70.13979447889142,25.568414672069466,36.45350668907974,0.09591049601523881,0.03496273908044464,2.68359375,,
8.729435000000521,1591,,,,-0.19921875,-0.046875,-0.619140625,0.048641065067635,2.4637600836371862,12.083499908447266,5.823974609375,5007,5007,70.37399665918201,25.501695149951342,36.237383636820944,0.09661162009623847,0.03500952341202194,2.65625,,
8.753019999999553,1591,,,,-0.111328125,0.5390625,-0.8046875,0.04874331470772853,2.4629932184310075,12.080500602722168,5.8770751953125,5010,5007,70.99801043921616,25.559818286290763,36.000752877678735,0.09636192209363459,0.0346910174411107,2.650390625,,
8.783735000001267,1591,,,,0.287109375,-0.07421875,-0.861328125,0.049213840095109554,2.4607259647779562,12.079429626464844,5.757533550262451,5012,5013,69.54772134240557,25.833448958953444,37.14492503897741,0.09525348197554975,0.035381834476833816,2.642578125,,
8.808160000000148,1591,,,,-0.478515625,0.453125,-0.958984375,0.04925482303784391,2.468916974299028,12.079200744628906,5.802734375,5011,5012,70.09239338338375,25.84937167685882,36.87899703391599,0.09551168226302695,0.03522375046882497,2.662109375,,
8.957935000000521,1591,,,,0.1875,-0.173828125,-0.9296875,0.048659248650256504,2.481231273551873,12.084500312805176,5.7568359375,5011,5011,69.56848568748683,25.534278060485473,36.70380030289819,0.0971725641772344,0.0356660239048177,2.681640625,,
8.979759999999777,1591,,,,-0.205078125,0.177734375,-0.99609375,0.04867924844011023,2.4740997049841207,12.080801010131836,5.799706935882568,5007,5007,70.06510540947875,25.52577686875708,36.43151140582432,0.09692553992401139,0.03531143913257301,2.708984375,,
9.032560000002384,1591,,,,0.125,0.02734375,-1.0859375,0.048679487021031774,2.476718994222762,12.079334259033203,5.760091304779053,5005,5006,69.57806823297688,25.519221210235038,36.677105096947884,0.09705307908179502,0.035596259814653905,2.6640625,,
9.193920000001787,1591,,,,0.111328125,-0.1640625,-1.009765625,0.048524791935060714,2.4555046129828417,12.080888748168945,5.71885871887207,5002,5003,69.08889594918946,25.420370512892976,36.79371361150142,0.09659594110705162,0.03554123393126315,2.6640625,,
9.22347000000067,1591,,,,-0.166015625,0.232421875,-0.962890625,0.04880704422431871,2.466019835348003,12.079850196838379,5.787330627441406,5003,5003,69.91008701906685,25.57104677550558,36.577048986552526,0.09643796974749565,0.03527416343617819,2.73828125,,
9.255815000001341,1591,,,,-0.080078125,-0.375,-0.83203125,0.04857411619546085,2.4627153687186234,12.079200744628906,5.7275390625,5004,5003,69.18409410864115,25.448697321912384,36.78402911794984,0.09677176546864438,0.03559655438794028,2.708984375,,
9.276845000000671,1591,,,,-0.55078125,0.9140625,-1.521484375,0.048705082792542514,2.461892933569968,12.082222938537598,5.788302898406982,5001,5002,69.9355660543365,25.514456040382548,36.48280478713659,0.09649012033309474,0.03520230223999614,2.697265625,,
9.299105000000447,1591,,,,1.140625,-0.865234375,-0.681640625,0.048650314199405534,2.4550467166568333,12.083429336547852,5.787528038024902,5003,5003,69.93318608076333,25.490959706180984,36.450448113063786,0.09631048595088948,0.03510560370896856,2.728515625,,
9.324570000000298,1591,,,,0.3359375,-0.01953125,-0.921875,0.04893287265279711,2.4681167671273627,12.08171558380127,5.7979912757873535,5004,5003,70.04968155142387,25.638408336929242,36.60032104229901,0.09626638029523533,0.03523380424385661,2.7734375,,
9.350790000000968,1591,,,,0.0234375,0.318359375,-0.58203125,0.0488998609195797,2.4520125977976033,12.079999923706055,5.79833984375,5002,5003,70.04394487012178,25.61747319522595,36.573430069832405,0.09571641118198021,0.03500677470899478,2.779296875,,
9.374670000001789,1591,,,,-0.236328125,0.255859375,-1.0078125,0.04855908943048125,2.4623930630522586,12.082499504089355,5.8642578125,5002,5001,70.85489211138338,25.433059931351515,35.894571529896524,0.09681859240290819,0.03475261890430084,2.7734375,,
9.39935000000149,1591,,,,-0.236328125,0.087890625,-1.029296875,0.04860631238877952,2.4721844869166603,12.079000473022461,5.8489990234375,5002,5001,70.65006197080947,25.45414502472933,36.02848223296142,0.0971230612741018,0.034991964875248006,2.744140625,,
9.42468500000052,1591,,,,-0.63671875,0.5859375,-0.982421875,0.04900252570932334,2.4718844092272856,12.080499649047852,5.8160400390625,5004,5003,70.26066965074278,25.672523005492398,36.53896715346918,0.09628521546941253,0.03518162325401567,2.716796875,,
9.450280000001191,1591,,,,-0.51171875,0.99609375,-1.12890625,0.049014797566516666,2.446400033607453,12.079001426696777,5.810546875,5003,5004,70.1856039930135,25.68303634779265,36.593026043274094,0.09525353624388383,0.034856151324863936,2.69140625,,
9.474535000002012,1591,,,,0.412109375,0.634765625,-0.9375,0.048827795914850675,2.450323271546311,12.082500457763672,5.772705078125,5004,5004,69.74871174897999,25.58663544813438,36.68402585013846,0.09576574757213625,0.03513073159494082,2.67578125,,
9.498925000000746,1591,,,,0.57421875,-0.48828125,-1.083984375,0.048259557770189906,2.458658762917822,12.083428382873535,5.779854774475098,5000,5000,69.84046123077951,25.27037654499834,36.1830035192571,0.09729410871815657,0.03520393078152041,2.669921875,,
9.522355000000447,1591,,,,0.2109375,-0.533203125,-0.833984375,0.048308858712482354,2.4540353437037568,12.079500198364258,5.8111572265625,4999,4999,70.19587487098761,25.29130840887685,36.02962204739171,0.09703077848050079,0.034959822756166326,2.66015625,,
9.543985000001266,1591,,,,-0.4609375,0.40625,-0.88671875,0.048732418950755425,2.452201535602025,12.080000877380371,5.7889227867126465,5000,5000,69.93019234257599,25.518326990507756,36.49114371872146,0.09609570159180846,0.03506642057538053,2.677734375,,
9.565790000000968,1591,,,,-0.421875,0.328125,-1.154296875,0.04903650020965259,2.452201535602025,12.080571174621582,5.784737586975098,5001,5001,69.88293414596137,25.679347222683656,36.746235023630156,0.09549314140804527,0.0350901341732478,2.697265625,,
9.587845000000671,1591,,,,-0.484375,-0.349609375,-0.712890625,0.04885383408413734,2.4671609641167627,12.080000877380371,5.938197612762451,5002,5001,71.73343237222844,25.586015062444666,35.66818736579832,0.09642615147749518,0.03439346037862148,2.712890625,,
9.610195000002161,1591,,,,0.13671875,-0.185546875,-0.740234375,0.0493383842914719,2.4751074658909364,12.079333305358887,5.924479007720947,5013,5008,71.56375659486321,25.875287282413517,36.156971787966235,0.09565526515228977,0.03458604723481771,2.716796875,,
9.631830000000075,1591,,,,-0.765625,1.5703125,-1.2578125,0.05081367048430179,2.488288656246419,12.079000473022461,5.709228515625,5018,5016,68.9617739408277,26.689464953239096,38.701824834349324,0.0932311179937848,0.03608214397706013,2.716796875,,
9.653825000001117,1591,,,,0.09375,-0.25,-1.015625,0.05003180898959417,2.4868549517305185,12.079333305358887,5.843912601470947,5013,5015,70.59056812055451,26.27481193209612,37.221420129703475,0.09464786877095357,0.035229280879047045,2.705078125,,
9.67954000000097,1591,,,,-0.287109375,0.703125,-0.9140625,0.04836252759920859,2.4769079320271827,12.079428672790527,5.7686944007873535,5011,5012,69.68253254943693,25.38461499908739,36.4289500831188,0.0975751624405661,0.03554560721899591,2.669921875,,
9.702640000000596,1591,,,,-0.3125,0.296875,-1.150390625,0.04844303672825804,2.4710286321131436,12.082000732421875,5.7086181640625,5007,5009,68.97152883931994,25.410070908582096,36.84139142076851,0.0972460344956601,0.0358267922097217,2.642578125,,
9.727205000001938,1591,,,,-0.224609375,0.310546875,-1.224609375,0.04848554925414126,2.4741627768688317,12.08171558380127,5.733119487762451,5004,5004,69.26591905909436,25.409303064416413,36.68370160906754,0.09737231952393405,0.03571977114398778,2.626953125,,
9.752325000001118,1591,,,,0.2734375,0.2578125,-0.96875,0.04815059880311894,2.476185522774985,12.07950210571289,5.771484375,5000,5001,69.71665766090155,25.21714052052783,36.17089712358671,0.098194540366671,0.035517846177007394,2.61328125,,
9.776700000001117,1591,,,,0.6875,-0.203125,-0.546875,0.048474352789646416,2.4596145659284216,12.080001831054688,5.772705078125,5002,5002,69.73428791388869,25.390395038412425,36.41020192213868,0.09687185103687197,0.03527123656823848,2.59765625,,
9.799820000000299,1591,,,,-0.384765625,0.904296875,-1.083984375,0.0487862148556681,2.4410208631757047,12.079429626464844,5.7010321617126465,5003,5003,68.86521679562065,25.55809646275552,37.11321571615358,0.09550871156358914,0.035446354150313754,2.634765625,,
9.82488000000082,1591,,,,0.9375,-0.85546875,-0.693359375,0.04855009712976319,2.4699839171945808,12.080499649047852,5.750732421875,5001,5001,69.47172100422904,25.426619254874524,36.599955906269685,0.09714165664084742,0.03555380349717006,2.66015625,,
9.851335000000894,1591,,,,-0.1875,-0.6328125,-0.693359375,0.048569594630984474,2.465727259600863,12.079999923706055,5.8306884765625,5002,5001,70.43471635202877,25.43725206245227,36.114651098072585,0.09693371176835976,0.035007271801554454,2.697265625,,
9.87431500000134,1591,,,,-1.048828125,0.4453125,-0.998046875,0.04875557217232209,2.455035602668338,12.07750129699707,6.046142578125,5006,5003,73.0222948291339,25.544434382724393,34.9816921564794,0.09610843465489569,0.03362035674738677,2.720703125,,
9.899390000000595,1591,,,,0.572265625,0.158203125,-0.951171875,0.049917891702030315,2.4763966885563966,12.080572128295898,5.7247490882873535,5012,5012,69.15824427745156,26.20221261860908,37.88733055959329,0.09451097602336202,0.03580768590106913,2.736328125,,
9.924935000000522,1591,,,,0.048828125,0.166015625,-0.9921875,0.04993726959096601,2.4911004953357416,12.083999633789062,5.83984375,5012,5013,70.56866973638535,26.214396245416964,37.14735780530204,0.09502795609001516,0.03530037486382325,2.724609375,,
9.949120000001043,1591,,,,-0.76171875,0.21484375,-0.802734375,0.048520993755924266,2.46962826956273,12.080500602722168,5.76904296875,5010,5010,69.69292706111446,25.454975323450213,36.524474429275266,0.097019472153548,0.03543585229814048,2.697265625,,
9.97001000000164,1591,,,,0.59375,-0.01171875,-0.75390625,0.04842623679149159,2.4707618963892557,12.080000877380371,5.7784600257873535,5005,5006,69.80380218141863,25.386107706024806,36.36780076828314,0.09732732268377153,0.035395806806738074,2.673828125,,
9.991275000000373,1591,,,,-0.890625,0.521484375,-1.3828125,0.04825045046840753,2.4856324129960305,12.08171558380127,5.731724262237549,5005,5004,69.24906234112723,25.28656046940511,36.51538319008739,0.0982985572910742,0.03589409486516333,2.66796875,,
10.01531500000134,1591,,,,0.474609375,0.060546875,-1.2265625,0.0486930357673206,2.4868549517305185,12.082667350769043,5.80322265625,4999,5003,70.11840891791508,25.509652783574357,36.38082092455567,0.0974868208842028,0.03546650573092416,2.654296875,,
10.037210000000893,1591,,,,-0.4375,1.10546875,-1.0546875,0.04824667038482129,2.4730624920077924,12.084000587463379,5.748291015625,4999,5000,69.46235200972296,25.262547191393317,36.3686896001696,0.0978944234431886,0.035602918997928924,2.634765625,,
10.059900000000372,1591,,,,0.34375,-1.376953125,-0.19140625,0.04848825282715718,2.4516347221887616,12.081143379211426,5.8768134117126465,4999,4999,70.99862543977315,25.385010452471835,35.75422805052118,0.09657804659087847,0.03453073502484128,2.654296875,,
10.082945000000297,1591,,,,-0.40625,0.533203125,-0.95703125,0.04879962247063863,2.459336716216038,12.077142715454102,5.790318012237549,5002,5001,69.93049700165739,25.55831406260874,36.548165905360285,0.09622452835470843,0.03516830026472929,2.677734375,,
10.104510000001639,1591,,,,-0.287109375,0.384765625,-0.9765625,0.04895835398217948,2.4718732952387903,12.077714920043945,5.7763671875,5003,5002,69.76531616412103,25.645138039065454,36.75915117869739,0.09638759953147318,0.035431263429291635,2.6875,,
10.130525000000372,1591,,,,-0.015625,-0.515625,-0.966796875,0.04864548052162146,2.478708398163429,12.082857131958008,5.772879600524902,5000,5001,69.75287945313721,25.473531055597878,36.519683854359045,0.09730525354939853,0.035535570969922825,2.701171875,,
10.153375,1591,,,,-0.46875,0.46875,-1.0546875,0.048568370142130925,2.4688502903680556,12.083500862121582,5.7391357421875,4999,5000,69.34885168855544,25.430828551292805,36.67087187759394,0.0970810009350855,0.03560044947039097,2.705078125,,
10.180724999999628,1591,,,,0.2734375,1.3125,-1.01171875,0.04846007672799955,2.4697727514131693,12.078858375549316,5.8426337242126465,4998,4998,70.57234529497282,25.364091283671247,35.940553169455235,0.09737280645268556,0.03499632527571819,2.681640625,,
10.202805000001565,1591,,,,0.537109375,0.16796875,-0.7265625,0.04839967531845546,2.479186299668729,12.078500747680664,5.869140625,4998,4997,70.89041942730546,25.328136804135294,35.728575185125,0.09788269539289424,0.034972092416677106,2.669921875,,
10.227570000000298,1591,,,,0.53125,-0.8046875,-0.88671875,0.048940441483476246,2.453557442198457,12.079500198364258,5.799560546875,5001,5000,70.05579277640209,25.6232556315249,36.57549877896172,0.09575510143917024,0.03502290595767727,2.662109375,,
10.25285000000149,1591,,,,-0.0859375,-0.0078125,-0.658203125,0.04903040445457473,2.4529461728312127,12.083000183105469,5.833740234375,5002,5002,70.48908432014287,25.680800392745248,36.43230812321212,0.09551673372003479,0.03479895073811112,2.66796875,,
10.282635000001639,1591,,,,-0.375,-0.044921875,-0.7890625,0.04892061099618421,2.469383761815832,12.08171558380127,5.7882256507873535,5003,5003,69.93169604767581,25.630320343714775,36.65050583964294,0.09634619188134297,0.0353113666817452,2.6953125,,
10.309150000000372,1591,,,,-0.61328125,0.689453125,-1.10546875,0.04884372609493473,2.4603369751806192,12.079200744628906,5.74951171875,5005,5004,69.44950623437762,25.59342373567752,36.851844056752604,0.09613160789233845,0.03542627022973344,2.72265625,,
10.335595000000671,1591,,,,-0.3125,0.357421875,-0.794921875,0.04864540799968661,2.463348866062858,12.079500198364258,5.8642578125,5005,5004,70.8373034093529,25.489742660970435,35.983502242696794,0.09664078993762092,0.03477474081456372,2.736328125,,
10.357335000000894,1591,,,,0.162109375,0.2109375,-1.23828125,0.04894227297673238,2.4632413382241656,12.079500198364258,5.8489990234375,5007,5007,70.65298486384563,25.66129485988589,36.320185069799116,0.09599053172000065,0.03486393877018845,2.744140625,,
10.511519999999553,1591,,,,-0.3984375,-0.185546875,-0.701171875,0.04935358567152436,2.4544021053241036,12.082857131958008,5.7861328125,5007,5007,69.91301611997187,25.87812579747776,37.014746657575856,0.09484466242000122,0.03510651151299651,2.751953125,,
10.535085000000894,1591,,,,-0.271484375,0.353515625,-1.060546875,0.04872006131436604,2.4734687082872977,12.07984447479248,5.801438331604004,5004,5004,70.08047277587593,25.53145499786192,36.431624939965744,0.09687926945387298,0.035294692092013816,2.724609375,,
10.556960000000894,1591,,,,0.0625,-0.04296875,-0.62109375,0.04910140384798376,2.46067039483548,12.080572128295898,5.804268836975098,5008,5006,70.11888833709781,25.74055299741309,36.70987034715228,0.09559508667443065,0.035092832376431335,2.771484375,,
10.596785000002011,1591,,,,0.546875,-0.876953125,-1.013671875,0.04898236558957603,2.4552912244037315,12.082858085632324,5.767996788024902,5007,5006,69.69388662808797,25.68033000925227,36.84732083646287,0.09560980032262528,0.035229649875979256,2.771484375,,
10.753400000002236,1591,,,,-0.5625,0.47265625,-0.921875,0.0484736071717572,2.45718060244794,12.081334114074707,5.750325679779053,5005,5005,69.4716058021545,25.408246442229373,36.57357009220218,0.0967079962812397,0.035369566804683485,2.779296875,,
10.789294999999926,1591,,,,-0.05859375,0.1953125,-0.970703125,0.04852341274322623,2.4563376064205684,12.080301284790039,5.790002346038818,5002,5002,69.94497277979008,25.41724199335106,36.338911837699825,0.0966406035345269,0.035118143717832756,2.759765625,,
10.811720000002532,1591,,,,0.25,0.09375,-0.955078125,0.04865193539564405,2.4754667255690483,12.08290958404541,5.702237129211426,5001,5003,68.89961565904832,25.48702287645135,36.991531277292744,0.09712655485769772,0.03592859991874214,2.828125,,
10.833545000001788,1591,,,,-0.01171875,-0.2109375,-1.068359375,0.04854724012883889,2.4615039439726303,12.079999923706055,5.774971961975098,4999,5001,69.76166086006378,25.422050243429837,36.44129157765381,0.09682554791617524,0.035284480237794326,2.83203125,,
10.855440000001341,1591,,,,-0.140625,0.083984375,-1.2890625,0.04865031950929672,2.4536685820834103,12.078858375549316,5.806361675262451,5002,5000,70.13422035271242,25.473737281222864,36.32140936779897,0.09632149986457042,0.03498532627501456,2.8359375,,
10.879759999999777,1591,,,,0.234375,0.447265625,-1.013671875,0.04901409079205345,2.4569916646435193,12.080573081970215,5.799386024475098,5003,5003,70.05990669922812,25.676968838082317,36.650018602387334,0.09568854019090751,0.03506986778032048,2.818359375,,
10.904070000000297,1591,,,,-0.42578125,0.77734375,-0.6484375,0.04887223495309541,2.4623263791212864,12.083429336547852,5.8056640625,5003,5002,70.15233145095408,25.59878862432183,36.49028919618848,0.09618917579489637,0.03509970842298782,2.810546875,,
10.929905000001192,1591,,,,-0.09375,0.23828125,-0.841796875,0.048647929219860594,2.453968659772785,12.081501007080078,5.809326171875,5001,5002,70.18537999596447,25.484645763384798,36.310476291287614,0.09629204512226484,0.03496410021451595,2.814453125,,
10.953040000000968,1591,,,,-0.291015625,-0.291015625,-1.1328125,0.04863168528459457,2.4692503939538883,12.080000877380371,5.782470703125,5002,5002,69.85225116717629,25.472700552422637,36.46654206098415,0.09693712642961387,0.03534961798216453,2.8125,,
10.977589999999852,1591,,,,0,0.25390625,-0.859375,0.04879888132161671,2.4767523361882477,12.081144332885742,5.8670477867126465,5002,5002,70.88065111921333,25.559678681977495,36.06016349791846,0.09690076182118212,0.03494257314344682,2.798828125,,
11.003224999999627,1591,,,,-0.048828125,0.25390625,-1.205078125,0.048786220445027235,2.466527466772528,12.079999923706055,5.75927734375,5003,5002,69.57206987310201,25.556913689438737,36.73444492316242,0.09651116315315522,0.03545284007319924,2.822265625,,
11.027134999999776,1591,,,,0.1484375,-0.123046875,-0.89453125,0.04851235973312706,2.4663607569450976,12.082000732421875,5.7623291015625,4999,5000,69.62046442553401,25.40315492690434,36.488057263788484,0.0970887578350746,0.03542580155556294,2.83984375,,
11.054480000000448,1591,,,,0.5625,0.103515625,-0.51171875,0.048426221141285995,2.46403793334957,12.079501152038574,5.7855224609375,5000,5000,69.88622523203958,25.357777824538246,36.284371834856074,0.09717089369578617,0.03525784838383177,2.849609375,,
11.080300000000745,1591,,,,-0.01953125,-0.1796875,-0.931640625,0.048908600301796695,2.4438882722075044,12.081500053405762,5.836181640625,5002,5001,70.50982880289666,25.615862672118816,36.32949208219674,0.09540526912909775,0.034660249694254054,2.841796875,,
11.103980000000448,1591,,,,-0.1875,0.25,-1.109375,0.04915846868958935,2.462948762477026,12.079000473022461,5.794677734375,5004,5004,69.99391509452835,25.762361948855375,36.80657370581819,0.09560259914702639,0.03518804111972817,2.802734375,,
11.130375,1591,,,,-0.90625,0.041015625,-0.533203125,0.049051740994686996,2.483276247435017,12.082000732421875,5.8245849609375,5008,5005,70.37263976410031,25.710700646069988,36.5350805828176,0.09658531992649522,0.03528752446631721,2.80078125,,
11.152955000001937,1591,,,,0.01953125,0.80859375,-1.189453125,0.04881351901479993,2.450000965879946,12.079500198364258,5.784912109375,5005,5006,69.87884697271511,25.587685303272856,36.61721166244175,0.09574922220755046,0.03506069536088043,2.80078125,,
11.177265000000595,1591,,,,-0.125,0.17578125,-0.771484375,0.048619057944159945,2.4496564322365897,12.078286170959473,5.789620399475098,5004,5005,69.92869200608493,25.48294320189297,36.441326830016415,0.09612925841527677,0.03503077723838206,2.787109375,,
11.199070000000297,1591,,,,0.34375,-1.072265625,-0.166015625,0.04853489365370104,2.475163035833413,12.079000473022461,5.7745361328125,5005,5005,69.75062467972748,25.438351104842265,36.470427643690684,0.09730045102499817,0.035485890588056644,2.796875,,
11.242429999999702,1591,,,,0.0234375,-0.380859375,-0.9453125,0.04861977184505607,2.4706063005503203,12.081334114074707,5.73486328125,5003,5005,69.28479939932004,25.482758174105594,36.77972426135895,0.09695207573962056,0.03565870612269633,2.826171875,,
11.266700000001117,1591,,,,-0.53125,0.384765625,-1.359375,0.048506348097904266,2.460814876685919,12.08080005645752,5.770182132720947,5004,5003,69.70841663474539,25.411962686097795,36.45465485071925,0.09683686801697396,0.035301546003834394,2.857421875,,
11.287710000000894,1591,,,,-0.5234375,1.3359375,-1.193359375,0.04880498895408272,2.480053190771366,12.078857421875,5.802176475524902,5002,5003,70.0836623844225,25.56945482679701,36.484187550792626,0.09699280675207236,0.03538703752620394,2.869140625,,
11.310160000000149,1591,,,,-0.71875,0.671875,-0.5546875,0.0483231129756286,2.455113400587806,12.080572128295898,5.7638115882873535,5001,5001,69.63014162621312,25.30572069895472,36.34305504475388,0.09701811814785488,0.03525934808185926,2.857421875,,
11.331740000002085,1591,,,,0.4609375,-0.314453125,-0.98046875,0.0488170396123881,2.470161741010507,12.082667350769043,5.78125,4414,5002,69.85292062163353,25.57174497408127,36.60798252458706,0.09659730861207111,0.03536232585592842,2.85546875,,
11.353669999999925,1591,,,,1.171875,-0.31640625,-0.5078125,0.04894572552387301,2.476352232602415,12.080573081970215,5.795200824737549,4899,5003,70.00934708793602,25.641973541765026,36.62650004371151,0.09657416690524981,0.035371737283765345,2.84765625,,
11.37847500000149,1591,,,,-0.3359375,-0.033203125,-1.236328125,0.048934635536669796,2.474485082535197,12.08228588104248,5.716378211975098,4986,5004,69.06691576124558,25.640202763791088,37.12371181076855,0.09650801537457603,0.035827357501949805,2.853515625,,
11.404780000001193,1591,,,,-1.03125,0.634765625,-1.078125,0.048847289363786586,2.467783347472502,12.078500747680664,5.7598876953125,4998,5004,69.57080783438869,25.59512960063196,36.79004225674716,0.09641613017703067,0.03547153503444993,2.859375,,
11.429680000001564,1591,,,,0.15625,-0.21875,-0.8515625,0.048487569807470286,2.4691059121034487,12.07750129699707,5.784912109375,5002,5001,69.86728350399062,25.39515042943583,36.34769974702871,0.09722745761889552,0.03533994436698573,2.87109375,,
11.453080000001938,1591,,,,-0.048828125,1.33203125,-0.93359375,0.04847900732847009,2.4636156017867465,12.079999923706055,6.129150390625,5006,5003,74.04013625113294,25.400796369782327,34.30679312045925,0.09698969929610354,0.033274055485669765,2.87109375,,
11.480759999999776,1591,,,,0.19921875,-0.5,-0.98046875,0.049672054639517224,2.4621374413168655,12.08171558380127,5.719168663024902,5018,5015,69.09736916245583,26.08850999149789,37.756155274393755,0.09437631517166996,0.035632868098466934,2.892578125,,
11.503800000000744,1591,,,,-0.1875,-0.677734375,-1.12890625,0.05005894071699653,2.502258939785071,12.080890655517578,5.779079914093018,5014,5016,69.81643253165566,26.29548013549834,37.66374072977108,0.09515927934729262,0.035840544253682896,2.890625,,
11.529125000001862,1591,,,,-0.2734375,0.7890625,-0.876953125,0.04817739474977098,2.4868549517305185,12.078857421875,5.7596259117126465,5010,5013,69.56970019091386,25.291483783221775,36.35416526708701,0.0983277601680406,0.03574623643491443,2.908203125,,
11.554794999999926,1591,,,,-0.26171875,0.771484375,-1.00390625,0.048317781425679135,2.4716287874918925,12.080501556396484,5.7537841796875,5008,5009,69.50859873788431,25.343919304438774,36.46155981364297,0.09752354234567845,0.03555860472475298,2.904296875,,
11.579955000001938,1591,,,,0.07421875,0.126953125,-0.810546875,0.0483771419568174,2.468616896609653,12.082000732421875,5.780029296875,5004,5005,69.83431819826365,25.357205617629038,36.31052220720259,0.09735366482548857,0.035349624085984604,2.876953125,,
11.603445000000297,1591,,,,-0.07421875,-0.005859375,-1.068359375,0.04842814485896794,2.4799309368979174,12.079000473022461,5.7476806640625,5004,5004,69.42623745999299,25.375577590309486,36.55041453878617,0.09772904392312086,0.03572037067869309,2.876953125,,
11.627895000001416,1591,,,,-0.2734375,0.060546875,-1.119140625,0.04850975187788641,2.449467494432169,12.079428672790527,5.7958984375,5001,5001,70.01114177051932,25.40686945899218,36.28975162591998,0.09640965402627501,0.03498682398954397,2.83984375,,
11.64988000000082,1591,,,,-0.236328125,0.13671875,-0.802734375,0.04834793685664213,2.451445784384341,12.079501152038574,5.79833984375,5000,5000,70.04105282248929,25.312709116983946,36.13981814513267,0.0968464407762465,0.035000127576569104,2.80859375,,
11.67494000000134,1591,,,,0.53125,-1.15625,-0.84765625,0.04876170048541693,2.451445784384341,12.083428382873535,5.772879600524902,5000,4998,69.75617721589424,25.522628027624155,36.58834105635123,0.09604989665370837,0.03514306377193171,2.791015625,,
11.699095000000671,1591,,,,-0.412109375,0.533203125,-0.962890625,0.04870968177226299,2.4527016650843154,12.080500602722168,5.8148193359375,5000,5000,70.24592849251349,25.502360458717227,36.30439657642957,0.09617547634677605,0.034915926342203786,2.791015625,,
11.722515000000596,1591,,,,-0.099609375,0.291015625,-1.03515625,0.04876430764198768,2.449423038478187,12.079428672790527,5.806361675262451,5002,5002,70.1375317047573,25.545531153144385,36.42205611209395,0.09588460008108657,0.03492314284439023,2.810546875,,
11.745155000001192,1591,,,,0.0625,0.08203125,-1.359375,0.04895763952234743,2.4552023124957687,12.079429626464844,5.810546875,5003,5003,70.18809206783772,25.648282134880937,36.542213043904276,0.09572579947398359,0.034980325581763685,2.826171875,,
11.76700500000082,1591,,,,-0.046875,0.947265625,-1.095703125,0.048958748870402705,2.4586476489293263,12.082500457763672,5.7598876953125,5003,5003,69.59384571528062,25.651820958654575,36.85932383101835,0.0958469050946581,0.035328521130848854,2.833984375,,
11.789185000002384,1591,,,,-0.298828125,0.515625,-0.953125,0.04893296795137045,2.4521570796480434,12.082667350769043,5.733235836029053,5001,5002,69.2727814502473,25.630779447386313,36.99978391338986,0.0956723569285795,0.03539856532842149,2.826171875,,
11.812060000000521,1591,,,,-0.109375,-0.3359375,-1.107421875,0.04864941249604232,2.45077894507462,12.077143669128418,5.775669574737549,5003,5001,69.75359123951921,25.475928509112762,36.522748229024884,0.09619978891831063,0.03513480670348798,2.796875,,
11.834065000001342,1591,,,,-0.3125,-0.09765625,-0.8046875,0.04871586718153478,2.435619464766966,12.076571464538574,5.8447265625,5001,5003,70.58425802271813,25.524663401168446,36.16197735329756,0.095422197209287,0.034506553344841304,2.765625,,
11.857,1591,,,,-0.609375,0.12109375,-0.650390625,0.04882785627992939,2.435186019215647,12.076573371887207,5.8321709632873535,5005,5004,70.43264055552982,25.585287990824607,36.32589633020063,0.09517915217874245,0.03457468014841388,2.759765625,,
12.00616500000097,1591,,,,0.2734375,0.62109375,-0.8515625,0.04879069668329434,2.472473450617539,12.079428672790527,5.733817100524902,5004,5003,69.26123468861715,25.562833216761863,36.90785088034682,0.09672141697487226,0.03569779634644431,2.75390625,,
12.028780000001191,1591,,,,-0.01171875,-0.12109375,-0.837890625,0.04880548527170759,2.45763627597625,12.080158233642578,5.797070503234863,5002,5002,70.02952897065916,25.564668883861255,36.50555595564878,0.09613409378158358,0.035094285397891875,2.7734375,,
12.05001000000164,1591,,,,-0.375,1.6484375,-1.140625,0.04859665201991028,2.46339332201684,12.080573081970215,5.785435199737549,5003,5003,69.8913727414324,25.460901595685698,36.42924812749054,0.0967520067095447,0.03524602859254633,2.70703125,,
12.090710000000895,1591,,,,0.5234375,-0.26953125,-0.978515625,0.04852407810403157,2.456491535161229,12.082667350769043,5.81298828125,5003,5003,70.23640371626243,25.424469479833554,36.19842152303537,0.09661918558850144,0.034974620071449594,2.69140625,,
12.242425000000745,1591,,,,-0.1640625,-0.111328125,-0.970703125,0.048670545528461624,2.4703784637861657,12.079386711120605,5.743690013885498,5003,5003,69.38025282652461,25.501277517898995,36.755815205316836,0.09687273361313924,0.0356063629511843,2.689453125,,
12.273455000000075,1591,,,,0.08984375,-0.19921875,-0.962890625,0.0486922825286895,2.462202180299851,12.079607963562012,5.777899265289307,5002,5003,69.7947579776478,25.509277533614146,36.548987735989634,0.09652183120652287,0.03527775225022467,2.75390625,,
12.302775000000372,1591,,,,0.26953125,0.244140625,-1,0.04876064018398811,2.4698727773096274,12.08080005645752,5.76708984375,4998,4999,69.67105930997059,25.527642855491287,36.640239302114416,0.09675287261308302,0.03545048405710354,2.775390625,,
12.324115000002086,1591,,,,-0.38671875,0.4140625,-0.68359375,0.04843397394659456,2.4638712235221396,12.080445289611816,5.7763671875,4999,4998,69.78108778130263,25.34818985899071,36.32530054336955,0.09720107184096355,0.035308581477606564,2.763671875,,
12.350855000000447,1591,,,,-0.1875,0.37109375,-1.18359375,0.04892313026008249,2.4494897224091594,12.081143379211426,5.836356163024902,4999,5000,70.5098556176481,25.61520642142567,36.32854754423064,0.09562639012583947,0.03473967860169707,2.779296875,,
12.37399499999918,1591,,,,-0.5625,0.453125,-0.505859375,0.04914965371128999,2.4565471051037053,12.07550048828125,5.965576171875,5005,5002,72.03731797635555,25.743220271674858,35.735950469622466,0.09542501206838651,0.034101035048389856,2.783203125,,
12.40081500000134,1591,,,,0.349609375,0.10546875,-1.01171875,0.049520829637301124,2.4719066372042757,12.078857421875,5.7345147132873535,5013,5012,69.26638560544234,25.992582786779142,37.52553646272093,0.09510046221576662,0.03568695862499364,2.80859375,,
12.424080000000075,1591,,,,0.0234375,-0.390625,-1.03125,0.04936442078395082,2.4801976726218053,12.084000587463379,5.7867431640625,5013,5014,69.92700779403094,25.91796192991362,37.06430855193265,0.09569416296422778,0.03546837982725064,2.810546875,,
12.449565000001341,1591,,,,0.19921875,0.0390625,-1.05078125,0.04832699394714731,2.4853990192376285,12.083999633789062,5.7916259765625,5009,5011,69.98600617982447,25.357865085808612,36.23276490539156,0.098012944340041,0.035512799699579344,2.8125,,
12.474175000000745,1591,,,,-0.13671875,-0.6640625,-0.748046875,0.04851102410074035,2.4997027224311408,12.079500198364258,5.7745361328125,5006,5006,69.75351036177017,25.430663095626894,36.45789719217441,0.09829483065508404,0.03583622830545248,2.798828125,,
12.496550000000745,1591,,,,-0.298828125,0.57421875,-1.306640625,0.04855567838433222,2.498469069708157,12.083000183105469,5.8099365234375,5005,5007,70.20146407652646,25.45876122475995,36.26528528950252,0.09813788847189736,0.03558998523142739,2.8046875,,
12.518359999999404,1591,,,,0.15625,0.70703125,-0.970703125,0.048731501177984665,2.465605005727414,12.08228588104248,5.796596050262451,5004,5006,70.03613061619262,25.543995367650087,36.472596562529425,0.09652385894377168,0.03520475765914682,2.798828125,,
12.53966500000097,1591,,,,0.548828125,-0.048828125,-0.8203125,0.048432267011333525,2.456380395276275,12.084000587463379,5.763346195220947,5003,5003,69.64427880880476,25.37252522604344,36.431600211840696,0.09681261023064988,0.03527038311387795,2.78125,,
12.563235000001267,1591,,,,0.109375,0.744140625,-1.154296875,0.048385288447763644,2.4532907064745686,12.08171558380127,5.787528038024902,5002,5002,69.92326768869225,25.34554974336017,36.247662017458836,0.09679374609411512,0.03508546993823212,2.771484375,,
12.585179999999703,1591,,,,-0.3359375,0.37890625,-1.224609375,0.048562154914501464,2.456380395276275,12.078286170959473,5.735909461975098,5000,5000,69.27995593244941,25.428998364329626,36.70469766049486,0.09659760719171495,0.035455859666991406,2.77734375,,
12.606269999999553,1591,,,,0.359375,-0.552734375,-0.416015625,0.04884060770413692,2.45285726092325,12.08171558380127,5.8224053382873535,5000,5000,70.34464531079402,25.57322838383551,36.35419337299783,0.09591504146866603,0.034869139649309905,2.802734375,,
12.630085000000895,1591,,,,0.21875,-0.765625,-1.005859375,0.048722554570277576,2.4698283213556462,12.078286170959473,5.7889227867126465,4999,5000,69.92026603950353,25.50861648892161,36.482436257479,0.09682329586272514,0.035323497195509,2.806640625,,
12.652859999999404,1591,,,,-0.7734375,0.015625,-1.29296875,0.04880559134726402,2.480886739908517,12.077714920043945,6.014927387237549,5005,5001,72.64657824781989,25.558649191663278,35.18217899331038,0.09706642637114533,0.03415008386830618,2.806640625,,
12.676930000001565,1591,,,,-0.25,0.67578125,-0.466796875,0.04957763163929315,2.4871216874544073,12.081143379211426,5.7107977867126465,5012,5011,68.99296687095875,26.014405227063545,37.70587989891735,0.09560555645020022,0.03604891629180413,2.8125,,
12.69932000000216,1591,,,,1.046875,-1.41015625,-1.44921875,0.05004486112132341,2.478508346370513,12.078499794006348,5.8599853515625,5009,5010,70.77983186172787,26.25605995256913,37.09539746274296,0.09439757339249955,0.0350171550451322,2.83203125,,
12.726875,1591,,,,-0.2109375,0.412109375,-0.6171875,0.048460093915278904,2.4779859889112315,12.079999923706055,5.8056640625,5008,5009,70.13242143206298,25.4204988904361,36.246429784348514,0.09747983309027498,0.03533295925496665,2.810546875,,
12.749375000001862,1591,,,,-0.291015625,-0.294921875,-0.923828125,0.04871080042747457,2.479267709634457,12.080000877380371,5.7989501953125,5008,5008,70.05132344726007,25.544343614990783,36.46518346540946,0.09705740523234627,0.03539216088474099,2.779296875,,
12.774605000000447,1591,,,,-0.421875,0.595703125,-0.966796875,0.04860819404653393,2.4786528282209526,12.079428672790527,5.767996788024902,5006,5007,69.67410578583167,25.487599861851542,36.58116537612526,0.0972493621076838,0.03557494997983871,2.751953125,,
12.79922000000067,1591,,,,0.599609375,0.03515625,-1.15234375,0.048564456333127275,2.4609371305593677,12.079000473022461,5.6640625,5005,5006,68.41621361672878,25.460897868443105,37.21471347577987,0.09665555171208305,0.03597008662808595,2.744140625,,
12.825655000001191,1591,,,,0.048828125,-0.265625,-0.736328125,0.04854328286256792,2.472795756283904,12.083001136779785,5.7086181640625,5001,5002,68.97723976580892,25.426776148506697,36.86255964262345,0.09725164298617268,0.03584944489920914,2.724609375,,
12.849315000001342,1591,,,,-0.3359375,0.453125,-0.712890625,0.048192855895289474,2.471450963675967,12.079000473022461,5.697021484375,4999,4999,68.81432520458475,25.226662068053425,36.65902701661994,0.09796979707457082,0.03591477437769464,2.732421875,,
12.874040000000969,1591,,,,0,0.587890625,-1.3203125,0.04849274695137352,2.4561470015178726,12.082000732421875,5.711669921875,4997,4998,69.00840017944574,25.379012677664054,36.776700534528885,0.09677866640097925,0.03559200032359886,2.77734375,,
12.901180000001565,1591,,,,0.25,-0.12890625,-0.703125,0.04870070772167585,2.4619262755354536,12.07800006866455,5.826416015625,4995,4996,70.37145303678699,25.48002244405814,36.20789587894163,0.09662182523350041,0.03498472987687878,2.8125,,
12.92543500000052,1591,,,,0.15625,-0.357421875,-1.10546875,0.048743061230291554,2.4619262755354536,12.07650089263916,5.7977294921875,4999,4997,70.01628538768273,25.505915489300847,36.428547084544206,0.0965237368785361,0.03516219493655909,2.82421875,,
12.949085000000894,1591,,,,-0.59375,-0.044921875,-0.982421875,0.04893422024728571,2.463782311614177,12.080499649047852,5.7861328125,5000,5000,69.89937541075051,25.620470788575997,36.65336154725579,0.09616459946991925,0.03524755832417993,2.8125,,
12.974400000000372,1591,,,,-0.224609375,0.404296875,-1.1328125,0.04895677890077389,2.4615039439726303,12.080000877380371,5.7596259117126465,5000,5001,69.57628606687149,25.63700342939371,36.84732956966595,0.09601371512672308,0.035378490044823865,2.798828125,,
12.999035000000148,1591,,,,-0.30078125,0.548828125,-1.26171875,0.04872882988351778,2.467327673944193,12.081501007080078,5.7568359375,5000,5000,69.55121917650104,25.51271689681474,36.68191183258885,0.09670971868355732,0.0354749737410472,2.771484375,,
13.035269999999553,1591,,,,0.099609375,0.248046875,-1.16015625,0.048516442759978684,2.4449107591490766,12.078500747680664,5.782470703125,4999,4999,69.84357671113685,25.39628510783273,36.36166173572148,0.09627040918653952,0.035005520540004435,2.744140625,,
13.065950000001118,1591,,,,0.66015625,-0.681640625,-0.412109375,0.04881748027833602,2.4570694625629868,12.079334259033203,5.783284664154053,5001,5001,69.85822857345738,25.564208763374218,36.594413121273064,0.09611365191490787,0.035172226847683764,2.728515625,,
13.087530000001193,1591,,,,-0.572265625,0.75,-1.234375,0.048819766101776484,2.476118838844013,12.081778526306152,5.74327278137207,5002,5002,69.38894976069969,25.573542296633022,36.85535288374878,0.09682345957877003,0.03568462770200955,2.74609375,,
13.11075500000082,1591,,,,0.546875,-0.697265625,-1.05859375,0.04868238175013027,2.451001224844527,12.077143669128418,6.0965399742126465,5004,5003,73.62878915315059,25.505593303083632,34.64078874097883,0.09609661675849746,0.03328862599853916,2.775390625,,
13.132990000000223,1591,,,,0.111328125,0.0703125,-1.126953125,0.04925600244764266,2.466938684346856,12.080572128295898,5.777762413024902,5016,5010,69.79867557070429,25.842397862507372,37.02419516016415,0.09546090488475668,0.03534363172619099,2.791015625,,
13.155390000000596,1591,,,,0.296875,0.1328125,-1.015625,0.050932688621016624,2.4638712235221396,12.081144332885742,5.7840399742126465,5017,5018,69.87782175564371,26.76554754733662,38.3033512992624,0.09205383223207454,0.03525970274428516,2.78515625,,
13.180325000001117,1591,,,,0.375,-0.1953125,-0.998046875,0.04857998706616705,2.481253501528864,12.082000732421875,5.7550048828125,5012,5013,69.53197320923209,25.50414328073135,36.67973466535398,0.09728825133300899,0.035685072449510406,2.76953125,,
13.202675000000745,1591,,,,0.111328125,-0.314453125,-1.11328125,0.048352749294861504,2.461226094260247,12.08171558380127,5.7442803382873535,5007,5011,69.40076128080955,25.37209098784537,36.558807885672536,0.09700525256035498,0.03546396392255162,2.765625,,
13.233570000000299,1591,,,,-0.6875,0.86328125,-0.986328125,0.048298011862401714,2.475096351902441,12.081144332885742,5.7931084632873535,5006,5006,69.98737948103644,25.317182538366914,36.17392553642729,0.09776349908413218,0.03536489536049975,2.75390625,,
13.256020000001415,1591,,,,0.0625,0.98828125,-1.103515625,0.048546014749181216,2.4761707967402287,12.079999923706055,5.8701171875,5003,5005,70.9110151771456,25.443974331715467,35.88155418188961,0.0973185542658611,0.034919409777936596,2.7265625,,
13.280294999999926,1591,,,,-0.486328125,0.017578125,-0.966796875,0.04902455588890484,2.4521681936365387,12.083428382873535,5.756138324737549,5004,5002,69.55388520887982,25.68068583277088,36.922000483004325,0.09548686548345021,0.03525566093500517,2.69921875,,
13.3035,1591,,,,-0.224609375,0.158203125,-0.9765625,0.04904928698655667,2.4562914833683127,12.080572128295898,5.762416362762451,5004,5003,69.6132865036243,25.699195655918313,36.91708429048287,0.09557853546294351,0.035284808500463914,2.701171875,,
13.330375000001863,1591,,,,0.25,-0.609375,-1.30078125,0.0488873685621683,2.4667386325539398,12.081001281738281,5.765380859375,5004,5003,69.65157355181873,25.61342004876398,36.77364163166874,0.09630649198184592,0.0354154042294358,2.73046875,,
13.353915000000969,1591,,,,-0.228515625,0.04296875,-0.71875,0.0488306962333083,2.474751818259085,12.081001281738281,5.7861328125,5004,5003,69.90227792412043,25.58339480255217,36.598799870761276,0.09673273767452498,0.03540302107100789,2.755859375,,
13.38327999999933,1591,,,,-0.361328125,0.203125,-1.345703125,0.048727928180154555,2.466012611255481,12.080573081970215,5.7979912757873535,5004,5003,70.04305733577485,25.528658532029045,36.44709340662969,0.09659781410611706,0.035207095536018994,2.771484375,,
13.40519000000134,1591,,,,0.375,0.3359375,-0.955078125,0.04888577447694163,2.4654605238769745,12.080801010131836,5.73095703125,5003,5004,69.23455149214715,25.6146349377488,36.996895893308576,0.09625202661950008,0.035610262083616104,2.787109375,,
13.433010000001639,1591,,,,0.26171875,-0.01953125,-1.125,0.04883681686103433,2.4570916905399773,12.080572128295898,5.781947612762451,5002,5005,69.84923517800507,25.59634848152403,36.645137797563315,0.0959938364768536,0.035177073654110595,2.806640625,,
13.456025000002235,1591,,,,0.05078125,0.326171875,-0.69921875,0.048748094168728974,2.4491229607888134,12.07750129699707,5.838623046875,5004,5003,70.5159774213098,25.54018297123598,36.219001572709935,0.0958929293320678,0.03473146158289927,2.814453125,,
13.612380000000819,1591,,,,-0.09375,0.384765625,-1.40625,0.048688688363781665,2.454824436886927,12.080499649047852,5.7977294921875,5004,5003,70.03946909564547,25.50951639977503,36.421630159616704,0.0962317120566259,0.03504915826153156,2.796875,,
13.64022000000067,1591,,,,0.00390625,0.17578125,-1.03515625,0.04858334822204574,2.4583161742224524,12.080307960510254,5.744065284729004,5002,5002,69.39007758480238,25.45017680865481,36.67696837138115,0.09659328470309313,0.03542748847943161,2.78515625,,
13.666925000000745,1591,,,,0.173828125,-0.08984375,-0.83203125,0.04845757926260191,2.4546577270594963,12.076444625854492,5.86046028137207,5003,5002,70.77352407000944,25.380959817490737,35.86222411700708,0.09671256503735223,0.034683276823001485,2.791015625,,
13.688919999999925,1591,,,,-0.20703125,0.03515625,-1.1640625,0.0491302235094461,2.4541798255541964,12.078500747680664,5.712890625,5004,5004,69.00315368548036,25.745321893729987,37.31035542386712,0.09532527251686401,0.03556619798481189,2.75,,
13.711005000000819,1591,,,,0.375,0.15625,-0.818359375,0.04911263524597322,2.4703173368494413,12.08228588104248,5.7010321617126465,5001,5003,68.8815003948298,25.73311371201643,37.35852669368965,0.09599760699366486,0.03586329163403156,2.712890625,,
13.732805000001564,1591,,,,0.15625,0.732421875,-1.20703125,0.04832249269649806,2.4824649262748566,12.078857421875,5.7958984375,4999,5000,70.00783085823059,25.302518831826685,36.14241224394678,0.09811137550275416,0.03545981779241202,2.705078125,,
13.755235000001267,1591,,,,0.26171875,0.30859375,-1.07421875,0.0482491556933628,2.461515057961126,12.081334114074707,5.818685054779053,5000,5000,70.29747825135883,25.2622027921816,35.93614368619729,0.09743865482399422,0.03501569500344837,2.69140625,,
13.78222000000067,1591,,,,0.171875,-1.142578125,-0.1171875,0.0489668182281928,2.4741850048458227,12.080000877380371,5.792410850524902,5000,4999,69.9723281564884,25.636265328885187,36.63771951613702,0.09651113269053588,0.035359478097005355,2.67578125,,
13.804175000000745,1591,,,,-0.0859375,-0.673828125,-1.03125,0.04879987776461736,2.465027078325656,12.080445289611816,5.813259601593018,5002,5001,70.22676457135503,25.558537104612473,36.39429676223131,0.09644632899904117,0.035100963192189,2.685546875,,
13.83172000000067,1591,,,,0.51171875,-0.330078125,-0.6484375,0.048817461050067235,2.461492829984135,12.081143379211426,5.765903949737549,5002,5003,69.6587123275408,25.574296508481563,36.71370838471603,0.09624870147133063,0.03533646758226021,2.697265625,,
13.854890000000596,1591,,,,-0.791015625,0.52734375,-1.447265625,0.04880405008148122,2.4666572225882106,12.081501007080078,5.7965087890625,5002,5003,70.03052677260712,25.56665381680226,36.50787020325944,0.09647947049555378,0.03522259986130876,2.71875,,
13.880884999999777,1591,,,,0.390625,-0.685546875,-1.12109375,0.04878760297301047,2.46069262281247,12.080501556396484,5.770263671875,5003,5003,69.70767926890403,25.55994494605659,36.66733021975478,0.09627143673453442,0.035300165614754055,2.71875,,
13.904120000001043,1591,,,,-0.611328125,0.73046875,-0.708984375,0.04876067749296036,2.4505344373277222,12.080000877380371,5.755615234375,5004,5004,69.52783708111383,25.5489974664546,36.74642925631091,0.09591509179744655,0.035245371353474365,2.74609375,,
13.928044999999926,1591,,,,-0.1484375,0.44921875,-1.298828125,0.04867787127703844,2.453757493991373,12.079428672790527,5.714285850524902,5004,5003,69.02530834735171,25.50282545341653,36.947064872322294,0.09621512324088982,0.035548664000796405,2.73046875,,
13.955125,1591,,,,0.13671875,0.029296875,-0.81640625,0.0485779819359759,2.4505344373277222,12.083999633789062,5.7589287757873535,5002,5003,69.59089321763167,25.450704876629747,36.571889941170504,0.09628552329715392,0.03521343560951522,2.708984375,,
13.980179999999702,1591,,,,0.375,-0.6640625,-0.888671875,0.048431056495877825,2.4430991790243346,12.080890655517578,5.77039909362793,5002,5001,69.71156048881676,25.365357821843535,36.38615696447175,0.0963163696007649,0.03504582542541507,2.720703125,,
14.003794999999926,1591,,,,-0.0859375,0.06640625,-0.919921875,0.048724556399253494,2.444266147816346,12.079999923706055,5.762939453125,5000,5001,69.61630815407261,25.518597387231058,36.65606244265942,0.09578371846719927,0.03511053965123766,2.751953125,,
14.027525000002235,1591,,,,-1.53125,0.666015625,-1.30078125,0.04853413839154728,2.4649492804061883,12.078286170959473,5.7449774742126465,4998,4999,69.38948197925629,25.406518078842552,36.61436482035956,0.0970203501619882,0.03552338495830067,2.771484375,,
14.05034500000067,1591,,,,-0.3125,-0.544921875,-0.921875,0.04822527683324582,2.4579474676541198,12.082000732421875,5.74462890625,4997,4997,69.40661065280437,25.235284175789303,36.35861762797327,0.09740122007471867,0.0354137371719477,2.80859375,,
14.071980000000448,1591,,,,-0.3984375,-0.2734375,-0.86328125,0.04832171829078925,2.4564248512302567,12.08228588104248,5.771484375,4996,4996,69.73272417671978,25.27852449352677,36.25059079789398,0.09717437629159444,0.0352262855098716,2.83984375,,
14.094285000002012,1591,,,,-0.078125,0.064453125,-1.3515625,0.048377990421534824,2.4537019240488966,12.077714920043945,5.804268836975098,4997,4995,70.10230433228026,25.306388473176078,36.09922486032054,0.09695978257228362,0.03500172993484655,2.84375,,
14.118125000001863,1591,,,,-0.21875,0.5625,-0.79296875,0.04863817285374812,2.4545910431285245,12.080572128295898,5.8231024742126465,4997,4997,70.34640945018418,25.449112733300844,36.17684673916817,0.09645094777377548,0.03489291155459389,2.81640625,,
14.140075000001117,1591,,,,-0.01953125,0.517578125,-1.16796875,0.048851151331484224,2.4528683749117457,12.078857421875,5.80078125,5000,4999,70.06680965423584,25.57136179714203,36.49568450930052,0.09592247743277753,0.03500756473737147,2.794921875,,
14.164,1591,,,,0.1875,0.3984375,-1.341796875,0.04891379295617153,2.451690292131239,12.083428382873535,5.828682899475098,5003,5002,70.43047238228701,25.621606265253867,36.37858074582161,0.09568839153757665,0.03481007877987525,2.7890625,,
14.185984999999404,1591,,,,0.59375,-0.66015625,-0.51171875,0.04890482133608228,2.46771666354153,12.082000732421875,5.7843017578125,5003,5002,69.88593807443976,25.61889089132362,36.658148401807786,0.0963241021638948,0.0353106323179495,2.771484375,,
14.209550000000744,1591,,,,-0.0234375,0.794921875,-1.359375,0.04884634629916573,2.4859436046739,12.079334259033203,5.791015625,5003,5004,69.95161343365908,25.595669099625937,36.590534289677876,0.09712360302041217,0.03553804526655453,2.80859375,,
14.232830000000074,1591,,,,-0.375,0.287109375,-0.9765625,0.04870363081677198,2.4735070515476063,12.078001022338867,5.8685302734375,5005,5004,70.88011464220472,25.523672828559892,36.00963818611282,0.09691031021130542,0.034897052072130626,2.830078125,,
14.254140000000596,1591,,,,-1.1875,0.328125,-0.92578125,0.048766791832657336,2.461070498421312,12.080000877380371,5.807059288024902,5006,5005,70.14928129434065,25.561256288236983,36.43837230631635,0.09628128096168226,0.03508333161810827,2.84375,,
14.281759999999776,1591,,,,0.26171875,0.01953125,-0.779296875,0.049133964100716666,2.4846988379624215,12.084000587463379,5.738932132720947,5001,5004,69.34925926321239,25.74892949197825,37.12935042932355,0.09649717044494988,0.03582877256888707,2.8515625,,
14.303495000001043,1591,,,,0,0.130859375,-1.25390625,0.048510880928432656,2.4846988379624215,12.081777572631836,5.837131023406982,5002,5002,70.522918687112,25.40931091286661,36.0298628954932,0.09778694300222976,0.03523250149339747,2.857421875,,
14.328665000000969,1591,,,,0.3359375,-0.578125,-0.841796875,0.0485500177608634,2.4721178029856876,12.078857421875,5.814034461975098,5001,5000,70.22689331206493,25.421850822581423,36.19959480425139,0.09724381675585098,0.03520186763780678,2.85546875,,
14.35538500000164,1591,,,,-0.32421875,0.61328125,-1.15234375,0.048754561476455634,2.4709952901476573,12.079500198364258,5.8148193359375,4999,5002,70.24011132190935,25.535952774476257,36.35522822201317,0.09676534539245667,0.035179262157246934,2.84765625,,
14.382155000001193,1591,,,,0.0234375,0.75390625,-0.9140625,0.04831335563137828,2.4624041770407534,12.07750129699707,5.8795166015625,5000,4999,71.0098693810869,25.289520036178306,35.61409175456677,0.09736856110824263,0.034676928693190945,2.849609375,,
14.404300000000745,1591,,,,-0.01171875,0.513671875,-0.705078125,0.04898212921470468,2.4657308716471236,12.080889701843262,5.769856929779053,5002,5001,69.70500516407674,25.650980454911657,36.799338002389504,0.09612618418158689,0.03537379942578164,2.849609375,,
14.43258999999985,1591,,,,-0.4609375,-0.27734375,-1.212890625,0.04910709772813945,2.4754297715573013,12.08266830444336,5.7861328125,5002,5001,69.91192353889346,25.717160462317135,36.785084947648656,0.09625595233130427,0.03540783383223847,2.841796875,,
14.455214999999852,1591,,,,-0.103515625,0.384765625,-1.01953125,0.04878291294175627,2.4762410927174616,12.078666687011719,5.778537273406982,5000,5001,69.79702566395645,25.54583459586062,36.6001765159065,0.09693326258045629,0.03547774520707414,2.833984375,,
14.482615000000223,1591,,,,-0.015625,-0.10546875,-0.876953125,0.048619032233107914,2.4705396166193485,12.080572128295898,5.7742743492126465,5000,5001,69.75653776423223,25.46442473496124,36.50471418324629,0.09701925892036488,0.035416603171582885,2.849609375,,
14.506030000001193,1591,,,,0.478515625,-0.068359375,-1.12109375,0.04880001051189691,2.4566693589771544,12.08133316040039,5.72265625,5000,5001,69.13731671869755,25.554893765834716,36.96251890973899,0.09613302960631229,0.035533189246738164,2.84375,,
14.530070000000299,1591,,,,-0.390625,0.130859375,-0.693359375,0.04867108417325525,2.451408830372594,12.078857421875,5.7735772132873535,5000,5000,69.73821597348433,25.481667428968013,36.53902967442784,0.09620284218864693,0.03515158505495268,2.837890625,,
14.553595000000671,1591,,,,-0.412109375,-0.2109375,-0.67578125,0.04877180520833778,2.4487784271454576,12.082000732421875,5.777587890625,5001,5001,69.804821126163,25.539452049461612,36.58694576883511,0.09588218347061518,0.035080362468368965,2.849609375,,
14.583415000000969,1591,,,,-0.599609375,0.177734375,-1.22265625,0.049033888441860546,2.44707798690567,12.077714920043945,5.8614678382873535,5001,5001,70.7931375638409,25.681168410860334,36.27635289889671,0.09528686342288159,0.03456659884157425,2.83203125,,
14.605189999999478,1591,,,,-0.08203125,0.12109375,-1.220703125,0.049052201837348056,2.481209045574882,12.081600189208984,5.736328125,5001,5001,69.30402296036482,25.68725291987498,37.064591379587874,0.09659300873138901,0.035801803987538974,2.814453125,,
14.63057000000216,1591,,,,-0.921875,-0.3125,-0.763671875,0.0487348433352823,2.469405989792823,12.082667350769043,5.762532711029053,4999,5000,69.62676584528936,25.5155996250069,36.64625135928696,0.09678024526504363,0.0354663319459623,2.798828125,,
14.653175000000745,1591,,,,-0.173828125,0.08203125,-1.2578125,0.04829862990578859,2.471473191652958,12.076501846313477,5.986328125,4999,4999,72.29390265420079,25.28268541624813,34.97208545675189,0.09775358712744354,0.03418646802724998,2.794921875,,
14.676964999999852,1591,,,,0.537109375,0.240234375,-1.150390625,0.04883586611104465,2.472984694088325,12.077714920043945,5.694056987762451,5005,5004,68.77119703667904,25.590976685335303,37.211765663590796,0.09663502587243764,0.03595959937660183,2.818359375,,
14.69932000000216,1591,,,,0.25,-0.90234375,-0.703125,0.049663004488932065,2.4724289946635576,12.080000877380371,5.78125,5006,5006,69.83750507235527,26.033553559893814,37.277324745381016,0.0949708609305061,0.03540259624254894,2.849609375,,
14.853080000000075,1591,,,,0.09375,0.259765625,-1.138671875,0.04842003665513181,2.468439072793728,12.08228588104248,5.708705425262451,5006,5005,68.97421095867912,25.37979457986983,36.796063669469575,0.09726000992740848,0.035787855177821654,2.841796875,,
14.876895000001415,1591,,,,-0.099609375,0.1875,-0.95703125,0.04871259286770373,2.466627492668986,12.079527854919434,5.754825592041016,5002,5002,69.51557603926267,25.517513201898353,36.70761958080583,0.09666410175445637,0.035483090743228904,2.77734375,,
14.919540000000968,1591,,,,-0.51171875,0.576171875,-1.1640625,0.04874696777312832,2.45190145791265,12.079000473022461,5.8050537109375,5002,5002,70.11924652033485,25.534751156294273,36.41618018369478,0.09602214029441443,0.03496759562585415,2.80859375,,
15.082895000001416,1591,,,,-0.02734375,0.19921875,-1.017578125,0.04885122081158501,2.452060665797846,12.081847190856934,5.806790828704834,5002,5002,70.1567594616813,25.58982566074755,36.47521045313442,0.09582170266830237,0.034951167708040014,2.787109375,,
15.106870000001043,1591,,,,-0.19921875,0.349609375,-0.9921875,0.04865726419982083,2.453386564625341,12.081381797790527,5.7565693855285645,5001,5001,69.547312592043,25.482343906378475,36.640299900378814,0.09627790024493137,0.0352765113875304,2.71484375,,
15.133195000000297,1591,,,,0.099609375,0.193359375,-1.060546875,0.04829992258482366,2.4750518959484595,12.081713676452637,5.797293663024902,4998,4998,70.04124213498017,25.277645867366562,36.089659601771025,0.09791465189975429,0.035337064570880344,2.74609375,,
15.155710000000894,1591,,,,-0.1484375,-0.326171875,-1.07421875,0.048475493997048785,2.4442105778738696,12.079999923706055,5.828857421875,4998,4998,70.41259721154347,25.371295611078462,36.032324634829806,0.09633763349501934,0.0347126888464379,2.751953125,,
15.181115000002086,1591,,,,-0.298828125,-0.03125,-0.82421875,0.04899406048517216,2.445444230596853,12.080000877380371,5.786830425262451,4999,5000,69.90491661442184,25.65294427023752,36.696909906541755,0.09532801400243368,0.034982435414168594,2.740234375,,
15.205080000001937,1591,,,,-0.1875,1.0390625,-1.0703125,0.04939374775966546,2.4462888937224996,12.079000473022461,5.8343505859375,5004,5002,70.47312348731793,25.874064912550637,36.71479797146615,0.09454598270470779,0.03471236654017079,2.708984375,,
15.234375,1591,,,,0.5,-0.455078125,-1.029296875,0.04900355568847881,2.4937233966206436,12.07800006866455,5.72265625,5003,5003,69.11824258044362,25.673325872704986,37.144066333609324,0.09713285333521537,0.03607909147455986,2.703125,,
