Time (s),ESC signal (µs),Servo 1 (µs),Servo 2 (µs),Servo 3 (µs),AccX (g),AccY (g),AccZ (g),Torque (N·m),Thrust (N),Voltage (V),Current (A),Motor Electrical Speed (RPM),Motor Optical Speed (RPM),Electrical Power (W),Mechanical Power (W),Motor Efficiency (%),Propeller Mech. Efficiency (N/W),Overall Efficiency (N/W),Vibration (g),App message,
0,1706,,,,-0.125,-0.291015625,-0.58984375,0.07464964931743528,3.87550335827024,12.044000625610352,9.341517448425293,6048,6046,112.50924199298424,47.266576768380354,42.01128363421714,0.08199246958926826,0.034446088957846725,0.857421875,,
0.028230000000447036,1706,,,,0.650390625,-0.34765625,-0.7578125,0.07399523691383542,3.875703410063156,12.045666694641113,9.326579093933105,6046,6046,112.3448631667261,46.84844113194237,41.70056361403605,0.08272854584740089,0.034498269888062386,0.841796875,,
0,1706,,,,0.017578125,-0.0078125,-0.953125,0.07438945338036963,3.877367451990622,12.043066024780273,9.302165031433105,6049,6049,112.02658764695116,47.11914612061921,42.06068140637646,0.08228857632659638,0.034611135922572624,0.83984375,,
0.05065000000223517,1706,,,,0.259765625,0.345703125,-1.029296875,0.07448434891156543,3.8846723987789016,12.041500091552734,9.3359375,6048,6047,112.4186922609806,47.164364327618834,41.954201191138665,0.08236456600569698,0.034555395732238314,0.841796875,,
0.07501500000059605,1706,,,,-0.611328125,0.525390625,-1.33203125,0.07442632605380327,3.8834387460559183,12.041142463684082,9.324776649475098,6047,6048,112.28096407836438,47.13721854319411,41.981487182721,0.08238582729478057,0.034586795526136964,0.84765625,,
0.09725500000081956,1706,,,,-0.375,0.505859375,-1.5390625,0.07433608850543703,3.87645916128084,12.040000915527344,9.249267578125,6047,6048,111.36119010858238,47.07891058731499,42.27586876667791,0.08233961051607934,0.03480978568477142,0.853515625,,
0.12567500000074505,1706,,,,0.0625,0.326171875,-1.228515625,0.07402224095931494,3.8706354313092772,12.041714668273926,9.302454948425293,6045,6045,112.01750820341022,46.85650273803572,41.829624216376956,0.08260615293781395,0.03455384335349321,0.857421875,,
0.14739000000059604,1706,,,,0.09375,-0.125,-1.14453125,0.07403080678450727,3.8612329970422135,12.04355525970459,9.33485221862793,6047,6046,112.42480853622146,46.87476615899325,41.69432598490124,0.08237338153208917,0.0343450262207757,0.853515625,,
0.1740400000009686,1706,,,,-0.859375,-0.111328125,-0.41796875,0.07428258715975103,3.8742808195357514,12.037999153137207,9.270833015441895,6048,6047,111.60227998876599,47.03902861929827,42.14880612119508,0.08236311278643806,0.03471506872373701,0.86328125,,
0.19694500000029802,1706,,,,-0.375,-0.203125,-0.4765625,0.07452094929281852,3.888228875097413,12.043110847473145,9.26649284362793,6049,6048,111.59740048312779,47.19670475848756,42.291939197654656,0.0823834819611676,0.03484157209992779,0.86328125,,
0.22347000000067055,1706,,,,-0.13671875,-0.158203125,-1.13671875,0.07428225445314823,3.8863283830647086,12.043428421020508,9.291295051574707,6045,6046,111.89904689222203,47.02736102904843,42.026596593216595,0.08263972925599959,0.03473066564014535,0.861328125,,
0.24611500000022352,1706,,,,0.361328125,0.08984375,-0.8984375,0.0739196956770564,3.878837554818844,12.044000625610352,9.365234375,6047,6046,112.79488867148757,46.80201462246836,41.493027896661275,0.08287757666219608,0.03438841600452185,0.853515625,,
0.27292500000074504,1706,,,,0.3359375,-0.005859375,-1.19140625,0.07452897449467143,3.8815271400347187,12.043428421020508,9.302454948425293,6049,6049,112.03345031112804,47.208126517328616,42.137528020628615,0.08222158823883706,0.03464614478314585,0.849609375,,
0.29768500000052156,1706,,,,0.5859375,0.31640625,-1.45703125,0.0745469484763252,3.884739082709874,12.042222023010254,9.35926628112793,6050,6049,112.70636252981603,47.22232526025067,41.89854432375829,0.08226488342749712,0.03446778864575797,0.8515625,,
0.32363000000081954,1706,,,,0.361328125,-0.12890625,-1,0.07444755499875208,3.888417812901834,12.043500900268555,9.3133544921875,6049,6049,112.16539321118034,47.15690847658627,42.04229765218332,0.08245701294927889,0.03466682281923518,0.8515625,,
0.34698000000044704,1706,,,,-0.736328125,0.0546875,-0.828125,0.07430616841400396,3.891940947254859,12.04050064086914,9.422607421875,6053,6051,113.45291070174426,47.084592904169405,41.501441093873595,0.08265848140974842,0.03430446097135719,0.8515625,,
0.37467500000074505,1706,,,,-0.474609375,-0.341796875,-0.583984375,0.0746690667510869,3.891529729680531,12.04285717010498,9.213170051574707,6054,6054,110.95289101500293,47.34174641123328,42.668330656505184,0.08220080636393984,0.03507371186167941,0.861328125,,
0.39742500000074504,1706,,,,0.42578125,-0.3671875,-0.607421875,0.07452592529708307,3.8836721398143204,12.042667388916016,9.300129890441895,6050,6052,111.99837094430768,47.230226730082265,42.170458669946164,0.08222853051308135,0.03467614847492304,0.85546875,,
0.4235050000008196,1706,,,,0.53125,-0.490234375,-0.81640625,0.07394391447500957,3.887784315557599,12.041714668273926,9.2724609375,6050,6049,111.65632888209075,46.83843446330381,41.948750180355,0.08300414734406922,0.03481920240869736,0.85546875,,
0.4508100000005215,1706,,,,0.14453125,0.150390625,-0.88671875,0.07404388323737215,3.9021769306590746,12.043499946594238,9.315185546875,6047,6047,112.18743663630448,46.891088639122415,41.797094260328436,0.08321787878909234,0.03478265523892279,0.853515625,,
0.47510999999940395,1706,,,,-0.486328125,0.5703125,-1.224609375,0.07407166690107453,3.8864061809841757,12.043110847473145,9.243706703186035,6046,6046,111.32298446799996,46.90099634808414,42.130559625416744,0.08286404306084494,0.03491108506978028,0.853515625,,
0.49790000000037254,1706,,,,-0.5234375,0.1484375,-1.53515625,0.0739748703022014,3.8814382281267554,12.043428421020508,9.3017578125,6045,6044,112.02505440451205,46.820826916550175,41.794960212636475,0.08289982223177585,0.034647947718117085,0.859375,,
0.5227200000006705,1706,,,,-0.3359375,0.26953125,-1.2734375,0.07397058466108097,3.8737362340994794,12.041714668273926,9.297572135925293,6044,6044,111.95871076850653,46.82040856492747,41.81935308431386,0.08273606217527206,0.034599685969134465,0.853515625,,
0.54625,1706,,,,-0.078125,0.201171875,-0.609375,0.07430142316031813,3.8697796541951357,12.041999816894531,9.6514892578125,6048,6045,116.22323187533766,47.03834270610251,40.47240981609973,0.08226862239542913,0.033296094005937686,0.84375,,
0.5726500000003726,1706,,,,0,0.126953125,-0.701171875,0.07466276377051893,3.870802141136708,12.046857833862305,9.27734375,6060,6059,111.76284123212099,47.373317411440254,42.387359599287834,0.0817084880824061,0.03463407066663072,0.837890625,,
0.5959000000003726,1706,,,,-0.423828125,-0.31640625,-0.35546875,0.07616831092097572,3.9065558421262416,12.04355525970459,9.276801109313965,6058,6059,111.72566679331158,48.32907063599808,43.25690955633776,0.08083242219883345,0.03496560776274648,0.84375,,
0.6228050000015646,1706,,,,0.25,-0.3359375,-0.701171875,0.07400549831347968,3.9005876303042397,12.04285717010498,9.251534461975098,6055,6055,111.41490812987013,46.92629213600371,42.11850363983997,0.08312158179894964,0.035009566455483164,0.8515625,,
0.6462450000010431,1706,,,,0.15625,0.01171875,-0.8984375,0.07393010163150139,3.886283927110727,12.044000625610352,9.283447265625,6049,6051,111.80984467500821,46.84828549444821,41.899964739795195,0.0829546670938742,0.03475797626234777,0.849609375,,
0.670390000000596,1706,,,,0.703125,0.119140625,-1.705078125,0.07391422044564357,3.878926466726807,12.046857833862305,9.334542274475098,6051,6050,112.45190372477919,46.825573859305045,41.64053458259672,0.08283777745856706,0.03449409337008913,0.859375,,
0.6955549999997019,1706,,,,-0.099609375,0.28515625,-1.4609375,0.07396959338823753,3.8765480731888027,12.042501449584961,9.3072509765625,6048,6049,112.08258337690495,46.85680048943774,41.805603580594095,0.08273181336960123,0.034586533932332436,0.865234375,,
0.7191650000009686,1706,,,,-0.38671875,0.130859375,-1.0859375,0.07424807454387061,3.8795488500825464,12.041000366210938,9.3994140625,6052,6050,113.17834816873074,47.03843450211863,41.56133683095629,0.08247614724311902,0.03427818936090817,0.859375,,
0.7426350000016392,1706,,,,-0.0625,-0.337890625,-0.34375,0.07474070333143784,3.8833942901019367,12.042856216430664,9.283621788024902,6054,6053,111.80132236090685,47.37881847540682,42.3776905987416,0.08196477698399574,0.034734779590226285,0.859375,,
0.768089999999851,1706,,,,0.5625,0.048828125,-0.83984375,0.07485350917493674,3.891618641588494,12.04800033569336,9.2230224609375,6052,6052,111.1189777054824,47.43667750744198,42.68998733337118,0.08203817902250782,0.03502208823323695,0.869140625,,
0.7955600000005215,1706,,,,0.111328125,-0.16015625,-0.8046875,0.073873561910187,3.8780151196701884,12.045000076293945,9.2919921875,6044,6048,111.92204660736024,46.78794588248231,41.8040478178724,0.08288491932111386,0.0346492513068034,0.86328125,,
0.8179149999991059,1706,,,,0.099609375,-0.25390625,-1.103515625,0.07366740217113349,3.8768739909014287,12.04050064086914,9.27490234375,6046,6046,111.67446761392057,46.64094439739376,41.76509223096562,0.08312168719975713,0.03471584932291331,0.865234375,,
0.8426199999991805,1706,,,,-0.34375,0.216796875,-1.119140625,0.07385922282851584,3.8763035654419045,12.043001174926758,9.3267822265625,6043,6045,112.32244931277819,46.756921183666734,41.62740526915086,0.0829033107251721,0.0345104971371108,0.86328125,,
1.003820000000298,1706,,,,-0.26953125,-0.064453125,-1.287109375,0.07389564924096571,3.877448306256926,12.04571533203125,9.205496788024902,6045,6045,110.88679379847599,46.7797913043672,42.18698160701093,0.08288725105738,0.03496762935813387,0.859375,,
1.032535000000149,1706,,,,0.056640625,-0.015625,-1.009765625,0.0742257190491771,3.8754708498538912,12.043631553649902,9.308539390563965,6045,6045,112.1086187225892,46.98591862271536,41.91106728286537,0.08248153837265391,0.0345688930433054,0.84765625,,
1.060125,1706,,,,-0.134765625,-0.138671875,-1.0546875,0.07462383206756863,3.892707812461038,12.041778564453125,9.25672721862793,6047,6049,111.4674593982636,47.26693269698547,42.40424331203675,0.08235583716455758,0.034922369572923787,0.84375,,
1.0821300000008196,1706,,,,0.375,0.517578125,-1.65625,0.07420669204667149,3.885720725743725,12.044889450073242,9.25184440612793,6047,6047,111.43744308108944,46.98703394272152,42.16449394709332,0.08269772317359989,0.034869076481916506,0.845703125,,
1.104745000001043,1706,,,,0.3125,0.27734375,-1.203125,0.07369566728083542,3.88830667301688,12.04466724395752,9.28466796875,6044,6043,111.83073615422472,46.639784394111665,41.70569379941412,0.08336888181472349,0.03476957057364402,0.84765625,,
1.126800000000745,1706,,,,0.0625,0.455078125,-1.384765625,0.07346345651696921,3.8751699386153793,12.041500091552734,9.283447265625,6042,6043,111.78663109894842,46.48542024096624,41.58406044084062,0.08336312586887845,0.03466577264668846,0.84765625,,
1.149714999999851,1706,,,,-0.3125,-0.05859375,-1.373046875,0.07399571945019666,3.864778359372229,12.041714668273926,9.336634635925293,6042,6043,112.42909024773599,46.82424027928483,41.647797892972584,0.08253798323946364,0.03437525244450739,0.845703125,,
1.17475,1706,,,,-0.765625,-0.0703125,-0.861328125,0.07431320986113811,3.8675235145305797,12.043428421020508,9.295479774475098,6045,6043,111.94944530293469,47.029976284146784,42.01001278468498,0.08223528523943299,0.034547053842607964,0.84765625,,
1.197265000000596,1706,,,,-0.55078125,-0.203125,-0.87890625,0.07426336186031986,3.8684682035526845,12.044572830200195,9.276646614074707,6044,6044,111.73324576325285,47.0051480794812,42.06907958180911,0.08229881963165983,0.03462235592573251,0.85546875,,
1.2234399999994785,1706,,,,0.234375,0.04296875,-0.8203125,0.07429680620993469,3.8689461050579843,12.045713424682617,9.319893836975098,6045,6045,112.26477030866772,47.02943630435127,41.891535675034675,0.08226647838217914,0.03446269114006526,0.8515625,,
1.2460250000003725,1706,,,,0.125,-0.181640625,-0.1796875,0.07429509309886846,3.8778261818657676,12.04222297668457,9.298502922058105,6045,6044,111.97464553677673,47.02594929997515,41.99696196808236,0.0824614120414538,0.03463128785339304,0.853515625,,
1.270320000000298,1706,,,,0.423828125,-0.306640625,-0.646484375,0.07423439626418372,3.8801378914727995,12.040667533874512,9.334309577941895,6045,6044,112.39131828625887,46.985575829533104,41.805342748860376,0.08258146937584007,0.03452346631961511,0.857421875,,
1.294265000000596,1706,,,,0.21875,-0.021484375,-0.841796875,0.07422501424539964,3.8759479178100538,12.043500900268555,9.342041015625,6045,6046,112.51087938202545,46.99161550533255,41.766285859143196,0.08248169117255007,0.03444953891658293,0.861328125,,
1.4520649999994784,1706,,,,-0.173828125,0.3984375,-1.09375,0.07425217014678029,3.8759479178100538,12.04228687286377,9.229910850524902,6046,6046,111.1492342729789,47.0135877248872,42.29771624824995,0.08244314261849611,0.03487156653091151,0.859375,,
1.482620000001043,1706,,,,-0.087890625,0.017578125,-1.072265625,0.07407089392239898,3.8711194455082496,12.043336868286133,9.286747932434082,6044,6044,111.8434337611634,46.87987648722695,41.9156269713042,0.08257529105399813,0.03461195096866259,0.849609375,,
1.5093200000021607,1706,,,,-0.197265625,-0.11328125,-0.9375,0.07420801574664974,3.869501804482752,12.043557167053223,9.335394859313965,6045,6044,112.43136166516251,46.96828022759638,41.77507016901119,0.08238542662690922,0.034416569782430545,0.822265625,,
1.531745000001043,1706,,,,0.009765625,0,-0.75,0.0742874585657093,3.8668566752208595,12.04699993133545,9.3182373046875,6046,6047,112.25680416973773,47.03883373090601,41.90287981099214,0.08220562391792914,0.034446523788206056,0.818359375,,
1.555135000001639,1706,,,,-0.078125,-0.271484375,-0.498046875,0.07446974629161078,3.8766703270622513,12.040572166442871,9.260602951049805,6048,6047,111.50295813688899,47.15556799857618,42.29086724379513,0.08221023500722764,0.03476742134771863,0.8203125,,
1.5777450000010431,1706,,,,0.5234375,-0.146484375,-1.369140625,0.07419116983740438,3.8831942383090206,12.041143417358398,9.308035850524902,6044,6045,112.07939461008391,46.96599093728237,41.90421540076448,0.08268098172344698,0.03464681667685993,0.81640625,,
1.5988900000005961,1706,,,,0.125,0.62109375,-1.24609375,0.07396510708912397,3.877937321750721,12.041999816894531,9.354248046875,6046,6046,112.64385326765478,46.82946680726619,41.57303345793222,0.08280976885154304,0.03442653291108832,0.814453125,,
1.6247050000000745,1706,,,,-0.162109375,0.33203125,-1.072265625,0.07464604208478043,3.878637503025928,12.046000480651855,9.3798828125,6050,6049,112.99007286783308,47.281699962878506,41.84588854826647,0.08203253068462213,0.03432724136360947,0.8125,,
1.6463400000017137,1706,,,,-0.7109375,-0.068359375,-1.10546875,0.0748338529359159,3.8786597310029185,12.043500900268555,9.2413330078125,6050,6051,111.29800239927135,47.418804309520134,42.605260909723725,0.0817958147085588,0.03484932026981565,0.814453125,,
1.670664999999106,1706,,,,-0.390625,-0.267578125,-0.99609375,0.07450265895343744,3.8862616991337364,12.043999671936035,9.266764640808105,6048,6049,111.60891029380127,47.19235469665289,42.2836801940122,0.08234939163587378,0.0348203534010275,0.8125,,
1.693315000001341,1706,,,,-0.099609375,-0.142578125,-0.599609375,0.07396527753706762,3.8807491608400437,12.042000770568848,9.3133544921875,6048,6047,112.15142197150271,46.84036213958044,41.76528600010298,0.08285053709182967,0.03460276376902407,0.810546875,,
1.7200950000006705,1706,,,,0.662109375,-0.0390625,-0.810546875,0.07450113752987961,3.878626389037432,12.048001289367676,9.230607986450195,6046,6047,111.21037692239952,47.17978275977967,42.42390329519414,0.08220950081067194,0.0348764791233813,0.80859375,,
1.7434350000005217,1706,,,,0.361328125,-0.33203125,-0.796875,0.07408293525127796,3.873958513869386,12.046501159667969,9.267578125,6044,6045,111.641890630126,46.89819979996468,42.00770833892474,0.08260356539042046,0.03469986482676081,0.806640625,,
1.7700399999991059,1706,,,,0.32421875,-0.28125,-0.791015625,0.07384859759652508,3.867301234760673,12.043000221252441,9.237060546875,6044,6044,111.24192220973782,46.74014944473295,42.01666828141292,0.08274045506280406,0.03476478253826991,0.8046875,,
1.797375,1706,,,,-0.173828125,0.4140625,-1.12890625,0.07400664133742377,3.868701597311087,12.040000915527344,9.3310546875,6045,6044,112.34590698033571,46.83752071998199,41.690455824242996,0.08259834290632313,0.034435625660917395,0.796875,,
1.824035000000149,1706,,,,-0.26953125,0.154296875,-1.10546875,0.07421753872950801,3.8784894091292275,12.044888496398926,9.258355140686035,6045,6045,111.51585532962508,46.98028960097868,42.12879815351063,0.08255567264635234,0.03477971269345477,0.79296875,,
1.847030000001192,1706,,,,0.1484375,0.4765625,-1.3359375,0.07416787995600674,3.8836721398143204,12.044501304626465,9.261474609375,6042,6044,111.54984301538207,46.9415853201274,42.08126524539747,0.08273414954626802,0.03481557691908885,0.794921875,,
1.8735600000005215,1706,,,,0.265625,0.53515625,-1.521484375,0.07390992250793302,3.8902849629690524,12.041714668273926,9.217354774475098,6043,6043,110.99275619048149,46.76840812755953,42.136450821436846,0.08318189818131949,0.03504989961950936,0.798828125,,
1.897199999999255,1706,,,,0.041015625,-0.2578125,-0.5625,0.07401118017651322,3.875925689833063,12.043110847473145,9.30555534362793,6041,6042,112.0678345006072,46.824910298920074,41.7826493280428,0.08277486630705738,0.03458553212083403,0.798828125,,
1.923010000001639,1706,,,,-0.015625,-0.302734375,-1.017578125,0.074178196655373,3.868746053265068,12.043429374694824,9.287109375,6042,6041,111.84864585287869,46.92843213173894,41.95708564363556,0.08243927780081392,0.03458911839088213,0.796875,,
1.948679999999702,1706,,,,-0.0625,-0.060546875,-0.69921875,0.0743241799216543,3.8657675043483155,12.044001579284668,9.5343017578125,6046,6044,114.83114542847034,47.03890602593139,40.96354334045416,0.0821823428932895,0.033664799649293295,0.791015625,,
1.973410000000149,1706,,,,-0.236328125,-0.64453125,-0.53125,0.07523944562029822,3.8668122192668775,12.04150104522705,9.244384765625,6052,6052,111.31626881775446,47.683621647027515,42.83616595620404,0.08109308994795963,0.03473717058912181,0.79296875,,
1.9960200000014157,1706,,,,-0.361328125,-0.119140625,-0.681640625,0.075220363408461,3.8939081232185355,12.040000915527344,9.251708984375,6051,6053,111.39058464206755,47.68127633802714,42.80548171215893,0.08166535005509146,0.034957246483002746,0.796875,,
2.023300000000745,1706,,,,0.375,-0.01953125,-1.1171875,0.07376997012523004,3.881482684080737,12.044570922851562,9.203404426574707,6050,6050,110.85105734756507,46.740178522722594,42.16484681438113,0.08304381383981592,0.03501529689437822,0.791015625,,
2.0468600000012667,1706,,,,0.259765625,0.294921875,-1.28125,0.07368364764347328,3.8755255862472304,12.045500755310059,9.2486572265625,6046,6046,111.40470760816243,46.655503532754,41.8792926568712,0.08306684726972156,0.03478780806892291,0.7890625,,
2.072875,1706,,,,0.099609375,0.591796875,-1.546875,0.07370138564937086,3.872547037330477,12.04514217376709,9.259904861450195,6044,6044,111.53687057172465,46.64884265536337,41.82369687821344,0.08301485775200122,0.03471988247007707,0.796875,,
2.0959400000013413,1706,,,,-0.099609375,0.193359375,-1.126953125,0.07385652987528228,3.8725025813764957,12.043556213378906,9.301215171813965,6041,6042,112.01970777447423,46.732140375269516,41.71778457890095,0.0828659365969424,0.03456983291880107,0.79296875,,
2.1228150000013413,1706,,,,-0.515625,0.17578125,-1.197265625,0.07394949740638634,3.873647322191517,12.044572830200195,9.2578125,6040,6041,111.50639690458775,46.78461958841214,41.95689295605539,0.08279745258740892,0.03473923855243988,0.79296875,,
2.1460050000008195,1706,,,,-0.8125,0.162109375,-0.814453125,0.07377234655349216,3.8758367779251004,12.046000480651855,9.2767333984375,6040,6041,111.74753497645725,46.66861281146096,41.762543416544275,0.08305018179098878,0.034683868227980634,0.787109375,,
2.1710800000000745,1706,,,,-0.44921875,-0.232421875,-0.923828125,0.07383891277420959,3.8677346803119916,12.045143127441406,9.237584114074707,6041,6040,111.26802280580887,46.70398527647326,41.97431040720805,0.08281380394876774,0.03476052312947249,0.796875,,
2.195890000000596,1706,,,,-0.349609375,-0.115234375,-0.953125,0.07377168214593455,3.8586990076652743,12.043999671936035,9.2242431640625,6036,6039,111.09678164182696,46.6496158956096,41.99006956475725,0.0827166297853362,0.034732770388485386,0.798828125,,
2.2196850000005215,1706,,,,0.298828125,0.03125,-0.90625,0.07338039472760062,3.873269446582675,12.043000221252441,9.31396484375,6037,6036,112.16808067401871,46.379880309507726,41.3485548034795,0.08351184653205469,0.03453094163070433,0.79296875,,
2.2427000000011175,1706,,,,0.1875,-0.021484375,-0.408203125,0.07352457755650253,3.869857452114603,12.043001174926758,9.305419921875,6038,6036,112.06518305232748,46.47379595218287,41.470325293166646,0.08326966568636485,0.034532201230667865,0.791015625,,
2.2677249999996274,1706,,,,0.4609375,-0.150390625,-0.46484375,0.07405384249722138,3.868034758001366,12.045144081115723,9.259904861450195,6040,6039,111.53688823359153,46.8288865416561,41.98511118902872,0.0825993322425166,0.034679421483415844,0.791015625,,
2.295260000001639,1706,,,,0.375,-0.412109375,-0.560546875,0.0743368412523792,3.8719579959402237,12.044000625610352,9.2510986328125,6040,6040,111.42023772117682,47.0217482542657,42.202161129771696,0.0823439820868202,0.0347509400009502,0.794921875,,
2.3201549999993296,1706,,,,0.30078125,-0.6484375,-0.806640625,0.07406346932993578,3.8829497305621223,12.042000770568848,9.3121337890625,6038,6039,112.13672226353083,46.83411067683272,41.76518604384439,0.08290858253625148,0.03462692374257971,0.796875,,
2.471839999999851,1706,,,,0.3984375,-0.1640625,-1.046875,0.07384544100595088,3.8554537230246324,12.044500350952148,9.3212890625,6038,6039,112.27026938460767,46.69715225805614,41.59351582036763,0.08256293021293379,0.0343408254398757,0.7890625,,
2.4992000000011174,1706,,,,-0.09375,0.1484375,-1.12109375,0.07410254080179811,3.867430990576356,12.043842315673828,9.272069931030273,6040,6040,111.67134818922932,46.87284682385717,41.973924004598025,0.08250898446833671,0.03463225843770523,0.78515625,,
2.531269999999553,1706,,,,0.0625,-0.05078125,-1.107421875,0.07450314718395831,3.8645671935908177,12.042667388916016,9.278971672058105,6040,6042,111.74356955776966,47.13578197847485,42.18209796323573,0.08198797243579455,0.03458424685093756,0.771484375,,
2.553335000000894,1706,,,,0.14453125,0.01953125,-0.708984375,0.07407770137537946,3.873569524272049,12.043600082397461,9.2734375,6040,6041,111.6855726391077,46.86015112245148,41.95721077947267,0.08266233529955812,0.03468281025687004,0.767578125,,
2.575585000000894,1706,,,,-0.13671875,-0.0859375,-0.537109375,0.07392892213698894,3.8786041610604416,12.045144081115723,9.249442100524902,6038,6038,111.4108627707601,46.747365805776546,41.95943253932456,0.08296946991997492,0.03481351875930706,0.771484375,,
2.598585000000894,1706,,,,-0.859375,-0.15625,-0.619140625,0.07366689493679156,3.8710133069181194,12.04228687286377,9.318498611450195,6036,6037,112.21603350346595,46.572872321555344,41.50286805505104,0.08311734093167573,0.03449608033774031,0.779296875,,
2.6258250000011176,1706,,,,-0.5625,-0.38671875,-0.416015625,0.07404055826735385,3.870902167033166,12.041143417358398,9.313615798950195,6039,6039,112.14658356933433,46.826522115238284,41.7547468900717,0.08266473767808387,0.034516451984825655,0.78515625,,
2.6472400000002234,1706,,,,0.173828125,0.244140625,-0.921875,0.07464220261425336,3.867115909002513,12.04133415222168,9.331597328186035,6041,6041,112.36488160266708,47.219867189052536,42.023687931275965,0.08189595056504237,0.034415698693805445,0.779296875,,
2.673105000000447,1706,,,,0.234375,-0.01171875,-0.794921875,0.0743608960375751,3.879504394128565,12.045333862304688,9.30908203125,6045,6044,112.13100101798773,47.0644009174467,41.9726930912681,0.08242969884889025,0.03459796451390126,0.7734375,,
2.6966500000003726,1706,,,,0.53125,-0.435546875,-0.798828125,0.07449437688559858,3.879504394128565,12.046500205993652,9.3011474609375,6045,6044,112.04627480416093,47.146203470253354,42.077439479944715,0.08228667652054567,0.034624126512990475,0.771484375,,
2.722359999999404,1706,,,,0.390625,-0.05078125,-1.533203125,0.0743328283719848,3.8889290563726195,12.04285717010498,9.267578125,6044,6044,111.60811967216432,47.050226511319366,42.15663398821148,0.08265484238289521,0.03484449937689023,0.779296875,,
2.7461500000003727,1706,,,,0.236328125,0.380859375,-1.072265625,0.0741260420657717,3.8676013124500472,12.041333198547363,9.249674797058105,6041,6042,111.37841620958261,46.90002097727842,42.10871600923636,0.08246480986274564,0.03472487259266031,0.77734375,,
2.7706500000003724,1706,,,,0.5,0.33984375,-1.771484375,0.07363930935342704,3.8584100439643945,12.041715621948242,9.251534461975098,6038,6039,111.40434705775806,46.57321690460467,41.805565163860784,0.08284611414898668,0.03463428623628111,0.78125,,
2.939335000000894,1706,,,,0.63671875,0.216796875,-1.5859375,0.07364404689423391,3.8726137212614495,12.046286582946777,9.255720138549805,6037,6037,111.4970573205228,46.559640097846184,41.7586268344287,0.08317533625953852,0.034732878286901955,0.798828125,,
2.962070000000298,1706,,,,-0.435546875,-0.0390625,-1.03125,0.07398329114858769,3.8683840150898323,12.042806625366211,9.271090507507324,6037,6036,111.64995018817899,46.76780781832991,41.88788955078413,0.0827146748061533,0.03464743162509176,0.810546875,,
2.9988900000005962,1706,,,,0.171875,0.099609375,-0.439453125,0.07418277406104051,3.875603384166698,12.045714378356934,9.266182899475098,6039,6038,111.61779258469232,46.906398964200235,42.024123464553405,0.08262419349489233,0.03472209308588506,0.81640625,,
3.0212150000017135,1706,,,,0.53515625,0.068359375,-0.91015625,0.07412632279875786,3.8786894609221436,12.044334411621094,9.278971672058105,6039,6039,111.75903781422676,46.874195325645665,41.942196570771344,0.0827467956297918,0.034705823679061706,0.822265625,,
3.0427250000014903,1706,,,,0.4609375,-0.18359375,-0.876953125,0.07420180848385706,3.867812478231459,12.04466724395752,9.337565422058105,6038,6040,112.46786837737363,46.93032023182233,41.72775825567599,0.08241606831416393,0.0343903777499671,0.818359375,,
3.0683950000014155,1706,,,,0.78125,-0.318359375,-1.083984375,0.07432640689700307,3.867812478231459,12.040572166442871,9.274553298950195,6042,6041,111.67092830753063,47.020703238944925,42.106485503061805,0.08225764847829713,0.034635804831673715,0.8203125,,
3.095859999999404,1706,,,,0.3125,-0.10546875,-0.9453125,0.0741325188754089,3.8671567529102338,12.045001029968262,9.2779541015625,6041,6042,111.75296670931857,46.90268156196464,41.96996549001114,0.08245065365401781,0.03460451088487988,0.8203125,,
3.120660000000149,1706,,,,-0.197265625,0.53125,-1.13671875,0.07401850444521986,3.8676124264385425,12.046666145324707,9.214409828186035,6041,6041,111.00291892635596,46.823869499755496,42.18255695674132,0.08259916294313818,0.03484243895428084,0.8203125,,
3.142480000000447,1706,,,,-0.359375,0.353515625,-1.212890625,0.07383652835360056,3.881271518299325,12.045000076293945,9.259033203125,6038,6038,111.5250556380488,46.69027178312874,41.86527548989584,0.08312805580416004,0.034801789571805956,0.81640625,,
3.1675,1706,,,,-0.1875,0.1171875,-1.322265625,0.07401270215900699,3.8759145758445674,12.042000770568848,9.20654296875,6038,6038,110.8651975239627,46.79950579593666,42.212981928635706,0.08281956208565543,0.03496060677659296,0.810546875,,
3.1930549999997018,1706,,,,-0.2734375,0.296875,-1.451171875,0.07415976825882117,3.8592991630440228,12.043000221252441,9.3017578125,6036,6037,112.02107139397413,46.87984688341723,41.849132756945764,0.08232320324427446,0.0344515466154667,0.8125,,
3.218980000000447,1706,,,,-0.625,0.271484375,-1.158203125,0.07360184066523155,3.8656897064288476,12.048001289367676,9.2584228515625,6035,6036,111.54549045313615,46.52499922936224,41.70943983513962,0.08308844213777407,0.03465572378340968,0.81640625,,
3.242320000000298,1706,,,,-0.1875,0.287109375,-1.345703125,0.07399445315337344,3.8727804310888794,12.044000625610352,9.25401496887207,6036,6037,111.45536207450277,46.779613364530576,41.971613113831665,0.08278778195343775,0.034747367547019445,0.8125,,
3.282515000000596,1706,,,,0.19921875,0.1171875,-1.240234375,0.07395780347353602,3.8608217794678854,12.038857460021973,9.439173698425293,6038,6038,113.63686669573053,46.761553513398745,41.149984923999696,0.08256401871596569,0.03397508125426817,0.814453125,,
3.306335000000894,1706,,,,0.09375,-0.078125,-1.083984375,0.07458210421784164,3.860773711467643,12.041540145874023,9.194711685180664,6042,6042,110.71848988683996,47.1930113946096,42.62432719489157,0.0818081660266465,0.034870180359337935,0.80859375,,
3.327695000000298,1706,,,,0.111328125,-0.357421875,-0.8515625,0.0736816142346182,3.8662454058536153,12.04285717010498,9.210379600524902,6037,6039,110.91928601156997,46.593489174467074,42.00666164548419,0.08297823310412847,0.0348563856194524,0.80078125,,
3.3486549999993294,1706,,,,-0.53125,0.111328125,-0.84765625,0.07307202894545485,3.8685237734951614,12.044571876525879,9.241071701049805,6036,6036,111.30475231942364,46.18966278482496,41.498374348176384,0.08375302048678555,0.03475614196951113,0.796875,,
3.3738800000008196,1706,,,,-0.224609375,-0.064453125,-0.697265625,0.07365152461835907,3.8685237734951614,12.03800106048584,9.317219734191895,6039,6036,112.16070104098162,46.55466646377033,41.50711080769729,0.08309636965191695,0.03449090222859492,0.806640625,,
3.3960499999988825,1706,,,,-0.6484375,-0.23828125,-0.388671875,0.07401854569425366,3.8691683848278915,12.045001029968262,9.2413330078125,6035,6037,111.31186559738126,46.79064114894375,42.03562746687498,0.08269107432214004,0.0347597119504115,0.8125,,
3.419875,1706,,,,-0.265625,-0.06640625,-0.22265625,0.07403487486724657,3.8658675302447736,12.044000625610352,9.274553298950195,6036,6036,111.7027257348127,46.79614316187097,41.89346576283834,0.082610815102272,0.03460853354127201,0.818359375,,
3.4459199999999255,1706,,,,-0.4609375,-0.359375,-0.666015625,0.07407234872559923,3.862566675661655,12.045713424682617,9.261998176574707,6037,6036,111.56737577495187,46.821597375993825,41.96710467622722,0.08249540579839452,0.034620933304490654,0.82421875,,
3.470195000000298,1706,,,,0.32421875,-0.1171875,-1.07421875,0.07423943157067542,3.863244628959871,12.042001724243164,9.44580078125,6040,6038,113.74634929466993,46.9392396523896,41.26659004306975,0.08230309347934228,0.03396368017888465,0.822265625,,
3.4955950000006704,1706,,,,-0.224609375,-0.123046875,-0.396484375,0.07474073435238109,3.8688460791615262,12.041999816894531,9.283447265625,6043,6043,111.79127027280629,47.299688745371064,42.31071767048068,0.08179432427111155,0.03460776561282746,0.818359375,,
3.520179999999702,1706,,,,0.38671875,-0.08203125,-0.8359375,0.07497961308196706,3.8743586174552194,12.045000076293945,9.2724609375,6046,6045,111.68679269962013,47.46726704712244,42.500340371296105,0.08162169129326544,0.034689496616446366,0.818359375,,
3.5426150000002234,1706,,,,0.3125,0.212890625,-1.103515625,0.07415890271162486,3.875347762431305,12.045999526977539,9.266357421875,6045,6045,111.62253712071106,46.94364862802269,42.055708317449195,0.08255318612192283,0.03471832716219682,0.818359375,,
3.5682750000003725,1706,,,,0.1875,0.376953125,-1.146484375,0.07407285065004998,3.8787486429108813,12.04228687286377,9.270368576049805,6045,6043,111.63643780997336,46.87840702327356,41.99203050805831,0.082740623865167,0.034744468016018715,0.818359375,,
3.5924500000011177,1706,,,,0.099609375,0.23046875,-1.25,0.0741591422505975,3.886483978903643,12.04150104522705,9.2523193359375,6042,6044,111.41181295446586,46.9343867621662,42.12693925135959,0.08280674888963367,0.03488394880076185,0.814453125,,
3.6208300000000744,1706,,,,-0.099609375,0.08984375,-1.359375,0.07392998185197171,3.8881955331319267,12.041714668273926,9.291295051574707,6042,6042,111.88312390980809,46.77397804388922,41.80610659530292,0.08312732197983103,0.034752296836708836,0.806640625,,
3.643304999999702,1706,,,,-0.92578125,-0.099609375,-0.8984375,0.07382015512947093,3.8782929693825725,12.044401168823242,9.29833984375,6040,6040,111.99293528217822,46.69308786543427,41.69288691986331,0.08305925237927081,0.03462980017097326,0.80859375,,
3.668035000000149,1706,,,,-0.673828125,-0.275390625,-0.6953125,0.07393916757202613,3.867656882392524,12.042000770568848,9.291178703308105,6040,6040,111.88438110472907,46.77086633497147,41.80285565613643,0.08269371909197677,0.034568336028709984,0.8203125,,
3.693800000000745,1706,,,,-0.171875,-0.337890625,-1.064453125,0.07409936433406547,3.8645560796023224,12.042500495910645,9.23583984375,6041,6040,111.22260589851066,46.87011490399832,42.14081708062726,0.08245245584564698,0.03474613859639906,0.81640625,,
3.7178949999995528,1706,,,,-0.17578125,-0.173828125,-0.671875,0.07405765094680525,3.858165536217497,12.041500091552734,9.26513671875,6040,6039,111.56614464707673,46.83654033680553,41.98096159454654,0.08237511798422989,0.034581866644421956,0.8203125,,
3.742695000000298,1706,,,,0.375,0.037109375,-0.626953125,0.07390280431933453,3.8602105101006416,12.044500350952148,9.3023681640625,6039,6039,112.04237661673687,46.734452600294965,41.71140778293147,0.0825988172604867,0.03445312949139998,0.82421875,,
3.772160000000149,1706,,,,0.20703125,-0.177734375,-0.3203125,0.07419133975392223,3.8621665720758225,12.044000625610352,9.240373611450195,6040,6040,111.29106555717954,46.924991687271756,42.1642037951038,0.08230510935015085,0.034703294040180646,0.830078125,,
3.7957949999999254,1706,,,,0.2109375,-0.3515625,-0.62890625,0.0742174149177797,3.8670011570712983,12.042400360107422,9.30908203125,6039,6039,112.10369280539453,46.93408549077165,41.866672110656054,0.08239217013894182,0.03449485971692464,0.8359375,,
3.819890000000596,1706,,,,0.5859375,-0.392578125,-0.666015625,0.07401469476554032,3.8696574003216866,12.041715621948242,9.227120399475098,6039,6039,111.11035985995659,46.80350455409038,42.123438906220336,0.08267879589763538,0.03482715207833905,0.8359375,,
3.97110000000149,1706,,,,0.13671875,-0.26953125,-0.5546875,0.07397768230878463,3.8628556393625337,12.045001029968262,9.2315673828125,6038,6038,111.19423863419797,46.777731169858995,42.068484612540374,0.0825789439281644,0.03473971031961818,0.83203125,,
3.999175000000745,1706,,,,-0.181640625,0.28125,-1.1171875,0.07388043700401979,3.863005678207221,12.044242858886719,9.255663871765137,6037,6037,111.47746349176305,46.70370055681937,41.89519486175809,0.08271305340157184,0.034652794898698554,0.833984375,,
4.031655000001192,1706,,,,-0.3984375,0.287109375,-1.58984375,0.0735664790256978,3.8534829350146946,12.041777610778809,9.212239265441895,6033,6033,110.93173653173562,46.47460137492887,41.8947749561581,0.08291588999176419,0.03473742551494523,0.853515625,,
4.054820000000298,1706,,,,-0.392578125,-0.0234375,-1.330078125,0.07359271632965887,3.8605439297555013,12.044000625610352,9.263671875,6030,6031,111.57166985794902,46.476906750618525,41.656548485643405,0.08306370194707773,0.03460147127555476,0.853515625,,
4.077779999999329,1706,,,,-0.25,0.130859375,-1.244140625,0.07374553051265732,3.8529641896016744,12.045500755310059,9.26025390625,6030,6031,111.5443954220973,46.574903062858866,41.75458828443498,0.08272618805886939,0.034541979227388324,0.8515625,,
4.101039999999106,1706,,,,-0.4609375,0.15625,-1.1171875,0.07393793246339023,3.8546535158529673,12.042667388916016,9.3017578125,6033,6032,112.01797546818852,46.70221670649169,41.691716451128364,0.08253684273871231,0.03441102644233767,0.853515625,,
4.125335000000894,1706,,,,-0.224609375,0.29296875,-1.126953125,0.07392299881364055,3.8546535158529673,12.043000221252441,9.261474609375,6036,6034,111.535940769827,46.707919914810404,41.87701255077947,0.08252676468751743,0.03455974360594392,0.849609375,,
4.1472200000006705,1706,,,,-0.09375,0.25,-1.373046875,0.0739277234989214,3.863352156798564,12.043001174926758,9.27734375,6033,6034,111.72706168144941,46.71271506086366,41.8096693476542,0.08270450886369729,0.034578481691513195,0.841796875,,
4.173730000000447,1706,,,,-0.125,0.18359375,-0.984375,0.07377857871644315,3.8642782298899383,12.04800033569336,9.3115234375,6035,6035,112.18523750081658,46.62432351894108,41.56012373606796,0.08288116455609441,0.034445514543406934,0.83984375,,
4.197060000000522,1706,,,,0.38671875,-0.2109375,-1.25,0.07383106084249003,3.871413410503952,12.043556213378906,9.23556900024414,6035,6036,111.22909441697993,46.66446491261499,41.953470139455995,0.08296277301697673,0.034805762204541985,0.83984375,,
4.222935000000522,1706,,,,0.2734375,-0.029296875,-1.0625,0.07380157585515583,3.8650562090846132,12.045144081115723,9.206892013549805,6034,6035,110.89834084248105,46.643282915695394,42.05949571594319,0.08286415465374602,0.03485224557664485,0.8359375,,
4.245865000000223,1706,,,,0.099609375,-0.296875,-0.96484375,0.07351293715715802,3.861099629180269,12.042000770568848,9.2596435546875,6032,6033,111.50463482073974,46.44473624107517,41.6527405481772,0.08313320177207852,0.03462725684351651,0.830078125,,
4.27172500000149,1706,,,,0.236328125,-0.015625,-1.25,0.07347953766215028,3.8638225563616295,12.045144081115723,9.285714149475098,6032,6032,111.84776482648249,46.416663629104384,41.49985804465015,0.08324214310696208,0.034545371222713804,0.82421875,,
4.428105000000447,1706,,,,0.5,-0.328125,-1.333984375,0.07382214972721345,3.85985486246879,12.0426664352417,9.22960090637207,6033,6032,111.1490050458433,46.633181573126,41.955554666361785,0.08277056662788726,0.03472685032922064,0.822265625,,
4.451435000000521,1706,,,,-0.03515625,-0.056640625,-0.8671875,0.07390832960302182,3.85753759586751,12.043922424316406,9.264705657958984,6032,6033,111.5833962285833,46.690580463494875,41.84366316279463,0.08261918266112656,0.034570892500575816,0.806640625,,
4.480310000000522,1706,,,,-0.328125,-0.23828125,-0.421875,0.07392190204164333,3.8621221161218413,12.03950023651123,9.5703125,6044,6038,115.22177960723639,46.7438583901267,40.56859610176598,0.08262309208384912,0.03351902851428693,0.796875,,
4.508160000000149,1706,,,,0.03125,-0.26171875,-0.458984375,0.07603540289231035,3.8720727478714383,12.04755687713623,9.180230140686035,6048,6048,110.59934476511535,48.1599630299254,43.544528344362995,0.0804002433611801,0.03500990675934589,0.798828125,,
4.531495000001043,1706,,,,0.13671875,0.0078125,-0.74609375,0.07337511753416878,3.8773260523834767,12.042667388916016,9.301215171813965,6045,6045,112.01144062689491,46.44725042733444,41.466523568827355,0.08347805341996416,0.03461544669618773,0.798828125,,
4.552960000000894,1706,,,,0.486328125,-0.134765625,-1.369140625,0.07356777966956962,3.8713022706189983,12.040572166442871,9.285714149475098,6043,6043,111.8053113337146,46.5587980677575,41.64274265002455,0.08314867288852801,0.034625387867880456,0.798828125,,
4.575925000000745,1706,,,,0.265625,-0.13671875,-1.25,0.0741772758084547,3.860121598192679,12.0433349609375,9.251301765441895,6040,6043,111.41652598592918,46.939304501026804,42.129571071848694,0.08223644639021521,0.03464586212892847,0.79296875,,
4.599690000001341,1706,,,,0.162109375,0.490234375,-1.154296875,0.07426637885664952,3.8676346544155336,12.044571876525879,9.157365798950195,6039,6041,110.29655056509546,46.983633556815356,42.597554788521045,0.08231876425092928,0.03506578070302308,0.787109375,,
4.623865000000223,1706,,,,0.224609375,0.59375,-1.55859375,0.07395950110164075,3.8714689804464286,12.047499656677246,9.188232421875,6035,6037,110.6952269480098,46.75926168042725,42.24144343855825,0.08279576796797392,0.03497412749571163,0.7890625,,
4.647085000000894,1706,,,,0.44921875,0.255859375,-1.45703125,0.07331042573254902,3.863277970925357,12.040572166442871,9.234793663024902,6033,6034,111.19219954186065,46.32310189863933,41.66038812929501,0.08339851634673962,0.03474414560412527,0.798828125,,
4.671529999999329,1706,,,,0.609375,0.2421875,-1.671875,0.07358587829393219,3.853875536658293,12.043500900268555,9.251708984375,6031,6032,111.42296548234299,46.48050215307348,41.71536985383787,0.08291381026750501,0.03458780261299912,0.8046875,,
4.696290000000968,1706,,,,0.3359375,0.353515625,-1.345703125,0.07385314398124936,3.86112185715726,12.044572830200195,9.259904861450195,6033,6032,111.53159850446173,46.65421853173275,41.83049392039906,0.0827604014957628,0.03461908471618291,0.8125,,
4.722895000001416,1706,,,,-0.0234375,0.078125,-1.091796875,0.07406620825564826,3.8654896546359314,12.04800033569336,9.285888671875,6036,6034,111.87638983596116,46.801340933032115,41.83308113682844,0.08259356628621063,0.03455143359831067,0.810546875,,
4.746435000000521,1706,,,,-0.423828125,0.013671875,-0.95703125,0.07446563420009165,3.8626111316156364,12.04444408416748,9.251301765441895,6035,6036,111.4267868196248,47.07060029041619,42.24352297496743,0.08205995053779001,0.03466501405867824,0.80078125,,
4.771650000000372,1706,,,,-0.8125,0.248046875,-1.0859375,0.07420112965618955,3.8570985933219437,12.041714668273926,9.333845138549805,6036,6036,112.39549991627246,46.9044899050368,41.731644007080064,0.08223303571003662,0.034317197718727516,0.806640625,,
4.796060000000521,1706,,,,-0.38671875,-0.21484375,-1.203125,0.07403997040650635,3.8637114164766757,12.046001434326172,9.234619140625,6037,6037,111.24023541342467,46.80753639834057,42.07788326263444,0.0825446437427468,0.03473303883363048,0.806640625,,
4.820580000000074,1706,,,,-0.599609375,0.12890625,-0.94140625,0.07391193411828742,3.8702575557004355,12.04800033569336,9.2364501953125,6036,6036,111.28075505374,46.71770567126196,41.9818374243605,0.08284348514317548,0.034779217249482186,0.80859375,,
4.845789999999106,1706,,,,-0.67578125,-0.169921875,-0.80078125,0.07359687899112319,3.8726804051924213,12.045714378356934,9.16015625,6034,6035,110.34062584862113,46.513170056723204,42.15416552062674,0.08325986812916976,0.03509750262342577,0.814453125,,
4.867964999999851,1706,,,,-0.640625,-0.3359375,-0.958984375,0.07352304160061092,3.8718468560552703,12.043499946594238,9.248046875,6032,6032,111.37885204516351,46.44248253339014,41.69775651355966,0.083368645361961,0.03476285475168354,0.822265625,,
4.892375,1706,,,,-0.38671875,-0.37109375,-0.6640625,0.0736389509357722,3.8668566752208595,12.040667533874512,9.219563484191895,6033,6032,111.00969872060432,46.51661718293937,41.90320099869391,0.08312850137002403,0.0348335030162832,0.828125,,
4.913205000001937,1706,,,,-0.578125,-0.302734375,-0.658203125,0.07375628024762293,3.8679791880588894,12.044000625610352,9.25537109375,6034,6032,111.47169524338096,46.592351679433854,41.79747296181937,0.08301747064993585,0.03469920484849328,0.833984375,,
4.937195000000298,1706,,,,-0.5,-0.123046875,-0.859375,0.07398770752307172,3.8584322719413855,12.046000480651855,9.165852546691895,6033,6034,110.4118641830346,46.747696279979664,42.33937777056636,0.08253737785991845,0.03494581221403067,0.841796875,,
4.960544999999925,1706,,,,-0.5859375,-0.396484375,-0.46875,0.0738805138153511,3.861488618777606,12.042501449584961,9.2034912109375,6032,6032,110.83305624895729,46.66602933422779,42.104793383487355,0.08274731477840454,0.034840585917831124,0.84765625,,
4.982620000001043,1706,,,,-0.5,-0.173828125,-0.744140625,0.07370206262556316,3.8549647075308373,12.041000366210938,9.2572021484375,6031,6031,111.46597445942461,46.54763289658973,41.75949936501368,0.08281763148074642,0.03458422829232167,0.84765625,,
5.004560000000522,1706,,,,-0.3984375,-0.150390625,-0.7109375,0.07348589863231929,3.845628957194745,12.042667388916016,9.244791984558105,6031,6030,111.33195494975007,46.40572786020594,41.68230754696733,0.08286970454982276,0.0345420051137203,0.84765625,,
5.026240000002086,1706,,,,-0.484375,-0.0234375,-0.4140625,0.07374766606705067,3.853653256888386,12.04285717010498,9.241071701049805,6032,6031,111.28890659444187,46.573932730598465,41.84957347125604,0.08274270672350988,0.03462746984236118,0.853515625,,
5.0485850000008945,1706,,,,-0.125,-0.013671875,-0.9453125,0.07379493094554251,3.850385744270754,12.043999671936035,9.314778327941895,6030,6032,112.18718712588907,46.61368563877653,41.54991923139112,0.08260204468937624,0.034321082851913425,0.85546875,,
5.074685000000522,1706,,,,0.26171875,0.033203125,-1.12109375,0.07399912812086806,3.849952298719435,12.043499946594238,9.2364501953125,6034,6034,111.23918743396644,46.75998033649455,42.03552849956955,0.08233434383450072,0.034609676567485134,0.853515625,,
5.102175000000745,1706,,,,0.0625,-0.1015625,-0.3671875,0.07395405189568141,3.8659119861987548,12.043499946594238,9.2962646484375,6035,6034,111.95956279698294,46.72978541748051,41.73809208438582,0.0827290763623453,0.03452953807267754,0.853515625,,
5.12535000000149,1706,,,,0.26171875,-0.0390625,-0.484375,0.0738556772185455,3.881416000149765,12.046501159667969,9.232177734375,6035,6035,111.21543978340924,46.67617840762725,41.96915329250018,0.0831562508449816,0.0348999743894263,0.8515625,,
5.147490000000223,1706,,,,0.875,-0.1953125,-1.048828125,0.07423667812005255,3.8693350946553218,12.045999526977539,9.244384765625,6036,6034,111.35785451391712,46.91205401563927,42.12729692073617,0.08248061560820562,0.034746853839319844,0.8515625,,
5.173570000000298,1706,,,,0.8984375,-0.359375,-1.0234375,0.07386731985363369,3.86305569115545,12.044570922851562,9.240373611450195,6034,6034,111.2963353167579,46.67778155913604,41.94008852698293,0.08276005332989848,0.034709639631537705,0.859375,,
5.196760000001639,1706,,,,0.349609375,-0.4609375,-0.55078125,0.07365754477735455,3.86224436999529,12.044000625610352,9.2205810546875,6034,6033,111.0526839911472,46.537457584398034,41.90574771529868,0.08299216524647732,0.03477848739165257,0.861328125,,
5.22310000000149,1706,,,,0.537109375,-0.49609375,-0.59765625,0.07368006025304337,3.865567452555399,12.043428421020508,9.222237586975098,6030,6032,111.06735826037948,46.54468281520634,41.90671637844294,0.08305067773052913,0.03480381196690751,0.86328125,,
5.247044999999925,1706,,,,0.625,-0.5859375,-0.7578125,0.07346740511973351,3.8452288536089125,12.047000885009766,9.2529296875,6030,6031,111.47005213424563,46.3997582319322,41.625313116434214,0.08287174330496049,0.034495622635737404,0.86328125,,
5.276089999999851,1706,,,,0.361328125,-0.50390625,-0.849609375,0.07375164485235432,3.8660342400722034,12.044000625610352,9.27734375,6030,6032,111.73633392900229,46.58685632475821,41.69356080212877,0.08298551447906201,0.03459961593628709,0.861328125,,
5.42897000000067,1706,,,,0.11328125,-0.60546875,-0.525390625,0.07400394670738246,3.8663232037730824,12.041332244873047,9.243706703186035,6030,6032,111.30654358722313,46.74542412209847,41.99701348687317,0.08271019626807308,0.03473581228172193,0.8671875,,
5.451595000000671,1706,,,,0.052734375,0.142578125,-1.12109375,0.07396834416646979,3.8618423214614706,12.042804718017578,9.340039253234863,6037,6036,112.48026878532619,46.75316116131488,41.565655617827026,0.08260066753853827,0.034333509007095066,0.861328125,,
5.4790900000017135,1706,,,,0.0625,0.37890625,-1.412109375,0.07507827519189672,3.873236104617189,12.046286582946777,9.207589149475098,6052,6053,110.9172576326082,47.591698688353645,42.90738853821276,0.08138469967168926,0.03492004929878927,0.857421875,,
5.505215000001714,1706,,,,0.2109375,-0.154296875,-1.3515625,0.07523071769626746,3.89308568806988,12.044889450073242,9.217122077941895,6048,6051,111.01921647663949,47.673564687831075,42.94172324469835,0.08166130881049073,0.0350667732273994,0.859375,,
5.530404999999329,1706,,,,-0.05078125,0.103515625,-0.853515625,0.07330297874989912,3.8902293930265754,12.045000076293945,9.166259765625,6043,6045,110.40759957628325,46.40026832632353,42.02633560044431,0.08384066587002026,0.03523515960818189,0.861328125,,
5.552815000001341,1706,,,,-0.1875,-0.146484375,-0.625,0.07322523188213656,3.8777150419808137,12.045000076293945,9.2510986328125,6039,6039,111.42948373802938,46.311240225818075,41.5610291569651,0.08373161727202082,0.034799721868023,0.857421875,,
5.574535000000149,1706,,,,-0.2109375,-0.28125,-0.484375,0.0734572039803675,3.862989007224478,12.047430038452148,9.204798698425293,6036,6038,110.89416833731411,46.44300612967545,41.88047651740053,0.08317698032807062,0.03483491571418047,0.857421875,,
5.5976800000015645,1706,,,,-0.484375,-0.3046875,-0.478515625,0.07355415588613436,3.860321649985595,12.04228687286377,9.248744010925293,6033,6034,111.37602859324306,46.480759578717915,41.73318097781213,0.08305203454018241,0.03466025588040937,0.85546875,,
5.624144999999553,1706,,,,-0.484375,-0.470703125,-0.57421875,0.07356505178284146,3.8556204328520627,12.041000366210938,9.2462158203125,6034,6033,111.33368807844818,46.479069500737126,41.74753419466976,0.08295390751725172,0.03463121090657939,0.857421875,,
5.647460000000894,1706,,,,-0.291015625,-0.3125,-0.6484375,0.07386676231505948,3.857065251356458,12.044000625610352,9.229736328125,6033,6033,111.16295011015609,46.667768185227125,41.98140490062745,0.08264944738834604,0.034697399156232614,0.85546875,,
5.673029999999329,1706,,,,-0.28125,-0.34375,-0.72265625,0.07376495521247582,3.8560538784033813,12.049142837524414,9.238978385925293,6031,6033,111.32177024481462,46.60311006607986,41.863428836598686,0.0827424151078281,0.03463881206634869,0.849609375,,
5.696585000000894,1706,,,,-0.11328125,-0.3203125,-0.65234375,0.07384513638587777,3.849752246926519,12.043499946594238,9.2401123046875,6032,6033,111.28329204802867,46.65176643058693,41.92162684264636,0.08252103921197834,0.03459416212511944,0.841796875,,
5.72127999999933,1706,,,,-0.109375,-0.32421875,-0.517578125,0.07386034978305238,3.851441573177812,12.043428421020508,9.245256423950195,6030,6031,111.34458397582421,46.648960233831914,41.89602993528685,0.082562216904131,0.034590291109391186,0.837890625,,
5.876455000000075,1706,,,,-0.009765625,-0.078125,-0.67578125,0.07369806623377821,3.863077919132441,12.045000076293945,9.3231201171875,6031,6031,112.29698252282105,46.54541038126316,41.44849606426796,0.08299589341868863,0.03440054961714919,0.82421875,,
5.900650000000373,1706,,,,-0.0859375,0.03125,-0.564453125,0.07381594875987317,3.851441573177812,12.044787406921387,9.221622467041016,6031,6032,111.07248216239896,46.624829231284664,41.97694003372911,0.08260494754999648,0.0346750292979554,0.802734375,,
5.926919999999925,1706,,,,-0.14453125,-0.09375,-0.322265625,0.07378442826025089,3.861999862248392,12.043499946594238,9.21142578125,6028,6029,110.93780590454116,46.58163589142808,41.98896445771629,0.08290820595588132,0.03481229713134523,0.798828125,,
5.949019999999553,1706,,,,-0.099609375,0.068359375,-0.5859375,0.07357435596979951,3.861633100628046,12.03900146484375,9.3359375,6026,6027,112.3953652381897,46.43918975254262,41.31770883445958,0.08315461835586001,0.034357583094680316,0.798828125,,
5.97159500000067,1706,,,,0.109375,-0.08984375,-0.564453125,0.0736917823967653,3.8562761581732885,12.046857833862305,9.239676475524902,6030,6030,111.30906893153042,46.53418638085958,41.8062848135799,0.08286974497870345,0.034644761610084084,0.791015625,,
5.996590000001714,1706,,,,-0.01171875,0.22265625,-0.69140625,0.07414052297743107,3.855287013197202,12.044572830200195,9.315011024475098,6034,6031,112.19532869840805,46.822339089316834,41.732877502573956,0.08233862485688673,0.03436227744882844,0.791015625,,
6.020450000001118,1706,,,,0.34375,-0.03125,-0.8515625,0.07411620479368569,3.8571541632644206,12.041000366210938,9.371337890625,6040,6036,112.84028297290206,46.85111731789229,41.51985096416615,0.082327901319685,0.034182421929858986,0.791015625,,
6.044390000000596,1706,,,,0.041015625,-0.3046875,-0.796875,0.07503726802016382,3.8625444476846647,12.0394287109375,9.202706336975098,6043,6042,110.79532689170446,47.47715420821758,42.85122445157235,0.08135585445464877,0.03486197979685606,0.7890625,,
6.067875000001862,1706,,,,0.421875,-0.21875,-1.619140625,0.07383431175349969,3.8637003024881804,12.045000076293945,9.23828125,6039,6040,111.27509836107492,46.69914897313896,41.9672951639239,0.08273598957254136,0.034722056950701734,0.791015625,,
6.092689999999479,1706,,,,0.13671875,0.171875,-1.0390625,0.07323438250145226,3.863077919132441,12.044571876525879,9.246651649475098,6038,6037,111.37196040929939,46.299190479768924,41.571675949329,0.08343726702566141,0.0346862702688843,0.7890625,,
6.11377999999933,1706,,,,0.32421875,0.53125,-1.623046875,0.07367487025361413,3.863077919132441,12.045143127441406,9.2578125,6035,6035,111.51167660951614,46.56331172771324,41.75644483471038,0.08296398550262996,0.03464281083908279,0.79296875,,
6.137860000001266,1706,,,,0.171875,0.12109375,-1.32421875,0.07354964667064832,3.858665665699788,12.043999671936035,9.224329948425293,6034,6035,111.09782687266397,46.47922900130229,41.836307972589765,0.08301914099288679,0.034732143501982636,0.794921875,,
6.161945000000298,1706,,,,-0.111328125,0.501953125,-0.794921875,0.07345296487066191,3.842405900531094,12.043000221252441,9.212646484375,6033,6032,110.94790364964865,46.39739661600483,41.8190836327278,0.08281511853632004,0.034632523681246336,0.796875,,
6.185644999999553,1706,,,,0.26171875,0.412109375,-1.26953125,0.07336239363755503,3.8481629465716845,12.04228687286377,9.225725173950195,6030,6031,111.09882915490925,46.33334536175966,41.70462075451339,0.08305385498340664,0.034637295242833266,0.80078125,,
6.2129500000011175,1706,,,,0.298828125,0.63671875,-1.244140625,0.07364008641408143,3.855142531346763,12.049001693725586,9.31884765625,6031,6031,112.28281119372696,46.51084684322704,41.42294474884462,0.0828869563338891,0.03433421812618584,0.80078125,,
6.235745000001043,1706,,,,0.2734375,0.66796875,-1.62890625,0.07416994002654156,3.862788955431562,12.043001174926758,9.222412109375,6034,6033,111.06551986886188,46.85953130936504,42.19088999420646,0.0824333672893474,0.03477937131156873,0.806640625,,
6.257955000001937,1706,,,,0.2734375,0.25,-1.435546875,0.07402704892604699,3.8657452763713245,12.043428421020508,9.178292274475098,6031,6032,110.53810603484635,46.76361123856999,42.30542110412865,0.08266567046436546,0.034972059998501115,0.810546875,,
6.278714999999851,1706,,,,0.15625,0.2578125,-1.373046875,0.07357101548930964,3.863944810235078,12.044571876525879,9.236886024475098,6031,6029,111.25433763706769,46.451592452549406,41.75261247258793,0.08318218184192763,0.034730734030703446,0.806640625,,
6.3059500000011175,1706,,,,0.265625,0.345703125,-0.818359375,0.07357873201880404,3.8471182316531216,12.046666145324707,9.30419921875,6031,6031,112.08458173787221,46.467188673307476,41.457253043044275,0.08279214519950187,0.034323349135122125,0.80078125,,
6.328970000000671,1706,,,,0.291015625,0.359375,-1.49609375,0.07409194837235882,3.8519750446255885,12.044000625610352,9.547526359558105,6036,6034,114.99041344754914,46.81482514931481,40.711937409172435,0.08228109434008997,0.03349822762731955,0.80078125,,
6.356925000000745,1706,,,,-0.0625,0.173828125,-1.548828125,0.07475004482736818,3.8568318575980554,12.040572166442871,9.267578125,6046,6044,111.58694322220981,47.3110302481877,42.3983567270719,0.08152077512084607,0.0345634690424104,0.798828125,,
6.3843350000008945,1706,,,,-0.611328125,-0.0390625,-0.791015625,0.07514002307805757,3.8877879276038603,12.042799949645996,9.236328125,6046,6045,111.2312518786639,47.56722665023612,42.76426440127152,0.08173249107396849,0.03495229858461753,0.796875,,
6.405839999999851,1706,,,,-0.32421875,-0.33203125,-0.970703125,0.07400549370225838,3.8735028403410774,12.047000885009766,9.215087890625,6041,6043,111.01417197380215,46.82964139078229,42.18348032342524,0.08271476623144755,0.034891967137809864,0.794921875,,
6.427780000001192,1706,,,,-0.048828125,-0.19921875,-0.8359375,0.07353011493460233,3.876192425556951,12.045333862304688,9.197590827941895,6037,6040,110.78805225143151,46.5066713334289,41.978056648096704,0.08334701913552674,0.034987458907211416,0.787109375,,
6.4488650000002234,1706,,,,0.171875,0.005859375,-0.583984375,0.07345242843191846,3.872791545077375,12.044000625610352,9.2041015625,6038,6037,110.85420497693121,46.43757589622712,41.89067605138731,0.08339779737279578,0.034935901131430275,0.779296875,,
6.473644999999553,1706,,,,0.265625,0.11328125,-0.5625,0.0735183648440847,3.8657563903598198,12.042284965515137,9.193638801574707,6036,6035,110.7124183185797,46.458687772201245,41.96339351789281,0.08320847134802012,0.03491709827199277,0.775390625,,
6.496300000000745,1706,,,,0.224609375,-0.068359375,-0.57421875,0.07339010484176622,3.8627111575120945,12.045143127441406,9.255022048950195,6032,6032,111.47806522723113,46.358569906044046,41.58537359932569,0.08332248309947304,0.034649965889150876,0.76953125,,
6.523595000000671,1706,,,,0.0625,-0.033203125,-0.72265625,0.07358308864478552,3.8472960554690476,12.048001289367676,9.230607986450195,6030,6032,111.21037692239952,46.477290315797816,41.79222443264335,0.0827779767135292,0.03459475780891937,0.763671875,,
6.548505000000819,1706,,,,0.5625,-0.076171875,-0.85546875,0.07381679749663517,3.851152609476933,12.045332908630371,9.259440422058105,6032,6032,111.53304243131879,46.6284127444245,41.80681502805586,0.08259240198857995,0.03452925272659395,0.75390625,,
6.573810000000521,1706,,,,0.53125,-0.17578125,-0.560546875,0.07387753608426938,3.8611551991227455,12.04050064086914,9.2340087890625,6032,6032,111.18208874249831,46.66512782044261,41.97180350561746,0.08274176841387088,0.03472821245574293,0.75390625,,
6.596410000000149,1706,,,,0.3359375,-0.076171875,-0.50390625,0.07387239052024529,3.863744758442162,12.045501708984375,9.2193603515625,6031,6031,111.05182087048888,46.65577833012697,42.01261894169028,0.0828138527901748,0.03479226840366848,0.75390625,,
6.6203000000007455,1706,,,,0.423828125,-0.23046875,-0.4140625,0.07370814231123347,3.850552454098184,12.044571876525879,9.221540451049805,6030,6029,111.06950677496025,46.538398568560794,41.900247799653066,0.08273925559396966,0.034667953121461606,0.75390625,,
6.643860000001267,1706,,,,0.19921875,-0.091796875,-0.25390625,0.07378946287549605,3.850463542190221,12.050286293029785,9.267578125,6030,6030,111.67696964927018,46.5970797991155,41.724878410881935,0.08263315123587016,0.034478581880247,0.75390625,,
6.670214999999851,1706,,,,0.63671875,-0.345703125,-0.4765625,0.07397778543246075,3.8548980235998647,12.04228687286377,9.4482421875,6034,6031,113.77844286616892,46.72309993661522,41.06498450815761,0.08250518541854968,0.03388074161055413,0.76171875,,
6.692950000001118,1706,,,,0.349609375,-0.5546875,-0.65234375,0.07449679026607466,3.858417545906629,12.038666725158691,9.523112297058105,6046,6042,114.64557513054297,47.132415234396746,41.11141243849027,0.08186335299640653,0.03365518068632986,0.765625,,
6.720419999999925,1706,,,,0.25,0.015625,-1.193359375,0.07636141905972581,3.8760812856719977,12.045143127441406,9.163643836975098,6052,6052,110.3774015852614,48.39853161142246,43.84822519493436,0.08008675380467968,0.03511662015958861,0.763671875,,
6.743045000001788,1706,,,,-0.134765625,0.236328125,-1.373046875,0.07455982063069014,3.887217502144336,12.043500900268555,9.256591796875,6048,6049,111.48177163908258,47.22615062978958,42.36221754950415,0.08231069969298609,0.03486863767046181,0.759765625,,
6.767695000000298,1706,,,,-0.224609375,0.27734375,-1.3515625,0.07319117144541054,3.8835609999293665,12.043428421020508,9.245954513549805,6044,6045,111.35299136794856,46.33298428167539,41.60910606215803,0.083818494753538,0.03487612638170398,0.759765625,,
6.792695000000298,1706,,,,0.1875,0.53125,-1.623046875,0.07352186252530038,3.8708577110791844,12.042000770568848,9.176025390625,6037,6041,110.49770482466556,46.5134045572115,42.09445312101059,0.08322026194229726,0.03503111415048254,0.767578125,,
6.947945000000298,1706,,,,0.13671875,0.041015625,-1.119140625,0.07345715339666728,3.874814290983528,12.044001579284668,9.1925048828125,6036,6039,110.71454332617577,46.45616972809807,41.960313733340065,0.08340795880638273,0.03499824119373324,0.76171875,,
6.982985000001267,1706,,,,0.134765625,0.111328125,-1.177734375,0.0735005684293841,3.8555801446437674,12.046039581298828,9.23962116241455,6030,6031,111.30084223865197,46.42393624699721,41.710318909765945,0.08305155607939545,0.034641068900238936,0.748046875,,
7.008519999999553,1706,,,,-0.2578125,0.212890625,-1.220703125,0.0736625179371593,3.850963671672512,12.041335105895996,9.228922843933105,6030,6028,111.12855263025722,46.500256903845134,41.84366286003837,0.08281596550392549,0.03465323339974826,0.734375,,
7.031145000001415,1706,,,,-0.4609375,-0.109375,-0.87890625,0.07406712519001514,3.846017946792082,12.043500900268555,9.302978515625,6028,6028,112.04043012810871,46.75330905732996,41.72896248601645,0.08226194090510275,0.03432705446055935,0.73046875,,
7.053634999999776,1706,,,,-0.203125,0.189453125,-1.203125,0.0739041573634483,3.8492298894672374,12.04571533203125,9.423130989074707,6035,6031,113.508353430836,46.67322413664494,41.118757101065974,0.08247190890858254,0.03391142390073244,0.73046875,,
7.076330000000074,1706,,,,-0.01171875,0.21875,-1.435546875,0.07471033606376347,3.860221624089137,12.046286582946777,9.204798698425293,6038,6039,110.88364305956657,47.24363406123486,42.606495203134365,0.08170882068652274,0.034813264766340966,0.728515625,,
7.100870000001043,1706,,,,0.01171875,0.390625,-1.42578125,0.07428920356363275,3.8683681776562264,12.041333198547363,9.306640625,6038,6038,112.06436072476208,46.97671723795701,41.919408573913266,0.08234649854440232,0.03451916517113956,0.728515625,,
7.123939999999479,1706,,,,0.3359375,0.0234375,-1.294921875,0.07357179254996404,3.8651784629580614,12.043500900268555,9.2071533203125,6036,6038,110.8863593020942,46.51631298040632,41.9495357888694,0.08309296707557537,0.03485711396140195,0.72265625,,
7.147050000000745,1706,,,,0.203125,-0.16015625,-1.119140625,0.07402186172129731,3.8636113905802176,12.04514217376709,9.228515625,6034,6034,111.15878275595605,46.77524986016515,42.07967081005019,0.08259948160898133,0.03475758995186729,0.716796875,,
7.17250500000082,1706,,,,0.1875,-0.013671875,-1.060546875,0.07343160862805867,3.8660342400722034,12.046500205993652,9.2254638671875,6033,6033,111.13455237646122,46.39453668689783,41.74627574846326,0.08332951498498314,0.034786969105488084,0.708984375,,
7.195929999999702,1706,,,,0.1484375,0.087890625,-1.41015625,0.07359971070019737,3.8533642931875067,12.041000366210938,9.2523193359375,6031,6032,111.40718051232398,46.48933633136477,41.72921001821967,0.08288705749038137,0.03458811429808372,0.701171875,,
7.218155000001192,1706,,,,0.265625,-0.224609375,-1.072265625,0.07365757132681047,3.845728983091203,12.039429664611816,9.253626823425293,6032,6032,111.40838928319408,46.528739736800766,41.764125696609106,0.08265276482546803,0.03451920459343119,0.703125,,
7.2428400000017135,1706,,,,0.0234375,-0.15234375,-0.771484375,0.0736468623941666,3.8552314432547257,12.041143417358398,9.295479774475098,6034,6032,111.92820509760895,46.516666525029436,41.55937860744194,0.08287849777843224,0.03444378867589901,0.701171875,,
7.272265000000596,1706,,,,-0.287109375,-0.173828125,-0.685546875,0.0738573835101569,3.8527419098317677,12.044000625610352,9.201311111450195,6033,6034,110.82059678274163,46.66524180652825,42.108816556919635,0.08256127603077773,0.03476557627085225,0.705078125,,
7.295674999998883,1706,,,,-0.26953125,0.109375,-0.384765625,0.07394119916433947,3.857987712401572,12.046000480651855,9.25439453125,6034,6033,111.4784409715794,46.71386260176796,41.90394321506282,0.08258764095982848,0.0346074781704665,0.7109375,,
7.453560000000522,1706,,,,0.173828125,-0.013671875,-0.79296875,0.0736007812022066,3.857698748700693,12.043428421020508,9.224329948425293,6033,6032,111.09255746573581,46.494388958324635,41.85193861673845,0.08297127535450678,0.034725087230893216,0.7109375,,
7.476270000001415,1706,,,,-0.140625,0.04296875,-0.771484375,0.07343970293666065,3.854262025608219,12.04407787322998,9.207879066467285,6028,6029,110.90041252381616,46.36366304697583,41.806574017043545,0.0831310938849475,0.03475426229618853,0.70703125,,
7.499235000001266,1706,,,,0.349609375,-0.021484375,-1.19921875,0.0738616881550984,3.859254707090041,12.045333862304688,9.190266609191895,6028,6028,110.6998295913072,46.6221306870347,42.11581071006069,0.0827773130532465,0.03486233647637965,0.693359375,,
7.528589999999851,1706,,,,-0.09375,-0.177734375,-1.05859375,0.07405660098569085,3.8533198372335256,12.04150104522705,9.2218017578125,6026,6027,111.04433550557587,46.73939339691487,42.09074977495628,0.08244265826282358,0.03470073299722739,0.6875,,
7.5513900000005965,1706,,,,0.177734375,-0.15234375,-0.779296875,0.07362365861007816,3.847029319745159,12.04133415222168,9.3408203125,6029,6028,112.47593863867223,46.4740305033476,41.31908661162183,0.08277804352407203,0.034203131499117335,0.6796875,,
7.574820000000298,1706,,,,0.1875,-0.2421875,-0.833984375,0.07385276628030552,3.848407454318582,12.046857833862305,9.225028038024902,6032,6032,111.1326012874797,46.65204528558075,41.978721585847204,0.08249171993983405,0.034628969444919735,0.673828125,,
7.597380000000819,1706,,,,0.173828125,-0.060546875,-0.748046875,0.07434677508064434,3.8574320129768043,12.046857833862305,9.242466926574707,6031,6032,111.34268509861977,46.96321402602949,42.17898462250365,0.0821373088059691,0.034644682850608045,0.669921875,,
7.625170000001789,1706,,,,0.03125,0.03125,-0.9453125,0.07380915251093777,3.844962117885024,12.043999671936035,9.215262413024902,6031,6032,110.9886174792764,46.62013609559468,42.00442996264866,0.08247427913983181,0.03464285081849,0.66796875,,
7.647285000002012,1706,,,,0.26953125,0.109375,-1.10546875,0.07358094484608747,3.8461846566195126,12.04222297668457,9.24587631225586,6030,6030,111.34090416703111,46.4665556659939,41.73358929822037,0.08277318173238964,0.034544219713265066,0.66015625,,
7.672980000000447,1706,,,,-0.25,0.01953125,-0.88671875,0.07370088327078465,3.8461846566195126,12.044571876525879,9.231306076049805,6031,6030,111.18712954719194,46.540668864918054,41.857964185651966,0.08264137044920583,0.03459199524516054,0.65625,,
7.6956850000005215,1706,,,,0.0859375,-0.04296875,-1.07421875,0.07367678446938553,3.843884061000975,12.04800033569336,9.2413330078125,6031,6031,111.33958318037912,46.53193196167286,41.79280237315724,0.08260744609029091,0.034523966690027684,0.654296875,,
7.718054999999702,1706,,,,-0.03125,0.1640625,-0.720703125,0.07376836416261519,3.8445917442184165,12.043999671936035,9.147600173950195,6030,6029,110.17369349405817,46.577514857229694,42.27643948393333,0.08254179631530223,0.03489573256819026,0.6484375,,
7.743039999999106,1706,,,,0.048828125,-0.2109375,-0.9296875,0.07347572963176836,3.856387298058242,12.044570922851562,9.232701301574707,6027,6027,111.20392563632049,46.37626809595651,41.70380481676943,0.08315432561496847,0.034678517651167355,0.646484375,,
7.770230000000447,1706,,,,0.2734375,-0.08203125,-1.26953125,0.07353349579821199,3.8492298894672374,12.044499397277832,9.22119140625,6027,6028,111.06463433476165,46.41637530694687,41.79221908482816,0.08292827399840387,0.034657565952679534,0.642578125,,
7.797675000000745,1706,,,,0.1484375,-0.224609375,-0.927734375,0.07367163219813047,3.841361185612531,12.044888496398926,9.210612297058105,6027,6026,110.94079810162566,46.49163157343656,41.906703727558,0.082624787636133,0.03462532496019823,0.640625,,
7.825165000000968,1706,,,,0.28125,-0.083984375,-1.19921875,0.07351164867014232,3.8492151634324814,12.046000480651855,9.2291259765625,6026,6025,111.1740559496684,46.38142096237489,41.71964453952553,0.08299045358172633,0.034623322236036154,0.638671875,,
7.8473499999996275,1706,,,,0.2734375,-0.177734375,-1.421875,0.07343242579236492,3.840071962947071,12.043556213378906,9.215495109558105,6025,6025,110.98733338608145,46.33318022262758,41.746367634090824,0.08287952487819318,0.03459919114903829,0.638671875,,
7.873535000000149,1706,,,,0.296875,-0.244140625,-1.208984375,0.07360918089112188,3.8320254352764396,12.043428421020508,9.206193923950195,6026,6025,110.8741375531281,46.44501293747522,41.88985273073257,0.082506714777648,0.03456194131332232,0.63671875,,
7.8960050000008195,1706,,,,0.36328125,-0.166015625,-1.1875,0.07357902406281908,3.838879154131808,12.046500205993652,9.2608642578125,6025,6025,111.56100318941753,46.423474830327976,41.612636587272654,0.08269262842047981,0.034410582949078006,0.634765625,,
7.923665000000969,1706,,,,0.412109375,-0.103515625,-1.38671875,0.07364063500968102,3.8504302002247357,12.043999671936035,9.224329948425293,6027,6026,111.09782687266397,46.471084041591645,41.82897663232873,0.08285647472261673,0.03465801545009471,0.634765625,,
7.948545000001788,1706,,,,0.0859375,0.3984375,-1.2734375,0.07404743499563751,3.86126995105396,12.04222297668457,9.21495246887207,6028,6028,110.96851234970745,46.74207623559258,42.12192742414088,0.08260801106891627,0.034796086468975175,0.63671875,,
7.974160000000149,1706,,,,0.287109375,0.091796875,-1.349609375,0.0738577550628057,3.855320355162688,12.043428421020508,9.228515625,6027,6027,111.14296736195683,46.61418531724464,41.9407421123077,0.08270701995378293,0.03468793794759098,0.638671875,,
7.9960250000003725,1706,,,,-0.224609375,0.16015625,-1.001953125,0.0734732556416791,3.8517416508671865,12.043500900268555,9.22607421875,6026,6026,111.11423315946013,46.3624226598172,41.72500798640481,0.08307895553968822,0.03466470083395661,0.63671875,,
8.01997500000149,1706,,,,-0.140625,0.19921875,-1.2890625,0.07348223201272361,3.8517416508671865,12.048571586608887,9.245954513549805,6025,6025,111.40054484303437,46.36110806011196,41.61659004938953,0.08308131129810371,0.034575608730588965,0.634765625,,
8.046384999999777,1706,,,,-0.3359375,0.15625,-1.23828125,0.07370741206146188,3.8488186718929094,12.044499397277832,9.276123046875,6028,6027,111.72625844716094,46.51799194947738,41.63568403346943,0.08273828062210992,0.03444864909454695,0.634765625,,
8.072770000001416,1706,,,,-0.197265625,0.44921875,-1.55859375,0.07418065904754202,3.8561872462653253,12.042500495910645,9.2095947265625,6026,6028,110.90654906176496,46.826049712232454,42.22117639433047,0.08235132516971565,0.03476969826297432,0.642578125,,
8.096455000001937,1706,,,,-0.548828125,0.21875,-1.1875,0.07371606410994229,3.8409833100036894,12.045000076293945,9.2364501953125,6027,6027,111.25304330722429,46.52664778967349,41.820561853027755,0.08255448205439356,0.03452474823000436,0.650390625,,
8.125355000000447,1706,,,,-0.2109375,0.380859375,-1.724609375,0.0735452682461662,3.8385826884886947,12.045501708984375,9.1900634765625,6027,6027,110.69892531260848,46.41490223621299,41.92895468961376,0.08270151402998811,0.03467588034525828,0.65625,,
8.14756000000052,1706,,,,-0.3984375,0.072265625,-1.25390625,0.07360495086412489,3.841027765957671,12.044000625610352,9.197590827941895,6025,6027,110.77578968584021,46.451885348217594,41.93324685832076,0.08268830720570645,0.034673891983535515,0.66796875,,
8.171330000001937,1706,,,,-0.328125,0.3671875,-1.5859375,0.07353727308711867,3.840872170118736,12.04228687286377,9.280134201049805,6027,6027,111.75403826771617,46.409057050477465,41.527856863034046,0.08276126287033063,0.03436897878283024,0.671875,,
8.193644999999552,1706,,,,-0.5625,0.091796875,-1.216796875,0.07351562787464792,3.844217480655836,12.044570922851562,9.2138671875,6025,6027,110.9770768135786,46.39537674752053,41.806270339465115,0.08285777053984758,0.034639743549142364,0.677734375,,
8.218825000001118,1706,,,,-0.34375,0.501953125,-1.666015625,0.07355293950185156,3.8475627911929355,12.042000770568848,9.2608642578125,6027,6027,111.51933452871162,46.418920411942665,41.62410097595382,0.08288781292300444,0.034501306947831066,0.685546875,,
8.242640000000597,1706,,,,-0.537109375,0.12890625,-1.212890625,0.07368116624748317,3.84626245453898,12.046858787536621,9.237584114074707,6028,6027,111.28387136024958,46.505643578366666,41.79010220431494,0.08270528388791443,0.03456262266512826,0.69140625,,
8.28346499999985,1706,,,,-0.361328125,0.2265625,-0.806640625,0.0737322665442167,3.8454733613558103,12.041500091552734,9.241943359375,6030,6027,111.28686180803925,46.53337401448213,41.81389721883649,0.0826390401039697,0.03455460329170695,0.693359375,,
8.307855000000448,1706,,,,-0.3984375,0.4140625,-0.947265625,0.07360282552406705,3.849852272822977,12.04338550567627,9.257061004638672,6027,6027,111.48635432842639,46.45064000262402,41.66486587747376,0.08288050008795352,0.03453204920022535,0.708984375,,
8.330074999999255,1706,,,,-0.13671875,0.33984375,-1.333984375,0.07343871787368254,3.856520665920186,12.04571533203125,9.234095573425293,6027,6027,111.23128662625095,46.352639934511004,41.672304025629806,0.08319959060301298,0.034671186344166896,0.712890625,,
8.35266000000015,1706,,,,0.01171875,0.359375,-0.9765625,0.07367364590449457,3.8498189308574915,12.045144081115723,9.166434288024902,6027,6027,110.41102170933937,46.50162032857288,42.11682820125506,0.08278892012053121,0.034868067256838414,0.7109375,,
8.375170000001788,1706,,,,-0.25,0.369140625,-0.671875,0.07338648670986105,3.8553314691511837,12.043429374694824,9.206193923950195,6025,6026,110.87414633283879,46.31281463095785,41.770616652081394,0.08324545808481446,0.03477214117687694,0.708984375,,
8.398134999999776,1706,,,,0.140625,0.421875,-0.927734375,0.07327412200653224,3.8578543445396276,12.04285717010498,9.237584114074707,6025,6026,111.24690608263245,46.238936614878,41.56424501417814,0.0834330247832367,0.03467830684364448,0.7109375,,
8.424065000001342,1706,,,,0.3125,-0.05859375,-1.083984375,0.07369674968774297,3.852430718153898,12.044000625610352,9.202706336975098,6026,6025,110.83740087983642,46.501240359165294,41.954466624112996,0.08284576257318246,0.03475749780825773,0.708984375,,
8.449085000000894,1706,,,,0.322265625,-0.17578125,-0.982421875,0.07344672700612792,3.839093931959481,12.047000885009766,9.1748046875,6025,6024,110.52888019010425,46.331201784171164,41.91773381263229,0.08286195445228206,0.03473385349925221,0.712890625,,
8.47418500000052,1706,,,,0.375,-0.5703125,-0.95703125,0.07344226725647028,3.843495071403638,12.044500350952148,9.2413330078125,6025,6024,111.30723865586333,46.33105639101011,41.62447739293506,0.0829572077736914,0.03453050419557034,0.72265625,,
8.496740000000223,1706,,,,0.078125,-0.5390625,-0.66015625,0.07371946202109733,3.856231702219307,12.042499542236328,9.2376708984375,6025,6026,111.24464756576344,46.51975777821564,41.817524524687805,0.08289449228441834,0.03466442464065208,0.72265625,,
8.525875,1706,,,,0.673828125,-0.37109375,-1.25,0.07367715364655672,3.8449843458620148,12.041143417358398,9.222237586975098,6025,6026,111.0462854137204,46.49558785035024,41.87045759984102,0.08269568196959685,0.03462506045597942,0.724609375,,
8.549835000000893,1706,,,,0.353515625,-0.330078125,-0.779296875,0.07360124651635501,3.8456142311599883,12.046222686767578,9.2529296875,6025,6025,111.46285152062774,46.43881103208566,41.66303876004062,0.0828103507754099,0.03450130854088462,0.72265625,,
8.575445000000299,1706,,,,0.63671875,-0.41796875,-0.62109375,0.07363338267646317,3.8415945793709336,12.044570922851562,9.241071701049805,6027,6026,111.3047435064509,46.46676408141811,41.74733494509606,0.0826740285301505,0.034514203603086206,0.72265625,,
8.722485000001267,1706,,,,0.3125,-0.1875,-0.421875,0.07390421199943388,3.8466181021708308,12.040000915527344,9.2626953125,6027,6027,111.52286004275084,46.64307111296799,41.82377594610466,0.08246922877043084,0.03449174546542547,0.724609375,,
8.745075000001117,1706,,,,0.357421875,-0.05859375,-0.55078125,0.07378002103266575,3.8493854853061724,12.045145988464355,9.229512214660645,6028,6027,111.17082202790243,46.56960384079554,41.89013177316182,0.08265875523583614,0.03462586149034705,0.728515625,,
8.773145000001415,1706,,,,0.076171875,-0.037109375,-0.28125,0.0738418561307326,3.852052842545056,12.046500205993652,9.17236328125,6026,6028,110.49487615702674,46.61315960247982,42.185810983883826,0.08263874140683926,0.03486182324934975,0.73046875,,
8.798420000001789,1706,,,,0.228515625,0.029296875,-0.6171875,0.0736076742931208,3.8621776860643178,12.044500350952148,9.2291259765625,6028,6027,111.16021106368862,46.45646669224908,41.792352000512224,0.08313541603689577,0.03474424570722976,0.73046875,,
8.82208999999985,1706,,,,0.3359375,-0.0625,-1.04296875,0.07370151123528401,3.8617220125360086,12.043000221252441,9.1986083984375,6026,6027,110.77884297759738,46.515134724132615,41.98918626866259,0.08302076378879111,0.034859743148941885,0.73046875,,
8.845925000000745,1706,,,,0.07421875,-0.208984375,-1.0859375,0.07390728097680355,3.859654810675874,12.045000076293945,9.1851806640625,6024,6025,110.63550179940648,46.62744861325045,42.14510519217493,0.08277645304356303,0.034886223209560925,0.724609375,,
8.874195000000299,1706,,,,-0.59375,-0.1328125,-0.4921875,0.07354698948931329,3.8514971431202887,12.04228687286377,9.256417274475098,6026,6025,111.4684322341609,46.40044853466012,41.62653731164627,0.08300560155670272,0.034552357702757296,0.728515625,,
8.896480000000446,1706,,,,-0.423828125,-0.31640625,-0.884765625,0.07360921093392725,3.851997272602579,12.042667388916016,9.19813346862793,6023,6025,110.77006196154252,46.43934460869635,41.92409373646401,0.08294684830416932,0.03477471443448255,0.736328125,,
8.920365000000224,1706,,,,-0.4375,-0.103515625,-0.7890625,0.07363935532590596,3.8669900430828035,12.041143417358398,9.225028038024902,6025,6025,111.07988563501021,46.46023210231922,41.82596321261953,0.08323225838748598,0.034812693774182314,0.73828125,,
8.945820000000298,1706,,,,-0.599609375,-0.16796875,-0.6328125,0.07361920680407888,3.831669787644588,12.042500495910645,9.21142578125,6025,6025,110.92859953874722,46.447842189403715,41.871836823451055,0.08249403216665936,0.03454176653790883,0.740234375,,
8.974035000002011,1706,,,,-1.0625,0.0546875,-0.64453125,0.07373770666746746,3.841572351393943,12.044500350952148,9.259033203125,6024,6024,111.52042866451666,46.518811368430995,41.71326448930003,0.082581051372283,0.034447252376965144,0.75,,
8.997405000001192,1706,,,,-0.775390625,-0.068359375,-0.88671875,0.07385011549922334,3.8436728952195636,12.046222686767578,9.24099349975586,6027,6025,111.31906554503075,46.59582647012058,41.85790299440813,0.08248963880240018,0.03452843299034632,0.765625,,
9.024785000000149,1706,,,,-0.5,0,-1.181640625,0.073919571698084,3.8362932068586533,12.042000770568848,9.1986083984375,6025,6026,110.76964942214545,46.64736176903432,42.112042434349725,0.0822403038751332,0.03463307166603426,0.765625,,
9.047155000001192,1706,,,,-0.478515625,-0.048828125,-1.1015625,0.07362462750430661,3.853886650646788,12.041999816894531,9.254150390625,6025,6025,111.4384773094207,46.449169965842756,41.6814470973717,0.08296997887111468,0.03458308784986414,0.765625,,
9.07321499999985,1706,,,,0.01171875,0.05859375,-1.25390625,0.07345299393532943,3.853008645555656,12.044571876525879,9.168526649475098,6024,6026,110.4309782314458,46.34845225948905,41.97051678954618,0.08313133357687943,0.03489065031625783,0.75390625,,
9.096890000000595,1706,,,,0.01171875,0.068359375,-1.345703125,0.07355272334714191,3.8495521951336027,12.046500205993652,9.18701171875,6023,6024,110.67133856238797,46.399186790346995,41.92520610400922,0.08296594103098533,0.03478364177337136,0.748046875,,
9.123040000000968,1706,,,,0.28125,0.146484375,-1.447265625,0.07348700867904447,3.8460957447115494,12.04050064086914,9.2236328125,6025,6024,111.05715679004788,46.359618567617844,41.74392709806185,0.0829621956250961,0.03463167846069159,0.74609375,,
9.146259999999776,1706,,,,0.384765625,0.3203125,-1.41015625,0.07364174799081973,3.8412722737045684,12.041500091552734,9.2669677734375,6026,6026,111.5881932922639,46.46761055564746,41.642049382359644,0.0826655863680453,0.03442364429759858,0.75,,
9.176060000000522,1706,,,,-0.173828125,0.341796875,-1.00390625,0.07388837273376958,3.8346705645383325,12.041143417358398,9.212471961975098,6026,6027,110.92869612253526,46.631524939448134,42.037386690219016,0.08223343691885952,0.0345687878662383,0.755859375,,
9.197519999999553,1706,,,,0.39453125,0.55859375,-1.39453125,0.07363453394471198,3.8524529461308883,12.045334815979004,9.18348503112793,6025,6027,110.61815197746728,46.47228513956902,42.01144595964263,0.08289785911239173,0.03482658928270313,0.75390625,,
9.223419999999926,1706,,,,0.5625,0.296875,-1.591796875,0.07345391128889825,3.850063438604389,12.043428421020508,9.215262413024902,6025,6023,110.98335325218613,46.32922481340293,41.74430079448905,0.0831022632930084,0.03469045875606169,0.763671875,,
9.249390000000597,1706,,,,0.25,0.22265625,-1.3359375,0.07357612681850899,3.84322833567975,12.041999816894531,9.2279052734375,6026,6026,111.12243361305445,46.431765448390294,41.78433097503327,0.0827715314842285,0.0345855306684739,0.763671875,,
9.273610000001266,1706,,,,0.3125,0.33984375,-1.408203125,0.07354714738870897,3.8427393201859545,12.043499946594238,9.237060546875,6025,6025,111.24653820297681,46.401447560378436,41.71046426246169,0.08281507414581647,0.03454255190552193,0.76171875,,
9.298049999998883,1706,,,,0.26171875,0.02734375,-1.28125,0.07338326206883934,3.849685562995547,12.044001579284668,9.24072265625,6026,6026,111.29527826560661,46.30616869282139,41.6065887200637,0.08313548003794027,0.03458983725983646,0.759765625,,
9.32345999999903,1706,,,,0.32421875,0.05078125,-1.33203125,0.07400396319599194,3.8550980753927813,12.046287536621094,9.220145225524902,6027,6027,111.06852051607711,46.707435183758456,42.05281115363158,0.08253713911341704,0.034709187242975455,0.7578125,,
9.347605000000447,1706,,,,0.125,-0.216796875,-1.427734375,0.07411720892205513,3.854131158393686,12.044501304626465,9.2523193359375,6025,6027,111.43957231251989,46.776677046445755,41.97492513275784,0.08239429138086958,0.03458494212078636,0.755859375,,
9.374175000000745,1706,,,,0.3359375,-0.345703125,-0.9453125,0.07351175500769995,3.8531531274060957,12.044000625610352,9.2645263671875,6026,6027,111.58196136238985,46.393217775783874,41.577704146202,0.08305423318615653,0.03453204335503687,0.759765625,,
9.39672000000067,1706,,,,0.099609375,-0.30859375,-0.98828125,0.07363952216827628,3.850263490397305,12.043500900268555,9.217529296875,6026,6027,111.01132238516584,46.477469123365374,41.867323192589986,0.08284150499196787,0.03468352063259275,0.755859375,,
9.424230000000447,1706,,,,0.111328125,-0.1484375,-0.6875,0.07361582412392746,3.851041469591979,12.046857833862305,9.191545486450195,6029,6027,110.72924174874424,46.45928593183599,41.95755809224882,0.08289067281925382,0.03477890220119432,0.76171875,,
9.445955000001938,1706,,,,0.361328125,-0.40234375,-0.818359375,0.07362071956413005,3.843495071403638,12.04222297668457,9.203558921813965,6025,6026,110.8313087155384,46.457971322644916,41.917732327680774,0.08273058340647368,0.03467878450545433,0.755859375,,
9.468390000000596,1706,,,,0.15625,0.171875,-0.947265625,0.07334948654969546,3.841861315094822,12.044000625610352,9.234793663024902,6024,6024,111.22386065485443,46.2745333986069,41.60486169618247,0.08302323184982091,0.03454170078681891,0.748046875,,
9.492320000000298,1706,,,,0.15625,-0.04296875,-0.771484375,0.07311767807995335,3.8488520138583957,12.044571876525879,9.208984375,6023,6024,110.91827421449125,46.12175861809924,41.581749215562105,0.0834498104404028,0.034699890898190255,0.7421875,,
9.52085000000149,1706,,,,0.5,0.220703125,-0.90625,0.07353023217141026,3.8468292679522427,12.04800033569336,9.197998046875,6024,6024,110.81748355645686,46.38526886941498,41.85735624088922,0.08293213258679037,0.034713198175019416,0.736328125,,
9.543605000000447,1706,,,,0.009765625,0.033203125,-0.73046875,0.07362742204414252,3.8439840868974335,12.042500495910645,9.2095947265625,6024,6024,110.90654906176496,46.44714441065086,41.87953263678232,0.08276039648232851,0.034659667255147214,0.732421875,,
9.568189999999479,1706,,,,-0.1875,-0.04296875,-0.708984375,0.07346489256306621,3.843328361576208,12.041000366210938,9.189453125,6022,6023,110.65020844340324,46.33920584592879,41.87900456566329,0.08293902088772785,0.03473403634428797,0.7265625,,
9.593715000001714,1706,,,,-0.39453125,-0.23828125,-0.55078125,0.07332998932794213,3.8471738015955985,12.042284965515137,9.195033073425293,6022,6022,110.72920853752385,46.24329821501717,41.76251128837995,0.08319419137682219,0.034743983565021785,0.7265625,,
9.617970000000671,1706,,,,-0.287109375,-0.142578125,-0.6796875,0.07332044647534881,3.8536754848653767,12.044501304626465,9.2584228515625,6023,6023,111.513086114428,46.242152253082565,41.467915438759945,0.08333685386818226,0.03455805609138076,0.724609375,,
9.639310000000522,1706,,,,-0.609375,0.173828125,-0.763671875,0.07372038021307002,3.854153386370677,12.045499801635742,9.212646484375,6024,6024,110.97093140007928,46.50673207391084,41.9089319041956,0.08287302105521975,0.03473119796098173,0.72265625,,
9.661890000000597,1706,,,,0.048828125,0.130859375,-0.873046875,0.07402644499579192,3.8546312878759768,12.040667533874512,9.25537109375,6026,6025,111.44084624247625,46.70299993851686,41.90833210015214,0.08253498261247644,0.034589034612039445,0.716796875,,
9.68665499999933,1706,,,,-0.203125,0.111328125,-0.779296875,0.07392336910868356,3.854686857818453,12.041715621948242,9.264090538024902,6026,6026,111.55554375487736,46.64567955596076,41.81386059885648,0.08263759676164628,0.03455396951215991,0.7109375,,
9.708314999999478,1706,,,,0.173828125,0.009765625,-0.794921875,0.07407002858262031,3.8571208212989343,12.046001434326172,9.2694091796875,6028,6026,111.65931627387181,46.74404591770947,41.86309524147385,0.0825157674217846,0.03454365430501474,0.705078125,,
9.73028500000015,1706,,,,0,-0.0234375,-1.037109375,0.07393392209820743,3.855464837013128,12.046285629272461,9.229910850524902,6027,6028,111.18614243814409,46.67017751171232,41.974814925948365,0.08261088863537241,0.03467576761337888,0.705078125,,
9.752695000002161,1706,,,,0.26171875,0.08984375,-1.25390625,0.0740529022272801,3.8563761840697466,12.044570922851562,9.202009201049805,6027,6028,110.83425245477702,46.74408380266108,42.174763457473375,0.08249977045972624,0.034794083044348036,0.70703125,,
9.775429999999702,1706,,,,0.1875,-0.16796875,-0.857421875,0.0737253868815195,3.8589435154121716,12.040667533874512,9.183756828308105,6027,6026,110.57856268160776,46.525006583152404,42.074164697829616,0.08294342760629654,0.034897754337098276,0.69921875,,
9.79748000000231,1706,,,,0.171875,-0.203125,-1.0078125,0.07351143347981544,3.851619396993738,12.045144081115723,9.183175086975098,6024,6024,110.61266704472746,46.37688408757455,41.92728132015978,0.08305041342839323,0.03482078047567818,0.69921875,,
9.82313000000082,1706,,,,0.3984375,-0.1640625,-1.482421875,0.073486771410749,3.851619396993738,12.046286582946777,9.187360763549805,6024,6023,110.67358069864167,46.34910418336616,41.87910420064237,0.08310019071255347,0.03480161545944279,0.70703125,,
9.849320000000297,1706,,,,0.162109375,-0.009765625,-1.201171875,0.07353413397704685,3.845339993493866,12.045999526977539,9.2236328125,6021,6023,111.10787649638951,46.376189767067984,41.739785899494706,0.08291625536310154,0.034609067464436885,0.71484375,,
9.877355000000447,1706,,,,0.38671875,-0.14453125,-1.28515625,0.07379592543226744,3.851141495488437,12.041500091552734,9.19189453125,6024,6023,110.68419883958995,46.54651434474945,42.053441080788225,0.08273748420697488,0.03479395917270665,0.716796875,,
9.900980000000446,1706,,,,0.041015625,0.193359375,-1.294921875,0.07387023404068867,3.847540563215945,12.04444408416748,9.178059577941895,6022,6022,110.54462538767893,46.58632701716065,42.14255270555475,0.0825894808534413,0.034805315497905547,0.708984375,,
10.060800000000745,1706,,,,-0.3125,0.3203125,-1.35546875,0.07352325120157865,3.8366933104444856,12.043999671936035,9.385986328125,6023,6022,113.04481625673361,46.36793739710284,41.01730528872516,0.08274453266243863,0.03393957757188136,0.705078125,,
10.082714999999851,1706,,,,-0.349609375,0.142578125,-1.462890625,0.07387512491071681,3.850936442400698,12.043245315551758,9.231924057006836,6028,6028,111.18232615307716,46.63207123148043,41.94198200825268,0.08258128667038499,0.03463622839747644,0.72265625,,
10.109605000000448,1706,,,,-0.349609375,0.2578125,-1.470703125,0.07371431170611799,3.853008645555656,12.038857460021973,9.559151649475098,6033,6029,115.08126414676462,46.54233952030406,40.443020734415995,0.08278502295473959,0.03348076399857638,0.734375,,
10.132040000000968,1706,,,,-0.19921875,0.2421875,-1.19921875,0.07405098395922333,3.850552454098184,12.045001029968262,9.161376953125,6042,6040,110.34879483631812,46.834126930062524,42.441901608016856,0.08221680869269155,0.0348943770506036,0.73828125,,
10.153480000000448,1706,,,,0.1875,0.166015625,-1.55859375,0.07551364239241666,3.863333540867834,12.049715042114258,9.130859375,6037,6040,110.02425355836749,47.76138249186324,43.40986732214092,0.08088822683317433,0.03511347194751336,0.736328125,,
10.176080000001937,1706,,,,0.296875,-0.283203125,-1.2421875,0.07324215171065655,3.8700352759305283,12.044570922851562,9.188755989074707,6035,6035,110.67462320318737,46.28665114215807,41.82228030465528,0.08361018091468028,0.034967684225366974,0.736328125,,
10.19835000000149,1706,,,,0.361328125,-0.154296875,-1.224609375,0.07304131178389829,3.866367659727064,12.043334007263184,9.12841796875,6033,6032,109.93658655555919,46.135547855617965,41.96559971625299,0.083804524698112,0.03516907137891805,0.732421875,,
10.226645000001415,1706,,,,0.171875,-0.021484375,-1.142578125,0.073184865809897,3.8635113646837596,12.041715621948242,9.241071701049805,6030,6029,111.27835746607525,46.20443735969524,41.52149475587048,0.08361775590095061,0.03471934213138979,0.7265625,,
10.248509999999776,1706,,,,0.15625,-0.26953125,-1.013671875,0.07335357589950961,3.8581988781829835,12.043111801147461,9.26378059387207,6027,6028,111.56474539330156,46.30131408088815,41.50174315162119,0.0833280643275638,0.03458259923044321,0.724609375,,
10.273880000000819,1706,,,,0.4375,0.15234375,-1.525390625,0.07370831348535713,3.8490298376743213,12.044570922851562,9.229212760925293,6028,6028,111.16190766105137,46.53000566502055,41.857868980529936,0.0827214564593933,0.03462543886355896,0.720703125,,
10.297335000000894,1706,,,,0.01953125,0.150390625,-1.2109375,0.07371175694978918,3.851219293407905,12.041000366210938,9.2181396484375,6028,6028,110.9956228826195,46.531706492957966,41.922109435041726,0.08276548580892347,0.034697037535260836,0.724609375,,
10.324935000000522,1706,,,,0.234375,0.1484375,-0.98046875,0.07369311517945218,3.846751470032775,12.043428421020508,9.250139236450195,6029,6029,111.40338977866122,46.525001352132314,41.762644246794686,0.082681383304387,0.03452993196773983,0.71875,,
10.347299999998883,1706,,,,0.048828125,0.2265625,-1.30078125,0.07390493484330463,3.844095226782387,12.044889450073242,9.24424934387207,6028,6029,111.34596139585119,46.65961620944136,41.905081804951685,0.08238591611056911,0.034523885541892854,0.7109375,,
10.373895000001415,1706,,,,0.0234375,0.0703125,-1.23828125,0.07395050502810527,3.8497300189495283,12.046286582946777,9.255720138549805,6030,6029,111.4970573205228,46.6885419031296,41.87423688583379,0.08245556322870463,0.03452763787193623,0.708984375,,
10.397634999999777,1706,,,,0.09375,0.369140625,-1.431640625,0.07392454483037862,3.851963930637093,12.045999526977539,9.224853515625,6029,6030,111.12258108565584,46.677336660720506,42.00526680057993,0.08252321589458987,0.03466409700894106,0.70703125,,
10.42325500000082,1706,,,,-0.015625,0.103515625,-1.2734375,0.07365796900971328,3.8537977387388254,12.043499946594238,9.22607421875,6029,6030,111.1142243607901,46.51249869415872,41.86007593693109,0.08285510017596207,0.03468320785127804,0.708984375,,
10.446134999999776,1706,,,,0.111328125,0.298828125,-1.416015625,0.0737111882324967,3.8603772199280715,12.044000625610352,9.2401123046875,6030,6029,111.28791837836616,46.54091207702226,41.820273714518144,0.08294588669726523,0.034688196851730406,0.703125,,
10.473195000000299,1706,,,,0.375,0.1171875,-1.359375,0.07372266053186508,3.8551647593237535,12.04571533203125,9.153181076049805,6028,6030,110.25661362463143,46.54973986167311,42.21945362856116,0.08281818052645912,0.03496538332338647,0.697265625,,
10.497110000001266,1706,,,,-0.287109375,0.392578125,-1.111328125,0.07351015674420901,3.8506413660061467,12.04150104522705,9.2352294921875,6027,6027,111.20602558308747,46.39855999847726,41.72306289627321,0.08299053604535399,0.03462619355215733,0.701171875,,
10.523929999999702,1706,,,,-0.048828125,0.25,-1.41796875,0.07357424054953329,3.8514860291317934,12.041999816894531,9.227294921875,6025,6026,111.11508375965059,46.43020533653846,41.78569080411271,0.08295216446309465,0.0346621349578678,0.69921875,,
10.548515000000595,1706,,,,-0.375,0.236328125,-1.35546875,0.07371624003502122,3.843583983311601,12.041999816894531,9.2010498046875,6026,6026,110.79904006328434,46.51645474383165,41.982723602355364,0.08262848070598677,0.03468968667161996,0.703125,,
10.573205000000074,1706,,,,-0.546875,0.033203125,-1.337890625,0.07366395982457327,3.8420057969452617,12.045500755310059,9.27490234375,6024,6025,111.72084318706766,46.47699331004126,41.60100477600159,0.08266468037886616,0.034389337632478555,0.708984375,,
10.596359999999404,1706,,,,-0.38671875,0.17578125,-1.552734375,0.07377695780229261,3.843406159495675,12.043001174926758,9.234619140625,6027,6026,111.212529160548,46.55821751790657,41.86418371143638,0.08255054347854873,0.0345591111766488,0.71484375,,
10.623275000000373,1706,,,,-0.63671875,-0.021484375,-1.3046875,0.07387586514535452,3.8564206400237278,12.043999671936035,9.23828125,6026,6026,111.26585634425282,46.62235621102558,41.90176370617917,0.08271612491158768,0.03465951520736147,0.720703125,,
10.647520000001416,1706,,,,-0.53125,0.103515625,-1.35546875,0.07383992668395754,3.8564206400237278,12.042499542236328,9.1705322265625,6026,6027,110.4361301404424,46.59997117064349,42.196309406515766,0.08275585892321648,0.03491991828326011,0.728515625,,
10.672935000000521,1706,,,,-0.59375,0.458984375,-1.427734375,0.07342132490591137,3.863944810235078,12.047000885009766,9.149169921875,6023,6024,110.22005814593285,46.31933366964012,42.024414111914815,0.08341969765354569,0.03505663919283333,0.73828125,,
10.696210000000894,1706,,,,-0.19921875,0.25,-0.857421875,0.07334335446378322,3.856876313552037,12.046000480651855,9.2535400390625,6024,6023,111.46814775827806,46.260739574249726,41.50130822534837,0.08337256059993696,0.03460070334994519,0.7421875,,
10.722995000001044,1706,,,,-0.486328125,0.30078125,-0.677734375,0.07335296047613481,3.855464837013128,12.04228687286377,9.234793663024902,6026,6024,111.2080345018503,46.27671080279322,41.61274049135654,0.0833132858867838,0.03466894145088932,0.74609375,,
10.74666000000015,1706,,,,-0.037109375,0.375,-1.060546875,0.0737298451216135,3.8402497867629966,12.04355525970459,9.19813346862793,6025,6026,110.77822871555873,46.52779345267312,42.000846188054574,0.08253668402885256,0.03466610570767897,0.75,,
10.771795000001788,1706,,,,0.125,0.34765625,-1.220703125,0.07359552259339393,3.8392606417869106,12.044571876525879,9.192940711975098,6026,6026,110.72503516202505,46.438687726752754,41.940549089732556,0.08267375392640908,0.0346738263498303,0.744140625,,
10.79616000000015,1706,,,,0.349609375,0.01171875,-1.05859375,0.07332207479540019,3.8382714968108247,12.044000625610352,9.2474365234375,6024,6024,111.37613127357326,46.25564767675202,41.53102388081181,0.08297952119563405,0.03446224476394207,0.736328125,,
10.822830000001938,1706,,,,0.2734375,0.078125,-0.91796875,0.07343211991468598,3.8482518584796472,12.04228687286377,9.236886024475098,6025,6025,111.23323131867528,46.332889093888596,41.65381922705111,0.08305659184519186,0.034596242623345895,0.728515625,,
10.847714999999852,1706,,,,0.26171875,-0.302734375,-0.962890625,0.07389840479502163,3.8491409775592746,12.0426664352417,9.17371940612793,6026,6026,110.47604277850223,46.63525223106396,42.213000265193074,0.08253715362121156,0.03484140887700484,0.72265625,,
10.876855000000447,1706,,,,0.361328125,-0.40625,-0.87109375,0.07363978738336746,3.8471182316531216,12.042499542236328,9.3658447265625,6029,6027,112.78818083228543,46.47440395391772,41.205030182217904,0.08277929148844555,0.034109232042440124,0.724609375,,
10.898699999999256,1706,,,,0.73828125,-0.40625,-1.15234375,0.0741860177058833,3.8369822741453645,12.042667388916016,9.20138931274414,6032,6032,110.80927100930421,46.85929178417468,42.288241188988685,0.08188306156690978,0.0346269065683429,0.732421875,,
10.924044999999925,1706,,,,0.63671875,-0.09765625,-1.001953125,0.07428120910325511,3.8462957965044655,12.043999671936035,9.245954513549805,6032,6032,111.35827312792935,46.92123656733199,42.1353845110623,0.08197345334207101,0.03453982976267787,0.73828125,,
10.947210000000894,1706,,,,0.548828125,-0.39453125,-0.939453125,0.07360559671457349,3.860521701778511,12.04050064086914,9.23828125,6031,6031,111.23353131115437,46.48746517902428,41.79267225544117,0.08304435802020083,0.0347064563740177,0.734375,,
11.101650000000372,1706,,,,0.25,-0.189453125,-0.984375,0.07366943739653026,3.8591324532165925,12.044571876525879,9.171317100524902,6031,6031,110.4645880196831,46.52586437000116,42.11835231912598,0.08294595931687569,0.0349354713795606,0.734375,,
11.13288500000164,1706,,,,0.3046875,-0.287109375,-0.728515625,0.07351578198004775,3.8495985960355705,12.043845176696777,9.222196578979492,6026,6026,111.07070778629168,46.393905744421765,41.76970388420239,0.08297638524427171,0.034658990410347305,0.7265625,,
11.160620000001042,1706,,,,0.197265625,-0.138671875,-0.3203125,0.07360057886740574,3.8377010713513013,12.040800094604492,9.2314453125,6027,6026,111.1539875920862,46.44870980128928,41.78771343026139,0.08262233951748597,0.03452598646694465,0.73046875,,
11.183960000000894,1706,,,,0.349609375,0.03515625,-0.48046875,0.07376668305805341,3.8331812900799553,12.044000625610352,9.171549797058105,6026,6026,110.46215149358432,46.551188305532726,42.14220678857268,0.08234336070910508,0.03470130934669137,0.73046875,,
11.208485000001266,1706,,,,0.111328125,0.166015625,-0.59375,0.07352222723098426,3.839371781671864,12.042501449584961,9.1839599609375,6024,6024,110.59785114252008,46.37704543642437,41.93304386778849,0.08278603661664992,0.03471470505086325,0.7265625,,
11.231050000000746,1706,,,,0.125,0.087890625,-0.88671875,0.07347999012077266,3.838782740281611,12.042859077453613,9.189453125,6022,6023,110.66728898324072,46.34590325577386,41.87859274549719,0.08282895510949757,0.03468760078565718,0.724609375,,
11.255255000000819,1706,,,,-0.359375,-0.126953125,-0.900390625,0.07314722007875077,3.838538232534713,12.043999671936035,9.212471961975098,6021,6021,110.955009287748,46.12433589022952,41.57030510502847,0.08322153931213193,0.03459544780515445,0.728515625,,
11.27881499999948,1706,,,,-0.53125,-0.056640625,-0.978515625,0.07327400211477868,3.8402497867629966,12.04285717010498,9.197823524475098,6022,6021,110.76807498108519,46.201665092366994,41.7102717549767,0.08311929405759548,0.03466928343224128,0.734375,,
11.302054999999703,1706,,,,-0.4609375,-0.05078125,-0.83984375,0.07362495350367843,3.8533198372335256,12.045500755310059,9.217529296875,6020,6021,111.0297561076004,46.42250043876731,41.8108641018527,0.08300543488208205,0.03470528957569917,0.732421875,,
11.324715000001714,1706,,,,-0.578125,0.298828125,-1.248046875,0.07359632899818382,3.845917920895624,12.045143127441406,9.190848350524902,6019,6020,110.70508384468121,46.39613671939892,41.90967127082665,0.08289306379441692,0.03474021054255676,0.736328125,,
11.347250000001862,1706,,,,-0.3125,-0.29296875,-0.98046875,0.07343315436532878,3.836671082467495,12.044571876525879,9.210379600524902,6020,6020,110.9350791086099,46.2951103757966,41.73171439348939,0.08287421827755989,0.034584832077428275,0.736328125,,
11.373300000000745,1706,,,,0.125,0.154296875,-1.509765625,0.07337608952372318,3.84322833567975,12.04285717010498,9.273856163024902,6019,6020,111.68372518740671,46.25926960064433,41.419884162191664,0.08308017763484572,0.034411713338096166,0.734375,,
11.399120000001043,1706,,,,0.224609375,0.353515625,-1.291015625,0.07366165700860768,3.84802957870974,12.041500091552734,9.215087890625,6023,6022,110.96348167862743,46.45262164864515,41.86298135739944,0.08283772674479338,0.03467834210406634,0.73828125,,
11.554734999999404,1706,,,,0.1484375,0.333984375,-1.09375,0.07391602898759372,3.8249569385933984,12.047111511230469,9.175347328186035,6023,6023,110.53643241692771,46.61730930428915,42.173705343099265,0.08205014394173696,0.03460358593957696,0.734375,,
11.582655000001193,1706,,,,0.02734375,0.27734375,-1.29296875,0.07383527948859114,3.8576542927467115,12.04313850402832,9.268535614013672,6031,6031,111.62225812908582,46.63049861496346,41.77526901582434,0.08272813732059928,0.034559901917460924,0.728515625,,
11.60934500000067,1706,,,,0.125,0.056640625,-1.3046875,0.07366196874135862,3.849874500799968,12.04222297668457,9.17263412475586,6028,6028,110.45890541385597,46.501217071584826,42.09820557007956,0.08279083308450616,0.034853455105096846,0.732421875,,
11.631275000000372,1706,,,,0.1484375,0.39453125,-1.5078125,0.07353631842457758,3.8564873239547,12.046500205993652,9.188232421875,6025,6025,110.68604376283474,46.39832575173187,41.91885821770705,0.08311695005095636,0.034841676446742784,0.73046875,,
11.652965000001714,1706,,,,0.349609375,0.0703125,-1.1328125,0.07315745028278431,3.8629223232935064,12.043999671936035,9.248744010925293,6023,6024,111.3918698334046,46.15228636342552,41.43236524573107,0.08369947900034637,0.034678673848197485,0.720703125,,
11.675169999999925,1706,,,,0.1875,0.533203125,-1.390625,0.07354586966120963,3.8383604087187875,12.04285717010498,9.192940711975098,6024,6025,110.70927196755929,46.40046932887061,41.91199933323305,0.08272244794581292,0.03467063183148316,0.716796875,,
11.698075000001118,1706,,,,0.2734375,0.416015625,-1.228515625,0.0741420645226818,3.8487186459964513,12.043999671936035,9.192243576049805,6024,6025,110.71137861429997,46.780497688843,42.25446225524701,0.08227186191125878,0.03476353283798179,0.720703125,,
11.724685000000521,1706,,,,0.01171875,0.1796875,-1.078125,0.07347352770373522,3.8466069881823355,12.043334007263184,9.178059577941895,6023,6024,110.5344370357152,46.34943708030623,41.93212389124494,0.08299144996124991,0.03480007761689186,0.71484375,,
11.747040000000968,1706,,,,0.287109375,0.2421875,-1.2421875,0.07345042338906105,3.852652997923805,12.045777320861816,9.27463150024414,6023,6023,111.72014578499147,46.324892103750315,41.46511963285821,0.08316593569814071,0.03448485473101998,0.70703125,,
11.774185000000521,1706,,,,0.25,-0.1875,-1.212890625,0.07352414172622361,3.843784035104517,12.044571876525879,9.208984375,6024,6024,110.91827421449125,46.37915232686781,41.81380629595882,0.08287741026430495,0.03465419979102357,0.701171875,,
11.798445000000298,1706,,,,0.15625,-0.021484375,-1.126953125,0.07388345559986684,3.8581433082405066,12.043111801147461,9.15256118774414,6024,6024,110.22531765084568,46.60999273016781,42.286104248582504,0.0827750248873857,0.035002333315670014,0.69921875,,
11.823620000001043,1706,,,,0.236328125,-0.08984375,-0.9765625,0.07356705738463479,3.843450615449657,12.044000625610352,9.196428298950195,6021,6023,110.7617881859369,46.400571372201675,41.89221944874038,0.08283196740444121,0.03470014955877761,0.6953125,,
11.846214999999852,1706,,,,0.298828125,-0.150390625,-0.58203125,0.07328707255165912,3.8494966251911262,12.046501159667969,9.189453125,6022,6022,110.70075772702694,46.21956651721631,41.7518068224858,0.08328716418742761,0.034773895899461345,0.69921875,,
11.875750000001863,1706,,,,-0.125,-0.060546875,-0.458984375,0.07342197243316771,3.8499967546734166,12.04571533203125,9.173409461975098,6022,6021,110.50027900311397,46.29675648687054,41.89741139528332,0.08315910328977907,0.034841511617947324,0.703125,,
11.898515000000597,1706,,,,0.09375,0.037109375,-0.689453125,0.07356061603249463,3.840927740061213,12.043109893798828,9.239909172058105,6021,6021,111.27724156781551,46.38378422301835,41.68308233516982,0.08280755450209945,0.03451674112285073,0.697265625,,
11.923544999999926,1706,,,,-0.173828125,-0.17578125,-0.576171875,0.07366467917509455,3.8319142953914858,12.043428421020508,9.236886024475098,6022,6022,111.24377566889052,46.45827059236399,41.76257980549298,0.08248077783638615,0.034446100668112135,0.693359375,,
11.947335000000894,1706,,,,-0.26171875,-0.146484375,-0.681640625,0.07369883546932983,3.841372299601027,12.046000480651855,9.2425537109375,6023,6023,111.33580644440372,46.481327150565754,41.74876765614171,0.08264334379175038,0.034502577582884275,0.693359375,,
11.97306000000052,1706,,,,-0.2109375,-0.17578125,-0.94140625,0.07398043758337258,3.8473960813655057,12.043999671936035,9.222237586975098,6025,6025,111.07262647204425,46.6758221793832,42.02279505034572,0.08242803022471251,0.03463856220536797,0.693359375,,
11.994915000000969,1706,,,,-0.125,-0.12109375,-0.89453125,0.07384324382887303,3.8586767796882833,12.043499946594238,9.2340087890625,6025,6026,111.20978435792495,46.59986069795223,41.90266258225279,0.08280447026868146,0.03469727777970742,0.6875,,
12.019884999999777,1706,,,,-0.296875,-0.021484375,-0.9921875,0.07382724107445389,3.8457178691027076,12.041143417358398,9.237584114074707,6028,6027,111.23107514748517,46.59293391268481,41.888414591790664,0.08253865009465995,0.034574131950118575,0.6796875,,
12.045390000000596,1706,,,,-0.037109375,-0.150390625,-1.009765625,0.0739298619877283,3.8443286205407894,12.042500495910645,9.2266845703125,6026,6027,111.11235351359937,46.65888776782741,41.99252944643702,0.08239220445352236,0.03459857071671397,0.67578125,,
12.068385000001639,1706,,,,-0.3125,0.0390625,-0.6875,0.07350713316662728,3.866656623427943,12.04571533203125,9.403599739074707,6029,6027,113.27308555325726,46.394233637113764,40.95786162309557,0.08334347439968817,0.03413570491650436,0.673828125,,
12.092980000000447,1706,,,,-0.171875,0.0546875,-0.853515625,0.07391036602358077,3.8583322460449274,12.044501304626465,9.202880859375,6033,6034,110.84411051706411,46.69963184359144,42.130909459914136,0.08262018550740254,0.034808635551736855,0.66796875,,
12.118324999999254,1706,,,,-0.55078125,-0.2578125,-0.50390625,0.07471326377008088,3.8454177914133334,12.04285717010498,9.215262413024902,6032,6033,110.97808902509587,47.20227652862826,42.53296929446518,0.08146678665129807,0.03465024335158407,0.671875,,
12.143290000000968,1706,,,,-0.486328125,-0.193359375,-0.529296875,0.07332821219120364,3.8525418580388515,12.04699993133545,9.2132568359375,6031,6031,110.99210446991492,46.313632127664675,41.726960984164656,0.08318375564713267,0.03471005326404192,0.68359375,,
12.169120000001042,1706,,,,-0.412109375,-0.12890625,-0.697265625,0.07352432449826747,3.8492410034557327,12.045499801635742,9.2413330078125,6027,6028,111.3164749124553,46.41584115161764,41.6971891969462,0.08292946778411626,0.0345792570819635,0.685546875,,
12.195490000000223,1706,,,,-0.2734375,-0.08984375,-0.6796875,0.0737490576777425,3.848785329927424,12.048500061035156,9.173583984375,6028,6028,110.52792719565332,46.55398743351782,42.119660265689504,0.08267359128847436,0.03482183578015008,0.6875,,
12.219320000000298,1706,,,,-0.111328125,-0.001953125,-1.103515625,0.07361739249810209,3.851630510982233,12.04355525970459,9.26540756225586,6026,6027,111.58844797971324,46.46443515482715,41.6391087035052,0.08289416406651594,0.034516391084518525,0.681640625,,
12.24250500000082,1706,,,,-0.44921875,-0.1328125,-0.70703125,0.07348266560725888,3.8613144070079417,12.045143127441406,9.208287239074707,6027,6027,110.91513775324711,46.379259950465,41.815085740275535,0.08325519663599609,0.03481323185657676,0.6796875,,
12.26909500000067,1706,,,,-0.111328125,0.0859375,-0.71875,0.07373241033048056,3.859810406514809,12.04571533203125,9.231306076049805,6025,6026,111.19768513494637,46.52967742810044,41.8441061714849,0.08295373232447498,0.0347112478270627,0.677734375,,
12.294455000001937,1706,,,,0.037109375,0.005859375,-0.826171875,0.0733888444412802,3.851652738959223,12.046000480651855,9.1815185546875,6026,6026,110.60057692287955,46.31397039055541,41.87498083563306,0.0831639504555341,0.03482488831541027,0.669921875,,
12.318020000001416,1706,,,,-0.2109375,-0.126953125,-0.5546875,0.07355601884704577,3.8558649405989605,12.042667388916016,9.20681381225586,6026,6025,110.87459645267518,46.409049154998314,41.85724290307309,0.08308433399962642,0.03477681149662418,0.669921875,,
12.342900000000373,1706,,,,0.2734375,0.23828125,-0.9609375,0.07365293914542338,3.843028283886834,12.040572166442871,9.225725173950195,6026,6026,111.08300974471604,46.4790340813469,41.84171295696982,0.0826830496769968,0.03459600430991777,0.6796875,,
12.370460000000895,1706,,,,0.048828125,-0.18359375,-1.353515625,0.07368205048409907,3.840272014739987,12.042500495910645,9.219970703125,6025,6027,111.03150176466443,46.50099008569626,41.88089807544611,0.08258473653276595,0.03458722933316342,0.685546875,,
12.392830000000075,1706,,,,0.197265625,-0.15234375,-1.16015625,0.07365796705343756,3.840183102832025,12.04699993133545,9.2041015625,6027,6028,110.881810891442,46.49648274278565,41.933372452139764,0.08259083002203782,0.03463312036445479,0.689453125,,
12.554865000000223,1706,,,,0.296875,-0.17578125,-1.126953125,0.07370358237231325,3.8566540337821302,12.041144371032715,9.221540451049805,6027,6028,111.03789989440884,46.52396227941666,41.89917345668324,0.08289607859751036,0.034732771760359334,0.685546875,,
12.583085000000894,1706,,,,0.17578125,-0.0703125,-1.181640625,0.07361779092901834,3.84650612873674,12.043109893798828,9.198857307434082,6026,6026,110.78284945080304,46.45503731863228,41.933419792801274,0.08280062509376084,0.034721133711630284,0.6953125,,
12.609300000000745,1706,,,,-0.162109375,0.21484375,-1.47265625,0.07345489305983115,3.8458067810106704,12.046222686767578,9.1650390625,6024,6025,110.40410147979856,46.34166247232417,41.97458414242304,0.08298810564483818,0.034833912232095525,0.70703125,,
12.63156000000052,1706,,,,-0.46875,0.056640625,-1.232421875,0.07363211850315973,3.8446175842416683,12.044499397277832,9.2523193359375,6024,6024,111.43955466512125,46.446946517241635,41.679048930889856,0.08277438825423114,0.03449957778272574,0.71484375,,
12.654710000000893,1706,,,,-0.421875,0.16796875,-1.529296875,0.07360059228186767,3.8448287500230798,12.041143417358398,9.232701301574707,6024,6025,111.1722805018926,46.43747584839445,41.770732451246154,0.08279581695127843,0.03458441917954202,0.72265625,,
12.677515000000597,1706,,,,-0.63671875,0.126953125,-1.34765625,0.07395833544079214,3.8460624027460635,12.04285717010498,9.231306076049805,6026,6026,111.17130056739006,46.672753495713145,41.98273588372833,0.0824048746791706,0.03459582089187352,0.736328125,,
12.69844000000134,1706,,,,-0.21875,-0.03125,-1.24609375,0.07398402846715192,3.8472960554690476,12.045144081115723,9.227818489074707,6029,6026,111.15040325528844,46.69061688072758,42.00670039270063,0.08239976921480963,0.034613424178341845,0.740234375,,
12.72529000000097,1706,,,,-0.5625,0.337890625,-1.33203125,0.07405382363313429,3.836559942582541,12.045143127441406,9.222935676574707,6027,6028,111.09158027952799,46.746626698869164,42.079360633133106,0.08207137527370185,0.034535109977993035,0.74609375,,
12.747905000001191,1706,,,,-0.33203125,0.15234375,-1.09765625,0.0737799240751881,3.845728983091203,12.042500495910645,9.248046875,6028,6028,111.36960907839239,46.57190179970383,41.81742414748188,0.08257616361966261,0.03453122458555294,0.748046875,,
12.77307000000216,1706,,,,-0.3984375,0.08203125,-1.06640625,0.07370193351136704,3.8471738015955985,12.041143417358398,9.236188888549805,6026,6028,111.21427503684026,46.52678131557729,41.835260176955764,0.08268729735464324,0.03459244598160806,0.74609375,,
12.796429999999702,1706,,,,-0.5625,0.185546875,-1.162109375,0.0737460169266365,3.852719681854777,12.044500350952148,9.2449951171875,6029,6028,111.35134693351574,46.55573316405316,41.80976202456722,0.08275499965339517,0.034599668418515944,0.75,,
12.817984999999403,1706,,,,-0.359375,0.166015625,-1.2109375,0.07377815350594659,3.8542311842901444,12.044570922851562,9.178292274475098,6027,6028,110.5485922505759,46.57469783229904,42.13052096288129,0.08275375608808089,0.034864588556260574,0.748046875,,
12.843109999999404,1706,,,,-0.474609375,0.0546875,-0.94140625,0.07381831626524746,3.856209474242316,12.043999671936035,9.1796875,6024,6027,110.56015323847532,46.59095372190496,42.14081869207391,0.08276734357616938,0.034878836192679424,0.74609375,,
12.864724999999627,1706,,,,-0.203125,0.212890625,-0.966796875,0.07356647874622986,3.853942220589265,12.042999267578125,9.21142578125,6024,6025,110.93319393694401,46.41485209353781,41.84036395807793,0.08303252184931205,0.034741109345322735,0.74609375,,
12.889140000000596,1706,,,,-0.048828125,0.40625,-0.576171875,0.07310169810217271,3.840649890348829,12.04285717010498,9.256417274475098,6024,6023,111.47371114339603,46.10902393360636,41.363137066723525,0.08329497271248,0.03445341373275306,0.74609375,,
13.047775000000373,1706,,,,0.0625,0.3359375,-0.87109375,0.07355689718732446,3.8554537230246324,12.047429084777832,9.155970573425293,6024,6024,110.30590618565384,46.39960756968814,42.064481562386895,0.08309237782311152,0.034952377949151604,0.740234375,,
13.082804999999702,1706,,,,0.439453125,-0.373046875,-0.80078125,0.0734783632041744,3.843537860259345,12.043624877929688,9.223356246948242,6024,6024,111.08264275375404,46.3498880585216,41.72558998372876,0.08292442595344512,0.03460070596969527,0.74609375,,
13.107884999999776,1706,,,,0.6875,-0.01171875,-0.927734375,0.0739150250063816,3.8480518066867306,12.0436372756958,9.195667266845703,6025,6024,110.74928106987863,46.6281167346298,42.10241031290236,0.08252642560253473,0.03474561432375127,0.771484375,,
13.129765000000596,1706,,,,0.291015625,-0.0390625,-0.8203125,0.07350392403607717,3.8365154866285596,12.046857833862305,9.181779861450195,6021,6023,110.61159665271043,46.35966984117027,41.91212426552951,0.08275545317239284,0.034684568370115375,0.7734375,,
13.151925000000745,1706,,,,0.265625,0.087890625,-1.224609375,0.07336269769869225,3.8437951490930127,12.041500091552734,9.5166015625,6028,6024,114.59415858611465,46.28185411222075,40.387620698345714,0.08305188335309273,0.03354267963147962,0.76953125,,
13.17483999999985,1706,,,,0.3125,-0.09765625,-0.890625,0.07409727517135299,3.853553230991928,12.045333862304688,9.183756828308105,6032,6032,110.62141710719152,46.806108799350866,42.311977213233504,0.0823301344598287,0.03483550773226723,0.771484375,,
13.199115000000223,1706,,,,0.1875,-0.044921875,-0.662109375,0.07446111688003489,3.8548980235998647,12.043500900268555,9.2523193359375,6032,6032,111.43031625193544,47.03537596000076,42.210573874400005,0.08195741917483766,0.034594696966346525,0.76953125,,
13.223900000000372,1706,,,,0.32421875,-0.078125,-0.68359375,0.0733975445582492,3.844250822621322,12.044572830200195,9.209681510925293,6031,6030,110.92667970128787,46.35132793366864,41.785554258440946,0.08293723166082018,0.03465578193608088,0.7734375,,
13.24609500000067,1706,,,,0.173828125,0.0390625,-0.759765625,0.07359313020794812,3.84322833567975,12.047500610351562,9.176025390625,6028,6029,110.54817149415612,46.46612943873466,42.03247218900494,0.08271031786168084,0.03476519135264859,0.775390625,,
13.270875,1706,,,,0.09375,0.13671875,-0.951171875,0.07349561615238577,3.852208438383991,12.043428421020508,9.229212760925293,6028,6027,111.15136326857282,46.385384130509564,41.731727588828115,0.08304789343870575,0.03465732065810094,0.7734375,,
13.293325000001117,1706,,,,-0.009765625,-0.15234375,-0.80078125,0.07335091616802944,3.847640589112403,12.043999671936035,9.176897048950195,6025,6026,110.52654504694692,46.28708545968659,41.878704740138055,0.0831255748963386,0.03481191407437997,0.771484375,,
13.318984999999405,1706,,,,-0.09375,-0.310546875,-1.0078125,0.07338540195498601,3.851408231212326,12.04228687286377,9.201311111450195,6024,6025,110.80482801055223,46.298136629215364,41.783501188961075,0.08318711100744353,0.034758487516857534,0.763671875,,
13.342645000001415,1706,,,,-0.423828125,-0.099609375,-1.0390625,0.07345253183506253,3.8534309771184794,12.045500755310059,9.176025390625,6025,6023,110.52982077351771,46.33081240930135,41.91702482195822,0.08317210030931523,0.034863269931599654,0.759765625,,
13.365700000001118,1706,,,,-0.5,-0.04296875,-0.98046875,0.07370725038924875,3.8416056933594294,12.045500755310059,9.1705322265625,6024,6024,110.46365286165383,46.49651974743564,42.092143925086845,0.08262135992600393,0.03477710173291759,0.75390625,,
13.38797000000067,1706,,,,-0.787109375,-0.009765625,-0.791015625,0.0735905806217765,3.834826160377267,12.040573120117188,9.279436111450195,6023,6023,111.72972901337198,46.41322537201713,41.54062287796503,0.08262356536611894,0.034322343697068394,0.759765625,,
13.408900000000372,1706,,,,-0.609375,0.142578125,-1.0625,0.0734903476224606,3.8383604087187875,12.042284965515137,9.190848350524902,6023,6023,110.67881491185562,46.3512169984232,41.879032618245155,0.08281034797531557,0.034680172639864726,0.76953125,,
13.429825000001118,1706,,,,-0.328125,0.2890625,-1.23046875,0.073692655175195,3.8312696840587557,12.045333862304688,9.23095703125,6023,6024,111.18995930999517,46.48450586165227,41.806388049890806,0.08242035949486964,0.034456975322540224,0.771484375,,
13.45200500000082,1706,,,,-0.171875,0.171875,-1.185546875,0.07360644210514337,3.82404559153678,12.047430038452148,9.204798698425293,6023,6023,110.89416833731411,46.426754704795144,41.86582162154444,0.08236728187985573,0.034483739306335096,0.7734375,,
13.475744999999181,1706,,,,-0.361328125,0.2578125,-1.0859375,0.07356162382888104,3.8483407703876096,12.041714668273926,9.172014236450195,6023,6022,110.44677836867959,46.39293722767971,42.004789920459814,0.08295100505280252,0.0348433954093397,0.767578125,,
13.497634999999777,1706,,,,0.125,0.20703125,-1.169921875,0.07323681904283526,3.8496966769840424,12.043999671936035,9.218052864074707,6022,6022,111.0222256708048,46.18332446873853,41.59826934624608,0.0833568549096092,0.034675009023858776,0.763671875,,
13.524010000001638,1706,,,,0.140625,0.09375,-1.17578125,0.07322648152310623,3.8494521692371446,12.043428421020508,9.209681510925293,6020,6021,110.91614005722477,46.16956866004922,41.625653972658114,0.08337639447275358,0.03470596945810685,0.763671875,,
13.547485000001267,1706,,,,0.3125,0.216796875,-0.955078125,0.07335497879372019,3.8384270926497592,12.046001434326172,9.20654296875,6022,6021,110.90202980674803,46.25404401680502,41.70712122889441,0.08298576209369245,0.03461097239913821,0.7578125,,
13.571790000000968,1706,,,,0.203125,0.279296875,-1.26953125,0.07352072648805523,3.8448434760578363,12.046286582946777,9.177595138549805,6021,6021,110.55594118123008,46.35426064176649,41.928330713389464,0.08294476975420734,0.03477735737200349,0.748046875,,
13.59603500000015,1706,,,,0.287109375,-0.048828125,-1.37109375,0.07342308331829674,3.8408054861877643,12.042500495910645,9.244384765625,6022,6023,111.32550812442787,46.3101210436735,41.59884093402291,0.0829366324170397,0.03450067779519963,0.744140625,,
13.620775000000373,1706,,,,-0.037109375,-0.2421875,-1.083984375,0.07354396438841285,3.8429615999558613,12.042284965515137,9.1845703125,6023,6022,110.60321298893541,46.38107741166188,41.934656469972325,0.08285623824231393,0.03474547887085618,0.73828125,,
13.643169999999925,1706,,,,0.2734375,-0.060546875,-0.76171875,0.07375183307402337,3.850463542190221,12.043000221252441,9.227294921875,6022,6022,111.12431478570215,46.50795937709426,41.85219001510389,0.08279149620326326,0.034650054307337266,0.73046875,,
13.668700000001117,1706,,,,0.203125,-0.095703125,-0.63671875,0.07371354819965949,3.8537643967733395,12.043999671936035,9.362443923950195,6024,6024,112.76127154857568,46.49854105556764,41.23626881551867,0.08287925404300178,0.03417631198946885,0.72265625,,
13.69547500000149,1706,,,,0.05078125,-0.07421875,-0.58984375,0.07406175940524096,3.843006055909843,12.045000076293945,9.178466796875,6029,6029,110.55463326862082,46.7557330066831,42.29197060703739,0.08219325863975947,0.034761148784893295,0.716796875,,
13.721925000000745,1706,,,,0.048828125,0.203125,-0.544921875,0.07393967169728705,3.8520306145680654,12.041777610778809,9.15907096862793,6027,6027,110.29149572555798,46.67059521600854,42.3156789279026,0.08253656497714379,0.03492590783384788,0.712890625,,
13.747875000001862,1706,,,,0.111328125,0.203125,-0.7421875,0.07301307098790862,3.853875536658293,12.043000221252441,9.2236328125,6024,6025,111.08021200168878,46.06928460963376,41.47388970497586,0.08365390453344246,0.03469452810010573,0.70703125,,
13.77469000000134,1706,,,,0.103515625,0.171875,-0.744140625,0.07324415088468687,3.844895433954052,12.04699993133545,9.1766357421875,6024,6024,110.55093015602324,46.20138826481821,41.791948923100925,0.08322034420082333,0.03477940374203687,0.697265625,,
13.798175000000745,1706,,,,-0.0859375,0.00390625,-1.005859375,0.07354911568153007,3.8399385950851266,12.044888496398926,9.19704818725586,6022,6023,110.7774199115047,46.386560960039645,41.87366071271191,0.08278127361916517,0.034663549648950916,0.6875,,
13.823155000001192,1706,,,,-0.203125,-0.513671875,-0.892578125,0.07341882422663222,3.8534309771184794,12.044001579284668,9.186662673950195,6023,6022,110.64417975341166,46.2983274439018,41.84434061247963,0.08323045755351655,0.03482723615201875,0.68359375,,
13.848610000001267,1706,,,,-0.3125,-0.07421875,-0.716796875,0.0733624375140243,3.844072998805396,12.043499946594238,9.2413330078125,6019,6021,111.29799358604942,46.25501999342799,41.55961711714613,0.08310607149994897,0.03453856511648049,0.685546875,,
13.873339999999851,1706,,,,-0.125,0.1328125,-0.75,0.0735231574400791,3.831580875736625,12.045000076293945,9.25048828125,6022,6022,111.4221320534125,46.363663515609296,41.610820634255965,0.08264189205942804,0.03438796947360402,0.68359375,,
13.896930000001564,1706,,,,0.19921875,-0.060546875,-0.87109375,0.07396706546083258,3.84466204019565,12.042856216430664,9.236886024475098,6025,6024,111.23849028031145,46.65843089086036,41.94450209930494,0.0824001572017879,0.03456233566733449,0.681640625,,
13.922384999999776,1706,,,,-0.265625,-0.078125,-0.96875,0.07402008877657817,3.856209474242316,12.041001319885254,9.1400146484375,6023,6024,110.05492844560649,46.69555186698924,42.429314639978195,0.08258194453353081,0.03503895308194405,0.67578125,,
13.946589999999851,1706,,,,0.0234375,-0.1640625,-0.9140625,0.07365013244873134,3.8516416249707284,12.042500495910645,9.190673828125,6021,6023,110.6786941329483,46.45107147041773,41.96929845831056,0.08291825146430988,0.034800208433468684,0.6796875,,
13.971460000000894,1706,,,,0.2109375,-0.171875,-1.3359375,0.07364066225780681,3.8366266265135134,12.044571876525879,9.216657638549805,6021,6022,111.0106953888444,46.438360045125705,41.83232965297896,0.08261761661663623,0.034560873734505594,0.6796875,,
13.99408999999985,1706,,,,0.26171875,-0.21875,-1.025390625,0.07373529360139285,3.839105045947976,12.04900074005127,9.2169189453125,6022,6022,111.05466319306288,46.496881538880686,41.86846387355047,0.08256693608016953,0.03456950780422329,0.673828125,,
14.023155000001193,1706,,,,0.125,-0.083984375,-1.083984375,0.07375509167040185,3.8426392942894965,12.041714668273926,9.298270225524902,6025,6023,111.96711696427792,46.51947665694781,41.547445284126965,0.08260280575868406,0.03431935552574293,0.6640625,,
14.048230000000448,1706,,,,0.103515625,0.048828125,-1.26953125,0.07402967173282334,3.847596133158422,12.04444408416748,9.22960090637207,6027,6027,111.1654120359799,46.72274274485557,42.02992809466064,0.08234953487575519,0.03461145029456739,0.65625,,
14.076165000000968,1706,,,,-0.0859375,0.2265625,-1.23828125,0.07384842558399754,3.856687375747616,12.043001174926758,9.254150390625,6028,6028,111.44774402724579,46.61364400108178,41.8255608562934,0.08273730703521297,0.03460534270487132,0.654296875,,
14.099214999999852,1706,,,,-0.25,0.125,-1.056640625,0.07361635483357779,3.855023889519575,12.047555923461914,9.18836784362793,6028,6027,110.69737544144664,46.46465180977419,41.974483698894616,0.08296680894762762,0.03482488969721499,0.654296875,,
14.125654999999329,1706,,,,-0.390625,0.197265625,-0.837890625,0.07355051944907803,3.844850978000071,12.043999671936035,9.182477951049805,6025,6026,110.59376143000372,46.41617166504003,41.96997286724663,0.08283429761821472,0.034765532235139035,0.65625,,
14.149570000000297,1706,,,,-0.236328125,0.14453125,-1.234375,0.07332851122191762,3.848418568307077,12.044445037841797,9.224175453186035,6025,6024,111.10007426530865,46.26168918290494,41.63965639881692,0.08318802525976898,0.034639207883128825,0.65625,,
14.177335000000895,1706,,,,-0.375,-0.103515625,-0.935546875,0.07354497564321522,3.851897246706121,12.04285717010498,9.181082725524902,6023,6024,110.56646793041455,46.39287470875107,41.959262674420074,0.08302777680598307,0.03483784296275366,0.66015625,,
14.199635000001638,1706,,,,-0.5234375,0.18359375,-1.115234375,0.07371923062162895,3.8458437350224175,12.043111801147461,9.16720962524414,6022,6022,110.4017304213703,46.48930357625016,42.10921640341544,0.08272534624474631,0.03483499507067494,0.658203125,,
14.226665000000969,1706,,,,-0.19921875,0.21875,-1.1484375,0.07311866096875808,3.8307584405879695,12.043999671936035,9.202706336975098,6022,6021,110.83739210345175,46.10500087022139,41.59697372452484,0.08308769912771449,0.03456196837446765,0.658203125,,
14.250814999999479,1706,,,,-0.291015625,0.48046875,-0.75390625,0.0735205375677163,3.835659709514418,12.041999816894531,9.2529296875,6021,6020,111.42377760261297,46.35046350047901,41.59835943256699,0.08275342725482732,0.034424068112230914,0.6640625,,
14.408064999999478,1706,,,,0.28125,-0.103515625,-0.705078125,0.0735044617324264,3.8442841645868078,12.043500900268555,9.219970703125,6021,6021,111.04072546353564,46.346927227991415,41.73867473804569,0.08294582606686894,0.034620488550835535,0.669921875,,
14.432695000000297,1706,,,,0.412109375,-0.3671875,-0.857421875,0.07380395605492536,3.8518564027984006,12.044307708740234,9.236309051513672,6026,6026,111.24494830945332,46.56955055910961,41.86217106197553,0.08271190845849655,0.03462500060752044,0.67578125,,
14.459440000001342,1706,,,,0.25,-0.361328125,-0.685546875,0.07321125652801139,3.8476294751239073,12.043000221252441,9.27734375,6025,6024,111.72705283388495,46.18331594034963,41.335840129081966,0.08331210950927616,0.03443776039492009,0.6796875,,
14.48122000000067,1706,,,,0.36328125,-0.16015625,-0.744140625,0.07394076948235559,3.8426059523240106,12.043000221252441,9.2645263671875,6028,6026,111.57269308983814,46.66012398830067,41.8203797865935,0.08235310204678167,0.034440380042004996,0.677734375,,
14.503375,1706,,,,0.421875,0.001953125,-0.66796875,0.07409777667660182,3.8523862621999165,12.046286582946777,9.153878211975098,6027,6027,110.27024028684446,46.76988521702451,42.41387802852579,0.08236894840181531,0.034935865308525285,0.677734375,,
14.524919999999925,1706,,,,0.328125,-0.21484375,-0.869140625,0.07365183566619521,3.847929552813282,12.043429374694824,9.186662673950195,6026,6027,110.63892310286428,46.481493252402764,42.01188148694067,0.08278412080950887,0.03477916672449666,0.673828125,,
14.548025000000372,1706,,,,0.63671875,0.099609375,-0.87890625,0.07305601962353872,3.85474242776093,12.043334007263184,9.164225578308105,6024,6024,110.36782955746912,46.086750551986185,41.75741313096002,0.08364101138813754,0.034926322672257905,0.67578125,,
14.575575000001118,1706,,,,0.390625,-0.0234375,-0.931640625,0.07300288298353659,3.857720976677683,12.038999557495117,9.2333984375,6021,6023,111.1608797032386,46.04233230645388,41.41954654314638,0.08378639359537693,0.034703944292060966,0.67578125,,
14.598475000001491,1706,,,,0.01953125,-0.103515625,-1.015625,0.07375062744925694,3.841916885037299,12.043498992919922,9.1949462890625,6022,6023,110.73932637227699,46.51363644452511,42.002816856730995,0.08259764616811663,0.034693338047964706,0.68359375,,
14.623450000001117,1706,,,,-0.234375,-0.2421875,-0.7734375,0.07336876103548708,3.8370267300993457,12.047499656677246,9.25537109375,6024,6022,111.50408007437363,46.270055786143715,41.496289423025075,0.08292677985593444,0.034411536578213414,0.68359375,,
14.647015000000597,1706,,,,-0.423828125,-0.240234375,-0.859375,0.07369700816809303,3.842561496370029,12.04285717010498,9.213170051574707,6025,6024,110.95289101500293,46.4906589425852,41.90125964027272,0.08265233454994682,0.03463236929852005,0.6875,,
14.673515000000595,1706,,,,-0.359375,-0.21484375,-1.0390625,0.07380670423190057,3.847707273043375,12.042500495910645,9.2523193359375,6025,6026,111.42106019135099,46.57188201818533,41.79809628287889,0.0826186768990982,0.03453303411792568,0.685546875,,
14.696615000000223,1706,,,,-0.44921875,-0.08984375,-1.154296875,0.07363483339462788,3.8473071694575425,12.042499542236328,9.1693115234375,6026,6025,110.42142982361838,46.4597120025575,42.074905275877974,0.08280953547981006,0.03484203361252464,0.6875,,
14.718775000000372,1706,,,,-0.59375,0.005859375,-0.91796875,0.07338324697756965,3.853742168796349,12.046501159667969,9.2742919921875,6024,6025,111.72276923898607,46.29677546157345,41.438979517720384,0.08323996931481704,0.03449379383492377,0.685546875,,
14.744870000001043,1706,,,,-0.63671875,-0.11328125,-1.076171875,0.07344605153207588,3.8518305627751492,12.042667388916016,9.247233390808105,6024,6025,111.36135599318004,46.34115847903077,41.6133209457945,0.0831189959249312,0.03458857454116347,0.689453125,,
14.768065000001341,1706,,,,-0.51171875,-0.033203125,-1.158203125,0.07360322095747113,3.856231702219307,12.043111801147461,9.20193099975586,6025,6025,110.81988381650444,46.44114613537943,41.90687134474592,0.08303480906733227,0.03479729060720236,0.693359375,,
14.792794999999925,1706,,,,-0.453125,0,-1.220703125,0.0736646080504995,3.838716056350639,12.04228687286377,9.234095573425293,6025,6025,111.19962790662885,46.476155992321345,41.79524416335821,0.0825953862661288,0.034520943357597374,0.697265625,,
14.819160000002011,1706,,,,-0.375,0.044921875,-1.2421875,0.07365666445329005,3.8476517031008983,12.044000625610352,9.22607421875,6024,6025,111.11884366255254,46.46885202309134,41.81905650873104,0.08280066185385687,0.0346264555702677,0.697265625,,
14.843095000000671,1706,,,,-0.197265625,0.31640625,-1.37890625,0.07366724538960961,3.8476294751239073,12.045500755310059,9.3487548828125,6030,6027,112.61043400212657,46.49322456725208,41.28678215233065,0.08275677823890967,0.034167610747786015,0.701171875,,
14.868135000001638,1706,,,,0.099609375,0.185546875,-1.373046875,0.07487406683785289,3.854031132497228,12.048001289367676,9.169224739074707,6032,6032,110.47083147887406,47.2953665922774,42.81253789722941,0.08148855607192887,0.034887318950199586,0.703125,,
14.897015000000597,1706,,,,-0.19921875,0.1875,-1.173828125,0.07392703572827926,3.851697194913205,12.041500091552734,9.1943359375,6028,6029,110.71359703317285,46.67779524337148,42.16085150714191,0.08251669074837395,0.03478973945502945,0.701171875,,
14.921599999999627,1706,,,,0.3125,0.16015625,-1.62109375,0.07332976725571681,3.851119267511447,12.042399406433105,9.173828125,6026,6027,110.47490236721933,46.284570135844326,41.89600456218925,0.08320525082567443,0.03485967568190556,0.708984375,,
14.942950000001117,1706,,,,0.07421875,0.169921875,-1.228515625,0.07330360308131505,3.845873464941643,12.045143127441406,9.195731163024902,6025,6025,110.76389802010817,46.25031785982211,41.7557694217531,0.08315344937948141,0.03472136258913044,0.708984375,,
14.967950000001117,1706,,,,0.099609375,0.3515625,-1.078125,0.0735207700850565,3.8468292679522427,12.044571876525879,9.158063888549805,6024,6024,110.30495875545421,46.378673913266006,42.04586487910068,0.082943925372819,0.03487449078767758,0.705078125,,
14.99281000000052,1706,,,,0.224609375,0.470703125,-1.162109375,0.07348196456188877,3.835381859802035,12.041143417358398,9.257115364074707,6022,6023,111.46625372985545,46.347569893443065,41.57991171549457,0.0827525988659146,0.03440845755072465,0.701171875,,
15.018164999999106,1706,,,,0.111328125,0.33203125,-1.185546875,0.0733169761819929,3.851252635373391,12.043498992919922,9.2108154296875,6022,6022,110.93044635141268,46.23756245926512,41.6815797466376,0.0832927263145913,0.03471772414196498,0.70703125,,
15.04338000000082,1706,,,,0.2734375,-0.033203125,-1.24609375,0.07354107147585608,3.8438396050469943,12.043500900268555,9.2523193359375,6020,6022,111.43031625193544,46.37883222981559,41.62137718873255,0.08287918044163048,0.03449545630254128,0.71484375,,
15.070665000000968,1706,,,,0.173828125,0.09765625,-1.154296875,0.07376087721604743,3.8438396050469943,12.045499801635742,9.2266845703125,6024,6024,111.14002716145478,46.52904892538864,41.86524883406336,0.08261160917367467,0.034585555746382814,0.708984375,,
15.093525000000373,1706,,,,0.0625,-0.1640625,-1.35546875,0.07372806935470465,3.8496299930530697,12.042667388916016,9.169921875,6025,6025,110.4303191229701,46.51421259516406,42.12087130108533,0.08276244567565365,0.03486026322867273,0.705078125,,
15.11925,1706,,,,-0.173828125,-0.16015625,-0.9921875,0.07338078570327244,3.8520972984990376,12.044571876525879,9.229212760925293,6024,6024,111.16191646271454,46.29226453698922,41.64399644235747,0.08321254829564602,0.03465303065183382,0.69921875,,
15.144110000001266,1706,,,,0.037109375,-0.0546875,-0.67578125,0.07355788999724165,3.846140200665531,12.044501304626465,9.1900634765625,6024,6023,110.68973153305706,46.396748749167564,41.9160369318552,0.08289676118166657,0.034747037032219166,0.693359375,,
15.16810000000149,1706,,,,0.13671875,0.15234375,-0.73046875,0.07336010074270193,3.8444508744142385,12.046500205993652,9.20166015625,6022,6022,110.84780096774921,46.26402857722485,41.73653259092187,0.08309805679799379,0.03468224755791744,0.68359375,,
15.192964999999852,1706,,,,-0.01171875,-0.04296875,-0.466796875,0.0732558783383,3.8309584923808857,12.044000625610352,9.172014236450195,6023,6023,110.4677452019132,46.201589802168336,41.82360173797425,0.0829183261611723,0.03467943050144321,0.68359375,,
15.218030000001193,1706,,,,-0.037109375,0.10546875,-0.8671875,0.07368899638070207,3.86145527681212,12.041500091552734,9.241943359375,6023,6022,111.28686180803925,46.46966300426574,41.756647864167576,0.08309626167199993,0.03469821337466425,0.681640625,,
15.24535000000149,1706,,,,-0.298828125,-0.32421875,-0.55078125,0.07359221729093311,3.8466069881823355,12.044000625610352,9.20654296875,6023,6023,110.88360927533358,46.41741327332202,41.861383820997,0.0828699127530473,0.03469049224967847,0.67578125,,
15.270650000000373,1706,,,,-0.32421875,-0.1484375,-0.775390625,0.07365373395229305,3.852475174107879,12.045778274536133,9.22960090637207,6023,6023,111.17772608061568,46.45824863443156,41.78737079111007,0.0829233836260607,0.03465150178835664,0.677734375,,
15.29313000000082,1706,,,,-0.322265625,0,-0.701171875,0.07341259893815631,3.8396718593612387,12.038285255432129,9.248744010925293,6023,6024,111.33901865798816,46.30789000091964,41.5917892568898,0.08291614796711717,0.034486309522414285,0.673828125,,
15.44675500000082,1706,,,,-0.171875,-0.05078125,-0.7421875,0.07377801475010594,3.844562014299192,12.041143417358398,9.283621788024902,6023,6024,111.78542138212106,46.53905569475358,41.63249117759914,0.08260936877437751,0.03439233816686306,0.669921875,,
15.482705000000074,1706,,,,0.08984375,-0.03515625,-1.01171875,0.07373977560368654,3.842813506059161,12.044081687927246,9.21520709991455,6025,6025,110.98870708253799,46.52468025189891,41.91839104612716,0.08259731147539304,0.034623464017842914,0.6484375,,
15.507195000000298,1706,,,,0.2578125,-0.1640625,-1.3359375,0.07361562623310378,3.849177931571022,12.044001579284668,9.181721687316895,6025,6025,110.58467050259696,46.44937118426055,42.003444937849444,0.08286824629555638,0.03480751820371548,0.630859375,,
15.528775000000373,1706,,,,0.298828125,0.0078125,-1.30859375,0.07325027528523032,3.838227040856843,12.041143417358398,9.241071701049805,6022,6023,111.27306968243283,46.201477636666205,41.52080801628162,0.08307585032325389,0.03449376432061172,0.630859375,,
15.551870000001044,1706,,,,0.203125,0.072265625,-1.412109375,0.0734724558043862,3.8326144766666927,12.042284965515137,9.192940711975098,6023,6023,110.70401172468974,46.34172378527855,41.86092542023317,0.08270332140480724,0.034620375693322096,0.626953125,,
15.576480000000448,1706,,,,-0.1875,0.25,-1.326171875,0.07358509270950511,3.8346483365613415,12.046857833862305,9.241768836975098,6022,6022,111.33427531245798,46.405991740761884,41.6816758455778,0.0826326125725933,0.03444265771524051,0.625,,
15.601320000000298,1706,,,,-0.5234375,0.2265625,-1.376953125,0.0733305001953675,3.8346483365613415,12.046000480651855,9.2059326171875,6023,6024,110.89466873148922,46.25646317074138,41.712071193199364,0.08289973062590036,0.034579194657646056,0.625,,
15.625285000000149,1706,,,,-0.787109375,0.111328125,-0.75,0.07351356513541243,3.8411055638771385,12.042856216430664,9.225725173950195,6023,6023,111.10408176218698,46.36713187915565,41.73305889733403,0.08284112922679844,0.03457213725143639,0.63671875,,
15.648110000001267,1706,,,,-0.6484375,0.287109375,-1.19921875,0.07341750611601308,3.8411055638771385,12.043000221252441,9.239501953125,6025,6022,111.27132406574674,46.30187954538862,41.61169100318271,0.08295787561089814,0.034520174862011616,0.6484375,,
15.673280000001192,1706,,,,-0.28125,0.24609375,-1.140625,0.07347440886620363,3.850741391902605,12.04285717010498,9.169224739074707,6021,6024,110.4236638932698,46.35071179864941,41.975343114361586,0.0830783658432363,0.03487242911650301,0.65234375,,
15.696615000000223,1706,,,,-0.322265625,0.318359375,-1.13671875,0.07337976047507222,3.8401164189010526,12.045000076293945,9.2413330078125,6024,6023,111.31185678415932,46.28045668123024,41.577292858361844,0.08297490332368461,0.03449871855383097,0.654296875,,
15.720230000000447,1706,,,,0.15625,0.11328125,-1.0078125,0.07355133004588725,3.837537973570132,12.044000625610352,9.227818489074707,6025,6024,111.13985165543454,46.39853119639949,41.74787936576365,0.08270817792326847,0.03452891034502729,0.65234375,,
15.744215000001713,1706,,,,0.048828125,0.40625,-1.01953125,0.07380594393932358,3.8405387504638755,12.042000770568848,9.2327880859375,6024,6025,111.18124124535825,46.56528524147846,41.882321801675815,0.0824764356225371,0.034543046177982976,0.6484375,,
15.909965000001714,1706,,,,0,0.234375,-0.666015625,0.07361335893707886,3.8396940873382293,12.039429664611816,9.591238975524902,6029,6026,115.47304704231556,46.451798780787605,40.2273950247153,0.08265975028132433,0.033251864272111555,0.642578125,,
15.933230000000448,1706,,,,-0.224609375,0.2578125,-0.9375,0.07371772231669001,3.848091261345889,12.043856620788574,9.190873146057129,6030,6030,110.69355839096806,46.54637954293627,42.049763526920984,0.08267219274908919,0.034763461553512315,0.63671875,,
15.959865000000223,1706,,,,0.1875,0.3359375,-0.86328125,0.07361841982231199,3.8418502011063267,12.044000625610352,9.1754150390625,6022,6024,110.50870447070338,46.442261179977386,42.025885112325746,0.08272315136031018,0.034765136551979284,0.6328125,,
15.984804999999701,1706,,,,0.3359375,-0.111328125,-0.89453125,0.07317788511953334,3.8436617812310687,12.041500091552734,9.2083740234375,6022,6023,110.88263664627448,46.15420055428527,41.624371452783265,0.0832786991231765,0.034664235064076745,0.62890625,,
16.014590000001714,1706,,,,0.236328125,-0.4296875,-0.806640625,0.07313125407436796,3.841350071624036,12.049142837524414,9.176199913024902,6022,6022,110.56534345771615,46.116447420295195,41.709676810194736,0.08329674739718809,0.03474280413277145,0.630859375,,
16.03681499999948,1706,,,,0.4375,-0.3671875,-0.861328125,0.07358944934924169,3.8424948124390568,12.041601181030273,9.1845703125,6020,6021,110.59693272225559,46.401385989941055,41.95540043273156,0.08280991462780954,0.034743231280100643,0.630859375,,
16.058464999999853,1706,,,,0.40625,-0.146484375,-0.501953125,0.07332529873775202,3.8444286464372475,12.044000625610352,9.208984375,6023,6021,110.91301357373595,46.234252438317995,41.685146718677025,0.08315109347915106,0.034661655314968405,0.634765625,,
16.083609999999403,1706,,,,0.57421875,0.01953125,-0.888671875,0.07353805713447199,3.844317506552294,12.043999671936035,9.226423263549805,6024,6022,111.12303875933685,46.37708608312833,41.73489728225382,0.08289260562126673,0.03459514381061942,0.640625,,
16.105269999999553,1706,,,,0.44921875,0.1171875,-0.984375,0.0738830459347754,3.840827714164755,12.042859077453613,9.236886024475098,6025,6023,111.23851670725435,46.60226145075141,41.893997538095796,0.08241719595997901,0.03452785804644119,0.64453125,,
